"","X","...1","PKNAME","PEAKID","LOCATION","HEIGHTM","HIMAL","REGION","YEAR","EXPID","SEASON","ROUTE1","ROUTE2","ROUTE3","ROUTE4","SUCCESS1","SUCCESS2","SUCCESS3","SUCCESS4","BCDATE","SMTDATE","SMTTIME","SMTDAYS","TOTDAYS","TERMDATE","TERMREASON","HIGHPOINT","CAMPS","TOTMEMBERS","SMTMEMBERS","MDEATHS","TOTHIRED","SMTHIRED","O2USED","O2NONE","ACCIDENTS","LAT","LON","STORM","AVALANCHE","SMTDATE_JULIAN","BCDATE_JULIAN","TERMDATE_JULIAN","Mortality_all","Mortality_summit","relHeight","DECADE","DIFF_BCtoSMT","DIFF_BCtoTERM","IMPUTATION","2m_temperature_mean","2m_temperature_sd","2m_temperature_LOWn","2m_temperature_HIGHn","2m_temperature_LOWFreq","2m_temperature_HIGHFreq","2m_temperature_AR1","2m_temperature_AR2","2m_temperature_AR3","2m_temperature_AR5","2m_temperature_AR10","snow_cover_mean","snow_cover_sd","snow_cover_LOWn","snow_cover_HIGHn","snow_cover_LOWFreq","snow_cover_HIGHFreq","snow_cover_AR1","snow_cover_AR2","snow_cover_AR3","snow_cover_AR5","snow_cover_AR10","windspeed_mean","windspeed_sd","windspeed_LOWn","windspeed_HIGHn","windspeed_LOWFreq","windspeed_HIGHFreq","windspeed_AR1","windspeed_AR2","windspeed_AR3","windspeed_AR5","windspeed_AR10"
"1",1,1555,"Annapurna I","ANN1","Annapurna Himal",8091,1,5,2012,"ANN112103",1,"N Face",NA,NA,NA,FALSE,FALSE,FALSE,FALSE,"2012-04-18","2012-05-06",NA,18,21,"2012-05-09",5,7500,5,3,0,1,0,0,FALSE,TRUE,NA,28.59555626,83.82250214,1,0,157,NA,249,0.333333333333333,Inf,0.857527869655764,2010,18,21,"FALSE",268.218996394764,1.72278571121914,0,0,0,0,0.859821171660742,0.55627298395139,0.15860244027399,-0.262739646001509,-0.728855296400734,54.8240596886837,1.16367980714355,0,0,0,0,0.767540784568612,0.430800952151908,0.105284524228638,-0.25973360650402,-0.577193463077748,0.869192556067952,0.0489745646028437,0,1,0,0.0454545454545455,0.205359229075687,0.37247505038349,0.418204729200665,0.351326374615407,0.141936788492498
"2",2,1559,"Annapurna I","ANN1","Annapurna Himal",8091,1,5,1998,"ANN198102",1,"N Face (E of Dutch Rib)",NA,NA,NA,TRUE,FALSE,FALSE,FALSE,"1998-04-13","1998-05-03",1316,20,22,"1998-05-05",1,8091,3,4,1,0,4,4,FALSE,TRUE,"Um's right leg broken",28.59555626,83.82250214,0,0,64,NA,125,0,0,1,1990,20,22,"FALSE",269.571943255438,2.82100401767615,0,0,0,0,0.963777691710693,0.926142942292206,0.898061505106044,0.895983499911132,0.618217503377125,95.0738613847373,11.3091231085221,0,0,0,0,0.957757017503566,0.83500841182553,0.664136707697493,NA,NA,0.778504322092767,0.0748449751383319,1,0,0.0434782608695652,0,0.561186370585728,0.295343609045643,0.152044447914713,0.0355619424772924,-0.56381844463246
"3",3,1571,"Annapurna I","ANN1","Annapurna Himal",8091,1,5,2010,"ANN110108",1,"N Face via different lines above C4",NA,NA,NA,TRUE,FALSE,FALSE,FALSE,"2010-04-10","2010-04-17",1330,7,21,"2010-05-01",1,8091,0,9,7,0,0,0,TRUE,FALSE,NA,28.59555626,83.82250214,0,0,NA,277,5,0,0,1,2010,7,21,"FALSE",272.161160729148,1.43739423860801,0,0,0,0,0.751776406054368,0.341217050342145,-0.0385722429656439,-0.596066949582356,0.157567542665684,53.8163322679924,0.444046432361273,2,0,0.0909090909090909,0,0.481212526958725,-0.0411600242692202,-0.24732494830492,-0.458875549023622,0.184074784679176,0.898122789362142,0.0843865933298775,0,2,0,0.0909090909090909,0.742225824040793,0.46973417383715,0.14022261889191,-0.166723108137256,-0.283785762349254
"4",4,1574,"Annapurna I","ANN1","Annapurna Himal",8091,1,5,2009,"ANN109303",3,"N Face",NA,NA,NA,FALSE,FALSE,FALSE,FALSE,"2009-09-06","2009-10-03",NA,27,33,"2009-10-09",8,7700,3,2,0,0,3,0,FALSE,TRUE,"Kim, Mun and three Sherpas hit by serac avalanche",28.59555626,83.82250214,1,1,69,160,253,0,NA,0.906529462207522,2000,27,33,"FALSE",275.574736763449,1.0074806221015,0,0,0,0,0.803647301979352,0.536992444851943,0.355672366496058,0.355197880065493,0.452858115377779,53.7615655637255,0.57028528209508,1,0,0.0294117647058824,0,0.461586304867992,0.181094060951145,0.0388089337504789,-0.044004892589634,-0.117318493964063,0.681462336070554,0.0827949483728224,1,0,0.0294117647058824,0,0.14627603094919,-0.0390077855783862,0.284252069108552,-0.248372772161742,-0.238549287664304
"6",6,1583,"Annapurna I","ANN1","Annapurna Himal",8091,1,5,1985,"ANN185301",3,"N Face (Dutch Rib)",NA,NA,NA,FALSE,FALSE,FALSE,FALSE,"1985-09-01","1985-10-03",NA,32,51,"1985-10-22",1,6000,3,5,0,0,6,0,FALSE,TRUE,"None",28.59555626,83.82250214,1,0,69,9,NA,0,NA,1,1980,32,51,"FALSE",273.581804446685,2.80374034493629,0,4,0,0.0769230769230769,0.948482808285265,0.862430089151078,0.785804499312114,0.781142726143889,0.768295804940815,56.4481122921675,4.98187620393683,4,1,0.0769230769230769,0.0192307692307692,0.793391252352937,0.469204201385246,0.215283881116225,0.0571913223958723,0.241903172162025,0.628962263649654,0.111571124732937,6,0,0.115384615384615,0,0.246602918501188,0.0166420185525847,0.0388962423125919,-0.103592673169556,-0.168054507707381
"7",7,1585,"Annapurna I","ANN1","Annapurna Himal",8091,1,5,1969,"ANN169101",1,"E Ridge",NA,NA,NA,FALSE,FALSE,FALSE,FALSE,"1969-04-02","1969-05-09",NA,37,50,"1969-05-22",7,7485,6,9,0,0,5,0,FALSE,TRUE,NA,28.59555626,83.82250214,0,0,248,35,NA,0,NA,0.909218268422527,1960,37,50,"FALSE",268.513631907943,2.83802168040987,0,1,0,0.0196078431372549,0.894817904161122,0.775284216044719,0.694182911707169,0.461254923853596,0.00974770579280167,61.2285092422386,13.9656251995206,0,0,0,0,0.868677446149082,0.674870074689521,0.475021987776933,0.047215932911743,-0.244893635234129,0.791917436306151,0.0985960149497115,6,0,0.117647058823529,0,0.498715064677087,0.10286866543768,-0.204745385241478,-0.183208603676306,0.296740643669299
"8",8,1592,"Annapurna I","ANN1","Annapurna Himal",8091,1,5,1993,"ANN193301",3,"S Face",NA,NA,NA,FALSE,FALSE,FALSE,FALSE,"1993-09-09","1993-10-03",NA,24,29,"1993-10-08",1,6800,0,4,0,0,0,0,FALSE,TRUE,"Knez had heart problem, never above BC on Annapurna; Sveticic neck broken",28.59555626,83.82250214,0,0,69,252,222,0,NA,1,1990,24,29,"FALSE",274.987947803073,1.01324834007729,0,0,0,0,0.81693730239473,0.690957187162642,0.585269343841447,0.356341136828041,0.328570706798786,53.7706027560764,0.458821931182374,0,0,0,0,0.323940315205551,0.0760207023116164,0.26520697168224,-0.187810631899247,0.0978508986003751,0.636218012721916,0.0568188953765846,0,0,0,0,0.321104492451659,0.0449681567372749,0.0294595542703148,-0.471007537548606,0.00625669848304273
"9",9,1595,"Annapurna I","ANN1","Annapurna Himal",8091,1,5,1988,"ANN188101",1,"S Face",NA,NA,NA,TRUE,FALSE,FALSE,FALSE,"1988-04-10","1988-05-10",930,30,30,"1988-05-10",1,8091,4,7,5,0,4,0,FALSE,TRUE,"None except Rakoncaj paratyphoid",28.59555626,83.82250214,0,0,279,278,NA,0,0,1,1980,30,30,"FALSE",269.97927745696,1.85383756048564,0,0,0,0,0.819142083237591,0.610862211909341,0.411655011131206,0.315403895263895,0.406288255254486,57.5809444304436,10.1855179659891,4,0,0.129032258064516,0,0.971260499471144,0.9186089159269,0.769544006301575,0.150311833845814,0.128783813187928,0.839616987424339,0.0922747600958001,1,0,0.032258064516129,0,0.458327129705796,-0.0969262667979235,-0.297262078673885,0.104251878876102,0.0380855267820269
"10",10,1597,"Annapurna I","ANN1","Annapurna Himal",8091,1,5,1982,"ANN182102",1,"N Face",NA,NA,NA,FALSE,FALSE,FALSE,FALSE,"1982-04-05","1982-05-06",NA,31,34,"1982-05-09",2,7950,5,16,0,0,0,0,FALSE,TRUE,NA,28.59555626,83.82250214,1,0,156,124,248,0,NA,0.995344848707583,1980,31,34,"FALSE",267.477434757778,2.38009997592653,0,0,0,0,0.908584902252652,0.819284598462657,0.80613122097489,0.75635393010438,0.683791326888703,82.4941522507441,20.9901097762626,0,0,0,0,0.98908933415077,0.961051722933868,0.92072996176665,0.814368093790034,0.487866388435046,0.810127366128469,0.0830565025250661,1,0,0.0285714285714286,0,0.38062699658689,0.0577784072418205,-0.0341578702698979,-0.239840828325089,-0.0365772336359507
"11",11,1600,"Annapurna I","ANN1","Annapurna Himal",8091,1,5,1999,"ANN199101",1,"N Face (1984 Spanish rte to 6700m)",NA,NA,NA,TRUE,FALSE,FALSE,FALSE,"1999-04-07","1999-04-29",1130,22,27,"1999-05-04",1,8091,3,11,6,1,3,2,TRUE,FALSE,"Pou cerebral edema in C3; 2 fatalities",28.59555626,83.82250214,0,0,NA,185,95,0.0909090909090909,0.166666666666667,1,1990,22,27,"FALSE",271.231677554903,1.90213417822105,0,0,0,0,0.862143701285083,0.557909678513735,0.215454915297915,0.0236888853714716,0.643966337745272,53.6838204520089,0.231249718699469,6,0,0.214285714285714,0,0.747502927808546,0.275440867323386,-0.248340014356431,-0.390252159605131,0.490180078830905,0.912443821401389,0.0530530838616182,0,2,0,0.0714285714285714,0.0248399795367128,0.104723889262562,0.206562996603375,-0.282439876921437,0.0732382887440874
"12",12,1601,"Annapurna I","ANN1","Annapurna Himal",8091,1,5,2010,"ANN110105",1,"N Face",NA,NA,NA,TRUE,FALSE,FALSE,FALSE,"2010-04-04","2010-04-27",1500,23,27,"2010-05-01",1,8091,4,7,3,0,7,3,TRUE,FALSE,NA,28.59555626,83.82250214,0,0,NA,94,5,0,0,1,2010,23,27,"FALSE",271.865485463824,1.69076071357092,0,0,0,0,0.772725024433301,0.339109572726298,-0.131154751985654,-0.472349918266616,0.0949901124349747,53.7744489397321,0.403115797178797,4,0,0.142857142857143,0,0.508622467674884,0.0109558998439134,-0.231029550877294,-0.363807348844665,0.246309353834756,0.908947429139722,0.0783997776784856,0,3,0,0.107142857142857,0.726970209376974,0.485432506630327,0.190610099884617,-0.082663291810661,-0.29810163494535
"13",13,1602,"Annapurna I","ANN1","Annapurna Himal",8091,1,5,2016,"ANN116104",1,"N Face",NA,NA,NA,TRUE,FALSE,FALSE,FALSE,"2016-03-16","2016-05-01",753,46,48,"2016-05-03",1,8091,3,5,1,0,3,2,FALSE,TRUE,NA,28.59555626,83.82250214,0,0,5,NA,65,0,0,1,2010,46,48,"FALSE",268.991563057413,2.47295883999693,0,0,0,0,0.783838271191196,0.494134944395973,0.261478536697221,0.0821278391160835,0.204764959726784,55.9140093537415,3.54824992116001,0,0,0,0,0.815753430248033,0.568706202998419,0.412107623835782,0.426996770890679,0.361797601362323,0.898012372967667,0.101082973808721,2,9,0.0408163265306122,0.183673469387755,0.538445094884212,0.404846115600103,0.387740561583658,0.191307336187953,0.0732376620660096
"14",14,1607,"Annapurna I","ANN1","Annapurna Himal",8091,1,5,1991,"ANN191310",3,"W Face up (to 7900m); N Face down",NA,NA,NA,FALSE,FALSE,FALSE,FALSE,"1991-10-19","1991-11-01",NA,13,17,"1991-11-05",1,7900,0,1,0,0,1,0,FALSE,TRUE,"Slightly frostbitten big toes",28.59555626,83.82250214,0,0,11,NA,131,0,NA,1,1990,13,17,"FALSE",268.795545578003,1.51640735060114,0,0,0,0,0.843249569247149,0.625294056982093,0.392167212826483,0.126374579072393,-0.303956762827719,56.6264151114005,4.6123520551662,0,0,0,0,0.770103379522595,0.2223007665603,-0.165650508380883,-0.0608564381032504,0.693538787859765,0.734955652609064,0.065214354202791,0,0,0,0,0.358115017368625,0.135216686801358,-0.269918995555853,-0.40505834539432,0.419343129242798
"15",15,1612,"Annapurna I","ANN1","Annapurna Himal",8091,1,5,2009,"ANN109302",3,"N Face (Dutch Rib)",NA,NA,NA,FALSE,FALSE,FALSE,FALSE,"2009-09-18","2009-10-03",NA,15,21,"2009-10-09",5,7700,2,2,0,0,2,0,FALSE,TRUE,NA,28.59555626,83.82250214,1,0,69,NA,253,0,NA,0.97175615212528,2000,15,21,"FALSE",275.335252819639,1.14441545630998,0,0,0,0,0.857124804876333,0.551788555257163,0.333872341582161,0.435802581945686,0.68657154362494,53.7521750710227,0.545565045406478,1,0,0.0454545454545455,0,0.636268305994099,0.276344413884934,0.389112789127157,0.666190897926866,0.248607748568389,0.667768778660076,0.0857183846162895,0,0,0,0,0.0350376864952779,-0.0608326190581257,0.306002115721372,-0.256970891620023,0.0722734911719735
"17",17,1615,"Annapurna I","ANN1","Annapurna Himal",8091,1,5,2012,"ANN112109",1,"N Face",NA,NA,NA,TRUE,FALSE,FALSE,FALSE,"2012-03-27","2012-05-06",1300,40,43,"2012-05-09",1,8091,4,1,1,0,0,0,FALSE,TRUE,"Left toe second-degree frostbite, right toe little frostbite",28.59555626,83.82250214,0,0,157,NA,249,0,0,1,2010,40,43,"FALSE",267.763142990344,1.45589550386057,0,0,0,0,0.78590948560308,0.463269013960391,0.133823088700818,-0.236405154091556,-0.248508030119838,71.7868060487689,20.5266620158039,0,0,0,0,0.990765675180706,0.968185539187442,0.938620722731589,0.87115371505794,0.622849295265256,0.838962925374889,0.083296468666111,1,1,0.0227272727272727,0.0227272727272727,0.40979381936997,0.0889790522103445,0.0679294653771222,0.168061090304031,0.140298229094188
"18",18,1618,"Annapurna I","ANN1","Annapurna Himal",8091,1,5,2009,"ANN109104",1,"N Face (to 5600m)","NW Face (to 4900m)",NA,NA,FALSE,FALSE,FALSE,FALSE,"2009-04-03","2009-04-06",NA,3,16,"2009-04-19",9,5600,0,2,0,0,0,0,FALSE,TRUE,NA,28.59555626,83.82250214,0,1,155,63,NA,0,NA,0.989884393063584,2000,3,16,"FALSE",268.586306628059,2.08560194872563,0,0,0,0,0.708488199194305,0.413627054139908,0.300917122936844,-0.282872943803528,-0.207019167634247,56.0520450367647,4.272872351041,0,0,0,0,0.540503585655092,0.0517262865621419,-0.218502059894847,-0.338870095104381,-0.371051629799508,0.870476552838949,0.0902269757390196,1,0,0.0588235294117647,0,0.08972189710002,-0.289002736648283,-0.244532434246768,-0.326850099376002,-0.220349535841427
"19",19,1630,"Annapurna I","ANN1","Annapurna Himal",8091,1,5,1997,"ANN197101",1,"NE Buttress-N Face",NA,NA,NA,FALSE,FALSE,FALSE,FALSE,"1997-03-04","1997-03-19",NA,15,32,"1997-04-05",9,7250,2,7,0,0,8,0,FALSE,TRUE,"None except Ngati's fatal fall into crevasse",28.59555626,83.82250214,1,1,NA,93,124,0,NA,0.840571588680303,1990,15,32,"FALSE",263.401596011537,1.97769276729823,5,0,0.151515151515152,0,0.673722982423932,0.305172082676517,0.0625172651248882,-0.313679492997404,0.171612270388636,99.654296875,0,0,0,0,0,NA,NA,NA,NA,NA,0.789344298897007,0.0924561906248249,2,0,0.0606060606060606,0,0.106082934339025,0.11970166426763,-0.0527289718459468,0.149619690223021,-0.0689950458032435
"20",20,1632,"Annapurna I","ANN1","Annapurna Himal",8091,1,5,1987,"ANN187101",1,"N Face (French rte)",NA,NA,NA,FALSE,FALSE,FALSE,FALSE,"1987-04-01","1987-04-05",NA,4,6,"1987-04-07",4,5600,1,5,0,0,0,0,FALSE,TRUE,"Hall and Atkinson during rest period were doing some photography and on 7th April at 11:30 am  and Hall fell 10m",28.59555626,83.82250214,0,0,124,4,185,0,NA,0.824985268120212,1980,4,6,"FALSE",268.533699943906,0.975312753264401,0,0,0,0,0.774636795064395,0.273111493023657,0.320388428800557,-1,NA,75.5605701264881,19.2264275144431,0,0,0,0,0.942797239615397,0.866419557523781,0.825461193977247,1,NA,0.875782528373719,0.0477221057200094,0,0,0,0,-0.529085668265666,-0.670490850839401,-0.200674734436574,1,NA
"21",21,1637,"Annapurna I","ANN1","Annapurna Himal",8091,1,5,2013,"ANN113301",3,"S Face",NA,NA,NA,TRUE,FALSE,FALSE,FALSE,"2013-09-21","2013-10-09",100,18,20,"2013-10-11",12,8091,0,2,1,0,0,0,FALSE,TRUE,NA,28.59555626,83.82250214,0,0,253,NA,314,0,0,0.813008130081301,2010,18,20,"FALSE",275.197226327563,1.00424178732058,0,0,0,0,0.701867434945567,0.428046272956458,0.576398374654843,0.450445370154402,0.242673426121176,53.8636493985615,0.834492327909325,1,0,0.0476190476190476,0,0.326432137945907,-0.00307086052613181,-0.0843109403439996,0.457147330829674,0.554131123043937,0.598687850556305,0.0873699183280583,4,0,0.19047619047619,0,0.380439235265541,-0.0273265946705352,-0.00482856165823973,0.165213091330475,0.395261462584343
"22",22,1641,"Annapurna I","ANN1","Annapurna Himal",8091,1,5,2000,"ANN100302",3,"N Face",NA,NA,NA,FALSE,FALSE,FALSE,FALSE,"2000-09-10","2000-10-04",NA,24,30,"2000-10-10",1,6900,3,10,0,0,6,0,FALSE,TRUE,NA,28.59555626,83.82250214,0,1,101,283,284,0,NA,1,2000,24,30,"FALSE",274.15475045481,2.09375817622048,0,0,0,0,0.926481065962503,0.768963648758486,0.582130337431905,0.238368950234502,-0.240626121138318,53.6517032090054,0.197502971799769,1,0,0.032258064516129,0,0.698308419293178,0.211546245776615,-0.0738053387025995,-0.215794139801813,0.481864701886555,0.7114782402661,0.0772803725213873,0,0,0,0,0.49494732276469,0.311844393601387,0.0832520184576686,-0.0618285074225454,-0.297947395253211
"23",23,1645,"Annapurna I","ANN1","Annapurna Himal",8091,1,5,1986,"ANN186304",3,"E Ridge (via Fluted Peak, Tarke Kang, Roc Noir)",NA,NA,NA,FALSE,FALSE,FALSE,FALSE,"1986-10-19","1986-11-07",NA,19,20,"1986-11-08",8,7100,3,10,0,0,4,0,FALSE,TRUE,"None",28.59555626,83.82250214,1,0,192,NA,223,0,NA,0.915564598168871,1980,19,20,"FALSE",269.142018272763,1.73098682107449,0,0,0,0,0.874510606022731,0.760426974196982,0.757694581506441,0.536218300697722,-0.304440361411098,54.9206000434028,1.69924214534967,0,0,0,0,0.60333941867677,0.230836894960036,-0.0692246711667463,-0.225520469322835,0.210200029548847,0.757941321575086,0.121702526123999,1,5,0.0476190476190476,0.238095238095238,0.802625862776883,0.704193647586817,0.706566445172835,0.494203022963671,-0.535095977956413
"24",24,1657,"Annapurna I","ANN1","Annapurna Himal",8091,1,5,2016,"ANN116102",1,"N Face",NA,NA,NA,TRUE,FALSE,FALSE,FALSE,"2016-03-16","2016-05-01",1000,46,48,"2016-05-03",1,8091,4,5,3,0,6,6,TRUE,FALSE,"None",28.59555626,83.82250214,0,0,5,NA,65,0,0,1,2010,46,48,"FALSE",268.991563057413,2.47295883999693,0,0,0,0,0.783838271191196,0.494134944395973,0.261478536697221,0.0821278391160835,0.204764959726784,55.9140093537415,3.54824992116001,0,0,0,0,0.815753430248033,0.568706202998419,0.412107623835782,0.426996770890679,0.361797601362323,0.898012372967667,0.101082973808721,2,9,0.0408163265306122,0.183673469387755,0.538445094884212,0.404846115600103,0.387740561583658,0.191307336187953,0.0732376620660096
"25",25,1662,"Annapurna I","ANN1","Annapurna Himal",8091,1,5,1989,"ANN189103",1,"N Face",NA,NA,NA,FALSE,FALSE,FALSE,FALSE,"1989-04-30","1989-05-04",NA,4,6,"1989-05-06",12,5800,1,4,0,0,2,0,FALSE,TRUE,"None",28.59555626,83.82250214,1,0,95,NA,156,0,NA,0.938846536294332,1980,4,6,"FALSE",270.154097602481,0.863684126280615,0,0,0,0,0.634797101008592,-0.55463621654816,-0.984183982518875,-1,NA,53.8643275669643,0.318443813896302,0,0,0,0,0.836955305621943,0.499204085074472,0.936287168194436,1,NA,0.957138174694814,0.106360901213342,0,5,0,0.714285714285714,-0.648224748127638,0.882012872580851,0.497139054153607,-1,NA
"26",26,1670,"Annapurna I","ANN1","Annapurna Himal",8091,1,5,1987,"ANN187301",3,"N Face",NA,NA,NA,TRUE,FALSE,FALSE,FALSE,"1987-09-08","1987-10-08",NA,30,30,"1987-10-08",8,8091,5,7,2,0,3,0,FALSE,TRUE,"None except stomach problems; 1 member hepatitis",28.59555626,83.82250214,0,0,222,221,NA,0,0,0.924567067801585,1980,30,30,"FALSE",274.806122933665,1.83281675348686,0,0,0,0,0.952727893904236,0.887300551663442,0.854915531342274,0.860536558346246,0.551592880057251,53.5665952620968,0.0876768383622224,3,0,0.0967741935483871,0,0.596450099562003,0.391804632762252,0.38665268417716,0.562408604722026,0.0712718639928134,0.664393213634021,0.0594421031598438,0,0,0,0,0.431704270211502,-0.0343427599091079,0.174483501464899,0.0690301581044007,0.274558397309545
"27",27,1674,"Annapurna I","ANN1","Annapurna Himal",8091,1,5,2008,"ANN108102",1,"N Face",NA,NA,NA,FALSE,FALSE,FALSE,FALSE,"2008-04-03","2008-04-29",NA,26,33,"2008-05-06",1,6700,2,8,0,0,2,0,FALSE,TRUE,NA,28.59555626,83.82250214,0,1,NA,64,157,0,NA,1,2000,26,33,"FALSE",268.932987624524,2.22160477344288,0,0,0,0,0.910458962121743,0.790497252907139,0.701778498399017,0.641374818341882,0.742224236191015,56.2990315755208,6.82651621722882,4,0,0.117647058823529,0,0.659102974214669,0.351640826596059,0.190912983643273,0.11342486273821,0.77488159116365,0.884602822897295,0.0823045008136679,0,5,0,0.147058823529412,0.447099900238549,0.0177282639017923,-0.473500430656932,0.0166107026220219,-0.329907705269062
"28",28,1675,"Annapurna I","ANN1","Annapurna Himal",8091,1,5,2012,"ANN112111",1,"N Face (1980 German rte)",NA,NA,NA,FALSE,FALSE,FALSE,FALSE,"2012-03-26","2012-05-02",NA,37,38,"2012-05-03",1,6000,2,1,0,0,0,0,FALSE,TRUE,NA,28.59555626,83.82250214,0,1,36,NA,65,0,NA,1,2010,37,38,"FALSE",267.457619821923,1.20096740627603,0,0,0,0,0.707034598287653,0.42629336464843,0.244129777316776,-0.0616660940028761,-0.141131925183434,75.2061694544605,20.8886069171483,0,0,0,0,0.990026019985186,0.965470341470498,0.933284124271323,0.86013439328767,0.594127521105043,0.843696032654129,0.0892963045655003,1,1,0.0256410256410256,0.0256410256410256,0.445393747606004,0.112358927294264,0.0791166393349794,0.144244349764667,0.104337088380634
"29",29,1676,"Annapurna I","ANN1","Annapurna Himal",8091,1,5,1991,"ANN191304",3,"N Face (Dutch Rib)",NA,NA,NA,FALSE,FALSE,FALSE,FALSE,"1991-09-10","1991-10-01",NA,21,28,"1991-10-08",10,6450,2,11,0,0,6,0,FALSE,TRUE,"None",28.59555626,83.82250214,0,1,10,282,222,0,NA,0.851188729087173,1990,21,28,"FALSE",275.013508763807,1.06289352782232,0,0,0,0,0.836054239011978,0.58172545353277,0.405004655372482,0.309274108588766,0.290529847474813,53.5304053295618,0.0432456668095736,2,0,0.0689655172413793,0,0.406782550888789,-0.0460027326646073,0.135104444604717,-0.165731330229264,-0.0941129230972078,0.689647703268574,0.0846134457570842,1,0,0.0344827586206897,0,0.76306242092953,0.503695729837518,0.363457778988159,0.130683842167981,-0.196158972995139
"30",30,1679,"Annapurna I","ANN1","Annapurna Himal",8091,1,5,2010,"ANN110103",1,"N Face",NA,NA,NA,FALSE,FALSE,FALSE,FALSE,"2010-04-05","2010-04-21",NA,16,26,"2010-05-01",1,6250,2,1,0,0,0,0,FALSE,TRUE,"Rice hit by falling ice (stomach trouble earlier)",28.59555626,83.82250214,0,0,NA,124,5,0,NA,1,2010,16,26,"FALSE",271.991449332532,1.58343303764986,0,0,0,0,0.727356681128713,0.218151592160262,-0.172138981281895,-0.444322974048153,0.00725117004046807,53.7775788483796,0.410448034571442,4,0,0.148148148148148,0,0.509287174669233,0.00884203576987617,-0.238797512478464,-0.377087530807807,0.276986649991956,0.907798690541498,0.0796527465612411,0,3,0,0.111111111111111,0.725552129927589,0.48444390531344,0.1859064295544,-0.0827893401268,-0.298522057609604
"31",31,1682,"Annapurna I","ANN1","Annapurna Himal",8091,1,5,2000,"ANN100101",1,"N Face",NA,NA,NA,FALSE,FALSE,FALSE,FALSE,"2000-05-02","2000-05-03",NA,1,4,"2000-05-06",1,5500,0,4,0,0,0,0,FALSE,TRUE,NA,28.59555626,83.82250214,0,0,65,36,157,0,NA,1,2000,1,4,"FALSE",272.101390838623,1.04930689743705,0,0,0,0,-0.0112054061616461,-0.998502234506833,-1,NA,NA,53.8308756510417,0.443684983154348,0,0,0,0,0.838016441025119,-0.848493408933278,-1,NA,NA,0.799309673591758,0.0433141363960024,0,0,0,0,0.730656697462042,0.937980656653946,1,NA,NA
"33",33,1699,"Annapurna I","ANN1","Annapurna Himal",8091,1,5,2012,"ANN112115",1,"N Face",NA,NA,NA,FALSE,FALSE,FALSE,FALSE,"2012-03-27","2012-05-06",NA,40,43,"2012-05-09",1,8000,0,1,0,0,1,0,TRUE,FALSE,"Frostbite in right hand (thumb is bad and three middle fingers will be Ok), all toes",28.59555626,83.82250214,0,0,157,NA,249,0,NA,1,2010,40,43,"FALSE",267.763142990344,1.45589550386057,0,0,0,0,0.78590948560308,0.463269013960391,0.133823088700818,-0.236405154091556,-0.248508030119838,71.7868060487689,20.5266620158039,0,0,0,0,0.990765675180706,0.968185539187442,0.938620722731589,0.87115371505794,0.622849295265256,0.838962925374889,0.083296468666111,1,1,0.0227272727272727,0.0227272727272727,0.40979381936997,0.0889790522103445,0.0679294653771222,0.168061090304031,0.140298229094188
"34",34,1704,"Annapurna I","ANN1","Annapurna Himal",8091,1,5,2011,"ANN111101",1,"N Face (1980 German rte, left of the rib)",NA,NA,NA,FALSE,FALSE,FALSE,FALSE,"2011-04-02","2011-04-25",NA,23,29,"2011-05-01",7,6720,2,3,0,0,0,0,FALSE,TRUE,"Dell'Orto's chest infection; Lagos' swelling glands",28.59555626,83.82250214,0,0,NA,35,5,0,NA,0.92818759159746,2010,23,29,"FALSE",266.774346902635,2.61871503843316,0,0,0,0,0.920874753245634,0.793272856711338,0.654614715679843,0.391340316521903,0.388128112665461,59.5481146918403,8.9501463685195,0,0,0,0,0.859688759075018,0.630769486660003,0.503966404434565,0.410072871671928,0.190863935137526,0.844061889151038,0.072613151683132,1,0,0.0333333333333333,0,-0.0402568830029218,0.172832945518636,-0.155113783479036,0.217053693608353,0.00783249403197108
"35",35,1708,"Annapurna I","ANN1","Annapurna Himal",8091,1,5,2000,"ANN100102",1,"N Face",NA,NA,NA,FALSE,FALSE,FALSE,FALSE,"2000-04-11","2000-04-29",NA,18,25,"2000-05-06",1,5550,2,7,0,0,3,0,FALSE,TRUE,"Nothing",28.59555626,83.82250214,0,1,NA,309,157,0,NA,1,2000,18,25,"FALSE",269.209239177215,2.27211240224397,0,0,0,0,0.891547334586034,0.718559626574316,0.636756817247975,0.658476933004483,0.323590680160354,76.6724071013622,21.3717708478724,0,0,0,0,0.985374826093601,0.950796208431902,0.903183373190359,0.770899057568995,0.394721463273816,0.857507905274883,0.0738881754360538,0,1,0,0.0384615384615385,0.547582876887838,0.129662006787972,0.0922746196098996,-0.12491555837371,-0.0280495559568138
"36",36,1715,"Annapurna I","ANN1","Annapurna Himal",8091,1,5,1986,"ANN186102",1,"N Face (French rte)",NA,NA,NA,FALSE,FALSE,FALSE,FALSE,"1986-04-12","1986-04-25",NA,13,22,"1986-05-04",5,6200,3,5,0,0,0,0,FALSE,TRUE,"None except bruised shoulder in avalanche",28.59555626,83.82250214,1,0,NA,338,95,0,NA,0.813651260029382,1980,13,22,"FALSE",267.914769545845,1.37159810179001,0,0,0,0,0.572751658393168,0.163696639086775,-0.0327104704974762,-0.381543767067863,0.307977026173993,77.0811183763587,21.6644770019446,1,0,0.0434782608695652,0,0.980291662262053,0.928395851016743,0.858626708690502,0.700249676984783,0.291525474157079,0.866794268101321,0.0632028263925766,0,1,0,0.0434782608695652,0.449205519924223,0.0550503813093607,-0.101424036672722,0.34734566869033,0.129676105675173
"37",37,1718,"Annapurna I","ANN1","Annapurna Himal",8091,1,5,2012,"ANN112107",1,"N Face",NA,NA,NA,TRUE,FALSE,FALSE,FALSE,"2012-04-09","2012-05-06",1200,27,30,"2012-05-09",5,8091,4,1,1,0,0,0,FALSE,TRUE,NA,28.59555626,83.82250214,0,0,157,248,249,0,0,0.947119179163378,2010,27,30,"FALSE",268.08173189881,1.5372560578648,0,0,0,0,0.799249901799437,0.457872295062364,0.127254505593022,-0.331768818526717,-0.47518903028829,60.1004389280914,11.2373152869762,0,0,0,0,0.983754403939977,0.948794314592949,0.904016198319573,0.855216402608087,-0.41048252909901,0.846408838256529,0.0880370548140459,1,1,0.032258064516129,0.032258064516129,0.410756040034356,0.0752145328168751,0.0474777332932065,0.0937208760126988,-0.133520111404355
"38",38,1719,"Annapurna I","ANN1","Annapurna Himal",8091,1,5,2012,"ANN112105",1,"N Face",NA,NA,NA,TRUE,FALSE,FALSE,FALSE,"2012-03-26","2012-05-06",800,41,44,"2012-05-09",7,8091,5,2,1,0,1,1,FALSE,TRUE,NA,28.59555626,83.82250214,0,0,157,NA,249,0,0,0.949259803367612,2010,41,44,"FALSE",267.715667781123,1.47407040778028,0,0,0,0,0.788015757479062,0.491498776624997,0.198864023052055,-0.188078434277622,-0.219565567670726,72.4060836226852,20.7129324082889,0,0,0,0,0.991099109031208,0.969342774547203,0.940857098910749,0.875781873068892,0.637157415813918,0.841044656513379,0.083520208461209,1,1,0.0222222222222222,0.0222222222222222,0.428625870919841,0.109095099070708,0.0824509009381062,0.142052109357721,0.095742014004472
"40",40,1723,"Annapurna I","ANN1","Annapurna Himal",8091,1,5,2000,"ANN100301",3,"N Face-E Peak (for traverse of summits)",NA,NA,NA,FALSE,FALSE,FALSE,FALSE,"2000-10-07","2000-10-28",NA,21,25,"2000-11-01",8,7400,3,8,0,0,3,0,FALSE,TRUE,NA,28.59555626,83.82250214,1,0,NA,192,11,0,NA,0.756832515767344,2000,21,25,"FALSE",271.732549129388,1.50155484062058,0,0,0,0,0.742724398917217,0.332813499098892,0.00760264423283487,-0.501333924719571,0.337667508977675,54.4637169471154,1.79820234927858,0,0,0,0,0.789923524547902,0.425816812424505,0.13070588330094,-0.157039856430372,-0.280078725516169,0.733966192520164,0.102641768577769,0,0,0,0,0.474952391152527,0.0957603064355311,-0.031494977344755,0.0759205941068399,0.0774290315823367
"41",41,1730,"Annapurna I","ANN1","Annapurna Himal",8091,1,5,2017,"ANN117102",1,"N Face",NA,NA,NA,FALSE,FALSE,FALSE,FALSE,"2017-03-07","2017-03-09",NA,2,12,"2017-03-19",4,5100,1,3,0,0,6,0,FALSE,TRUE,"Lhakpa Nuru and Lhakpa Gelu injured by serac fall at 5100m",28.59555626,83.82250214,0,0,246,184,NA,0,NA,0.892437764208549,2010,2,12,"FALSE",261.317859307314,1.16736840330638,5,0,0.384615384615385,0,0.46816427493241,0.120988911299573,0.0333470141961695,0.306607286545402,0.989657874248295,94.4697703826122,12.8673267880076,0,0,0,0,0.800229139578982,0.797733685480891,NA,NA,NA,0.772039271660374,0.0664299964539856,0,0,0,0,-0.126599078763966,0.0148087299470307,-0.0841987431170456,0.193168509993932,-0.979328887876597
"42",42,1732,"Annapurna I","ANN1","Annapurna Himal",8091,1,5,1982,"ANN182101",1,"N Face",NA,NA,NA,TRUE,FALSE,FALSE,FALSE,"1982-04-12","1982-05-04",1230,22,22,"1982-05-04",4,8091,5,18,3,1,4,1,FALSE,TRUE,NA,28.59555626,83.82250214,0,0,95,338,NA,0.0555555555555556,0.333333333333333,0.951674700284266,1980,22,22,"FALSE",267.422615106555,2.16742085356593,0,0,0,0,0.877839891409245,0.726685721932157,0.68459351275174,0.728430915663936,0.743385366201907,83.4495478091033,20.0662051597876,0,0,0,0,0.983817255249622,0.942059336348797,0.882410324513893,0.724347561219619,0.279668315511933,0.83410594044174,0.0500858728078537,0,0,0,0,0.279023494142184,-0.0139144884138979,0.209975984074781,-0.0952412978776375,-0.533194986687423
"44",44,1736,"Annapurna I","ANN1","Annapurna Himal",8091,1,5,1994,"ANN194301",3,"S Face (new line)",NA,NA,NA,TRUE,FALSE,FALSE,FALSE,"1994-09-16","1994-10-10",1610,24,26,"1994-10-12",10,8091,5,12,1,0,7,3,FALSE,TRUE,"Rock fall hit Sarki & Dorje Sherpa, left some injury; Park Jung-Hun frostbitten toes & fingers (probably lose nothing)",28.59555626,83.82250214,0,0,283,NA,344,0,0,0.938734896943852,1990,24,26,"FALSE",274.482389426526,1.75106046597618,0,0,0,0,0.930650064420574,0.845516775224972,0.771737572665065,0.547852498054581,-0.157815591650099,53.6058002989969,0.188548301072514,6,0,0.222222222222222,0,0.806781098599358,0.503994108858573,0.215028251188427,-0.127625372503607,-0.516765269380756,0.665972443978046,0.0582949560658023,0,0,0,0,0.4275486422994,0.705966412523177,0.428216800853943,0.362863604691993,0.256290792608986
"46",46,1740,"Annapurna I","ANN1","Annapurna Himal",8091,1,5,2005,"ANN105301",3,"N Face",NA,NA,NA,FALSE,FALSE,FALSE,FALSE,"2005-09-09","2005-10-04",NA,25,31,"2005-10-10",1,8050,3,10,0,0,2,0,FALSE,TRUE,NA,28.59555626,83.82250214,0,0,100,252,283,0,NA,1,2000,25,31,"FALSE",274.954560915629,1.5620989374024,0,0,0,0,0.942059303221849,0.893242324276195,0.840647398471231,0.730031049314179,0.566711320252595,53.6351318359375,0.234109934199307,0,0,0,0,0.833280195381487,0.674376464682171,0.502288684577352,-0.0317828244530981,-0.222942441104291,0.674492144281142,0.0846142147778273,1,0,0.03125,0,0.433715090394281,0.157119462289917,0.0831193491831625,0.183479255358195,-0.0519941827422423
"47",47,1744,"Annapurna I","ANN1","Annapurna Himal",8091,1,5,2002,"ANN102102",1,"N Face",NA,NA,NA,TRUE,FALSE,FALSE,FALSE,"2002-03-28","2002-05-04",1000,37,42,"2002-05-09",4,8091,3,6,1,0,3,2,FALSE,TRUE,"Oh Dong-Geun and Hyun injured going to ABC and to C1 only",28.59555626,83.82250214,0,0,95,NA,248,0,0,0.86158587839731,2000,37,42,"FALSE",269.08815085241,2.89618885657856,0,0,0,0,0.861684557170327,0.628202821670349,0.425470061268361,0.0975292181394338,0.0929896371407056,70.6455286306928,20.3034076980886,4,0,0.0930232558139535,0,0.981085656261238,0.951453014148341,0.914903641956606,0.798625538509953,0.463545640786531,0.81982341609429,0.0679835702793134,1,0,0.0232558139534884,0,0.1150631885361,-0.235000939532901,-0.116042039950676,-0.0861921617991068,-0.169626372973079
"49",49,1753,"Annapurna I","ANN1","Annapurna Himal",8091,1,5,1986,"ANN186303",3,"NW Face/Ridge to 'Nameless Peak'",NA,NA,NA,FALSE,FALSE,FALSE,FALSE,"1986-09-16","1986-10-08",NA,22,23,"1986-10-09",1,7900,2,3,0,0,2,0,FALSE,TRUE,"Slight frostbite in toes of Gabarrou and Pemba",28.59555626,83.82250214,1,0,222,NA,253,0,NA,1,1980,22,23,"FALSE",272.407847987281,2.1795029956929,0,0,0,0,0.943257337532053,0.871629134976272,0.807915902864152,0.580586616982662,-0.242466110454505,54.3735894097222,1.34161875237443,0,0,0,0,0.698144318475374,0.390070657953131,0.131407192508146,-0.197644066794627,-0.340876897468572,0.707205216092833,0.0931637052950579,0,0,0,0,0.591241745809348,0.481854581845152,0.415352401319855,0.198635589587495,-0.429250750173927
"50",50,1756,"Annapurna I","ANN1","Annapurna Himal",8091,1,5,2002,"ANN102101",1,"N Face (starting with 74 Span route)",NA,NA,NA,TRUE,FALSE,FALSE,FALSE,"2002-04-26","2002-05-06",1100,10,14,"2002-05-10",5,8091,3,1,1,0,1,1,FALSE,TRUE,"Had several infections from walk-in",28.59555626,83.82250214,0,0,156,NA,278,0,0,0.799887735054729,2000,10,14,"FALSE",270.301093122694,2.74677103589132,0,0,0,0,0.941756217111717,0.937946273330677,0.924593580076958,0.888327282796806,0.334419071860512,56.8091851128472,4.93676676022995,2,0,0.133333333333333,0,0.588872630580238,0.35437548812135,0.398670063794419,0.317285591118266,0.126326306002275,0.813061246420395,0.0802206882700184,0,0,0,0,0.183614056819214,0.129846177170746,-0.0296774923863957,0.071667693342725,0.017447672546642
"51",51,1758,"Annapurna I","ANN1","Annapurna Himal",8091,1,5,1987,"ANN187302",3,"N Face (E of Dutch Rib)",NA,NA,NA,TRUE,FALSE,FALSE,FALSE,"1987-09-24","1987-10-11",1300,17,18,"1987-10-12",5,8091,2,3,3,0,1,0,FALSE,TRUE,"All 3 summiters frostbitten toes and fingers; BC cook may have cerebral edema",28.59555626,83.82250214,0,0,314,NA,344,0,0,0.95391840328735,1980,17,18,"FALSE",273.004317434211,1.7330752378967,0,0,0,0,0.890477926003236,0.753801965817178,0.600101186673875,0.639085732092382,0.0426207930501126,53.6312748423794,0.116729806078643,0,0,0,0,0.597763014101114,0.41174468078353,0.397203394693138,0.370433749354056,-0.527913647731768,0.724701304797106,0.0711423116294031,0,0,0,0,0.672242109576801,0.423436172375214,0.470318151103657,0.294031980430032,-0.155522632638466
"52",52,1768,"Annapurna I","ANN1","Annapurna Himal",8091,1,5,1983,"ANN183302",3,"NW Buttress",NA,NA,NA,FALSE,FALSE,FALSE,FALSE,"1983-09-12","1983-10-08",NA,26,34,"1983-10-16",5,6250,3,13,0,0,4,0,FALSE,TRUE,"None",28.59555626,83.82250214,1,0,222,343,NA,0,NA,0.867122618466048,1980,26,34,"FALSE",274.096080671038,2.80042418206006,0,1,0,0.0285714285714286,0.925756734743867,0.805374212922575,0.649908850507143,0.317495467299089,0.573556597618252,55.4897763206845,4.08461489073575,0,1,0,0.0285714285714286,0.827671711451541,0.486664346486632,0.214968696711491,-0.0326364798236744,-0.00271014292608507,0.631569396121855,0.130627855315877,4,2,0.114285714285714,0.0571428571428571,0.498275452419561,0.160045113698778,0.0362984658248517,-0.318013401292107,0.211663186990264
"53",53,1776,"Annapurna I","ANN1","Annapurna Himal",8091,1,5,1996,"ANN196101",1,"S Face (from 6800m to right of Bonington rte)",NA,NA,NA,FALSE,FALSE,FALSE,FALSE,"1996-04-09","1996-05-11",NA,32,41,"1996-05-20",1,7100,4,9,0,0,0,0,FALSE,TRUE,"Nothing",28.59555626,83.82250214,1,0,310,248,NA,0,NA,1,1990,32,41,"FALSE",269.25565519787,1.985490921528,0,0,0,0,0.875347871858514,0.672236612648568,0.497322146720591,0.199767692488857,0.289705053603437,60.6164279513889,13.5800142659129,2,0,0.0476190476190476,0,0.968034275556847,0.88387241890578,0.765080462786632,0.412106005692296,0.161940665709442,0.817033242570089,0.076634351412924,2,0,0.0476190476190476,0,0.434002313174921,0.251556277045052,0.0644308040791913,0.0122540465766295,-0.0793103989248133
"54",54,1777,"Annapurna I","ANN1","Annapurna Himal",8091,1,5,2016,"ANN116101",1,"N Face",NA,NA,NA,TRUE,FALSE,FALSE,FALSE,"2016-03-16","2016-05-01",1030,46,49,"2016-05-04",6,8091,4,3,3,0,1,1,TRUE,FALSE,"None",28.59555626,83.82250214,0,0,5,NA,96,0,0,0.87248322147651,2010,46,49,"FALSE",269.054969100952,2.48831973445362,0,0,0,0,0.790813374224819,0.513358848164017,0.279528842988183,0.0779332287178164,0.184701190456446,55.8729557291667,3.52383415477293,0,0,0,0,0.817213057537358,0.572393989296074,0.417196663580112,0.431737639276005,0.362962526412348,0.893736791138343,0.104514457008163,2,9,0.04,0.18,0.549968246730524,0.420127715772566,0.403500634999068,0.12026928681497,0.0435281938849989
"56",56,1784,"Annapurna I","ANN1","Annapurna Himal",8091,1,5,1996,"ANN196102",1,"N Face (E of Dutch Rib)",NA,NA,NA,TRUE,FALSE,FALSE,FALSE,"1996-04-12","1996-05-03",1310,21,23,"1996-05-05",5,8051,3,5,2,0,4,2,FALSE,TRUE,"2 members slipped with small avalanche in descent from top but not hurt",28.59555626,83.82250214,0,0,65,339,126,0,0,0.854909623839766,1990,21,23,"FALSE",269.357383304172,1.78976753554726,0,0,0,0,0.80199513598914,0.434375375197515,0.150847695475164,-0.0528308936663766,0.580093487317956,59.4201931423611,10.2289187984945,0,0,0,0,0.947545043748003,0.725793371827639,0.286403903561354,-0.151627143847122,0.308506659202759,0.795006499762718,0.076102775162653,2,0,0.0833333333333333,0,0.513369998711225,0.164368350919443,-0.11966698559696,-0.176075766171909,-0.0162602685249664
"57",57,1785,"Annapurna I","ANN1","Annapurna Himal",8091,1,5,2012,"ANN112108",1,"N Face",NA,NA,NA,TRUE,FALSE,FALSE,FALSE,"2012-03-28","2012-05-06",1100,39,45,"2012-05-12",4,8091,5,1,1,0,0,0,FALSE,TRUE,NA,28.59555626,83.82250214,0,0,157,NA,340,0,0,0.94328065662134,2010,39,45,"FALSE",268.030884231346,1.68886219227215,0,0,0,0,0.84542034474622,0.635124520741136,0.437132666014036,-0.00187762542464995,-0.405475097534883,69.9938522560009,20.103814123388,0,0,0,0,0.990800953179797,0.968290214924316,0.938787579268731,0.87152138237646,0.623055176087462,0.840645215876611,0.081677062262176,1,1,0.0217391304347826,0.0217391304347826,0.384576411626591,0.0887791211863378,0.0827119414218923,0.162785203927792,0.179224269166212
"59",59,1788,"Annapurna I","ANN1","Annapurna Himal",8091,1,5,1989,"ANN189101",1,"S Face",NA,NA,NA,FALSE,FALSE,FALSE,FALSE,"1989-04-04","1989-04-06",NA,2,3,"1989-04-07",1,5800,0,1,0,0,1,0,FALSE,TRUE,"None",28.59555626,83.82250214,0,0,155,94,185,0,NA,1,1980,2,3,"FALSE",265.429650942484,1.36812769021049,0,0,0,0,0.815912128490932,1,NA,NA,NA,99.654296875,0,0,0,0,0,NA,NA,NA,NA,NA,1.01784913296966,0.0523826318208623,0,3,0,0.75,-0.539664367346422,-1,NA,NA,NA
"60",60,1790,"Annapurna I","ANN1","Annapurna Himal",8091,1,5,2017,"ANN117101",1,"N Face",NA,NA,NA,TRUE,FALSE,FALSE,FALSE,"2017-04-01","2017-05-11",930,40,44,"2017-05-15",4,8091,4,2,2,0,0,0,FALSE,TRUE,NA,28.59555626,83.82250214,0,0,309,4,NA,0,0,0.848078096400244,2010,40,44,"FALSE",270.54690351133,2.59876586672806,0,2,0,0.0444444444444444,0.918280064035111,0.821239443602424,0.678625237603939,0.324514725059511,-0.623943538478995,54.2458279079861,1.04836858222458,3,0,0.0666666666666667,0,0.683702738557111,0.332999083379761,0.20236618061796,-0.00535922744894032,-0.395816725508721,0.839308927044443,0.10302453923666,2,3,0.0444444444444444,0.0666666666666667,0.448641398788044,0.274800905928923,-0.0396553456324981,-0.18234950371297,-0.114145313821975
"61",61,1794,"Annapurna I","ANN1","Annapurna Himal",8091,1,5,1980,"ANN180101",1,"N Face (Dutch Rib)",NA,NA,NA,TRUE,FALSE,FALSE,FALSE,"1980-04-06","1980-05-01",1630,25,35,"1980-05-11",5,8091,6,8,4,0,5,3,TRUE,FALSE,"No accidents; one member Staltmayr with frostbite",28.59555626,83.82250214,0,0,5,156,310,0,0,0.867122618466048,1980,25,35,"FALSE",269.01666658896,2.10728735561877,0,0,0,0,0.932235977996642,0.849398521761779,0.79677659726723,0.651189308504154,0.477188820383195,67.6912706163194,20.2378684571353,0,0,0,0,0.984927010148713,0.944442886861386,0.887629201870515,0.750649331922289,0.404363664267694,0.873327163375253,0.0533808581160995,0,0,0,0,0.344742134484256,-0.0137275621448145,-0.168825671823427,-0.426166041586511,-0.12973977744182
"62",62,1799,"Annapurna I","ANN1","Annapurna Himal",8091,1,5,2002,"ANN102103",1,"N Face via ridge E of Dutch Rib (74 Span rte)",NA,NA,NA,TRUE,FALSE,FALSE,FALSE,"2002-04-04","2002-05-06",720,32,35,"2002-05-09",7,8091,3,19,4,0,13,3,TRUE,FALSE,"Frostbite: Phurba Jangbu, Surjeet Singh and Dendi",28.59555626,83.82250214,0,0,156,94,248,0,0,0.882028665931643,2000,32,35,"FALSE",269.955967267354,2.27745059715066,0,0,0,0,0.802728321093899,0.501182491753887,0.1981296759345,-0.22171556119178,-0.433622092891961,65.0049348054109,17.1361306649957,4,0,0.111111111111111,0,0.968885576560426,0.920558446555604,0.861013766482814,0.652421339679315,-0.279067497997675,0.817967844813136,0.0719404060752967,1,0,0.0277777777777778,0,0.147412088972149,-0.247013049544489,-0.153919943562869,-0.0317065497196703,-0.145073264047996
"219",219,2544,"Cho Oyu","CHOY","Khumbu Himal (NW of Everest on Tibetan border)",8188,12,2,2006,"CHOY06352",3,"NW side",NA,NA,NA,TRUE,FALSE,FALSE,FALSE,"2006-09-30","2006-10-01",1015,1,5,"2006-10-05",7,8188,3,3,1,0,1,1,FALSE,TRUE,"Furtenbach frostbite (left big toe & on right 1st and 3rd toes)",28.09361076,86.66333008,0,0,10,NA,130,0,0,0.95553105475928,2000,1,5,"FALSE",267.792229758369,1.13691468425845,0,0,0,0,0.374398544958734,-0.97223096473083,-0.614488030929519,NA,NA,100,0,0,0,0,0,NA,NA,NA,NA,NA,1.041824292182,0.384925509634832,0,0,0,0,0.393727896887555,-0.203611766653759,-0.766106705718778,NA,NA
"220",220,2545,"Cho Oyu","CHOY","Khumbu Himal (NW of Everest on Tibetan border)",8188,12,2,2004,"CHOY04350",3,"NW side",NA,NA,NA,FALSE,FALSE,FALSE,FALSE,"2004-09-12","2004-09-23",NA,11,19,"2004-10-01",1,7100,2,2,0,0,0,0,FALSE,TRUE,NA,28.09361076,86.66333008,0,0,NA,344,10,0,NA,1,2000,11,19,"FALSE",269.812743631999,0.737982695824533,0,0,0,0,0.711166443759921,0.47074102544201,0.19208688581535,-0.224061189158824,-0.566188127920912,100,0,0,0,0,0,NA,NA,NA,NA,NA,1.12600222588417,0.322077733209736,0,1,0,0.05,0.533894200787348,-0.179051077139339,-0.242117038357433,0.0297893861670698,-0.148302236689626
"221",221,2546,"Cho Oyu","CHOY","Khumbu Himal (NW of Everest on Tibetan border)",8188,12,2,2010,"CHOY10102",1,"NW side",NA,NA,NA,FALSE,FALSE,FALSE,FALSE,"2010-04-11","2010-04-22",NA,11,28,"2010-05-09",1,6500,1,1,0,0,0,0,FALSE,TRUE,NA,28.09361076,86.66333008,0,0,NA,308,248,0,NA,1,2010,11,28,"FALSE",265.730122401797,1.68249400531515,0,0,0,0,0.799505522296129,0.500610807301837,0.212656301566412,-0.288805660839433,-0.139984390213288,100,0,0,0,0,0,NA,NA,NA,NA,NA,1.37632408703755,0.303933169558503,0,4,0,0.137931034482759,0.638334508404092,0.25216845597095,-0.0540381396018255,-0.159536097993261,-0.337158952540886
"222",222,2547,"Cho Oyu","CHOY","Khumbu Himal (NW of Everest on Tibetan border)",8188,12,2,2010,"CHOY10103",1,"NW side",NA,NA,NA,FALSE,FALSE,FALSE,FALSE,"2010-04-11","2010-05-06",NA,25,28,"2010-05-09",1,7500,2,2,0,0,0,0,FALSE,TRUE,NA,28.09361076,86.66333008,0,0,156,308,248,0,NA,1,2010,25,28,"FALSE",265.730122401797,1.68249400531515,0,0,0,0,0.799505522296129,0.500610807301837,0.212656301566412,-0.288805660839433,-0.139984390213288,100,0,0,0,0,0,NA,NA,NA,NA,NA,1.37632408703755,0.303933169558503,0,4,0,0.137931034482759,0.638334508404092,0.25216845597095,-0.0540381396018255,-0.159536097993261,-0.337158952540886
"223",223,2550,"Cho Oyu","CHOY","Khumbu Himal (NW of Everest on Tibetan border)",8188,12,2,2006,"CHOY06353",3,"NW side",NA,NA,NA,TRUE,FALSE,FALSE,FALSE,"2006-09-05","2006-10-02",730,27,29,"2006-10-04",1,8188,2,4,1,0,0,0,FALSE,TRUE,NA,28.09361076,86.66333008,0,0,41,129,100,0,0,1,2000,27,29,"FALSE",269.797323057387,2.0653472117903,0,5,0,0.166666666666667,0.905480041788363,0.783129290106067,0.66480148001745,0.423412815000838,0.563890078201334,100,0,0,0,0,0,NA,NA,NA,NA,NA,0.951042152414793,0.290144582572098,0,0,0,0,0.730125147180798,0.251277832473702,-0.0968343043825136,-0.633074199959084,0.478360115083964
"224",224,2552,"Cho Oyu","CHOY","Khumbu Himal (NW of Everest on Tibetan border)",8188,12,2,2007,"CHOY07308",3,"NW side",NA,NA,NA,TRUE,FALSE,FALSE,FALSE,"2007-09-05","2007-10-02",955,27,31,"2007-10-06",1,8188,3,21,5,0,4,4,TRUE,FALSE,NA,28.09361076,86.66333008,0,0,41,129,161,0,0,1,2000,27,31,"FALSE",270.317153851191,1.01348674650804,0,2,0,0.0625,0.917065598929947,0.814959537320717,0.727530722987938,0.641160700525028,0.489579937715084,100,0,0,0,0,0,NA,NA,NA,NA,NA,1.02842155967939,0.271369573241332,3,0,0.09375,0,0.694316747714161,0.39516144782119,0.20977999261958,0.0598580464539147,-0.21206720382111
"225",225,2557,"Cho Oyu","CHOY","Khumbu Himal (NW of Everest on Tibetan border)",8188,12,2,2004,"CHOY04348",3,"NW side",NA,NA,NA,TRUE,FALSE,FALSE,FALSE,"2004-09-06","2004-09-26",935,20,27,"2004-10-03",1,8188,3,12,4,0,0,0,FALSE,TRUE,NA,28.09361076,86.66333008,0,0,NA,161,70,0,0,1,2000,20,27,"FALSE",270.260542733329,1.38131324302976,0,4,0,0.142857142857143,0.902537801440784,0.719095022152188,0.454167277688208,-0.319689733383322,-0.394165631959294,100,0,0,0,0,0,NA,NA,NA,NA,NA,1.05754018456232,0.310578978483378,0,1,0,0.0357142857142857,0.383453029576804,-0.102423234720713,-0.0684654173220762,-0.0840931089670053,-0.293423921652123
"226",226,2561,"Cho Oyu","CHOY","Khumbu Himal (NW of Everest on Tibetan border)",8188,12,2,2007,"CHOY07310",3,"NW side",NA,NA,NA,TRUE,FALSE,FALSE,FALSE,"2007-09-13","2007-10-03",1030,20,24,"2007-10-07",2,8188,3,9,6,0,7,5,TRUE,FALSE,"One altitude sickness case (Yoshida)",28.09361076,86.66333008,0,0,69,NA,191,0,0,1,2000,20,24,"FALSE",269.9623387146,0.885038367427556,0,0,0,0,0.906048160599679,0.794835789301002,0.69537347244203,0.609047863166185,0.599145285367132,100,0,0,0,0,0,NA,NA,NA,NA,NA,1.03245567671771,0.308030564102682,3,0,0.12,0,0.734255655614515,0.448580593711507,0.294936620594298,0.109368137187287,-0.137673911696627
"227",227,2562,"Cho Oyu","CHOY","Khumbu Himal (NW of Everest on Tibetan border)",8188,12,2,2013,"CHOY13102",1,"NW side",NA,NA,NA,FALSE,FALSE,FALSE,FALSE,"2013-04-16","2013-05-05",NA,19,22,"2013-05-08",5,7150,0,9,0,0,5,0,FALSE,TRUE,NA,28.09361076,86.66333008,1,0,125,NA,217,0,NA,0.820374678584548,2010,19,22,"FALSE",262.863245867301,1.92720676317007,0,0,0,0,0.819206440518465,0.509231705091611,0.203853834830928,-0.0971424462664259,-0.138967121609846,100,0,0,0,0,0,NA,NA,NA,NA,NA,1.07997436604633,0.264857997204616,0,0,0,0,0.664202271665949,0.257804303150974,-0.00845763643242989,-0.0981685220712536,-0.270639857785048
"228",228,2564,"Cho Oyu","CHOY","Khumbu Himal (NW of Everest on Tibetan border)",8188,12,2,1995,"CHOY95102",1,"NW side from N",NA,NA,NA,TRUE,FALSE,FALSE,FALSE,"1995-04-11","1995-05-11",1145,30,30,"1995-05-11",1,8188,3,20,13,0,2,2,TRUE,FALSE,NA,28.09361076,86.66333008,0,0,309,308,NA,0,0,1,1990,30,30,"FALSE",262.893326031264,3.16198644977927,0,0,0,0,0.911522328149767,0.821719531826576,0.757177236663233,0.50492056885968,0.662894140355401,100,0,0,0,0,0,NA,NA,NA,NA,NA,1.03594890364483,0.228110970848106,0,0,0,0,0.398997405336964,0.254084822705785,0.0565747169193843,-0.324599965828941,0.305303076481582
"229",229,2569,"Cho Oyu","CHOY","Khumbu Himal (NW of Everest on Tibetan border)",8188,12,2,2005,"CHOY05346",3,"NW side",NA,NA,NA,TRUE,FALSE,FALSE,FALSE,"2005-09-09","2005-09-28",1027,19,26,"2005-10-05",1,8188,2,7,2,0,0,0,FALSE,TRUE,NA,28.09361076,86.66333008,0,0,NA,252,130,0,0,1,2000,19,26,"FALSE",270.317116301737,0.824139452933983,0,0,0,0,0.895715858151496,0.783560987622865,0.70967069076575,0.407580613002004,-0.588364257232867,100,0,0,0,0,0,NA,NA,NA,NA,NA,1.09961992695403,0.188320466090926,0,0,0,0,0.641185014245988,0.353842062936516,0.154182805523196,-0.302279771926598,0.237192200017839
"230",230,2570,"Cho Oyu","CHOY","Khumbu Himal (NW of Everest on Tibetan border)",8188,12,2,2010,"CHOY10104",1,"NW side",NA,NA,NA,FALSE,FALSE,FALSE,FALSE,"2010-04-11","2010-05-03",NA,22,28,"2010-05-09",1,7100,1,1,0,0,1,0,FALSE,TRUE,NA,28.09361076,86.66333008,0,0,64,308,248,0,NA,1,2010,22,28,"FALSE",265.730122401797,1.68249400531515,0,0,0,0,0.799505522296129,0.500610807301837,0.212656301566412,-0.288805660839433,-0.139984390213288,100,0,0,0,0,0,NA,NA,NA,NA,NA,1.37632408703755,0.303933169558503,0,4,0,0.137931034482759,0.638334508404092,0.25216845597095,-0.0540381396018255,-0.159536097993261,-0.337158952540886
"231",231,2572,"Cho Oyu","CHOY","Khumbu Himal (NW of Everest on Tibetan border)",8188,12,2,2006,"CHOY06351",3,"NW side",NA,NA,NA,FALSE,FALSE,FALSE,FALSE,"2006-09-16","2006-10-06",NA,20,25,"2006-10-11",5,7600,2,3,0,0,0,0,FALSE,TRUE,"Lucco got minor frostbite in his right toe",28.09361076,86.66333008,0,0,161,NA,314,0,NA,0.831656606304494,2000,20,25,"FALSE",268.276257001437,1.713280975824,0,0,0,0,0.861069152825555,0.659075800360619,0.480919759885755,0.190020454875955,0.0916307406604698,100,0,0,0,0,0,NA,NA,NA,NA,NA,0.93347836896237,0.253046152003464,0,0,0,0,0.46080557968854,0.0854898957489588,-0.072430550991255,-0.56516547815288,0.546927556967366
"232",232,2576,"Cho Oyu","CHOY","Khumbu Himal (NW of Everest on Tibetan border)",8188,12,2,2006,"CHOY06377",3,"NW side",NA,NA,NA,TRUE,FALSE,FALSE,FALSE,"2006-09-10","2006-10-01",1030,21,26,"2006-10-06",1,8188,3,10,7,0,0,0,FALSE,TRUE,NA,28.09361076,86.66333008,0,0,10,282,161,0,0,1,2000,21,26,"FALSE",269.049787309435,1.85591659437085,0,1,0,0.037037037037037,0.87915871732478,0.683062961150059,0.495858425682285,0.342893382404721,0.396756682078673,100,0,0,0,0,0,NA,NA,NA,NA,NA,0.994191905361637,0.28580460663103,0,0,0,0,0.602871249610822,0.172952279434302,-0.0862682506985657,-0.595545551246915,0.580176013873955
"233",233,2579,"Cho Oyu","CHOY","Khumbu Himal (NW of Everest on Tibetan border)",8188,12,2,2007,"CHOY07311",3,"NW side",NA,NA,NA,TRUE,FALSE,FALSE,FALSE,"2007-09-07","2007-10-02",830,25,28,"2007-10-05",1,8188,3,1,1,0,1,1,TRUE,FALSE,NA,28.09361076,86.66333008,0,0,41,190,130,0,0,1,2000,25,28,"FALSE",270.271185162424,1.02568591017775,0,2,0,0.0689655172413793,0.921032064808736,0.82332780198113,0.740749002386604,0.680314640089026,0.504401580157625,100,0,0,0,0,0,NA,NA,NA,NA,NA,1.01360833821534,0.279774090649464,3,0,0.103448275862069,0,0.686989598392691,0.378383408634307,0.21690529285187,0.0828703538909598,-0.254931017884806
"234",234,2580,"Cho Oyu","CHOY","Khumbu Himal (NW of Everest on Tibetan border)",8188,12,2,2011,"CHOY11310",3,"NW side",NA,NA,NA,TRUE,FALSE,FALSE,FALSE,"2011-09-05","2011-10-01",820,26,29,"2011-10-04",1,8188,2,9,5,0,5,4,TRUE,FALSE,NA,28.09361076,86.66333008,0,0,10,129,100,0,0,1,2010,26,29,"FALSE",269.975487348768,2.43077702499928,0,5,0,0.166666666666667,0.95932536893429,0.889644941454548,0.838117385833814,0.85240136043234,0.787498027218577,100,0,0,0,0,0,NA,NA,NA,NA,NA,0.934783264150912,0.259148787923024,3,0,0.1,0,0.40110817260763,-0.134559195399766,-0.26886253125245,0.336706988372265,0.0018500983349505
"235",235,2581,"Cho Oyu","CHOY","Khumbu Himal (NW of Everest on Tibetan border)",8188,12,2,2003,"CHOY03312",3,"NW side",NA,NA,NA,TRUE,FALSE,FALSE,FALSE,"2003-09-03","2003-09-26",1215,23,30,"2003-10-03",5,8188,3,1,1,0,0,0,FALSE,TRUE,NA,28.09361076,86.66333008,0,0,NA,68,69,0,0,0.710175094894086,2000,23,30,"FALSE",270.848904927572,1.6387759577013,0,8,0,0.258064516129032,0.953287851814477,0.87364045391581,0.802527310485685,0.797823498981642,0.707827607748609,100,0,0,0,0,0,NA,NA,NA,NA,NA,1.15137673150025,0.310584162949663,1,1,0.032258064516129,0.032258064516129,0.623401204783542,0.210866347931001,0.0650107302158216,0.160347639418023,-0.188207898766212
"236",236,2584,"Cho Oyu","CHOY","Khumbu Himal (NW of Everest on Tibetan border)",8188,12,2,2014,"CHOY14303",3,"NW side",NA,NA,NA,TRUE,FALSE,FALSE,FALSE,"2014-09-05","2014-09-29",1430,24,28,"2014-10-03",1,8188,2,1,1,0,0,0,FALSE,TRUE,NA,28.09361076,86.66333008,0,0,NA,129,69,0,0,1,2010,24,28,"FALSE",269.864266318836,2.45644906166263,0,5,0,0.172413793103448,0.926225049599411,0.861378700656579,0.840743913288812,0.760483078238551,0.486542566941446,100,0,0,0,0,0,NA,NA,NA,NA,NA,1.03837758223864,0.306543197841504,1,0,0.0344827586206897,0,0.49083038441833,-0.0631363224536346,-0.221063700740208,0.0323832469374143,0.160918345200399
"237",237,2585,"Cho Oyu","CHOY","Khumbu Himal (NW of Everest on Tibetan border)",8188,12,2,2014,"CHOY14301",3,"NW side",NA,NA,NA,FALSE,FALSE,FALSE,FALSE,"2014-09-08","2014-09-30",NA,22,23,"2014-10-01",1,7600,2,1,0,0,0,0,FALSE,TRUE,NA,28.09361076,86.66333008,1,0,NA,221,10,0,NA,1,2010,22,23,"FALSE",269.852998945448,2.35194687431417,0,2,0,0.0833333333333333,0.909086338819202,0.83019671593443,0.799011214349652,0.705400268044238,0.203262188675584,100,0,0,0,0,0,NA,NA,NA,NA,NA,1.07754877330817,0.311917957368415,0,0,0,0,0.422653730275658,-0.225444839713423,-0.312062049656606,-0.111991039535883,0.179360419026632
"238",238,2589,"Cho Oyu","CHOY","Khumbu Himal (NW of Everest on Tibetan border)",8188,12,2,1997,"CHOY97104",1,"NW side",NA,NA,NA,TRUE,FALSE,FALSE,FALSE,"1997-04-09","1997-04-27",NA,18,29,"1997-05-08",12,8188,3,9,6,0,4,3,TRUE,FALSE,"Minor frostbite only",28.09361076,86.66333008,0,0,NA,247,217,0,0,0,1990,18,29,"FALSE",262.425949902005,2.41531931001815,0,0,0,0,0.937422351343151,0.851472315525342,0.75008808932826,0.605571524162557,0.416486427548124,100,0,0,0,0,0,NA,NA,NA,NA,NA,1.11664852910918,0.268065731537773,0,0,0,0,0.50903461128191,0.311471898168793,0.270145485176842,-0.16492485971649,-0.167969036166887
"239",239,2593,"Cho Oyu","CHOY","Khumbu Himal (NW of Everest on Tibetan border)",8188,12,2,2010,"CHOY10101",1,"NW side",NA,NA,NA,FALSE,FALSE,FALSE,FALSE,"2010-04-11","2010-04-26",NA,15,28,"2010-05-09",1,7200,1,1,0,0,1,0,FALSE,TRUE,NA,28.09361076,86.66333008,0,0,NA,308,248,0,NA,1,2010,15,28,"FALSE",265.730122401797,1.68249400531515,0,0,0,0,0.799505522296129,0.500610807301837,0.212656301566412,-0.288805660839433,-0.139984390213288,100,0,0,0,0,0,NA,NA,NA,NA,NA,1.37632408703755,0.303933169558503,0,4,0,0.137931034482759,0.638334508404092,0.25216845597095,-0.0540381396018255,-0.159536097993261,-0.337158952540886
"240",240,2594,"Cho Oyu","CHOY","Khumbu Himal (NW of Everest on Tibetan border)",8188,12,2,1996,"CHOY96321",3,"N Ridge up; W side down","NW side",NA,NA,TRUE,FALSE,FALSE,FALSE,"1996-09-08","1996-09-28",1800,20,31,"1996-10-09",5,8188,1,5,2,0,0,0,FALSE,TRUE,"Rafols fell 300m in his first descent but not hurt",28.09361076,86.66333008,0,0,NA,222,254,0,0,0.869778267793703,1990,20,31,"FALSE",269.141998728116,2.31233234383878,0,0,0,0,0.940318898940059,0.841215276534574,0.684261241610192,0.303545104529968,-0.0514131518767581,100,0,0,0,0,0,NA,NA,NA,NA,NA,1.04683863583465,0.32921695281619,2,0,0.0625,0,0.694357868743835,0.310076825736703,0.0260214379083936,-0.217149444675954,-0.0333876831898677
"241",241,2600,"Cho Oyu","CHOY","Khumbu Himal (NW of Everest on Tibetan border)",8188,12,2,1992,"CHOY92305",3,"W Ridge-W Face from S",NA,NA,NA,TRUE,FALSE,FALSE,FALSE,"1992-09-06","1992-09-29",1700,23,28,"1992-10-04",1,8188,3,8,1,0,4,0,TRUE,FALSE,"Lopsang Sherpa pulmonary edema; Lopez felt very cold and would have frozen; Jean hemorrhoids",28.09361076,86.66333008,0,0,NA,161,101,0,0,1,1990,23,28,"FALSE",269.99078711148,1.49521969139195,0,3,0,0.103448275862069,0.900358059629654,0.75409585193412,0.681270935666656,0.589751991795616,0.377986297278379,100,0,0,0,0,0,NA,NA,NA,NA,NA,1.13907207962886,0.267020012209769,1,0,0.0344827586206897,0,0.465932663183666,0.203733639781974,0.0459594295859795,-0.346190813774249,-0.213004542545989
"242",242,2602,"Cho Oyu","CHOY","Khumbu Himal (NW of Everest on Tibetan border)",8188,12,2,2008,"CHOY08313",3,"NW side",NA,NA,NA,TRUE,FALSE,FALSE,FALSE,"2008-09-09","2008-10-03",945,24,28,"2008-10-07",4,8188,3,4,2,1,0,0,FALSE,TRUE,NA,28.09361076,86.66333008,0,0,70,253,192,0.25,0.5,0.735023888276369,2000,24,28,"FALSE",269.549878131384,1.5288782744489,0,0,0,0,0.867350867114018,0.711056330398315,0.736940112415887,0.781974718300639,0.633538952891546,100,0,0,0,0,0,NA,NA,NA,NA,NA,1.11359378973426,0.337104560532912,2,0,0.0689655172413793,0,0.704263650180684,0.419221226041281,0.210419640182543,0.0208558538713489,-0.641835502816409
"243",243,2604,"Cho Oyu","CHOY","Khumbu Himal (NW of Everest on Tibetan border)",8188,12,2,2003,"CHOY03331",3,"NW side",NA,NA,NA,TRUE,FALSE,FALSE,FALSE,"2003-09-07","2003-09-23",1245,16,30,"2003-10-07",1,8188,2,13,3,0,0,0,FALSE,TRUE,NA,28.09361076,86.66333008,0,0,NA,190,191,0,0,1,2000,16,30,"FALSE",270.118950464392,2.19097461717266,0,6,0,0.193548387096774,0.955200835672345,0.896936820847582,0.838243413588206,0.787221866439298,0.82643079228594,100,0,0,0,0,0,NA,NA,NA,NA,NA,1.1197219018848,0.321453177156064,1,1,0.032258064516129,0.032258064516129,0.629605741043208,0.18019692324195,-0.0136154162451608,0.000991884087007791,-0.193081277148474
"244",244,2607,"Cho Oyu","CHOY","Khumbu Himal (NW of Everest on Tibetan border)",8188,12,2,2006,"CHOY06357",3,"NW side",NA,NA,NA,TRUE,FALSE,FALSE,FALSE,"2006-09-08","2006-10-03",915,25,29,"2006-10-07",1,8188,2,7,2,0,4,4,TRUE,FALSE,"Curtis's cerebral edema",28.09361076,86.66333008,0,0,69,221,191,0,0,1,2000,25,29,"FALSE",269.24906984965,2.05422104710628,0,3,0,0.1,0.90964142092931,0.761146458486346,0.605606655428111,0.398951330402964,0.53300830932767,100,0,0,0,0,0,NA,NA,NA,NA,NA,0.982176443081467,0.284242277795645,0,0,0,0,0.615889355902969,0.144034952004903,-0.0954966557700015,-0.62194832373828,0.584253872225919
"245",245,2613,"Cho Oyu","CHOY","Khumbu Himal (NW of Everest on Tibetan border)",8188,12,2,2011,"CHOY11313",3,"NW side",NA,NA,NA,TRUE,FALSE,FALSE,FALSE,"2011-09-03","2011-10-01",1000,28,31,"2011-10-04",1,8188,2,5,3,0,3,2,TRUE,FALSE,NA,28.09361076,86.66333008,0,0,10,68,100,0,0,1,2010,28,31,"FALSE",270.030435005824,2.36097964328793,0,5,0,0.15625,0.957417140015529,0.87717532762278,0.812545524254986,0.826153577157843,0.639163660431283,100,0,0,0,0,0,NA,NA,NA,NA,NA,0.935570402505099,0.250901685664428,3,0,0.09375,0,0.399746610319674,-0.134934093515417,-0.257573520482335,0.320352652956507,0.00683405552949107
"246",246,2614,"Cho Oyu","CHOY","Khumbu Himal (NW of Everest on Tibetan border)",8188,12,2,2000,"CHOY00329",3,"NW side",NA,NA,NA,FALSE,FALSE,FALSE,FALSE,"2000-09-05","2000-09-17",NA,12,29,"2000-10-04",1,7100,2,1,0,0,0,0,FALSE,TRUE,NA,28.09361076,86.66333008,1,0,NA,130,101,0,NA,1,2000,12,29,"FALSE",268.291784074571,3.19079907347183,0,2,0,0.0666666666666667,0.958690142427063,0.874417999164483,0.780332893733963,0.632322222928316,0.158274320331339,100,0,0,0,0,0,NA,NA,NA,NA,NA,0.906992007362273,0.26141503105963,3,0,0.1,0,0.775137308057876,0.573928281210343,0.463120911791664,-0.0787742541859967,-0.489049886802116
"247",247,2615,"Cho Oyu","CHOY","Khumbu Himal (NW of Everest on Tibetan border)",8188,12,2,2009,"CHOY09103",1,"NW side",NA,NA,NA,FALSE,FALSE,FALSE,FALSE,"2009-04-21","2009-05-07",NA,16,21,"2009-05-12",1,7200,2,2,0,0,1,0,FALSE,TRUE,NA,28.09361076,86.66333008,1,0,186,NA,339,0,NA,1,2000,16,21,"FALSE",265.986463142164,1.68852180202433,0,0,0,0,0.840678726255181,0.533167857137996,0.325167170884888,0.0637805828858961,-0.524916015663904,100,0,0,0,0,0,NA,NA,NA,NA,NA,1.76381203272378,0.287785303770696,0,9,0,0.409090909090909,0.498894411405167,0.412253677005258,0.157794682354389,-0.222569263969375,-0.61063163909543
"248",248,2616,"Cho Oyu","CHOY","Khumbu Himal (NW of Everest on Tibetan border)",8188,12,2,2003,"CHOY03330",3,"NW side",NA,NA,NA,TRUE,FALSE,FALSE,FALSE,"2003-09-05","2003-09-27",930,22,28,"2003-10-03",1,8188,4,6,3,0,1,0,FALSE,TRUE,NA,28.09361076,86.66333008,0,0,NA,129,69,0,0,1,2000,22,28,"FALSE",270.743201683308,1.64203102136642,0,6,0,0.206896551724138,0.952959249602177,0.876491715719863,0.804317403808559,0.782604019623242,0.669800062053821,100,0,0,0,0,0,NA,NA,NA,NA,NA,1.14774880147084,0.31762795376863,1,1,0.0344827586206897,0.0344827586206897,0.638560373170243,0.231891390029073,0.0986488368086492,0.190816062988652,-0.177840529958009
"249",249,2623,"Cho Oyu","CHOY","Khumbu Himal (NW of Everest on Tibetan border)",8188,12,2,2011,"CHOY11322",3,"NW side",NA,NA,NA,FALSE,FALSE,FALSE,FALSE,"2011-09-03","2011-09-30",NA,27,31,"2011-10-04",1,7700,0,13,0,0,3,0,FALSE,TRUE,NA,28.09361076,86.66333008,1,0,NA,68,100,0,NA,1,2010,27,31,"FALSE",270.030435005824,2.36097964328793,0,5,0,0.15625,0.957417140015529,0.87717532762278,0.812545524254986,0.826153577157843,0.639163660431283,100,0,0,0,0,0,NA,NA,NA,NA,NA,0.935570402505099,0.250901685664428,3,0,0.09375,0,0.399746610319674,-0.134934093515417,-0.257573520482335,0.320352652956507,0.00683405552949107
"250",250,2625,"Cho Oyu","CHOY","Khumbu Himal (NW of Everest on Tibetan border)",8188,12,2,2013,"CHOY13309",3,"NW side",NA,NA,NA,TRUE,FALSE,FALSE,FALSE,"2013-09-07","2013-10-01",915,24,27,"2013-10-04",10,8188,3,7,6,0,3,2,FALSE,TRUE,NA,28.09361076,86.66333008,0,0,10,190,100,0,0,0.993565683646113,2010,24,27,"FALSE",269.972090221587,0.770818999546955,0,0,0,0,0.757646951769085,0.429194592453331,0.282798228403205,0.162234095725013,-0.823890559260654,100,0,0,0,0,0,NA,NA,NA,NA,NA,1.0742130587904,0.221648966734592,1,0,0.0357142857142857,0,0.289466572147365,-0.308010083008837,-0.202444432911282,-0.276534181931737,-0.0575300174041328
"251",251,2626,"Cho Oyu","CHOY","Khumbu Himal (NW of Everest on Tibetan border)",8188,12,2,2011,"CHOY11308",3,"NW side",NA,NA,NA,FALSE,FALSE,FALSE,FALSE,"2011-09-10","2011-10-03",NA,23,29,"2011-10-09",8,7500,0,6,0,0,0,0,FALSE,TRUE,NA,28.09361076,86.66333008,1,0,69,282,253,0,NA,0.93816631130064,2010,23,29,"FALSE",268.88050104777,2.67694688317418,0,2,0,0.0666666666666667,0.960973496335502,0.898309259291471,0.849503853704373,0.859635354711617,0.682695693117041,100,0,0,0,0,0,NA,NA,NA,NA,NA,0.944671400996847,0.265224431140304,4,0,0.133333333333333,0,0.446704890864683,0.0525797311897935,-0.182101794624629,0.284325927481216,-0.171984958534254
"252",252,2627,"Cho Oyu","CHOY","Khumbu Himal (NW of Everest on Tibetan border)",8188,12,2,2006,"CHOY06117",1,"NW side",NA,NA,NA,TRUE,FALSE,FALSE,FALSE,"2006-04-09","2006-05-01",1130,22,26,"2006-05-05",4,8188,3,7,1,0,2,1,FALSE,TRUE,NA,28.09361076,86.66333008,0,0,5,247,125,0,0,0.906529462207522,2000,22,26,"FALSE",260.961158587609,2.27311695164019,0,0,0,0,0.815304054518733,0.579202988741645,0.432751569898243,0.368339494497346,-0.425559674900885,100,0,0,0,0,0,NA,NA,NA,NA,NA,1.06021744229388,0.390888085052667,4,1,0.148148148148148,0.037037037037037,0.631400357467483,0.280952450895621,0.252740510895718,0.25622051025618,-0.380986634946329
"253",253,2631,"Cho Oyu","CHOY","Khumbu Himal (NW of Everest on Tibetan border)",8188,12,2,2008,"CHOY08304",3,"NW side",NA,NA,NA,TRUE,FALSE,FALSE,FALSE,"2008-09-15","2008-10-04",NA,19,25,"2008-10-10",1,8188,3,1,1,0,1,1,FALSE,TRUE,"Rivas altitude sickness",28.09361076,86.66333008,0,0,101,NA,284,0,0,1,2000,19,25,"FALSE",268.686526420789,1.73911822671768,0,0,0,0,0.856191618344651,0.666922139188846,0.655536065353866,0.713285253171466,0.433998816444234,100,0,0,0,0,0,NA,NA,NA,NA,NA,1.13019448557847,0.374377362630586,2,0,0.0769230769230769,0,0.720287257393788,0.487682294065605,0.225952583865659,-0.244674319644229,-0.712367750157796
"254",254,2634,"Cho Oyu","CHOY","Khumbu Himal (NW of Everest on Tibetan border)",8188,12,2,2005,"CHOY05131",1,"NW side",NA,NA,NA,TRUE,FALSE,FALSE,FALSE,"2005-04-07","2005-04-27",1000,20,25,"2005-05-02",1,8188,3,1,1,0,1,1,TRUE,FALSE,NA,28.09361076,86.66333008,0,0,NA,185,36,0,0,1,2000,20,25,"FALSE",261.298209850605,2.17332063702971,0,0,0,0,0.813800793850877,0.559077944215619,0.246836064201942,-0.0925756786547881,0.518324232409839,100,0,0,0,0,0,NA,NA,NA,NA,NA,1.29974536627417,0.321197069422759,0,2,0,0.0769230769230769,0.673762780334248,0.278926836688952,-0.0662196400633776,-0.0685281687601097,0.0722435363029199
"255",255,2635,"Cho Oyu","CHOY","Khumbu Himal (NW of Everest on Tibetan border)",8188,12,2,1998,"CHOY98318",3,"NW side",NA,NA,NA,TRUE,FALSE,FALSE,FALSE,"1998-09-05","1998-09-26",NA,21,30,"1998-10-05",1,8188,3,15,11,0,3,2,TRUE,FALSE,"Nothing",28.09361076,86.66333008,0,0,NA,129,130,0,0,1,1990,21,30,"FALSE",270.817587575605,0.999486831879289,0,2,0,0.0645161290322581,0.877247648039167,0.688853274108075,0.5041253061555,0.143981979079062,-0.606902334035861,100,0,0,0,0,0,NA,NA,NA,NA,NA,0.893879643741149,0.273603473756499,2,0,0.0645161290322581,0,0.771176231403652,0.413226226585773,-0.00288571343473315,-0.517165650208248,0.687195224094827
"256",256,2636,"Cho Oyu","CHOY","Khumbu Himal (NW of Everest on Tibetan border)",8188,12,2,2008,"CHOY08308",3,"NW side",NA,NA,NA,FALSE,FALSE,FALSE,FALSE,"2008-09-12","2008-10-01",NA,19,21,"2008-10-03",5,7532,2,5,0,0,0,0,FALSE,TRUE,NA,28.09361076,86.66333008,0,0,10,344,70,0,NA,0.845277471517824,2000,19,21,"FALSE",269.626023437038,1.43185595147198,0,0,0,0,0.80692154971614,0.553868713340945,0.581168284262679,0.819886861757149,0.735446540934989,100,0,0,0,0,0,NA,NA,NA,NA,NA,1.13134434767576,0.320916332381913,1,0,0.0454545454545455,0,0.759447297400293,0.570423595709346,0.347813436678413,-0.116138895215426,-0.630851373003024
"257",257,2639,"Cho Oyu","CHOY","Khumbu Himal (NW of Everest on Tibetan border)",8188,12,2,2006,"CHOY06361",3,"NW side",NA,NA,NA,TRUE,FALSE,FALSE,FALSE,"2006-09-03","2006-10-01",745,28,32,"2006-10-05",9,8188,3,4,4,0,1,1,TRUE,FALSE,NA,28.09361076,86.66333008,0,0,10,68,130,0,0,0.797266514806378,2000,28,32,"FALSE",269.762814878213,2.08275432325702,0,5,0,0.151515151515152,0.914468898774236,0.771097377691253,0.647414676516308,0.458365516694212,0.605449872728725,100,0,0,0,0,0,NA,NA,NA,NA,NA,0.934357119986654,0.284817916117305,0,0,0,0,0.66764458836,0.276045287003485,-0.0421473550131101,-0.505255613492713,0.344220369113587
"258",258,2640,"Cho Oyu","CHOY","Khumbu Himal (NW of Everest on Tibetan border)",8188,12,2,2004,"CHOY04305",3,"NW side",NA,NA,NA,TRUE,FALSE,FALSE,FALSE,"2004-09-11","2004-09-30",815,19,24,"2004-10-05",5,8188,3,11,9,0,4,4,TRUE,FALSE,NA,28.09361076,86.66333008,0,0,NA,314,131,0,0,0.93795909142276,2000,19,24,"FALSE",269.58604888916,0.914342446304117,0,0,0,0,0.822241755805528,0.565319085988992,0.335199150891592,-0.284621624076352,-0.785563889440442,100,0,0,0,0,0,NA,NA,NA,NA,NA,1.1112871952801,0.299548074337231,0,1,0,0.04,0.291277155049394,-0.278136020072524,-0.133708272464685,0.0741592910482185,-0.145302368076207
"259",259,2641,"Cho Oyu","CHOY","Khumbu Himal (NW of Everest on Tibetan border)",8188,12,2,2013,"CHOY13108",1,"NW side",NA,NA,NA,FALSE,FALSE,FALSE,FALSE,"2013-04-18","2013-05-04",NA,16,21,"2013-05-09",5,7400,2,1,0,0,0,0,FALSE,TRUE,NA,28.09361076,86.66333008,0,0,95,NA,248,0,NA,0.666742004746299,2010,16,21,"FALSE",263.118309772376,1.91657993896353,0,0,0,0,0.820913688364126,0.455294758882182,0.110826870995653,-0.242360786241641,0.0100641821646939,100,0,0,0,0,0,NA,NA,NA,NA,NA,1.08241774376739,0.270056870105971,0,0,0,0,0.6755875733977,0.270019551618904,-0.0302765872975173,-0.0717255560199169,-0.197508385683712
"260",260,2647,"Cho Oyu","CHOY","Khumbu Himal (NW of Everest on Tibetan border)",8188,12,2,2013,"CHOY13306",3,"NW side",NA,NA,NA,TRUE,FALSE,FALSE,FALSE,"2013-09-10","2013-10-01",830,21,24,"2013-10-04",1,8188,3,5,4,0,2,2,FALSE,TRUE,NA,28.09361076,86.66333008,0,0,10,282,100,0,0,1,2010,21,24,"FALSE",270.004248860677,0.807313564772846,0,0,0,0,0.755619322691676,0.431897351898114,0.291624100017115,0.0683315306199663,-0.813952467904885,100,0,0,0,0,0,NA,NA,NA,NA,NA,1.05844837291432,0.228535689251788,1,0,0.04,0,0.267185193423634,-0.341243502793509,-0.206292221251319,-0.194444420844119,-0.107492195775367
"261",261,2648,"Cho Oyu","CHOY","Khumbu Himal (NW of Everest on Tibetan border)",8188,12,2,2007,"CHOY07344",3,"NW side",NA,NA,NA,TRUE,FALSE,FALSE,FALSE,"2007-09-10","2007-10-03",1445,23,25,"2007-10-05",1,8188,2,3,3,0,0,0,FALSE,TRUE,NA,28.09361076,86.66333008,0,0,69,282,130,0,0,1,2000,23,25,"FALSE",270.202831170498,1.05969609341539,0,2,0,0.0769230769230769,0.921222745717324,0.841051469794459,0.795607475749135,0.83546413694492,0.6742675628146,100,0,0,0,0,0,NA,NA,NA,NA,NA,1.0176479988472,0.293670563212065,3,0,0.115384615384615,0,0.700929805389672,0.394321167686159,0.216422915423855,0.0731077342657348,-0.309345776614526
"262",262,2649,"Cho Oyu","CHOY","Khumbu Himal (NW of Everest on Tibetan border)",8188,12,2,2013,"CHOY13305",3,"NW side",NA,NA,NA,TRUE,FALSE,FALSE,FALSE,"2013-09-07","2013-10-02",700,25,29,"2013-10-06",1,8188,3,7,5,0,3,2,TRUE,FALSE,"Frostbite on all 10 fingers and 10 toes by Andreas Eckhart; on 3 fingers on right hand by Schmuck",28.09361076,86.66333008,0,0,41,190,161,0,0,1,2010,25,29,"FALSE",269.85090230306,0.893700911245629,0,0,0,0,0.781445378168873,0.554143996590143,0.408266657109143,0.145254978008734,-0.749765701865847,100,0,0,0,0,0,NA,NA,NA,NA,NA,1.06246076249687,0.246752362738123,2,0,0.0666666666666667,0,0.21095274963966,-0.370032996728029,-0.230623792433428,-0.200985831348503,-0.188896358750877
"263",263,2651,"Cho Oyu","CHOY","Khumbu Himal (NW of Everest on Tibetan border)",8188,12,2,2006,"CHOY06324",3,"NW side",NA,NA,NA,FALSE,FALSE,FALSE,FALSE,"2006-09-11","2006-10-01",700,20,29,"2006-10-10",1,7100,2,1,0,0,1,0,FALSE,TRUE,NA,28.09361076,86.66333008,0,0,10,313,283,0,NA,1,2000,20,29,"FALSE",268.656042607625,1.80602855484784,0,0,0,0,0.884105370533429,0.713499190346323,0.569906277247288,0.376646930494262,0.389034626973179,100,0,0,0,0,0,NA,NA,NA,NA,NA,0.993464999864361,0.279757445941643,0,0,0,0,0.587098894054503,0.21011539249495,0.0435380682295097,-0.540672902398597,0.507862941437478
"264",264,2652,"Cho Oyu","CHOY","Khumbu Himal (NW of Everest on Tibetan border)",8188,12,2,2005,"CHOY05338",3,"NW side",NA,NA,NA,FALSE,FALSE,FALSE,FALSE,"2005-09-09","2005-09-29",NA,20,23,"2005-10-02",1,8100,3,3,0,0,1,0,FALSE,TRUE,NA,28.09361076,86.66333008,1,0,NA,252,41,0,NA,1,2000,20,23,"FALSE",270.529622077942,0.581393797669348,0,0,0,0,0.755840530934847,0.486599011115625,0.359401412699427,-0.0226871982259579,-0.715079287418152,100,0,0,0,0,0,NA,NA,NA,NA,NA,1.0930614816022,0.197962106016513,0,0,0,0,0.660113592355835,0.346253478012868,0.128199532463586,-0.308205084938388,0.298424598652058
"265",265,2656,"Cho Oyu","CHOY","Khumbu Himal (NW of Everest on Tibetan border)",8188,12,2,1991,"CHOY91305",3,"W Ridge-W Face from N",NA,NA,NA,TRUE,FALSE,FALSE,FALSE,"1991-09-09","1991-09-28",NA,19,24,"1991-10-03",1,8188,3,5,4,0,9,3,TRUE,FALSE,"None",28.09361076,86.66333008,0,0,NA,252,69,0,0,1,1990,19,24,"FALSE",269.900690511068,0.705259835303882,0,0,0,0,0.74538555543579,0.403181401714765,0.165342921385485,-0.0380800433902577,-0.55157170981804,100,0,0,0,0,0,NA,NA,NA,NA,NA,1.04342290014283,0.348014111763792,3,0,0.12,0,0.726499865549217,0.530719007577226,0.220764889523703,0.00316048416855654,-0.150128611239996
"266",266,2658,"Cho Oyu","CHOY","Khumbu Himal (NW of Everest on Tibetan border)",8188,12,2,2005,"CHOY05110",1,"NW side",NA,NA,NA,FALSE,FALSE,FALSE,FALSE,"2005-04-14","2005-05-04",NA,20,25,"2005-05-09",1,7100,2,1,0,0,1,0,FALSE,TRUE,NA,28.09361076,86.66333008,1,0,95,NA,248,0,NA,1,2000,20,25,"FALSE",262.778311069195,1.97164970275224,0,0,0,0,0.771612294912963,0.492794696807332,0.212663585935752,-0.20918724233828,0.123662895275503,100,0,0,0,0,0,NA,NA,NA,NA,NA,1.15429697632273,0.204510703316938,0,0,0,0,0.399418329997694,0.075683297354855,-0.145606001603718,-0.177592676669124,-0.00197631220896204
"267",267,2664,"Cho Oyu","CHOY","Khumbu Himal (NW of Everest on Tibetan border)",8188,12,2,2009,"CHOY09105",1,"NW side",NA,NA,NA,FALSE,FALSE,FALSE,FALSE,"2009-04-19","2009-05-07",NA,18,23,"2009-05-12",1,7200,2,2,0,0,1,0,FALSE,TRUE,"Kanchha Sherpa's fingers got frostbitten on 12 May on way down to C1 from C2 (he left ABC on 14 May for Kathmandu)",28.09361076,86.66333008,1,0,186,NA,339,0,NA,1,2000,18,23,"FALSE",266.113767835829,1.67073046997941,0,0,0,0,0.848518008411289,0.547495848981382,0.347414574882329,0.107107936526647,-0.349313476712946,100,0,0,0,0,0,NA,NA,NA,NA,NA,1.72482168918479,0.30515746002588,0,9,0,0.375,0.561128191168927,0.3879458233228,0.122997389505789,-0.212368515173127,-0.250070912533708
"268",268,2665,"Cho Oyu","CHOY","Khumbu Himal (NW of Everest on Tibetan border)",8188,12,2,2003,"CHOY03304",3,"NW side",NA,NA,NA,TRUE,FALSE,FALSE,FALSE,"2003-09-07","2003-09-27",NA,20,26,"2003-10-03",1,8188,3,1,1,0,1,1,TRUE,FALSE,NA,28.09361076,86.66333008,0,0,NA,190,69,0,0,1,2000,20,26,"FALSE",270.681148293578,1.68641256369944,0,6,0,0.222222222222222,0.953072669634284,0.879730719792375,0.80958464212162,0.800889430152607,0.789326804366116,100,0,0,0,0,0,NA,NA,NA,NA,NA,1.14821061781961,0.327978504414345,1,1,0.037037037037037,0.037037037037037,0.649839823153479,0.251195034148087,0.126328358359145,0.18893120691557,-0.186227518192893
"269",269,2667,"Cho Oyu","CHOY","Khumbu Himal (NW of Everest on Tibetan border)",8188,12,2,2006,"CHOY06360",3,"NW side",NA,NA,NA,TRUE,FALSE,FALSE,FALSE,"2006-09-01","2006-10-01",1100,30,34,"2006-10-05",1,8188,3,16,8,0,5,3,TRUE,FALSE,NA,28.09361076,86.66333008,0,0,10,9,130,0,0,1,2000,30,34,"FALSE",269.801743534633,2.02711028033495,0,5,0,0.142857142857143,0.913794663568759,0.76976984317746,0.646559863245768,0.437252852233215,0.515041791622714,100,0,0,0,0,0,NA,NA,NA,NA,NA,0.931862284818704,0.276677769592688,0,0,0,0,0.654343782380433,0.273443517612938,-0.0399905762489247,-0.492168624822465,0.293193442257211
"270",270,2668,"Cho Oyu","CHOY","Khumbu Himal (NW of Everest on Tibetan border)",8188,12,2,2003,"CHOY03308",3,"NW side",NA,NA,NA,FALSE,FALSE,FALSE,FALSE,"2003-09-10","2003-09-17",NA,7,27,"2003-10-07",1,7100,2,1,0,0,0,0,FALSE,TRUE,NA,28.09361076,86.66333008,1,0,NA,282,191,0,NA,1,2000,7,27,"FALSE",269.916153135754,2.21023650044724,0,4,0,0.142857142857143,0.95271008575137,0.889783929502083,0.824723563306737,0.770554722947847,0.845192445003176,100,0,0,0,0,0,NA,NA,NA,NA,NA,1.14844212035308,0.323291738012818,1,1,0.0357142857142857,0.0357142857142857,0.621456722928637,0.179636349986223,-0.0385394715771147,-0.0425586698594515,-0.203872761076339
"271",271,2670,"Cho Oyu","CHOY","Khumbu Himal (NW of Everest on Tibetan border)",8188,12,2,2003,"CHOY03309",3,"NW side",NA,NA,NA,FALSE,FALSE,FALSE,FALSE,"2003-09-09","2003-09-27",NA,18,24,"2003-10-03",1,7000,2,2,0,0,0,0,FALSE,TRUE,NA,28.09361076,86.66333008,0,0,NA,252,69,0,NA,1,2000,18,24,"FALSE",270.582236836751,1.71369660234225,0,5,0,0.2,0.953316234157646,0.877064562701178,0.800868960919701,0.807012454160788,0.863692998484286,100,0,0,0,0,0,NA,NA,NA,NA,NA,1.17803860101121,0.322241007861271,1,1,0.04,0.04,0.629028319479084,0.249949334647214,0.11272180918257,0.147230807493146,-0.207877880660456
"272",272,2673,"Cho Oyu","CHOY","Khumbu Himal (NW of Everest on Tibetan border)",8188,12,2,2006,"CHOY06304",3,"NW side",NA,NA,NA,TRUE,FALSE,FALSE,FALSE,"2006-09-05","2006-10-01",1345,26,29,"2006-10-04",5,8188,2,2,1,0,0,0,FALSE,TRUE,NA,28.09361076,86.66333008,0,0,10,129,100,0,0,0.812324929971989,2000,26,29,"FALSE",269.797323057387,2.0653472117903,0,5,0,0.166666666666667,0.905480041788363,0.783129290106067,0.66480148001745,0.423412815000838,0.563890078201334,100,0,0,0,0,0,NA,NA,NA,NA,NA,0.951042152414793,0.290144582572098,0,0,0,0,0.730125147180798,0.251277832473702,-0.0968343043825136,-0.633074199959084,0.478360115083964
"273",273,2674,"Cho Oyu","CHOY","Khumbu Himal (NW of Everest on Tibetan border)",8188,12,2,2003,"CHOY03328",3,"NW side",NA,NA,NA,TRUE,FALSE,FALSE,FALSE,"2003-09-12","2003-09-23",1045,11,25,"2003-10-07",1,8188,3,3,3,0,0,0,FALSE,TRUE,NA,28.09361076,86.66333008,0,0,NA,343,191,0,0,1,2000,11,25,"FALSE",269.737067393768,2.19176638607199,0,3,0,0.115384615384615,0.949562804097119,0.880874352213505,0.806688421912596,0.742130564508731,0.840471375661085,100,0,0,0,0,0,NA,NA,NA,NA,NA,1.1498896357669,0.335041599465702,1,1,0.0384615384615385,0.0384615384615385,0.622886369214568,0.181912445127174,-0.0408013040226503,-0.0377155027765941,-0.186455321268659
"274",274,2677,"Cho Oyu","CHOY","Khumbu Himal (NW of Everest on Tibetan border)",8188,12,2,1989,"CHOY89101",1,"SW Ridge-W Face","SW Pillar-W Face up; W Ridge-W Face down",NA,NA,FALSE,TRUE,FALSE,FALSE,"1989-03-09","1989-04-08",NA,30,30,"1989-04-08",10,8188,0,3,2,0,2,0,FALSE,TRUE,"None (Kearney sick and did no climbing)",28.09361076,86.66333008,0,0,216,246,NA,0,0,0.832410441857837,1980,30,30,"FALSE",258.059326397475,2.59025425986474,3,0,0.0967741935483871,0,0.770393102667469,0.579167787908712,0.536351851662373,0.413351003723289,-0.0873919322025052,100,0,0,0,0,0,NA,NA,NA,NA,NA,0.92793585801205,0.265158006526705,4,0,0.129032258064516,0,0.551858697050903,-0.146525420691228,-0.496224052040057,-0.157564458494841,-0.062745460960116
"275",275,2679,"Cho Oyu","CHOY","Khumbu Himal (NW of Everest on Tibetan border)",8188,12,2,1995,"CHOY95103",1,"NW side from N",NA,NA,NA,TRUE,FALSE,FALSE,FALSE,"1995-04-12","1995-05-09",900,27,27,"1995-05-09",1,8188,3,4,2,0,2,0,FALSE,TRUE,"Torres broke arms leaving ABC for BC",28.09361076,86.66333008,0,0,248,338,NA,0,0,1,1990,27,27,"FALSE",262.647557326726,2.95999281228942,0,0,0,0,0.907254444421547,0.830014993215081,0.73373924766444,0.471715723408345,0.631131468591989,100,0,0,0,0,0,NA,NA,NA,NA,NA,1.05684440077424,0.213930708887261,0,0,0,0,0.264880254398108,0.108441916926507,-0.124211897659399,-0.338237307414319,0.46891626982856
"276",276,2680,"Cho Oyu","CHOY","Khumbu Himal (NW of Everest on Tibetan border)",8188,12,2,2003,"CHOY03325",3,"NW side",NA,NA,NA,FALSE,FALSE,FALSE,FALSE,"2003-09-05","2003-10-03",NA,28,33,"2003-10-08",1,8100,3,1,0,0,0,0,FALSE,TRUE,"Frostbitten fingers (slight) and toes (more serious)",28.09361076,86.66333008,1,0,69,129,222,0,NA,1,2000,28,33,"FALSE",270.155119204054,2.14020624065664,0,6,0,0.176470588235294,0.956042870302015,0.880113192089495,0.811192777937445,0.733466416926755,0.784280633332726,100,0,0,0,0,0,NA,NA,NA,NA,NA,1.11893965149884,0.308160149751651,1,1,0.0294117647058824,0.0294117647058824,0.620494794673967,0.178668478108752,-0.012241791880853,-0.00901353395414798,-0.194385542942276
"277",277,2681,"Cho Oyu","CHOY","Khumbu Himal (NW of Everest on Tibetan border)",8188,12,2,1991,"CHOY91304",3,"W side from N",NA,NA,NA,TRUE,FALSE,FALSE,FALSE,"1991-09-09","1991-09-28",NA,19,22,"1991-10-01",1,8188,0,3,0,0,3,1,FALSE,TRUE,"One member altitude sickness; nothing else",28.09361076,86.66333008,0,0,NA,252,10,0,NA,1,1990,19,22,"FALSE",269.92216469585,0.726326592345006,0,0,0,0,0.753229759426244,0.391713167931193,0.152262581018731,-0.04105930243812,-0.615024522572895,100,0,0,0,0,0,NA,NA,NA,NA,NA,1.03662166731457,0.360307296239512,3,0,0.130434782608696,0,0.762666294272176,0.533716207210297,0.224765007982705,-0.0502155941489421,-0.115375800798155
"278",278,2683,"Cho Oyu","CHOY","Khumbu Himal (NW of Everest on Tibetan border)",8188,12,2,2000,"CHOY00313",3,"NW side",NA,NA,NA,FALSE,FALSE,FALSE,FALSE,"2000-09-05","2000-09-29",NA,24,29,"2000-10-04",7,8000,3,6,0,0,3,0,TRUE,FALSE,NA,28.09361076,86.66333008,1,0,NA,130,101,0,NA,0.787659622556221,2000,24,29,"FALSE",268.291784074571,3.19079907347183,0,2,0,0.0666666666666667,0.958690142427063,0.874417999164483,0.780332893733963,0.632322222928316,0.158274320331339,100,0,0,0,0,0,NA,NA,NA,NA,NA,0.906992007362273,0.26141503105963,3,0,0.1,0,0.775137308057876,0.573928281210343,0.463120911791664,-0.0787742541859967,-0.489049886802116
"279",279,2685,"Cho Oyu","CHOY","Khumbu Himal (NW of Everest on Tibetan border)",8188,12,2,2007,"CHOY07364",3,"NW side",NA,NA,NA,TRUE,FALSE,FALSE,FALSE,"2007-09-05","2007-10-01",1300,26,29,"2007-10-04",5,8188,2,1,1,0,0,0,FALSE,TRUE,NA,28.09361076,86.66333008,0,0,10,129,100,0,0,0.795885882208889,2000,26,29,"FALSE",270.361832343207,1.03158031241101,0,2,0,0.0666666666666667,0.916182664212228,0.825852051691763,0.753685115752878,0.672502695374454,0.516723438774611,100,0,0,0,0,0,NA,NA,NA,NA,NA,1.01237441898115,0.272834064001292,3,0,0.1,0,0.676241554452988,0.360134256863299,0.207455008774963,0.10882860868793,-0.391983488734327
"280",280,2687,"Cho Oyu","CHOY","Khumbu Himal (NW of Everest on Tibetan border)",8188,12,2,1997,"CHOY97322",3,"NW side",NA,NA,NA,TRUE,FALSE,FALSE,FALSE,"1997-09-07","1997-09-30",NA,23,30,"1997-10-07",4,8188,3,5,2,0,0,0,FALSE,TRUE,NA,28.09361076,86.66333008,0,0,NA,190,191,0,0,0.959405465878216,1990,23,30,"FALSE",268.282398634059,3.41741489730157,0,0,0,0,0.984775861713187,0.950792641771787,0.914514100802157,0.863299660467754,0.86108141133113,100,0,0,0,0,0,NA,NA,NA,NA,NA,1.21568895656093,0.25214011375212,0,0,0,0,0.550289337868936,0.0579360036791926,-0.198290196262649,0.0743004697806652,-0.166135260863428
"281",281,2688,"Cho Oyu","CHOY","Khumbu Himal (NW of Everest on Tibetan border)",8188,12,2,2011,"CHOY11318",3,"NW side",NA,NA,NA,TRUE,FALSE,FALSE,FALSE,"2011-09-15","2011-10-01",900,16,21,"2011-10-06",4,8188,3,2,1,0,0,0,FALSE,TRUE,NA,28.09361076,86.66333008,0,0,10,NA,161,0,0,0.919269298762522,2010,16,21,"FALSE",268.646963524096,2.44427606979983,0,1,0,0.0454545454545455,0.939011324855215,0.836156144866382,0.765207140353771,0.821114183918352,0.568553000001492,100,0,0,0,0,0,NA,NA,NA,NA,NA,0.915881629867483,0.268258032915173,3,0,0.136363636363636,0,0.527244626149452,0.25265737955413,0.00367087849113725,0.257452915802702,0.08925325762406
"282",282,2690,"Cho Oyu","CHOY","Khumbu Himal (NW of Everest on Tibetan border)",8188,12,2,2009,"CHOY09327",3,"NW side",NA,NA,NA,TRUE,FALSE,FALSE,FALSE,"2009-09-10","2009-09-29",900,19,22,"2009-10-02",2,8188,2,5,2,0,0,0,FALSE,TRUE,NA,28.09361076,86.66333008,0,0,NA,282,41,0,0,0.999142472130344,2000,19,22,"FALSE",270.347652214161,0.782112857590486,0,0,0,0,0.866156600823964,0.745222193150901,0.750290888373328,0.575327676129802,0.092645182059142,100,0,0,0,0,0,NA,NA,NA,NA,NA,0.990117444963865,0.240826803454201,1,0,0.0434782608695652,0,0.454764952842471,0.443365907029734,0.300164039307884,0.0122926567552681,-0.216439904346154
"283",283,2692,"Cho Oyu","CHOY","Khumbu Himal (NW of Everest on Tibetan border)",8188,12,2,2005,"CHOY05337",3,"NW side",NA,NA,NA,FALSE,FALSE,FALSE,FALSE,"2005-09-14","2005-10-03",NA,19,23,"2005-10-07",2,7500,2,1,0,0,0,0,FALSE,TRUE,NA,28.09361076,86.66333008,0,0,69,NA,191,0,NA,0.999142472130344,2000,19,23,"FALSE",270.10781733195,1.03800899707053,0,0,0,0,0.897998465858798,0.864573727259201,0.826394581199347,0.647155988578498,-0.248965525328833,100,0,0,0,0,0,NA,NA,NA,NA,NA,1.13495360091914,0.181463313153937,0,0,0,0,0.412703945362883,0.221570805396233,-0.0265533098938536,-0.334782931802813,-0.352672842591816
"284",284,2701,"Cho Oyu","CHOY","Khumbu Himal (NW of Everest on Tibetan border)",8188,12,2,2006,"CHOY06122",1,"NW side",NA,NA,NA,TRUE,FALSE,FALSE,FALSE,"2006-04-15","2006-05-07",1415,22,26,"2006-05-11",1,8188,2,1,1,0,1,1,FALSE,TRUE,NA,28.09361076,86.66333008,0,0,186,NA,309,0,0,1,2000,22,26,"FALSE",262.419363893109,3.18183093001042,0,0,0,0,0.924700896014648,0.796700304255391,0.745049171081842,0.801978155523435,0.562075870933471,100,0,0,0,0,0,NA,NA,NA,NA,NA,0.948434475222106,0.322629958118368,4,0,0.148148148148148,0,0.51374966680382,-0.0771205523000384,-0.165046353937063,-0.284518260890874,-0.283767224402471
"285",285,2704,"Cho Oyu","CHOY","Khumbu Himal (NW of Everest on Tibetan border)",8188,12,2,2008,"CHOY08309",3,"NW side",NA,NA,NA,TRUE,FALSE,FALSE,FALSE,"2008-09-11","2008-10-05",530,24,26,"2008-10-07",1,8188,3,10,8,0,15,7,TRUE,FALSE,NA,28.09361076,86.66333008,0,0,131,314,192,0,0,1,2000,24,26,"FALSE",269.422336672559,1.50735141663807,0,0,0,0,0.852145078668467,0.674358328401129,0.706459095385884,0.758560564784703,0.585925676166202,100,0,0,0,0,0,NA,NA,NA,NA,NA,1.10856662367034,0.348976918190861,2,0,0.0740740740740741,0,0.704095476947813,0.419100042618425,0.203297652542008,0.0246188904341167,-0.637001622098576
"286",286,2712,"Cho Oyu","CHOY","Khumbu Himal (NW of Everest on Tibetan border)",8188,12,2,1998,"CHOY98314",3,"NW side",NA,NA,NA,TRUE,FALSE,FALSE,FALSE,"1998-09-01","1998-09-28",1115,27,34,"1998-10-05",1,8188,3,11,2,0,3,0,TRUE,FALSE,"Smith ill (altitude?); Hamlin blood pressure problem",28.09361076,86.66333008,0,0,NA,9,130,0,0,1,1990,27,34,"FALSE",270.932115827288,0.993764240885869,0,2,0,0.0571428571428571,0.888889653054696,0.717206257224033,0.52538380214479,0.104100549214922,-0.592834614125475,100,0,0,0,0,0,NA,NA,NA,NA,NA,0.912573413447368,0.271687842936183,2,0,0.0571428571428571,0,0.758720892572949,0.372414811155494,-0.064976933287627,-0.605251546153568,0.590372158307679
"287",287,2719,"Cho Oyu","CHOY","Khumbu Himal (NW of Everest on Tibetan border)",8188,12,2,2003,"CHOY03333",3,"NW side",NA,NA,NA,TRUE,FALSE,FALSE,FALSE,"2003-09-27","2003-10-03",700,6,10,"2003-10-07",5,8188,2,2,2,0,0,0,FALSE,TRUE,NA,28.09361076,86.66333008,0,0,69,NA,191,0,0,0.964765100671141,2000,6,10,"FALSE",267.744037512577,1.67120268870594,0,0,0,0,0.819154702830105,0.552698216179964,0.192758136633817,-0.723626511621941,NA,100,0,0,0,0,0,NA,NA,NA,NA,NA,1.29522289091607,0.344344760375412,0,1,0,0.0909090909090909,0.691671386609856,0.208896551513343,0.110047345104868,-0.282817106948964,NA
"288",288,2720,"Cho Oyu","CHOY","Khumbu Himal (NW of Everest on Tibetan border)",8188,12,2,2014,"CHOY14304",3,"NW side",NA,NA,NA,TRUE,FALSE,FALSE,FALSE,"2014-09-07","2014-09-29",745,22,24,"2014-10-01",1,8188,3,1,1,0,1,1,TRUE,FALSE,"Frostbite on right middle finger by Afif",28.09361076,86.66333008,0,0,NA,190,10,0,0,1,2010,22,24,"FALSE",269.954361979167,2.35754748143672,0,3,0,0.12,0.913533505180575,0.838714729867735,0.808610301780279,0.717411179096011,0.302451730876081,100,0,0,0,0,0,NA,NA,NA,NA,NA,1.07707137595104,0.305359857647928,0,0,0,0,0.422932205897637,-0.223873836643939,-0.313301374040931,-0.11487432281902,0.183089941531376
"289",289,2721,"Cho Oyu","CHOY","Khumbu Himal (NW of Everest on Tibetan border)",8188,12,2,1997,"CHOY97107",1,"NW side",NA,NA,NA,TRUE,FALSE,FALSE,FALSE,"1997-04-15","1997-05-02",1400,17,25,"1997-05-10",1,8188,3,8,3,0,0,0,FALSE,TRUE,"Goger and Chlastak some frostbite but will be OK",28.09361076,86.66333008,0,0,36,NA,278,0,0,1,1990,17,25,"FALSE",263.020692605239,2.21269653472019,0,0,0,0,0.930173704228032,0.839654369561807,0.781526229691163,0.621977257466167,-0.313236528118968,100,0,0,0,0,0,NA,NA,NA,NA,NA,1.21009855994896,0.257775769495713,0,0,0,0,0.425813576604475,0.241728599478028,0.277781414814097,0.175463083685125,-0.360486165964055
"290",290,2723,"Cho Oyu","CHOY","Khumbu Himal (NW of Everest on Tibetan border)",8188,12,2,2014,"CHOY14324",3,"NW side",NA,NA,NA,TRUE,FALSE,FALSE,FALSE,"2014-09-10","2014-09-29",840,19,24,"2014-10-04",6,8188,3,2,2,0,1,1,TRUE,FALSE,"Frostbite in right-hand index finger of Pati",28.09361076,86.66333008,0,0,NA,282,100,0,0,0.971993410214168,2010,19,24,"FALSE",269.295157979329,2.38475018107543,0,0,0,0,0.907238978014786,0.819703642978457,0.77796409104083,0.680792916030546,0.183650876477435,100,0,0,0,0,0,NA,NA,NA,NA,NA,1.02977704014288,0.339674831395888,1,0,0.04,0,0.518815986901133,0.0214346185962444,-0.164974749664542,0.0999124088604395,0.185776744593039
"291",291,2724,"Cho Oyu","CHOY","Khumbu Himal (NW of Everest on Tibetan border)",8188,12,2,2014,"CHOY14326",3,"NW side",NA,NA,NA,TRUE,FALSE,FALSE,FALSE,"2014-09-09","2014-09-29",715,20,22,"2014-10-01",7,8188,3,5,3,0,5,4,TRUE,FALSE,NA,28.09361076,86.66333008,0,0,NA,252,10,0,0,0.795885882208889,2010,20,22,"FALSE",269.743776625481,2.34174519140133,0,1,0,0.0434782608695652,0.903951322613031,0.821294222621076,0.793567787107636,0.691336868474788,0.01253362129312,100,0,0,0,0,0,NA,NA,NA,NA,NA,1.08033269310591,0.318623214596327,0,0,0,0,0.421373267401245,-0.22122409267446,-0.322044080299591,-0.0804123699773247,0.154436804258457
"292",292,2727,"Cho Oyu","CHOY","Khumbu Himal (NW of Everest on Tibetan border)",8188,12,2,2011,"CHOY11339",3,"NW side",NA,NA,NA,TRUE,FALSE,FALSE,FALSE,"2011-09-08","2011-10-03",1100,25,28,"2011-10-06",1,8188,3,6,2,0,3,0,TRUE,FALSE,NA,28.09361076,86.66333008,0,0,69,221,161,0,0,1,2010,25,28,"FALSE",269.441871818455,2.55801832397222,0,3,0,0.103448275862069,0.956988919682049,0.888000781139765,0.846379949488799,0.867088867713171,0.778293147290656,100,0,0,0,0,0,NA,NA,NA,NA,NA,0.921955602966999,0.274435171212086,4,0,0.137931034482759,0,0.41810024294424,-0.00353318648776663,-0.198044514470027,0.4629676115857,0.00830805471904339
"293",293,2728,"Cho Oyu","CHOY","Khumbu Himal (NW of Everest on Tibetan border)",8188,12,2,2011,"CHOY11319",3,"NW side",NA,NA,NA,TRUE,FALSE,FALSE,FALSE,"2011-09-10","2011-10-01",937,21,26,"2011-10-06",1,8188,0,1,1,0,1,1,TRUE,FALSE,NA,28.09361076,86.66333008,0,0,10,282,161,0,0,1,2010,21,26,"FALSE",269.254355442377,2.5527681554051,0,2,0,0.0740740740740741,0.953723212311605,0.878770669832158,0.832973576638517,0.857890573546358,0.752861008548758,100,0,0,0,0,0,NA,NA,NA,NA,NA,0.934282825509299,0.276590490677352,4,0,0.148148148148148,0,0.444949248486252,0.0727022804836335,-0.137129095676516,0.402594134683827,-0.0404023669577325
"294",294,2729,"Cho Oyu","CHOY","Khumbu Himal (NW of Everest on Tibetan border)",8188,12,2,2007,"CHOY07301",3,"NW side",NA,NA,NA,TRUE,FALSE,FALSE,FALSE,"2007-09-04","2007-09-23",1040,19,29,"2007-10-03",4,8188,2,7,1,0,2,1,TRUE,FALSE,"Chu got some frostnip on big toes",28.09361076,86.66333008,0,0,NA,99,69,0,0,0.734663891269744,2000,19,29,"FALSE",270.493229971992,1.13531094563158,0,3,0,0.1,0.89786270332102,0.773750589374832,0.674286283025115,0.643541534108676,0.599290699367309,100,0,0,0,0,0,NA,NA,NA,NA,NA,1.00466384304476,0.263598799207521,3,0,0.1,0,0.695439605457704,0.385285327496059,0.273411077800717,0.0174393429538814,-0.58568569641654
"295",295,2730,"Cho Oyu","CHOY","Khumbu Himal (NW of Everest on Tibetan border)",8188,12,2,2003,"CHOY03305",3,"NW side",NA,NA,NA,TRUE,FALSE,FALSE,FALSE,"2003-09-10","2003-10-05",945,25,27,"2003-10-07",5,8188,2,1,1,0,0,0,FALSE,TRUE,NA,28.09361076,86.66333008,0,0,130,282,191,0,0,0.885409044343627,2000,25,27,"FALSE",269.916153135754,2.21023650044724,0,4,0,0.142857142857143,0.95271008575137,0.889783929502083,0.824723563306737,0.770554722947847,0.845192445003176,100,0,0,0,0,0,NA,NA,NA,NA,NA,1.14844212035308,0.323291738012818,1,1,0.0357142857142857,0.0357142857142857,0.621456722928637,0.179636349986223,-0.0385394715771147,-0.0425586698594515,-0.203872761076339
"296",296,2732,"Cho Oyu","CHOY","Khumbu Himal (NW of Everest on Tibetan border)",8188,12,2,2007,"CHOY07343",3,"NW side",NA,NA,NA,TRUE,FALSE,FALSE,FALSE,"2007-09-06","2007-10-02",800,26,28,"2007-10-04",1,8188,3,10,7,0,6,4,TRUE,FALSE,NA,28.09361076,86.66333008,0,0,41,160,100,0,0,1,2000,26,28,"FALSE",270.319516938308,1.02299916125173,0,2,0,0.0689655172413793,0.919354979757011,0.8362611343708,0.754804283097478,0.658240126719729,0.480700974247201,100,0,0,0,0,0,NA,NA,NA,NA,NA,1.00736269929752,0.27625443029165,3,0,0.103448275862069,0,0.676309725597872,0.363373176078775,0.223608414629177,0.0981956805372611,-0.372939924358006
"297",297,2733,"Cho Oyu","CHOY","Khumbu Himal (NW of Everest on Tibetan border)",8188,12,2,2006,"CHOY06356",3,"NW side",NA,NA,NA,TRUE,FALSE,FALSE,FALSE,"2006-09-09","2006-10-01",715,22,24,"2006-10-03",1,8188,2,5,5,0,2,2,TRUE,FALSE,NA,28.09361076,86.66333008,0,0,10,252,69,0,0,1,2000,22,24,"FALSE",269.482456207275,1.82532313373633,0,2,0,0.08,0.899387421719932,0.738761434940922,0.525796346192027,0.210500816979562,0.347810623242618,100,0,0,0,0,0,NA,NA,NA,NA,NA,0.960635856087298,0.267219781537333,0,0,0,0,0.663532071642726,0.212607835655903,-0.0468560074727784,-0.588391423134488,0.720243272509664
"298",298,2734,"Cho Oyu","CHOY","Khumbu Himal (NW of Everest on Tibetan border)",8188,12,2,1987,"CHOY87105",1,"NNW Face from N","W Ridge-W Face (Tichy route) from N",NA,NA,FALSE,TRUE,FALSE,FALSE,"1987-04-06","1987-05-12",NA,36,36,"1987-05-12",4,8188,1,2,1,0,0,0,FALSE,TRUE,NA,28.09361076,86.66333008,0,0,339,155,NA,0,0,0.795885882208889,1980,36,36,"FALSE",261.567058253933,2.08307753502427,0,0,0,0,0.78460592019559,0.429258184665092,0.0851120284521082,-0.299646822846684,-0.318106071643791,100,0,0,0,0,0,NA,NA,NA,NA,NA,1.30575228254062,0.390288133041119,1,5,0.027027027027027,0.135135135135135,0.618637965829336,0.226057829381829,0.0652686202388406,-0.0143030762316225,-0.0914392769815729
"299",299,2736,"Cho Oyu","CHOY","Khumbu Himal (NW of Everest on Tibetan border)",8188,12,2,2006,"CHOY06114",1,"NW side",NA,NA,NA,TRUE,FALSE,FALSE,FALSE,"2006-04-15","2006-05-07",1200,22,26,"2006-05-11",5,8188,2,1,1,0,0,0,FALSE,TRUE,NA,28.09361076,86.66333008,0,0,186,NA,309,0,0,0.839152272448855,2000,22,26,"FALSE",262.419363893109,3.18183093001042,0,0,0,0,0.924700896014648,0.796700304255391,0.745049171081842,0.801978155523435,0.562075870933471,100,0,0,0,0,0,NA,NA,NA,NA,NA,0.948434475222106,0.322629958118368,4,0,0.148148148148148,0,0.51374966680382,-0.0771205523000384,-0.165046353937063,-0.284518260890874,-0.283767224402471
"300",300,2740,"Cho Oyu","CHOY","Khumbu Himal (NW of Everest on Tibetan border)",8188,12,2,2003,"CHOY03311",3,"NW side",NA,NA,NA,TRUE,FALSE,FALSE,FALSE,"2003-09-08","2003-09-27",NA,19,26,"2003-10-04",1,8188,3,14,14,0,9,9,TRUE,FALSE,"K. Suzuki badly frostbitten fingers of both hands on summit from taking off gloves",28.09361076,86.66333008,0,0,NA,221,100,0,0,1,2000,19,26,"FALSE",270.449020385742,1.95932404402438,0,6,0,0.222222222222222,0.966747462615978,0.909655112492911,0.855785892901702,0.776128701891126,0.904100432984543,100,0,0,0,0,0,NA,NA,NA,NA,NA,1.16366562452533,0.321801607959443,1,1,0.037037037037037,0.037037037037037,0.614974456438745,0.236206408531279,0.135829095448186,0.153844136554863,-0.161319554070999
"301",301,2741,"Cho Oyu","CHOY","Khumbu Himal (NW of Everest on Tibetan border)",8188,12,2,2012,"CHOY12104",1,"NW side",NA,NA,NA,TRUE,FALSE,FALSE,FALSE,"2012-04-22","2012-05-07",1115,15,20,"2012-05-12",10,8188,2,2,2,0,0,0,FALSE,TRUE,NA,28.09361076,86.66333008,0,0,187,NA,340,0,0,0.924009461856889,2010,15,20,"FALSE",261.764056130061,2.57138886418259,0,0,0,0,0.925218253214689,0.828699781989421,0.689841766677179,0.0920590314309233,-0.683229088252969,100,0,0,0,0,0,NA,NA,NA,NA,NA,1.33950292120775,0.310452731063631,0,0,0,0,0.816960342149238,0.629458817638199,0.431359584986306,-0.0790185870029207,0.0920154710582087
"302",302,2751,"Cho Oyu","CHOY","Khumbu Himal (NW of Everest on Tibetan border)",8188,12,2,2003,"CHOY03324",3,"NW side",NA,NA,NA,FALSE,FALSE,FALSE,FALSE,"2003-09-03","2003-09-15",NA,12,30,"2003-10-03",1,6900,1,1,0,0,0,0,FALSE,TRUE,"Nothing",28.09361076,86.66333008,0,0,NA,68,69,0,NA,1,2000,12,30,"FALSE",270.848904927572,1.6387759577013,0,8,0,0.258064516129032,0.953287851814477,0.87364045391581,0.802527310485685,0.797823498981642,0.707827607748609,100,0,0,0,0,0,NA,NA,NA,NA,NA,1.15137673150025,0.310584162949663,1,1,0.032258064516129,0.032258064516129,0.623401204783542,0.210866347931001,0.0650107302158216,0.160347639418023,-0.188207898766212
"303",303,2753,"Cho Oyu","CHOY","Khumbu Himal (NW of Everest on Tibetan border)",8188,12,2,2007,"CHOY07322",3,"NW side",NA,NA,NA,TRUE,FALSE,FALSE,FALSE,"2007-09-05","2007-09-23",1300,18,26,"2007-10-01",1,8188,2,1,1,0,0,0,FALSE,TRUE,"Slightly frostbitten toes (will heal)",28.09361076,86.66333008,0,0,NA,129,10,0,0,1,2000,18,26,"FALSE",270.533140629898,0.93263482794596,0,2,0,0.0740740740740741,0.895523078737793,0.779925077851718,0.71287202288072,0.579387727274388,0.256107757731241,100,0,0,0,0,0,NA,NA,NA,NA,NA,0.995456141142118,0.275015088350595,3,0,0.111111111111111,0,0.701888643737724,0.401040496004172,0.303661973710402,-0.0142822607011969,-0.619090780208108
"304",304,2756,"Cho Oyu","CHOY","Khumbu Himal (NW of Everest on Tibetan border)",8188,12,2,2011,"CHOY11107",1,"NW side",NA,NA,NA,TRUE,FALSE,FALSE,FALSE,"2011-04-17","2011-05-06",1600,19,22,"2011-05-09",5,8188,2,1,1,0,0,0,FALSE,TRUE,NA,28.09361076,86.66333008,0,0,156,NA,248,0,0,0.526767119931398,2010,19,22,"FALSE",263.39423710367,2.06117578078725,0,0,0,0,0.869968024965471,0.675618164783368,0.525931398320453,0.260129947370692,0.110461882531467,100,0,0,0,0,0,NA,NA,NA,NA,NA,1.01742119324887,0.355139231126894,2,0,0.0869565217391304,0,0.652338782470083,0.264047247237677,0.0449690676712021,-0.180182068314402,-0.348157643886328
"305",305,2758,"Cho Oyu","CHOY","Khumbu Himal (NW of Everest on Tibetan border)",8188,12,2,2014,"CHOY14302",3,"NW side",NA,NA,NA,TRUE,FALSE,FALSE,FALSE,"2014-09-10","2014-10-02",830,22,24,"2014-10-04",5,8188,3,3,3,0,0,0,FALSE,TRUE,"Garcia has bad frostbite on both feet",28.09361076,86.66333008,0,0,41,282,100,0,0,0.850498338870432,2010,22,24,"FALSE",269.295157979329,2.38475018107543,0,0,0,0,0.907238978014786,0.819703642978457,0.77796409104083,0.680792916030546,0.183650876477435,100,0,0,0,0,0,NA,NA,NA,NA,NA,1.02977704014288,0.339674831395888,1,0,0.04,0,0.518815986901133,0.0214346185962444,-0.164974749664542,0.0999124088604395,0.185776744593039
"306",306,2760,"Cho Oyu","CHOY","Khumbu Himal (NW of Everest on Tibetan border)",8188,12,2,2014,"CHOY14319",3,"NW side",NA,NA,NA,TRUE,FALSE,FALSE,FALSE,"2014-09-09","2014-10-01",1500,22,25,"2014-10-04",5,8188,2,2,1,0,0,0,FALSE,TRUE,NA,28.09361076,86.66333008,0,0,10,252,100,0,0,0.820776675241945,2010,22,25,"FALSE",269.40829986181,2.40673644463764,0,1,0,0.0384615384615385,0.912187955462128,0.825712726092576,0.787982746619325,0.695939549798275,0.29854703500535,100,0,0,0,0,0,NA,NA,NA,NA,NA,1.02936862105819,0.332818521720681,1,0,0.0384615384615385,0,0.514368041718843,0.0229225125246334,-0.167890344467189,0.0679351729744435,0.189395338971402
"307",307,2761,"Cho Oyu","CHOY","Khumbu Himal (NW of Everest on Tibetan border)",8188,12,2,2014,"CHOY14328",3,"NW side",NA,NA,NA,TRUE,FALSE,FALSE,FALSE,"2014-09-04","2014-09-30",1000,26,29,"2014-10-03",1,8188,2,11,8,0,8,8,TRUE,FALSE,NA,28.09361076,86.66333008,0,0,NA,99,69,0,0,1,2010,26,29,"FALSE",269.925822703044,2.43715895744025,0,5,0,0.166666666666667,0.927179484014476,0.862805620405434,0.841357921215752,0.761107705009854,0.490035910284934,100,0,0,0,0,0,NA,NA,NA,NA,NA,1.03917992474044,0.301243661575186,1,0,0.0333333333333333,0,0.489328607040457,-0.0629277079193349,-0.221183276294556,0.0327250643078825,0.144601210962915
"308",308,2763,"Cho Oyu","CHOY","Khumbu Himal (NW of Everest on Tibetan border)",8188,12,2,2000,"CHOY00322",3,"NW side",NA,NA,NA,TRUE,FALSE,FALSE,FALSE,"2000-09-01","2000-09-24",1130,23,30,"2000-10-01",7,8188,3,12,6,0,5,3,TRUE,FALSE,NA,28.09361076,86.66333008,0,0,NA,9,10,0,0,0.765513733468973,2000,23,30,"FALSE",268.761532281035,3.35044633240609,0,3,0,0.0967741935483871,0.974290037249653,0.94957808627165,0.929009097339019,0.850683991974069,0.721095570925216,100,0,0,0,0,0,NA,NA,NA,NA,NA,0.92032806605033,0.237437496004341,1,0,0.032258064516129,0,0.706350644873852,0.418051820252189,0.326858176775133,-0.167996750321413,-0.573930150978036
"309",309,2766,"Cho Oyu","CHOY","Khumbu Himal (NW of Everest on Tibetan border)",8188,12,2,2000,"CHOY00327",3,"NW side",NA,NA,NA,TRUE,FALSE,FALSE,FALSE,"2000-09-18","2000-10-06",1312,18,23,"2000-10-11",1,8188,1,2,1,0,0,0,FALSE,TRUE,"Passino pneumonia",28.09361076,86.66333008,0,0,162,NA,315,0,0,1,2000,18,23,"FALSE",266.594065030416,2.24163007874685,0,0,0,0,0.896910943877837,0.679377546129044,0.416005047186138,-0.168583868670735,-0.831166683088461,100,0,0,0,0,0,NA,NA,NA,NA,NA,0.903066880954269,0.323758766472458,4,0,0.166666666666667,0,0.830664703116393,0.615157960491858,0.272461391653154,-0.577943346661253,-0.108044258829579
"310",310,2774,"Cho Oyu","CHOY","Khumbu Himal (NW of Everest on Tibetan border)",8188,12,2,2005,"CHOY05103",1,"NW side",NA,NA,NA,FALSE,FALSE,FALSE,FALSE,"2005-04-08","2005-04-28",NA,20,23,"2005-05-01",1,7500,3,1,0,0,1,0,FALSE,TRUE,NA,28.09361076,86.66333008,1,0,NA,216,5,0,NA,1,2000,20,23,"FALSE",261.251920382182,2.25488310595074,0,0,0,0,0.820450155935622,0.585734114064513,0.288246414148831,-0.104873025099522,0.620056822216369,100,0,0,0,0,0,NA,NA,NA,NA,NA,1.30907564400803,0.331967579232396,0,2,0,0.0833333333333333,0.692917238072203,0.360429876822501,-0.0766997704543981,-0.0803125175286194,0.057410362704571
"311",311,2775,"Cho Oyu","CHOY","Khumbu Himal (NW of Everest on Tibetan border)",8188,12,2,2014,"CHOY14312",3,"NW side",NA,NA,NA,TRUE,FALSE,FALSE,FALSE,"2014-09-09","2014-09-30",900,21,25,"2014-10-04",1,8188,2,1,1,0,1,1,TRUE,FALSE,NA,28.09361076,86.66333008,0,0,NA,252,100,0,0,1,2010,21,25,"FALSE",269.40829986181,2.40673644463764,0,1,0,0.0384615384615385,0.912187955462128,0.825712726092576,0.787982746619325,0.695939549798275,0.29854703500535,100,0,0,0,0,0,NA,NA,NA,NA,NA,1.02936862105819,0.332818521720681,1,0,0.0384615384615385,0,0.514368041718843,0.0229225125246334,-0.167890344467189,0.0679351729744435,0.189395338971402
"312",312,2776,"Cho Oyu","CHOY","Khumbu Himal (NW of Everest on Tibetan border)",8188,12,2,2014,"CHOY14313",3,"NW side",NA,NA,NA,TRUE,FALSE,FALSE,FALSE,"2014-09-18","2014-10-06",930,18,19,"2014-10-07",12,8188,3,7,7,0,6,6,TRUE,FALSE,NA,28.09361076,86.66333008,0,0,161,NA,191,0,0,0,2010,18,19,"FALSE",268.078504562378,2.27958910714762,0,0,0,0,0.861703617986401,0.741631712219489,0.70438185565259,0.612040001713073,-0.184856491070077,100,0,0,0,0,0,NA,NA,NA,NA,NA,0.953502049702498,0.288351349480504,1,0,0.05,0,0.389929630246177,-0.057659013143296,0.0668496953598403,0.217285850439325,-0.411831414757089
"313",313,2777,"Cho Oyu","CHOY","Khumbu Himal (NW of Everest on Tibetan border)",8188,12,2,2005,"CHOY05107",1,"NW side",NA,NA,NA,FALSE,FALSE,FALSE,FALSE,"2005-04-11","2005-05-12",NA,31,34,"2005-05-15",1,8000,3,5,0,0,0,0,FALSE,TRUE,"Simon Morillo got frostbite on one finger",28.09361076,86.66333008,1,0,339,308,NA,0,NA,1,2000,31,34,"FALSE",262.450438108898,2.08046148631405,0,0,0,0,0.777254467314956,0.49877748758099,0.243282226136807,-0.021854216358729,0.122561237674379,100,0,0,0,0,0,NA,NA,NA,NA,NA,1.23544943394564,0.247254147019398,0,0,0,0,0.526389319357816,0.214981105173511,-0.0253214736752167,-0.0773545152382029,-0.162144464157235
"314",314,2779,"Cho Oyu","CHOY","Khumbu Himal (NW of Everest on Tibetan border)",8188,12,2,2013,"CHOY13322",3,"NW side",NA,NA,NA,TRUE,FALSE,FALSE,FALSE,"2013-09-05","2013-09-30",1310,25,30,"2013-10-05",4,8188,2,1,1,0,0,0,FALSE,TRUE,NA,28.09361076,86.66333008,0,0,NA,129,130,0,0,0,2010,25,30,"FALSE",269.990619946552,0.800852387344745,0,0,0,0,0.763568516626996,0.44700272514047,0.250303182976806,0.114269697121122,-0.837075998069109,100,0,0,0,0,0,NA,NA,NA,NA,NA,1.08111072732715,0.260922017588724,2,0,0.0645161290322581,0,0.456451508605792,-0.199932670352118,-0.182051038670967,-0.223331946201899,0.121361732430628
"315",315,2781,"Cho Oyu","CHOY","Khumbu Himal (NW of Everest on Tibetan border)",8188,12,2,2004,"CHOY04308",3,"NW side",NA,NA,NA,TRUE,FALSE,FALSE,FALSE,"2004-09-08","2004-09-25",800,17,26,"2004-10-04",1,8188,1,2,2,0,1,1,TRUE,FALSE,NA,28.09361076,86.66333008,0,0,NA,222,101,0,0,1,2000,17,26,"FALSE",269.965367917661,1.23859010363826,0,2,0,0.0740740740740741,0.867010701641093,0.589800416186712,0.24660725870985,-0.372780529834848,-0.313067837079501,100,0,0,0,0,0,NA,NA,NA,NA,NA,1.08077980915779,0.307779577902025,0,1,0,0.037037037037037,0.34451717983239,-0.174103056648801,-0.11891347814932,0.0189780348751549,-0.250425290497256
"316",316,2785,"Cho Oyu","CHOY","Khumbu Himal (NW of Everest on Tibetan border)",8188,12,2,2011,"CHOY11302",3,"NW side",NA,NA,NA,TRUE,FALSE,FALSE,FALSE,"2011-09-07","2011-10-03",700,26,29,"2011-10-06",1,8188,3,9,6,0,4,4,TRUE,FALSE,NA,28.09361076,86.66333008,0,0,69,190,161,0,0,1,2010,26,29,"FALSE",269.550253041585,2.58267612324953,0,4,0,0.133333333333333,0.958437391402593,0.892404254798093,0.854183614117054,0.873503177833541,0.806983070218764,100,0,0,0,0,0,NA,NA,NA,NA,NA,0.91466616739547,0.272601691071586,4,0,0.133333333333333,0,0.437076973183077,-0.00287780149563531,-0.232096216326183,0.403629192957526,-0.0798768880680237
"317",317,2786,"Cho Oyu","CHOY","Khumbu Himal (NW of Everest on Tibetan border)",8188,12,2,2014,"CHOY14316",3,"NW side",NA,NA,NA,TRUE,FALSE,FALSE,FALSE,"2014-09-09","2014-09-28",1205,19,25,"2014-10-04",1,8188,0,6,5,0,2,2,TRUE,FALSE,NA,28.09361076,86.66333008,0,0,NA,252,100,0,0,1,2010,19,25,"FALSE",269.40829986181,2.40673644463764,0,1,0,0.0384615384615385,0.912187955462128,0.825712726092576,0.787982746619325,0.695939549798275,0.29854703500535,100,0,0,0,0,0,NA,NA,NA,NA,NA,1.02936862105819,0.332818521720681,1,0,0.0384615384615385,0,0.514368041718843,0.0229225125246334,-0.167890344467189,0.0679351729744435,0.189395338971402
"318",318,2795,"Cho Oyu","CHOY","Khumbu Himal (NW of Everest on Tibetan border)",8188,12,2,2002,"CHOY02323",3,"NW side",NA,NA,NA,TRUE,FALSE,FALSE,FALSE,"2002-09-10","2002-10-01",1620,21,27,"2002-10-07",5,8188,2,1,1,0,0,0,FALSE,TRUE,"Numb toes and fingers",28.09361076,86.66333008,0,0,10,282,191,0,0,0.983269738773114,2000,21,27,"FALSE",268.567662239075,1.42332213392222,0,0,0,0,0.787369181445911,0.539423022529043,0.378104209241286,0.0431345646413171,0.826301067984522,100,0,0,0,0,0,NA,NA,NA,NA,NA,1.19556746132965,0.19035858772999,0,0,0,0,0.667994289151813,0.381797476786701,0.197471975143144,-0.119285871874071,-0.521742064864898
"319",319,2797,"Cho Oyu","CHOY","Khumbu Himal (NW of Everest on Tibetan border)",8188,12,2,2008,"CHOY08302",3,"NW side",NA,NA,NA,TRUE,FALSE,FALSE,FALSE,"2008-09-05","2008-10-03",700,28,30,"2008-10-05",1,8188,3,11,9,0,5,5,TRUE,FALSE,NA,28.09361076,86.66333008,0,0,70,130,131,0,0,1,2000,28,30,"FALSE",269.782706845191,1.4239469954052,0,0,0,0,0.854827517818056,0.669634519004694,0.670800636418165,0.671549131986727,0.43871099844672,100,0,0,0,0,0,NA,NA,NA,NA,NA,1.13935215194587,0.342517328839757,2,0,0.0645161290322581,0,0.822338782912412,0.685348721548122,0.538828579031827,0.265788795400315,-0.610289618532805
"320",320,2798,"Cho Oyu","CHOY","Khumbu Himal (NW of Everest on Tibetan border)",8188,12,2,2013,"CHOY13310",3,"NW side",NA,NA,NA,FALSE,FALSE,FALSE,FALSE,"2013-09-07","2013-09-21",NA,14,28,"2013-10-05",1,7200,2,1,0,0,1,0,FALSE,TRUE,NA,28.09361076,86.66333008,0,0,NA,190,130,0,NA,1,2010,14,28,"FALSE",269.933192812163,0.785378320599391,0,0,0,0,0.77722032838408,0.475922249608403,0.309381341545636,0.163537769287704,-0.825363839183255,100,0,0,0,0,0,NA,NA,NA,NA,NA,1.05307903443725,0.245614425790839,2,0,0.0689655172413793,0,0.361034325646946,-0.334264994609159,-0.27142029699096,-0.221261051546714,-0.115606668397071
"321",321,2799,"Cho Oyu","CHOY","Khumbu Himal (NW of Everest on Tibetan border)",8188,12,2,1998,"CHOY98319",3,"NW side from N",NA,NA,NA,TRUE,FALSE,FALSE,FALSE,"1998-09-01","1998-09-25",1050,24,34,"1998-10-05",1,8188,3,2,2,1,1,1,TRUE,FALSE,"Nothing except Jaggi's fatal illness",28.09361076,86.66333008,0,0,NA,9,130,0.5,0.5,1,1990,24,34,"FALSE",270.932115827288,0.993764240885869,0,2,0,0.0571428571428571,0.888889653054696,0.717206257224033,0.52538380214479,0.104100549214922,-0.592834614125475,100,0,0,0,0,0,NA,NA,NA,NA,NA,0.912573413447368,0.271687842936183,2,0,0.0571428571428571,0,0.758720892572949,0.372414811155494,-0.064976933287627,-0.605251546153568,0.590372158307679
"322",322,2801,"Cho Oyu","CHOY","Khumbu Himal (NW of Everest on Tibetan border)",8188,12,2,1997,"CHOY97101",1,"NW side",NA,NA,NA,TRUE,FALSE,FALSE,FALSE,"1997-04-09","1997-05-03",1200,24,24,"1997-05-03",14,8188,3,5,3,0,0,0,TRUE,FALSE,"Nothing serious; Agarkova frostbite from alpine climb just before coming to Cho Oyu",28.09361076,86.66333008,0,0,64,247,NA,0,0,0.865864396830056,1990,24,24,"FALSE",261.972248433431,2.39366100586275,0,0,0,0,0.930129487669983,0.824735494223099,0.693525729536392,0.503088942808697,0.254811040832961,100,0,0,0,0,0,NA,NA,NA,NA,NA,1.0642039618315,0.256996770203132,0,0,0,0,0.437147692144279,0.176071506713502,0.0298350904804054,-0.426361065777202,-0.0364430662973846
"323",323,2802,"Cho Oyu","CHOY","Khumbu Himal (NW of Everest on Tibetan border)",8188,12,2,1997,"CHOY97111",1,"NW side",NA,NA,NA,TRUE,FALSE,FALSE,FALSE,"1997-04-18","1997-05-03",1600,15,21,"1997-05-09",4,8188,1,6,3,0,0,0,FALSE,TRUE,NA,28.09361076,86.66333008,0,0,64,NA,248,0,0,0.89521573231582,1990,15,21,"FALSE",263.404914682562,2.06508797368575,0,0,0,0,0.943108156519641,0.908452572498817,0.889008745176535,0.712160651780873,-0.396749476617315,100,0,0,0,0,0,NA,NA,NA,NA,NA,1.19740645013362,0.251847902944285,0,0,0,0,0.372827401783671,0.210101744168501,0.365594582950383,0.137026576574643,-0.529561037734622
"324",324,2807,"Cho Oyu","CHOY","Khumbu Himal (NW of Everest on Tibetan border)",8188,12,2,2004,"CHOY04335",3,"NW side",NA,NA,NA,TRUE,FALSE,FALSE,FALSE,"2004-09-09","2004-09-26",700,17,23,"2004-10-02",1,8188,3,5,4,0,5,5,TRUE,FALSE,"Manning got sick from altitude in C3 on 26th so not to top",28.09361076,86.66333008,0,0,NA,253,41,0,0,1,2000,17,23,"FALSE",269.970884535048,0.942379799941675,0,1,0,0.0416666666666667,0.774781588639522,0.394345140456696,0.0646152304375891,-0.493541362238114,-0.311632915930912,100,0,0,0,0,0,NA,NA,NA,NA,NA,1.08925226827459,0.310832598441474,0,1,0,0.0416666666666667,0.302384149043598,-0.1952388453016,-0.201515073702856,0.212706189560131,-0.265002534042489
"325",325,2808,"Cho Oyu","CHOY","Khumbu Himal (NW of Everest on Tibetan border)",8188,12,2,2007,"CHOY07340",3,"NW side",NA,NA,NA,FALSE,FALSE,FALSE,FALSE,"2007-09-11","2007-09-28",NA,17,21,"2007-10-02",1,6700,1,5,0,0,1,0,FALSE,TRUE,"Furneaux had HAPE; Hill had respiratory infection",28.09361076,86.66333008,1,0,NA,313,41,0,NA,1,2000,17,21,"FALSE",270.303055734345,1.04557561869778,0,2,0,0.0909090909090909,0.940198253699642,0.873481777894071,0.854256840261122,0.864914941071157,0.722112573596435,100,0,0,0,0,0,NA,NA,NA,NA,NA,0.978604244805178,0.298328055920061,3,0,0.136363636363636,0,0.712272264086677,0.428060491715713,0.317216236379459,-0.0264748163686455,-0.688225340289342
"326",326,2809,"Cho Oyu","CHOY","Khumbu Himal (NW of Everest on Tibetan border)",8188,12,2,2004,"CHOY04339",3,"NW side",NA,NA,NA,FALSE,FALSE,FALSE,FALSE,"2004-09-11","2004-09-27",NA,16,21,"2004-10-02",4,7200,2,2,0,0,0,0,FALSE,TRUE,NA,28.09361076,86.66333008,0,0,NA,314,41,0,NA,0.851188729087173,2000,16,21,"FALSE",269.796186504942,0.746805648302427,0,0,0,0,0.722947827845826,0.373663006672373,0.176756828727376,-0.409747140113326,-0.526827550928747,100,0,0,0,0,0,NA,NA,NA,NA,NA,1.10511875137104,0.318479301867864,0,1,0,0.0454545454545455,0.295715505754429,-0.271317279523956,-0.0642350889487168,0.0900763772370471,-0.203550544092066
"327",327,2815,"Cho Oyu","CHOY","Khumbu Himal (NW of Everest on Tibetan border)",8188,12,2,2013,"CHOY13307",3,"NW side",NA,NA,NA,TRUE,FALSE,FALSE,FALSE,"2013-09-10","2013-10-01",645,21,24,"2013-10-04",14,8188,3,6,2,0,3,2,FALSE,TRUE,NA,28.09361076,86.66333008,0,0,10,282,100,0,0,0.748459054886997,2010,21,24,"FALSE",270.004248860677,0.807313564772846,0,0,0,0,0.755619322691676,0.431897351898114,0.291624100017115,0.0683315306199663,-0.813952467904885,100,0,0,0,0,0,NA,NA,NA,NA,NA,1.05844837291432,0.228535689251788,1,0,0.04,0,0.267185193423634,-0.341243502793509,-0.206292221251319,-0.194444420844119,-0.107492195775367
"328",328,2816,"Cho Oyu","CHOY","Khumbu Himal (NW of Everest on Tibetan border)",8188,12,2,2011,"CHOY11323",3,"NW side",NA,NA,NA,TRUE,FALSE,FALSE,FALSE,"2011-09-06","2011-10-04",730,28,30,"2011-10-06",7,8188,3,5,3,0,2,2,TRUE,FALSE,NA,28.09361076,86.66333008,0,0,100,160,161,0,0,0.880540064572938,2010,28,30,"FALSE",269.646764693722,2.59550089474535,0,5,0,0.161290322580645,0.960109940033404,0.896743966289407,0.860040940014451,0.87963269523035,0.823830483889141,100,0,0,0,0,0,NA,NA,NA,NA,NA,0.916049073115709,0.268130399590228,4,0,0.129032258064516,0,0.428334820033222,-0.00679359840225192,-0.23212005257225,0.391552838034552,-0.0911224489441725
"329",329,2817,"Cho Oyu","CHOY","Khumbu Himal (NW of Everest on Tibetan border)",8188,12,2,2006,"CHOY06359",3,"NW side",NA,NA,NA,TRUE,FALSE,FALSE,FALSE,"2006-09-03","2006-10-01",1111,28,32,"2006-10-05",4,8188,2,6,5,0,3,3,TRUE,FALSE,NA,28.09361076,86.66333008,0,0,10,68,130,0,0,0.880540064572938,2000,28,32,"FALSE",269.762814878213,2.08275432325702,0,5,0,0.151515151515152,0.914468898774236,0.771097377691253,0.647414676516308,0.458365516694212,0.605449872728725,100,0,0,0,0,0,NA,NA,NA,NA,NA,0.934357119986654,0.284817916117305,0,0,0,0,0.66764458836,0.276045287003485,-0.0421473550131101,-0.505255613492713,0.344220369113587
"331",331,2820,"Cho Oyu","CHOY","Khumbu Himal (NW of Everest on Tibetan border)",8188,12,2,2004,"CHOY04106",1,"NW side",NA,NA,NA,FALSE,FALSE,FALSE,FALSE,"2004-04-05","2004-05-01",NA,26,33,"2004-05-08",1,7400,2,6,0,0,0,0,FALSE,TRUE,NA,28.09361076,86.66333008,0,0,5,125,218,0,NA,1,2000,26,33,"FALSE",263.910684847364,1.54105541836714,0,0,0,0,0.65922502718283,0.11166002693382,-0.231813969703955,-0.324557598790935,0.0737310270409183,100,0,0,0,0,0,NA,NA,NA,NA,NA,1.28562136241405,0.380069816281134,3,5,0.0882352941176471,0.147058823529412,0.697955085740445,0.314805371001171,-0.00185738671819015,-0.488678206884453,0.349552623078632
"332",332,2823,"Cho Oyu","CHOY","Khumbu Himal (NW of Everest on Tibetan border)",8188,12,2,2000,"CHOY00107",1,"NW side",NA,NA,NA,TRUE,FALSE,FALSE,FALSE,"2000-04-07","2000-05-11",1800,34,36,"2000-05-13",1,8188,3,15,7,0,4,2,FALSE,TRUE,"One member had kidney problem",28.09361076,86.66333008,0,0,310,186,NA,0,0,1,2000,34,36,"FALSE",263.543032431388,2.71903183791321,0,0,0,0,0.927059754977641,0.810133133058044,0.72646686762202,0.664761019893715,0.231176509738387,100,0,0,0,0,0,NA,NA,NA,NA,NA,1.04525149053014,0.302220551180804,4,0,0.108108108108108,0,0.5172137959015,0.042614175921553,-0.0403528864243224,0.078228130997356,-0.581606868381343
"333",333,2824,"Cho Oyu","CHOY","Khumbu Himal (NW of Everest on Tibetan border)",8188,12,2,2010,"CHOY10307",3,"NW side",NA,NA,NA,FALSE,FALSE,FALSE,FALSE,"2010-09-03","2010-09-30",NA,27,31,"2010-10-04",1,7700,2,3,0,0,0,0,FALSE,TRUE,NA,28.09361076,86.66333008,1,0,NA,68,100,0,NA,1,2010,27,31,"FALSE",270.383165041606,1.78954418828727,0,6,0,0.1875,0.921197581344301,0.783514807313666,0.644646516292479,0.536512343329044,0.699383399579577,100,0,0,0,0,0,NA,NA,NA,NA,NA,1.09456919399026,0.214344204250325,0,0,0,0,0.515883757374908,-0.0280873295695031,-0.0567688041111311,-0.307651945059554,-0.0163812732122381
"334",334,2825,"Cho Oyu","CHOY","Khumbu Himal (NW of Everest on Tibetan border)",8188,12,2,2007,"CHOY07315",3,"NW side",NA,NA,NA,TRUE,FALSE,FALSE,FALSE,"2007-09-11","2007-10-02",1400,21,24,"2007-10-05",1,8188,2,1,1,0,0,0,FALSE,TRUE,"Slight frostbite on right foot",28.09361076,86.66333008,0,0,41,313,130,0,0,1,2000,21,24,"FALSE",270.162997639974,1.06149528299903,0,2,0,0.08,0.93758220896643,0.860497867048247,0.819179207020972,0.848772482940323,0.687659608370443,100,0,0,0,0,0,NA,NA,NA,NA,NA,1.0119441361594,0.298252749373853,3,0,0.12,0,0.705172331526163,0.393580759193946,0.236976959438498,0.0931454815588031,-0.275763051584104
"335",335,2826,"Cho Oyu","CHOY","Khumbu Himal (NW of Everest on Tibetan border)",8188,12,2,2007,"CHOY07314",3,"NW side",NA,NA,NA,TRUE,FALSE,FALSE,FALSE,"2007-09-15","2007-10-01",806,16,20,"2007-10-05",1,8188,1,1,1,0,0,0,TRUE,FALSE,NA,28.09361076,86.66333008,0,0,10,NA,130,0,0,1,2000,16,20,"FALSE",269.832783048115,0.783733287537375,0,0,0,0,0.873572861178675,0.712976302112809,0.60780226863378,0.648834376754245,0.69233669664696,100,0,0,0,0,0,NA,NA,NA,NA,NA,1.02173981542055,0.323426427039058,3,0,0.142857142857143,0,0.719780688080274,0.398622051869049,0.24802436881207,0.0866189556289788,-0.274019793350118
"336",336,2829,"Cho Oyu","CHOY","Khumbu Himal (NW of Everest on Tibetan border)",8188,12,2,2003,"CHOY03323",3,"NW side",NA,NA,NA,FALSE,FALSE,FALSE,FALSE,"2003-09-03","2003-09-22",NA,19,30,"2003-10-03",1,7700,3,1,0,0,0,0,FALSE,TRUE,NA,28.09361076,86.66333008,1,0,NA,68,69,0,NA,1,2000,19,30,"FALSE",270.848904927572,1.6387759577013,0,8,0,0.258064516129032,0.953287851814477,0.87364045391581,0.802527310485685,0.797823498981642,0.707827607748609,100,0,0,0,0,0,NA,NA,NA,NA,NA,1.15137673150025,0.310584162949663,1,1,0.032258064516129,0.032258064516129,0.623401204783542,0.210866347931001,0.0650107302158216,0.160347639418023,-0.188207898766212
"337",337,2830,"Cho Oyu","CHOY","Khumbu Himal (NW of Everest on Tibetan border)",8188,12,2,2001,"CHOY01332",3,"NW side",NA,NA,NA,FALSE,FALSE,FALSE,FALSE,"2001-09-10","2001-09-30",NA,20,30,"2001-10-10",1,7500,3,5,0,0,4,0,FALSE,TRUE,NA,28.09361076,86.66333008,1,0,NA,282,283,0,NA,1,2000,20,30,"FALSE",269.261757471228,1.49340632893208,0,0,0,0,0.939337953088931,0.864046602076294,0.808076444154531,0.676108998254,0.713927254067398,100,0,0,0,0,0,NA,NA,NA,NA,NA,1.14749680862136,0.232161598131726,0,0,0,0,0.509275415137915,0.220529095594434,0.0124608876367145,0.225025166428985,-0.164516452741617
"338",338,2831,"Cho Oyu","CHOY","Khumbu Himal (NW of Everest on Tibetan border)",8188,12,2,2002,"CHOY02320",3,"NW side",NA,NA,NA,TRUE,FALSE,FALSE,FALSE,"2002-09-01","2002-10-01",1030,30,32,"2002-10-03",8,8188,3,5,2,0,1,1,TRUE,FALSE,NA,28.09361076,86.66333008,0,0,10,9,69,0,0,0.968594071030232,2000,30,32,"FALSE",269.296672821045,1.53397847354697,0,0,0,0,0.852919729532072,0.680006803743612,0.538115337726761,0.309421066855602,0.853353852204937,100,0,0,0,0,0,NA,NA,NA,NA,NA,1.20397236272289,0.176392570613138,0,0,0,0,0.694417292278614,0.396822048754423,0.142247930179951,-0.166714874761246,-0.500406349364656
"339",339,2837,"Cho Oyu","CHOY","Khumbu Himal (NW of Everest on Tibetan border)",8188,12,2,2005,"CHOY05130",1,"NW side",NA,NA,NA,FALSE,FALSE,FALSE,FALSE,"2005-04-07","2005-04-27",NA,20,25,"2005-05-02",1,7140,2,2,0,0,0,0,FALSE,TRUE,NA,28.09361076,86.66333008,1,0,NA,185,36,0,NA,1,2000,20,25,"FALSE",261.298209850605,2.17332063702971,0,0,0,0,0.813800793850877,0.559077944215619,0.246836064201942,-0.0925756786547881,0.518324232409839,100,0,0,0,0,0,NA,NA,NA,NA,NA,1.29974536627417,0.321197069422759,0,2,0,0.0769230769230769,0.673762780334248,0.278926836688952,-0.0662196400633776,-0.0685281687601097,0.0722435363029199
"340",340,2838,"Cho Oyu","CHOY","Khumbu Himal (NW of Everest on Tibetan border)",8188,12,2,2011,"CHOY11106",1,"NW side",NA,NA,NA,FALSE,FALSE,FALSE,FALSE,"2011-04-17","2011-05-09",NA,22,24,"2011-05-11",1,7200,3,1,0,0,1,0,FALSE,TRUE,"Denderuk suffered from severe cough",28.09361076,86.66333008,0,0,248,NA,309,0,NA,1,2010,22,24,"FALSE",263.61066561381,2.11218074717233,0,0,0,0,0.8846973071616,0.702456233409789,0.571323991717685,0.375613515305988,0.290689713888556,100,0,0,0,0,0,NA,NA,NA,NA,NA,1.01229083716563,0.344808880491702,2,0,0.08,0,0.64145651010096,0.19370642817508,0.0290555372440173,-0.116714677739029,-0.347529728335544
"341",341,2847,"Cho Oyu","CHOY","Khumbu Himal (NW of Everest on Tibetan border)",8188,12,2,2006,"CHOY06317",3,"NW side",NA,NA,NA,TRUE,FALSE,FALSE,FALSE,"2006-09-11","2006-10-07",1140,26,29,"2006-10-10",1,8188,3,3,2,0,0,0,FALSE,TRUE,NA,28.09361076,86.66333008,0,0,191,313,283,0,0,1,2000,26,29,"FALSE",268.656042607625,1.80602855484784,0,0,0,0,0.884105370533429,0.713499190346323,0.569906277247288,0.376646930494262,0.389034626973179,100,0,0,0,0,0,NA,NA,NA,NA,NA,0.993464999864361,0.279757445941643,0,0,0,0,0.587098894054503,0.21011539249495,0.0435380682295097,-0.540672902398597,0.507862941437478
"342",342,2848,"Cho Oyu","CHOY","Khumbu Himal (NW of Everest on Tibetan border)",8188,12,2,2014,"CHOY14307",3,"NW side",NA,NA,NA,TRUE,FALSE,FALSE,FALSE,"2014-09-10","2014-09-28",900,18,24,"2014-10-04",1,8188,2,4,1,0,2,1,TRUE,FALSE,NA,28.09361076,86.66333008,0,0,NA,282,100,0,0,1,2010,18,24,"FALSE",269.295157979329,2.38475018107543,0,0,0,0,0.907238978014786,0.819703642978457,0.77796409104083,0.680792916030546,0.183650876477435,100,0,0,0,0,0,NA,NA,NA,NA,NA,1.02977704014288,0.339674831395888,1,0,0.04,0,0.518815986901133,0.0214346185962444,-0.164974749664542,0.0999124088604395,0.185776744593039
"343",343,2850,"Cho Oyu","CHOY","Khumbu Himal (NW of Everest on Tibetan border)",8188,12,2,2007,"CHOY07325",3,"NW side",NA,NA,NA,FALSE,FALSE,FALSE,FALSE,"2007-09-08","2007-09-19",NA,11,24,"2007-10-02",1,7100,2,1,0,0,0,0,FALSE,TRUE,NA,28.09361076,86.66333008,1,0,NA,221,41,0,NA,1,2000,11,24,"FALSE",270.395104980469,1.0129002821648,0,2,0,0.08,0.918300568508508,0.828343312652643,0.746767669778058,0.733775522900918,0.567140621921969,100,0,0,0,0,0,NA,NA,NA,NA,NA,0.985140252112467,0.28373132250105,3,0,0.12,0,0.697251502484609,0.411199732058591,0.297818865404735,-0.0398477818938334,-0.593580899568746
"344",344,2852,"Cho Oyu","CHOY","Khumbu Himal (NW of Everest on Tibetan border)",8188,12,2,2006,"CHOY06322",3,"NW side",NA,NA,NA,TRUE,FALSE,FALSE,FALSE,"2006-09-11","2006-10-07",1215,26,29,"2006-10-10",4,8188,3,2,1,0,0,0,FALSE,TRUE,NA,28.09361076,86.66333008,0,0,191,313,283,0,0,0.924567067801585,2000,26,29,"FALSE",268.656042607625,1.80602855484784,0,0,0,0,0.884105370533429,0.713499190346323,0.569906277247288,0.376646930494262,0.389034626973179,100,0,0,0,0,0,NA,NA,NA,NA,NA,0.993464999864361,0.279757445941643,0,0,0,0,0.587098894054503,0.21011539249495,0.0435380682295097,-0.540672902398597,0.507862941437478
"345",345,2853,"Cho Oyu","CHOY","Khumbu Himal (NW of Everest on Tibetan border)",8188,12,2,2006,"CHOY06355",3,"NW side",NA,NA,NA,TRUE,FALSE,FALSE,FALSE,"2006-09-03","2006-10-02",700,29,32,"2006-10-05",1,8188,3,10,5,0,4,3,TRUE,FALSE,"Tom Avery retinal hemorrhage",28.09361076,86.66333008,0,0,41,68,130,0,0,1,2000,29,32,"FALSE",269.762814878213,2.08275432325702,0,5,0,0.151515151515152,0.914468898774236,0.771097377691253,0.647414676516308,0.458365516694212,0.605449872728725,100,0,0,0,0,0,NA,NA,NA,NA,NA,0.934357119986654,0.284817916117305,0,0,0,0,0.66764458836,0.276045287003485,-0.0421473550131101,-0.505255613492713,0.344220369113587
"346",346,2858,"Cho Oyu","CHOY","Khumbu Himal (NW of Everest on Tibetan border)",8188,12,2,2003,"CHOY03307",3,"NW side",NA,NA,NA,FALSE,FALSE,FALSE,FALSE,"2003-09-02","2003-09-25",NA,23,31,"2003-10-03",1,6600,1,1,0,0,0,0,FALSE,TRUE,NA,28.09361076,86.66333008,0,0,NA,40,69,0,NA,1,2000,23,31,"FALSE",270.89835079511,1.63621252121785,0,9,0,0.28125,0.95481052926449,0.877327812740344,0.804512651407902,0.799876744320601,0.726654354535406,100,0,0,0,0,0,NA,NA,NA,NA,NA,1.15529060845671,0.306334813331382,1,1,0.03125,0.03125,0.613052258888745,0.220976943641688,0.0713906209723251,0.125094286596402,-0.215595312912886
"347",347,2860,"Cho Oyu","CHOY","Khumbu Himal (NW of Everest on Tibetan border)",8188,12,2,1998,"CHOY98101",1,"NW side from N",NA,NA,NA,TRUE,FALSE,FALSE,FALSE,"1998-04-07","1998-04-28",1300,21,27,"1998-05-04",1,8188,4,9,2,1,0,0,FALSE,TRUE,"Nothing except Stepanov's death (Roukhlov decided mountain not for him)",28.09361076,86.66333008,0,0,NA,185,95,0.111111111111111,0.5,1,1990,21,27,"FALSE",263.160399391538,3.31395260215662,0,0,0,0,0.950876857640795,0.894068040406564,0.841768419726469,0.721318121793768,0.317150144794582,100,0,0,0,0,0,NA,NA,NA,NA,NA,0.82311319160457,0.214789617010152,3,0,0.107142857142857,0,0.483845874078945,0.156951071322662,0.170021466971297,-0.0477534762999733,-0.421233929295405
"348",348,2862,"Cho Oyu","CHOY","Khumbu Himal (NW of Everest on Tibetan border)",8188,12,2,2012,"CHOY12110",1,"NW side",NA,NA,NA,FALSE,FALSE,FALSE,FALSE,"2012-04-16","2012-05-04",NA,18,25,"2012-05-11",1,7150,2,1,0,0,1,0,TRUE,FALSE,NA,28.09361076,86.66333008,0,0,96,NA,310,0,NA,1,2010,18,25,"FALSE",261.768243545141,2.2502558052931,0,0,0,0,0.863754929077363,0.648075319024965,0.385154827057858,-0.202202269415112,-0.726242231899296,100,0,0,0,0,0,NA,NA,NA,NA,NA,1.3131879344043,0.30413717614619,0,0,0,0,0.747965947952488,0.423278479940327,0.195171999727455,0.0272853332683132,-0.509240739335241
"349",349,2864,"Cho Oyu","CHOY","Khumbu Himal (NW of Everest on Tibetan border)",8188,12,2,2011,"CHOY11116",1,"NW side",NA,NA,NA,FALSE,FALSE,FALSE,FALSE,"2011-04-18","2011-05-05",1220,17,21,"2011-05-09",1,8000,3,2,0,0,0,0,FALSE,TRUE,NA,28.09361076,86.66333008,0,0,125,NA,248,0,NA,1,2010,17,21,"FALSE",263.364465800199,2.1046130732099,0,0,0,0,0.875675106613459,0.695124792619306,0.568447294052361,0.45671362103267,0.378911620765427,100,0,0,0,0,0,NA,NA,NA,NA,NA,1.02490587140921,0.361635102242575,2,0,0.0909090909090909,0,0.699522245211928,0.336844689700618,0.0821579123554878,-0.15537976579632,-0.415835906547539
"350",350,2865,"Cho Oyu","CHOY","Khumbu Himal (NW of Everest on Tibetan border)",8188,12,2,2004,"CHOY04310",3,"NW side",NA,NA,NA,TRUE,FALSE,FALSE,FALSE,"2004-09-10","2004-09-26",1000,16,21,"2004-10-01",4,8188,2,1,1,0,0,0,FALSE,TRUE,NA,28.09361076,86.66333008,0,0,NA,283,10,0,0,0.89521573231582,2000,16,21,"FALSE",269.909661032937,0.780802983307535,0,0,0,0,0.706585337992582,0.3691643453278,0.00912830060464275,-0.354153296562495,-0.552205394800943,100,0,0,0,0,0,NA,NA,NA,NA,NA,1.10303633552422,0.318842508591105,0,1,0,0.0454545454545455,0.311194420853492,-0.302225565117268,-0.104540586920157,0.122943712106365,-0.217936047891284
"351",351,2867,"Cho Oyu","CHOY","Khumbu Himal (NW of Everest on Tibetan border)",8188,12,2,2009,"CHOY09109",1,"NW side",NA,NA,NA,FALSE,FALSE,FALSE,FALSE,"2009-04-15","2009-05-01",NA,16,20,"2009-05-05",7,7100,2,2,0,0,1,0,FALSE,TRUE,"Sherpa frostbitten fingers",28.09361076,86.66333008,1,0,5,NA,125,0,NA,0.983269738773114,2000,16,20,"FALSE",266.754313151042,1.12732312036978,0,0,0,0,0.520606550177064,-0.203839987293283,-0.496577116798927,-0.288533161839988,0.532230612558452,100,0,0,0,0,0,NA,NA,NA,NA,NA,1.60782490030187,0.235779573751671,0,5,0,0.238095238095238,0.434379204090586,-0.0224534992239871,-0.234444995136442,-0.486961765467738,0.468850898016368
"352",352,2869,"Cho Oyu","CHOY","Khumbu Himal (NW of Everest on Tibetan border)",8188,12,2,2006,"CHOY06125",1,"NW side",NA,NA,NA,TRUE,FALSE,FALSE,FALSE,"2006-04-15","2006-05-01",1030,16,18,"2006-05-03",1,8188,2,1,1,0,0,0,FALSE,TRUE,NA,28.09361076,86.66333008,0,0,5,NA,64,0,0,1,2000,16,18,"FALSE",260.917027590568,2.31533191010966,0,0,0,0,0.829375509684813,0.543493413358933,0.478154601174979,0.637261837871578,-0.416855875767105,100,0,0,0,0,0,NA,NA,NA,NA,NA,0.948267755257986,0.367218054396601,4,0,0.210526315789474,0,0.50466288537588,-0.0622998632946785,-0.129660203760306,-0.243785360202654,-0.246913978015674
"353",353,2872,"Cho Oyu","CHOY","Khumbu Himal (NW of Everest on Tibetan border)",8188,12,2,1996,"CHOY96102",1,"W side from N",NA,NA,NA,TRUE,FALSE,FALSE,FALSE,"1996-04-11","1996-05-04",1000,23,25,"1996-05-06",0,8188,3,7,1,1,1,0,FALSE,TRUE,"Zintl's death; Kramer frostbitten fingers; Schulte middle ear infection which delayed summit bid",28.09361076,86.66333008,0,0,96,309,157,0.142857142857143,1,0,1990,23,25,"FALSE",263.47055606353,2.8962239520309,0,0,0,0,0.917624732118652,0.775863107222024,0.626268950236476,0.282024354065406,0.563190475409778,100,0,0,0,0,0,NA,NA,NA,NA,NA,1.02643953405222,0.313109849072661,2,0,0.0769230769230769,0,0.599803397838744,0.360075404959945,0.0691472853920924,-0.159324917049928,-0.391030513739693
"354",354,2873,"Cho Oyu","CHOY","Khumbu Himal (NW of Everest on Tibetan border)",8188,12,2,1998,"CHOY98312",3,"NW side",NA,NA,NA,TRUE,FALSE,FALSE,FALSE,"1998-09-08","1998-09-28",1545,20,25,"1998-10-03",7,8188,3,4,2,0,0,0,FALSE,TRUE,"Both summiters slight frostbite",28.09361076,86.66333008,0,0,NA,221,69,0,0,0,1990,20,25,"FALSE",270.92681650015,0.875541379187074,0,1,0,0.0384615384615385,0.84264183004702,0.638529205173053,0.401741787692787,-0.0824330493157104,-0.596532368699211,100,0,0,0,0,0,NA,NA,NA,NA,NA,0.93586179312891,0.252449216683487,0,0,0,0,0.777774566752255,0.370265046406979,-0.190073062516432,-0.739096557096594,0.728878796645833
"355",355,2874,"Cho Oyu","CHOY","Khumbu Himal (NW of Everest on Tibetan border)",8188,12,2,2011,"CHOY11115",1,"NW side",NA,NA,NA,TRUE,FALSE,FALSE,FALSE,"2011-04-19","2011-05-05",1300,16,19,"2011-05-08",1,8188,3,3,1,0,1,0,FALSE,TRUE,"Rodriguez's altitude problem; Quintero's fall",28.09361076,86.66333008,0,0,125,NA,217,0,0,1,2010,16,19,"FALSE",263.267975330353,2.1508555461158,0,0,0,0,0.879539790844884,0.692183562829932,0.609320664733036,0.590649175344705,0.564593745440553,100,0,0,0,0,0,NA,NA,NA,NA,NA,1.02139368386244,0.36464209287451,2,0,0.1,0,0.774627598731288,0.358004877596817,-0.0204767618946796,-0.244891799282186,-0.46515153280556
"356",356,2875,"Cho Oyu","CHOY","Khumbu Himal (NW of Everest on Tibetan border)",8188,12,2,2004,"CHOY04321",3,"NW side",NA,NA,NA,FALSE,FALSE,FALSE,FALSE,"2004-09-08","2004-09-12",NA,4,8,"2004-09-16",1,5700,0,1,0,0,0,0,FALSE,TRUE,NA,28.09361076,86.66333008,0,0,344,222,NA,0,NA,1,2000,4,8,"FALSE",270.438956931785,1.65536275551853,0,2,0,0.222222222222222,0.974500557699998,0.919479932629774,0.82415892059113,-0.779867719874689,NA,100,0,0,0,0,0,NA,NA,NA,NA,NA,0.982750507611188,0.414259934303278,0,1,0,0.111111111111111,0.149560915057167,-0.426629710222373,-0.175149112926468,-0.751334842186329,NA
"357",357,2876,"Cho Oyu","CHOY","Khumbu Himal (NW of Everest on Tibetan border)",8188,12,2,2006,"CHOY06305",3,"NW side",NA,NA,NA,TRUE,FALSE,FALSE,FALSE,"2006-09-02","2006-10-01",855,29,32,"2006-10-04",1,8188,3,9,7,0,2,2,TRUE,FALSE,"Only Nikolic slight frostbite",28.09361076,86.66333008,0,0,10,40,100,0,0,1,2000,29,32,"FALSE",269.892212337918,1.99060656102411,0,5,0,0.151515151515152,0.906326613880579,0.782123001847977,0.654127769603254,0.406844231352454,0.521597654289867,100,0,0,0,0,0,NA,NA,NA,NA,NA,0.933310081482232,0.28476322701153,0,0,0,0,0.725876268273741,0.280472638113006,-0.0454010298210482,-0.510026276304543,0.326671659758348
"358",358,2877,"Cho Oyu","CHOY","Khumbu Himal (NW of Everest on Tibetan border)",8188,12,2,2005,"CHOY05343",3,"NW side",NA,NA,NA,TRUE,FALSE,FALSE,FALSE,"2005-09-10","2005-09-27",815,17,24,"2005-10-04",1,8188,3,21,10,0,8,6,TRUE,FALSE,NA,28.09361076,86.66333008,0,0,NA,282,100,0,0,1,2000,17,24,"FALSE",270.377460072835,0.755065302064162,0,0,0,0,0.876550023352991,0.721557126146742,0.613003629443073,0.271578486864523,-0.65615837357928,100,0,0,0,0,0,NA,NA,NA,NA,NA,1.11846242861209,0.169895610427139,0,0,0,0,0.645711638437174,0.27657253595336,0.0370469111924419,-0.286618385253128,0.128672485745461
"359",359,2878,"Cho Oyu","CHOY","Khumbu Himal (NW of Everest on Tibetan border)",8188,12,2,2010,"CHOY10329",3,"NW side",NA,NA,NA,FALSE,FALSE,FALSE,FALSE,"2010-09-03","2010-09-28",NA,25,31,"2010-10-04",1,7050,2,8,0,0,2,0,FALSE,TRUE,NA,28.09361076,86.66333008,1,0,NA,68,100,0,NA,1,2010,25,31,"FALSE",270.383165041606,1.78954418828727,0,6,0,0.1875,0.921197581344301,0.783514807313666,0.644646516292479,0.536512343329044,0.699383399579577,100,0,0,0,0,0,NA,NA,NA,NA,NA,1.09456919399026,0.214344204250325,0,0,0,0,0.515883757374908,-0.0280873295695031,-0.0567688041111311,-0.307651945059554,-0.0163812732122381
"360",360,2879,"Cho Oyu","CHOY","Khumbu Himal (NW of Everest on Tibetan border)",8188,12,2,2008,"CHOY08303",3,"NW side",NA,NA,NA,TRUE,FALSE,FALSE,FALSE,"2008-09-12","2008-10-02",1025,20,29,"2008-10-11",1,8188,3,9,3,0,3,3,TRUE,FALSE,NA,28.09361076,86.66333008,0,0,41,344,315,0,0,1,2000,20,29,"FALSE",268.843671035767,1.90198569891579,0,0,0,0,0.895615085399208,0.761001201926211,0.754881435214788,0.793633351708373,0.654931455518771,100,0,0,0,0,0,NA,NA,NA,NA,NA,1.14328157026529,0.350126976361595,2,0,0.0666666666666667,0,0.715037744263075,0.455530287044847,0.193590078767668,-0.191029848161436,-0.608337376045628
"361",361,2880,"Cho Oyu","CHOY","Khumbu Himal (NW of Everest on Tibetan border)",8188,12,2,1994,"CHOY94303",3,"W side 'W Corner'",NA,NA,NA,TRUE,FALSE,FALSE,FALSE,"1994-09-02","1994-09-27",NA,25,30,"1994-10-02",1,8188,3,13,4,0,2,2,FALSE,TRUE,"Nothing serious",28.09361076,86.66333008,0,0,NA,40,41,0,0,1,1990,25,30,"FALSE",271.152747369582,1.09660148593215,0,9,0,0.290322580645161,0.917788163427193,0.804797777064603,0.707005908737027,0.654631087298957,0.579496894416726,100,0,0,0,0,0,NA,NA,NA,NA,NA,1.04166107992886,0.21183711170289,0,0,0,0,0.645102116467793,0.183602484886238,-0.0488237542683259,0.0139847891664371,-0.342573792815013
"362",362,2881,"Cho Oyu","CHOY","Khumbu Himal (NW of Everest on Tibetan border)",8188,12,2,2005,"CHOY05134",1,"NW side",NA,NA,NA,FALSE,FALSE,FALSE,FALSE,"2005-04-11","2005-05-01",NA,20,24,"2005-05-05",1,7950,3,4,0,0,4,0,TRUE,FALSE,NA,28.09361076,86.66333008,0,0,5,308,125,0,NA,1,2000,20,24,"FALSE",261.899475301107,1.99753890639395,0,0,0,0,0.77925274445342,0.479204514650967,0.115388252193759,-0.191495799092087,0.337977302892028,100,0,0,0,0,0,NA,NA,NA,NA,NA,1.18573099898207,0.204584205525423,0,0,0,0,0.438199915259173,0.12670969086318,-0.230747756367212,-0.196752322874882,-0.116468925737419
"363",363,2882,"Cho Oyu","CHOY","Khumbu Himal (NW of Everest on Tibetan border)",8188,12,2,2014,"CHOY14320",3,"NW side",NA,NA,NA,TRUE,FALSE,FALSE,FALSE,"2014-09-10","2014-10-02",937,22,24,"2014-10-04",1,8188,3,3,2,0,1,1,TRUE,FALSE,NA,28.09361076,86.66333008,0,0,41,282,100,0,0,1,2010,22,24,"FALSE",269.295157979329,2.38475018107543,0,0,0,0,0.907238978014786,0.819703642978457,0.77796409104083,0.680792916030546,0.183650876477435,100,0,0,0,0,0,NA,NA,NA,NA,NA,1.02977704014288,0.339674831395888,1,0,0.04,0,0.518815986901133,0.0214346185962444,-0.164974749664542,0.0999124088604395,0.185776744593039
"364",364,2886,"Cho Oyu","CHOY","Khumbu Himal (NW of Everest on Tibetan border)",8188,12,2,1983,"CHOY83301",3,"S Ridge",NA,NA,NA,FALSE,FALSE,FALSE,FALSE,"1983-09-12","1983-10-05",NA,23,38,"1983-10-20",1,6500,1,6,0,0,3,0,FALSE,TRUE,"None except 2 Sherpas became sick",28.09361076,86.66333008,1,0,130,343,NA,0,NA,1,1980,23,38,"FALSE",268.734599806305,2.71992652647825,0,1,0,0.0256410256410256,0.938853372859609,0.848904922827679,0.740705421802536,0.529993413405329,0.49016848656628,100,0,0,0,0,0,NA,NA,NA,NA,NA,1.18729838634067,0.317233038072775,2,1,0.0512820512820513,0.0256410256410256,0.539322026961615,0.014912162303764,-0.214501851535845,-0.353650779093279,0.0814165994571482
"365",365,2887,"Cho Oyu","CHOY","Khumbu Himal (NW of Everest on Tibetan border)",8188,12,2,2014,"CHOY14306",3,"NW side",NA,NA,NA,TRUE,FALSE,FALSE,FALSE,"2014-09-17","2014-10-02",715,15,21,"2014-10-08",1,8188,3,4,2,0,1,0,FALSE,TRUE,NA,28.09361076,86.66333008,0,0,41,NA,222,0,0,1,2010,15,21,"FALSE",268.141502727162,2.32763397109803,0,0,0,0,0.878317667353583,0.775137710067424,0.74324156340546,0.65383652415408,-0.133009778311631,100,0,0,0,0,0,NA,NA,NA,NA,NA,0.939450459624463,0.287385746852835,1,0,0.0454545454545455,0,0.445044511724178,-0.0387703740036036,-0.0323524232272966,0.161551172986134,-0.144789683099881
"366",366,2888,"Cho Oyu","CHOY","Khumbu Himal (NW of Everest on Tibetan border)",8188,12,2,2011,"CHOY11316",3,"NW side",NA,NA,NA,TRUE,FALSE,FALSE,FALSE,"2011-09-16","2011-10-07",1000,21,25,"2011-10-11",1,8188,2,7,4,0,1,1,FALSE,TRUE,NA,28.09361076,86.66333008,0,0,191,NA,314,0,0,1,2010,21,25,"FALSE",267.995547270164,2.42089617630088,0,1,0,0.0384615384615385,0.927785360501913,0.825888642790554,0.761208097661581,0.786007079469276,0.405121566479138,100,0,0,0,0,0,NA,NA,NA,NA,NA,0.904255747563954,0.253397560447069,3,0,0.115384615384615,0,0.472661068975606,0.0885947080728145,-0.0906823632390671,0.0694126866919107,-0.479458668908223
"367",367,2892,"Cho Oyu","CHOY","Khumbu Himal (NW of Everest on Tibetan border)",8188,12,2,2006,"CHOY06346",3,"NW side",NA,NA,NA,TRUE,FALSE,FALSE,FALSE,"2006-09-14","2006-10-01",900,17,24,"2006-10-08",0,8188,2,1,1,0,0,0,FALSE,TRUE,NA,28.09361076,86.66333008,0,0,10,NA,222,0,0,0,2000,17,24,"FALSE",268.550212758382,1.72930567637056,0,0,0,0,0.8606882086681,0.662527936648469,0.483601299304579,0.189769456006192,0.139032074396927,100,0,0,0,0,0,NA,NA,NA,NA,NA,0.955064997581146,0.277778724574565,0,0,0,0,0.526034600994258,0.0634018521047077,-0.163531856375388,-0.706658115745921,0.586518458769025
"368",368,2893,"Cho Oyu","CHOY","Khumbu Himal (NW of Everest on Tibetan border)",8188,12,2,2011,"CHOY11341",3,"NW side",NA,NA,NA,FALSE,FALSE,FALSE,FALSE,"2011-09-11","2011-10-01",NA,20,20,"2011-10-01",0,8000,0,6,0,0,1,0,FALSE,TRUE,NA,28.09361076,86.66333008,0,0,10,313,NA,0,NA,0,2010,20,20,"FALSE",270.022048344688,1.94076825398467,0,2,0,0.0952380952380952,0.930868636366886,0.807845129562851,0.700132201530993,0.696931462582471,0.583995421831576,100,0,0,0,0,0,NA,NA,NA,NA,NA,0.974471133475187,0.261511632869132,2,0,0.0952380952380952,0,0.374508241891473,-0.165272759764011,-0.251260354161244,0.104072442641707,0.143979082133743
"369",369,2894,"Cho Oyu","CHOY","Khumbu Himal (NW of Everest on Tibetan border)",8188,12,2,2004,"CHOY04342",3,"NW side",NA,NA,NA,TRUE,FALSE,FALSE,FALSE,"2004-09-13","2004-10-01",1230,18,24,"2004-10-07",4,8188,2,1,1,0,0,0,FALSE,TRUE,NA,28.09361076,86.66333008,0,0,10,NA,192,0,0,0.9663927208688,2000,18,24,"FALSE",269.353265279134,1.10981702612514,0,0,0,0,0.87774323762291,0.73855210594553,0.583761282802391,0.0273260308763646,-0.877194517542477,100,0,0,0,0,0,NA,NA,NA,NA,NA,1.06302163661826,0.300012195752325,1,0,0.04,0,0.382649663392917,-0.0102355100907183,-0.163517609881514,0.0489524814381769,-0.042629817638804
"371",371,2898,"Cho Oyu","CHOY","Khumbu Himal (NW of Everest on Tibetan border)",8188,12,2,2005,"CHOY05106",1,"NW side",NA,NA,NA,TRUE,FALSE,FALSE,FALSE,"2005-04-20","2005-05-03",915,13,17,"2005-05-07",0,8188,3,2,2,0,0,0,FALSE,TRUE,NA,28.09361076,86.66333008,0,0,64,NA,186,0,0,0,2000,13,17,"FALSE",262.898377595124,1.57658648023664,0,0,0,0,0.596764521215677,0.273164812044542,-0.29290478488182,-0.789403716419883,0.601434166047655,100,0,0,0,0,0,NA,NA,NA,NA,NA,1.10401834960748,0.19264350467169,0,0,0,0,0.457346640526684,0.282266055722541,-0.0418650993790256,-0.213737191297542,-0.4366929332141
"372",372,2899,"Cho Oyu","CHOY","Khumbu Himal (NW of Everest on Tibetan border)",8188,12,2,2014,"CHOY14314",3,"NW side",NA,NA,NA,TRUE,FALSE,FALSE,FALSE,"2014-09-17","2014-10-04",830,17,19,"2014-10-06",1,8188,3,4,3,0,1,1,TRUE,FALSE,NA,28.09361076,86.66333008,0,0,100,NA,161,0,0,1,2010,17,19,"FALSE",268.316697820028,2.37161401286614,0,0,0,0,0.872383858926466,0.763795911103974,0.730645236150735,0.648533349313021,-0.171193817720291,100,0,0,0,0,0,NA,NA,NA,NA,NA,0.931301435823373,0.300824593581247,1,0,0.05,0,0.442494537519466,-0.0385547548000812,-0.0243148015704575,0.221618386342352,-0.0363370770649364
"373",373,2900,"Cho Oyu","CHOY","Khumbu Himal (NW of Everest on Tibetan border)",8188,12,2,2006,"CHOY06348",3,"NW side",NA,NA,NA,FALSE,FALSE,FALSE,FALSE,"2006-09-11","2006-10-04",NA,23,26,"2006-10-07",1,8000,3,3,0,0,0,0,FALSE,TRUE,NA,28.09361076,86.66333008,1,0,100,313,191,0,NA,1,2000,23,26,"FALSE",268.867561575807,1.78048388561116,0,0,0,0,0.869531447304697,0.673472634702117,0.498568050784753,0.305053811090438,0.283140633594358,100,0,0,0,0,0,NA,NA,NA,NA,NA,1.01013269728346,0.285704427053789,0,0,0,0,0.664368631784647,0.220865363982165,0.0374309536079037,-0.58733358225488,0.502656837112631
"374",374,2907,"Cho Oyu","CHOY","Khumbu Himal (NW of Everest on Tibetan border)",8188,12,2,2010,"CHOY10341",3,"NW side",NA,NA,NA,FALSE,FALSE,FALSE,FALSE,"2010-09-09","2010-09-21",NA,12,22,"2010-10-01",5,7100,2,5,0,0,1,0,FALSE,TRUE,NA,28.09361076,86.66333008,1,1,NA,252,10,0,NA,0.887877898444379,2010,12,22,"FALSE",270.302893541861,1.5683334827638,0,2,0,0.0869565217391304,0.895987092851224,0.729676113666774,0.552774790507068,0.297282966738202,0.444047819747798,100,0,0,0,0,0,NA,NA,NA,NA,NA,1.01830660216861,0.142075914793166,0,0,0,0,0.304651526120978,-0.368635679370778,-0.24557656132926,-0.45586858346053,0.152604472524464
"375",375,2908,"Cho Oyu","CHOY","Khumbu Himal (NW of Everest on Tibetan border)",8188,12,2,2007,"CHOY07316",3,"NW side",NA,NA,NA,TRUE,FALSE,FALSE,FALSE,"2007-09-08","2007-10-04",600,26,29,"2007-10-07",5,8188,3,14,4,0,3,0,FALSE,TRUE,NA,28.09361076,86.66333008,0,0,100,221,191,0,0,0.939242735544467,2000,26,29,"FALSE",270.218384679159,1.01916474113648,0,2,0,0.0666666666666667,0.921839377939864,0.830353241318054,0.73244287716048,0.68728727740218,0.539636525911156,100,0,0,0,0,0,NA,NA,NA,NA,NA,1.03261058365335,0.283673195440722,3,0,0.1,0,0.708950555632716,0.425164990414462,0.264692713798894,0.0483106239136016,-0.143072560099353
"376",376,2910,"Cho Oyu","CHOY","Khumbu Himal (NW of Everest on Tibetan border)",8188,12,2,2007,"CHOY07317",3,"NW side",NA,NA,NA,FALSE,FALSE,FALSE,FALSE,"2007-09-07","2007-09-22",NA,15,26,"2007-10-03",0,7100,2,4,0,0,0,0,FALSE,TRUE,NA,28.09361076,86.66333008,1,0,NA,190,69,0,NA,0,2000,15,26,"FALSE",270.33486801901,1.03471172877811,0,2,0,0.0740740740740741,0.92660033231221,0.838756601491643,0.760180154555854,0.66989776230862,0.511359955699466,100,0,0,0,0,0,NA,NA,NA,NA,NA,0.989170455737905,0.273243720801919,3,0,0.111111111111111,0,0.690635534791917,0.39281489894224,0.287951403352453,-0.0124380264311445,-0.575616191981298
"377",377,2911,"Cho Oyu","CHOY","Khumbu Himal (NW of Everest on Tibetan border)",8188,12,2,1998,"CHOY98309",3,"NW side",NA,NA,NA,TRUE,FALSE,FALSE,FALSE,"1998-09-08","1998-09-27",1115,19,25,"1998-10-03",1,8188,3,2,1,0,0,0,FALSE,TRUE,NA,28.09361076,86.66333008,0,0,NA,221,69,0,0,1,1990,19,25,"FALSE",270.92681650015,0.875541379187074,0,1,0,0.0384615384615385,0.84264183004702,0.638529205173053,0.401741787692787,-0.0824330493157104,-0.596532368699211,100,0,0,0,0,0,NA,NA,NA,NA,NA,0.93586179312891,0.252449216683487,0,0,0,0,0.777774566752255,0.370265046406979,-0.190073062516432,-0.739096557096594,0.728878796645833
"378",378,2912,"Cho Oyu","CHOY","Khumbu Himal (NW of Everest on Tibetan border)",8188,12,2,2003,"CHOY03322",3,"NW side",NA,NA,NA,TRUE,FALSE,FALSE,FALSE,"2003-09-14","2003-10-05",1500,21,25,"2003-10-09",1,8188,3,5,2,0,0,0,TRUE,FALSE,NA,28.09361076,86.66333008,0,0,130,NA,253,0,0,1,2000,21,25,"FALSE",269.430635696802,2.08297979935424,0,1,0,0.0384615384615385,0.943242445785909,0.839857012375904,0.721391986213927,0.557634495642528,0.758959480893589,100,0,0,0,0,0,NA,NA,NA,NA,NA,1.1582948587631,0.332662175275214,1,1,0.0384615384615385,0.0384615384615385,0.620077110529944,0.184428985108921,-0.0159796336959452,-0.0465579246832344,-0.323802806569942
"379",379,2917,"Cho Oyu","CHOY","Khumbu Himal (NW of Everest on Tibetan border)",8188,12,2,2006,"CHOY06301",3,"NW side",NA,NA,NA,TRUE,FALSE,FALSE,FALSE,"2006-09-03","2006-10-01",615,28,30,"2006-10-03",1,8188,3,5,4,0,2,1,FALSE,TRUE,"Schweizer frostbitten hands; Taglinger frostbitten toes",28.09361076,86.66333008,0,0,10,68,69,0,0,1,2000,28,30,"FALSE",269.970454513386,1.97167662088612,0,5,0,0.161290322580645,0.920931375525388,0.792263846012505,0.633582693294031,0.360621577777845,0.518903605348359,100,0,0,0,0,0,NA,NA,NA,NA,NA,0.910085098188267,0.261816421053129,0,0,0,0,0.710486350125015,0.328064975141188,0.0189770285359687,-0.475607995568976,0.290599782498083
"380",380,2923,"Cho Oyu","CHOY","Khumbu Himal (NW of Everest on Tibetan border)",8188,12,2,2008,"CHOY08305",3,"NW side",NA,NA,NA,FALSE,FALSE,FALSE,FALSE,"2008-09-15","2008-10-06",NA,21,25,"2008-10-10",1,7500,3,8,0,0,0,0,FALSE,TRUE,NA,28.09361076,86.66333008,1,0,162,NA,284,0,NA,1,2000,21,25,"FALSE",268.686526420789,1.73911822671768,0,0,0,0,0.856191618344651,0.666922139188846,0.655536065353866,0.713285253171466,0.433998816444234,100,0,0,0,0,0,NA,NA,NA,NA,NA,1.13019448557847,0.374377362630586,2,0,0.0769230769230769,0,0.720287257393788,0.487682294065605,0.225952583865659,-0.244674319644229,-0.712367750157796
"381",381,2925,"Cho Oyu","CHOY","Khumbu Himal (NW of Everest on Tibetan border)",8188,12,2,2007,"CHOY07334",3,"NW side",NA,NA,NA,FALSE,FALSE,FALSE,FALSE,"2007-09-07","2007-10-01",NA,24,28,"2007-10-05",1,6800,1,1,0,0,1,0,TRUE,FALSE,NA,28.09361076,86.66333008,0,0,10,190,130,0,NA,1,2000,24,28,"FALSE",270.271185162424,1.02568591017775,0,2,0,0.0689655172413793,0.921032064808736,0.82332780198113,0.740749002386604,0.680314640089026,0.504401580157625,100,0,0,0,0,0,NA,NA,NA,NA,NA,1.01360833821534,0.279774090649464,3,0,0.103448275862069,0,0.686989598392691,0.378383408634307,0.21690529285187,0.0828703538909598,-0.254931017884806
"382",382,2926,"Cho Oyu","CHOY","Khumbu Himal (NW of Everest on Tibetan border)",8188,12,2,2007,"CHOY07335",3,"NW side",NA,NA,NA,FALSE,FALSE,FALSE,FALSE,"2007-09-02","2007-09-28",NA,26,30,"2007-10-02",8,7400,2,6,0,0,2,0,FALSE,TRUE,NA,28.09361076,86.66333008,1,0,NA,40,41,0,NA,0.909891400058703,2000,26,30,"FALSE",270.718033657279,1.2244108485657,0,5,0,0.161290322580645,0.916156421523177,0.787388567254796,0.645666645809942,0.560293302883587,0.707230449815182,100,0,0,0,0,0,NA,NA,NA,NA,NA,1.00317706244387,0.258950311213287,3,0,0.0967741935483871,0,0.694352874069021,0.397351025944191,0.277738215280326,-0.00691389113175391,-0.596457809982581
"383",383,2928,"Cho Oyu","CHOY","Khumbu Himal (NW of Everest on Tibetan border)",8188,12,2,2007,"CHOY07363",3,"NW side",NA,NA,NA,FALSE,FALSE,FALSE,FALSE,"2007-09-09","2007-10-03",NA,24,28,"2007-10-07",1,7700,2,8,0,0,0,0,FALSE,TRUE,"1st degree frostbite in right toes of Amozarrain, toes of both feet of Barbier and Garrido on 3 Oct at C3",28.09361076,86.66333008,1,0,69,252,191,0,NA,1,2000,24,28,"FALSE",270.198431826186,1.03122404903067,0,2,0,0.0689655172413793,0.923823513142934,0.830918018165088,0.758862191275457,0.738324941826495,0.573120171283056,100,0,0,0,0,0,NA,NA,NA,NA,NA,1.03908037947832,0.286432944537534,3,0,0.103448275862069,0,0.719159045551073,0.439285923452417,0.264640396276141,0.0344506420019431,-0.223907801320893
"384",384,2932,"Cho Oyu","CHOY","Khumbu Himal (NW of Everest on Tibetan border)",8188,12,2,2007,"CHOY07341",3,"NW side",NA,NA,NA,TRUE,FALSE,FALSE,FALSE,"2007-09-16","2007-10-04",800,18,20,"2007-10-06",4,8188,3,2,1,0,1,1,FALSE,TRUE,NA,28.09361076,86.66333008,0,0,100,NA,161,0,0,0.95391840328735,2000,18,20,"FALSE",269.764187161885,0.718912766853251,0,0,0,0,0.844464562519126,0.635836545287281,0.460461286694719,0.375431592243858,0.515962811640687,100,0,0,0,0,0,NA,NA,NA,NA,NA,1.04435910899197,0.324554498193594,3,0,0.142857142857143,0,0.720862928372027,0.40747026206457,0.219734069700896,0.0338879157407615,-0.182757869201034
"385",385,2934,"Cho Oyu","CHOY","Khumbu Himal (NW of Everest on Tibetan border)",8188,12,2,2011,"CHOY11112",1,"NW side",NA,NA,NA,TRUE,FALSE,FALSE,FALSE,"2011-04-13","2011-05-05",1330,22,26,"2011-05-09",1,8188,6,7,2,0,2,2,FALSE,TRUE,"3 cases of altitude sickness",28.09361076,86.66333008,0,0,125,NA,248,0,0,1,2010,22,26,"FALSE",262.978334309142,2.20384544682201,0,0,0,0,0.84170693772891,0.602183888091875,0.462765159522943,0.347010552499932,0.351157632643973,100,0,0,0,0,0,NA,NA,NA,NA,NA,1.01741814300799,0.34159937963999,2,0,0.0740740740740741,0,0.637051346346312,0.177664245424373,-0.0994727857937094,-0.126775599425821,-0.243935105316377
"386",386,2939,"Cho Oyu","CHOY","Khumbu Himal (NW of Everest on Tibetan border)",8188,12,2,2006,"CHOY06358",3,"NW side",NA,NA,NA,TRUE,FALSE,FALSE,FALSE,"2006-09-01","2006-10-02",505,31,34,"2006-10-05",1,8188,3,13,7,0,10,8,TRUE,FALSE,NA,28.09361076,86.66333008,0,0,41,9,130,0,0,1,2000,31,34,"FALSE",269.801743534633,2.02711028033495,0,5,0,0.142857142857143,0.913794663568759,0.76976984317746,0.646559863245768,0.437252852233215,0.515041791622714,100,0,0,0,0,0,NA,NA,NA,NA,NA,0.931862284818704,0.276677769592688,0,0,0,0,0.654343782380433,0.273443517612938,-0.0399905762489247,-0.492168624822465,0.293193442257211
"387",387,2943,"Cho Oyu","CHOY","Khumbu Himal (NW of Everest on Tibetan border)",8188,12,2,2010,"CHOY10304",3,"NW side",NA,NA,NA,FALSE,FALSE,FALSE,FALSE,"2010-09-02","2010-04-03",NA,23,23,"2010-09-02",1,7200,2,4,0,0,0,0,FALSE,TRUE,NA,28.09361076,86.66333008,0,1,NA,40,40,0,NA,1,2010,-152,0,"FALSE",272.719278971354,NA,0,1,0,1,NA,NA,NA,NA,NA,100,NA,0,0,0,0,NA,NA,NA,NA,NA,1.05493172086324,NA,0,0,0,0,NA,NA,NA,NA,NA
"388",388,2944,"Cho Oyu","CHOY","Khumbu Himal (NW of Everest on Tibetan border)",8188,12,2,2010,"CHOY10306",3,"NW side",NA,NA,NA,FALSE,FALSE,FALSE,FALSE,"2010-09-09","2010-09-21",NA,12,31,"2010-10-10",1,7050,2,4,0,0,1,0,FALSE,TRUE,NA,28.09361076,86.66333008,1,1,NA,252,283,0,NA,1,2010,12,31,"FALSE",269.386862277985,2.04896496010008,0,2,0,0.0625,0.932120502358373,0.81713465446547,0.704733659624242,0.565615691176065,0.787000141047548,100,0,0,0,0,0,NA,NA,NA,NA,NA,1.11594412804469,0.226005363482629,0,0,0,0,0.670739775475976,0.236261286440612,0.125112905853301,0.0515274835717724,0.296479602692711
"389",389,2946,"Cho Oyu","CHOY","Khumbu Himal (NW of Everest on Tibetan border)",8188,12,2,2006,"CHOY06368",3,"NW side",NA,NA,NA,TRUE,FALSE,FALSE,FALSE,"2006-09-10","2006-10-07",1015,27,30,"2006-10-10",5,8188,2,9,3,0,1,0,FALSE,TRUE,NA,28.09361076,86.66333008,0,0,191,282,283,0,0,0.807161725858527,2000,27,30,"FALSE",268.768541028423,1.88290924848593,0,1,0,0.032258064516129,0.896135392896602,0.732649016669564,0.58778804849011,0.412309186975994,0.466565860051127,100,0,0,0,0,0,NA,NA,NA,NA,NA,0.986747816120864,0.277586307698872,0,0,0,0,0.52270363394589,0.160247749907521,0.012449821339901,-0.552752031592147,0.514668236886386
"390",390,2949,"Cho Oyu","CHOY","Khumbu Himal (NW of Everest on Tibetan border)",8188,12,2,2004,"CHOY04316",3,"NW side",NA,NA,NA,FALSE,FALSE,FALSE,FALSE,"2004-09-13","2004-10-02",NA,19,24,"2004-10-07",1,7600,2,1,0,0,2,0,FALSE,TRUE,NA,28.09361076,86.66333008,1,0,41,NA,192,0,NA,1,2000,19,24,"FALSE",269.353265279134,1.10981702612514,0,0,0,0,0.87774323762291,0.73855210594553,0.583761282802391,0.0273260308763646,-0.877194517542477,100,0,0,0,0,0,NA,NA,NA,NA,NA,1.06302163661826,0.300012195752325,1,0,0.04,0,0.382649663392917,-0.0102355100907183,-0.163517609881514,0.0489524814381769,-0.042629817638804
"391",391,2951,"Cho Oyu","CHOY","Khumbu Himal (NW of Everest on Tibetan border)",8188,12,2,2018,"CHOY18304",3,"NW side",NA,NA,NA,TRUE,FALSE,FALSE,FALSE,"2018-09-05","2018-09-27",415,22,26,"2018-10-01",1,8188,3,11,6,0,10,10,TRUE,FALSE,NA,28.09361076,86.66333008,0,0,NA,129,10,0,0,1,2010,22,26,"FALSE",270.440366297592,1.10043071931401,0,2,0,0.0740740740740741,0.8575534121435,0.702948911389645,0.57126484988852,0.462814075696605,0.441646513563161,100,0,0,0,0,0,NA,NA,NA,NA,NA,1.11648591257337,0.203669137876431,0,0,0,0,0.634975711640683,0.393376382694154,0.329459880535824,-0.312453511784407,-0.230832262835293
"392",392,2952,"Cho Oyu","CHOY","Khumbu Himal (NW of Everest on Tibetan border)",8188,12,2,2007,"CHOY07319",3,"NW side",NA,NA,NA,TRUE,FALSE,FALSE,FALSE,"2007-09-07","2007-10-02",1553,25,28,"2007-10-05",1,8188,2,3,1,0,0,0,FALSE,TRUE,NA,28.09361076,86.66333008,0,0,41,190,130,0,0,1,2000,25,28,"FALSE",270.271185162424,1.02568591017775,0,2,0,0.0689655172413793,0.921032064808736,0.82332780198113,0.740749002386604,0.680314640089026,0.504401580157625,100,0,0,0,0,0,NA,NA,NA,NA,NA,1.01360833821534,0.279774090649464,3,0,0.103448275862069,0,0.686989598392691,0.378383408634307,0.21690529285187,0.0828703538909598,-0.254931017884806
"393",393,2953,"Cho Oyu","CHOY","Khumbu Himal (NW of Everest on Tibetan border)",8188,12,2,2013,"CHOY13101",1,"NW side",NA,NA,NA,FALSE,FALSE,FALSE,FALSE,"2013-04-19","2013-05-05",NA,16,18,"2013-05-07",1,7400,2,1,0,0,1,0,FALSE,TRUE,NA,28.09361076,86.66333008,0,0,125,NA,186,0,NA,1,2010,16,18,"FALSE",263.124661763509,1.87448286220742,0,0,0,0,0.796796132826956,0.430338196490746,0.0999316374730211,-0.40664587497343,-0.0191184015920898,100,0,0,0,0,0,NA,NA,NA,NA,NA,1.08424971801606,0.29118842464449,0,0,0,0,0.681267805096,0.276024425411287,-0.0168565706550369,-0.0982706604968894,-0.133780394730336
"394",394,2954,"Cho Oyu","CHOY","Khumbu Himal (NW of Everest on Tibetan border)",8188,12,2,2011,"CHOY11328",3,"NW side",NA,NA,NA,TRUE,FALSE,FALSE,FALSE,"2011-10-08","2011-10-12",800,4,6,"2011-10-14",1,8188,2,3,3,0,2,2,TRUE,FALSE,NA,28.09361076,86.66333008,0,0,344,222,NA,0,0,1,2010,4,6,"FALSE",267.182351248605,1.83773475087088,0,0,0,0,0.843523548696934,0.555260950024136,0.165112550416652,1,NA,100,0,0,0,0,0,NA,NA,NA,NA,NA,0.845164427903574,0.353727774842567,1,0,0.142857142857143,0,0.319080940947468,-0.546293542218864,-0.967225971840664,1,NA
"395",395,2955,"Cho Oyu","CHOY","Khumbu Himal (NW of Everest on Tibetan border)",8188,12,2,1996,"CHOY96109",1,"W Ridge/W Face",NA,NA,NA,TRUE,FALSE,FALSE,FALSE,"1996-04-17","1996-05-03",1330,16,23,"1996-05-10",1,8188,0,7,1,0,1,0,FALSE,TRUE,"Kaluza frostbitten toes (very bad on left foot)",28.09361076,86.66333008,0,0,65,NA,279,0,0,1,1990,16,23,"FALSE",264.766943878598,1.77283450492126,0,0,0,0,0.802481383528015,0.554637384130508,0.462404637721652,0.108099290812878,-0.183808827192828,100,0,0,0,0,0,NA,NA,NA,NA,NA,1.11967830302936,0.281616277489515,0,0,0,0,0.513967495987743,0.203658164511624,-0.262483544131912,-0.315277516985322,0.239327537833414
"396",396,2956,"Cho Oyu","CHOY","Khumbu Himal (NW of Everest on Tibetan border)",8188,12,2,2006,"CHOY06302",3,"NW side",NA,NA,NA,TRUE,FALSE,FALSE,FALSE,"2006-09-03","2006-09-30",855,27,29,"2006-10-02",1,8188,3,1,1,0,1,1,TRUE,FALSE,NA,28.09361076,86.66333008,0,0,NA,68,41,0,0,1,2000,27,29,"FALSE",270.003277672662,1.99675008641675,0,5,0,0.166666666666667,0.920363792824183,0.795338844295488,0.633211808990043,0.384256617032415,0.527381725434695,100,0,0,0,0,0,NA,NA,NA,NA,NA,0.895409100305991,0.252990880312694,0,0,0,0,0.750659679658556,0.390225352950055,0.0775603355461958,-0.443104853653596,0.243631688921269
"397",397,2959,"Cho Oyu","CHOY","Khumbu Himal (NW of Everest on Tibetan border)",8188,12,2,2018,"CHOY18312",3,"NW side",NA,NA,NA,TRUE,FALSE,FALSE,FALSE,"2018-09-10","2018-09-28",900,18,22,"2018-10-02",1,8188,2,5,5,0,3,1,TRUE,FALSE,NA,28.09361076,86.66333008,0,0,NA,282,41,0,0,1,2010,18,22,"FALSE",270.031460084777,1.0005035185885,0,1,0,0.0434782608695652,0.809528649956378,0.508551021483376,0.455566627298509,0.275600917634359,0.5557183611108,100,0,0,0,0,0,NA,NA,NA,NA,NA,1.19530753288703,0.178887698670913,0,0,0,0,0.535235736189224,0.027595709946288,0.0803864434672637,-0.142272590667364,-0.238141372912715
"398",398,2961,"Cho Oyu","CHOY","Khumbu Himal (NW of Everest on Tibetan border)",8188,12,2,2007,"CHOY07328",3,"NW side",NA,NA,NA,TRUE,FALSE,FALSE,FALSE,"2007-09-11","2007-10-03",1520,22,24,"2007-10-05",1,8188,2,2,2,0,0,0,FALSE,TRUE,NA,28.09361076,86.66333008,0,0,69,313,130,0,0,1,2000,22,24,"FALSE",270.162997639974,1.06149528299903,0,2,0,0.08,0.93758220896643,0.860497867048247,0.819179207020972,0.848772482940323,0.687659608370443,100,0,0,0,0,0,NA,NA,NA,NA,NA,1.0119441361594,0.298252749373853,3,0,0.12,0,0.705172331526163,0.393580759193946,0.236976959438498,0.0931454815588031,-0.275763051584104
"399",399,2962,"Cho Oyu","CHOY","Khumbu Himal (NW of Everest on Tibetan border)",8188,12,2,2007,"CHOY07329",3,"NW side",NA,NA,NA,FALSE,FALSE,FALSE,FALSE,"2007-09-12","2007-10-05",NA,23,24,"2007-10-06",1,7700,3,4,0,0,0,0,FALSE,TRUE,NA,28.09361076,86.66333008,1,0,130,343,161,0,NA,1,2000,23,24,"FALSE",270.06706817627,0.97938755114384,0,1,0,0.04,0.925082439780724,0.826704013995069,0.747071837402526,0.718893332891396,0.577800969558014,100,0,0,0,0,0,NA,NA,NA,NA,NA,1.02300433220048,0.303240998864014,3,0,0.12,0,0.714308925568939,0.428780043544313,0.247269623743712,0.0704389688533318,-0.191687574572819
"400",400,2970,"Cho Oyu","CHOY","Khumbu Himal (NW of Everest on Tibetan border)",8188,12,2,2006,"CHOY06319",3,"NW side",NA,NA,NA,TRUE,FALSE,FALSE,FALSE,"2006-09-05","2006-10-03",650,28,36,"2006-10-11",1,8188,3,7,6,0,5,4,TRUE,FALSE,"Ikeda & Takegani frostbite",28.09361076,86.66333008,0,0,69,129,314,0,0,1,2000,28,36,"FALSE",269.24919097488,2.18997785597592,0,5,0,0.135135135135135,0.927821441560401,0.816174093034184,0.717288998943426,0.555495051894964,0.649068013334039,100,0,0,0,0,0,NA,NA,NA,NA,NA,0.953782134047503,0.270639275121533,0,0,0,0,0.573465554656114,0.193357565242046,-0.0290941724385418,-0.572946642846947,0.424019810296847
"401",401,2973,"Cho Oyu","CHOY","Khumbu Himal (NW of Everest on Tibetan border)",8188,12,2,2006,"CHOY06321",3,"NW side",NA,NA,NA,FALSE,FALSE,FALSE,FALSE,"2006-09-15","2006-10-05",NA,20,27,"2006-10-12",1,7100,2,3,0,0,0,0,FALSE,TRUE,NA,28.09361076,86.66333008,1,0,130,NA,344,0,NA,1,2000,20,27,"FALSE",268.298851876032,1.69430977510948,0,0,0,0,0.864541798312872,0.678457210296899,0.515798887735088,0.250258349863666,0.146689107822831,100,0,0,0,0,0,NA,NA,NA,NA,NA,0.956455190937119,0.260577526534255,0,0,0,0,0.488040454402786,0.0280555319348526,-0.154755605118865,-0.519496234707524,0.453434915515366
"402",402,2974,"Cho Oyu","CHOY","Khumbu Himal (NW of Everest on Tibetan border)",8188,12,2,2002,"CHOY02113",1,"NW side",NA,NA,NA,FALSE,FALSE,FALSE,FALSE,"2002-04-10","2002-04-23",NA,13,23,"2002-05-03",1,6715,1,1,0,0,0,0,FALSE,TRUE,NA,28.09361076,86.66333008,0,0,NA,277,64,0,NA,1,2000,13,23,"FALSE",262.607034232881,2.4709285962659,0,0,0,0,0.825784360582203,0.470439343103983,0.0696964047084065,-0.386253723978221,-0.146668087017194,100,0,0,0,0,0,NA,NA,NA,NA,NA,1.14290469867065,0.333200983318422,0,2,0,0.0833333333333333,0.488034165596918,0.182927458581738,0.234269375188919,-0.323163622001807,0.134261977179141
"403",403,2977,"Cho Oyu","CHOY","Khumbu Himal (NW of Everest on Tibetan border)",8188,12,2,2006,"CHOY06113",1,"NW side",NA,NA,NA,FALSE,FALSE,FALSE,FALSE,"2006-04-10","2006-04-29",NA,19,22,"2006-05-02",1,7400,2,2,0,0,1,0,FALSE,TRUE,"Both member's altitude sickness",28.09361076,86.66333008,0,0,NA,277,36,0,NA,1,2000,19,22,"FALSE",260.527733982473,2.17548358503161,0,0,0,0,0.829806335892351,0.511845813582203,0.33428768850882,0.482486689922858,-0.513299064648338,100,0,0,0,0,0,NA,NA,NA,NA,NA,1.05979501386423,0.418399007525441,4,1,0.173913043478261,0.0434782608695652,0.649159020335015,0.289292828915568,0.300008999410559,0.290012425028278,-0.348759610207436
"405",405,2982,"Cho Oyu","CHOY","Khumbu Himal (NW of Everest on Tibetan border)",8188,12,2,1999,"CHOY99304",3,"NW side",NA,NA,NA,FALSE,FALSE,FALSE,FALSE,"1999-09-18","1999-10-07",NA,19,22,"1999-10-10",1,7200,2,2,0,0,0,0,FALSE,TRUE,"Nothing",28.09361076,86.66333008,1,0,191,NA,283,0,NA,1,1990,19,22,"FALSE",269.280319822007,1.28629807871458,0,0,0,0,0.937677223500586,0.862421093928013,0.827007018941119,0.802702364163587,0.870313533053803,100,0,0,0,0,0,NA,NA,NA,NA,NA,1.06897171606069,0.392601245386829,2,0,0.0869565217391304,0,0.892665285793717,0.792307067010461,0.763969167146856,0.725086838433399,0.640098218977367
"406",406,2983,"Cho Oyu","CHOY","Khumbu Himal (NW of Everest on Tibetan border)",8188,12,2,2010,"CHOY10346",3,"NW side",NA,NA,NA,FALSE,FALSE,FALSE,FALSE,"2010-09-10","2010-09-23",NA,13,23,"2010-10-03",1,7100,2,1,0,0,1,0,FALSE,TRUE,NA,28.09361076,86.66333008,0,1,NA,282,69,0,NA,1,2010,13,23,"FALSE",270.092334323459,1.65491050963759,0,2,0,0.0833333333333333,0.906862924321393,0.758760747073598,0.585673875065844,0.410711045239065,0.595681389504159,100,0,0,0,0,0,NA,NA,NA,NA,NA,1.05371482969764,0.191476117119077,0,0,0,0,0.533575590491575,-0.0444593100786212,0.02039488289322,-0.551920221249467,0.246482693523576
"407",407,2987,"Cho Oyu","CHOY","Khumbu Himal (NW of Everest on Tibetan border)",8188,12,2,2008,"CHOY08307",3,"NW side",NA,NA,NA,TRUE,FALSE,FALSE,FALSE,"2008-09-12","2008-10-02",815,20,26,"2008-10-08",1,8188,3,14,6,1,3,1,TRUE,FALSE,NA,28.09361076,86.66333008,0,0,41,344,223,0.0714285714285714,0.166666666666667,1,2000,20,26,"FALSE",269.236332128077,1.55640909373744,0,0,0,0,0.844575112687247,0.675893956185995,0.689046636880728,0.770014440644586,0.527271135366086,100,0,0,0,0,0,NA,NA,NA,NA,NA,1.1194592591367,0.356523015611818,2,0,0.0740740740740741,0,0.709562102159075,0.44553941294791,0.126496719499726,-0.0917346480558459,-0.619347790027309
"408",408,2990,"Cho Oyu","CHOY","Khumbu Himal (NW of Everest on Tibetan border)",8188,12,2,2001,"CHOY01327",3,"NW side",NA,NA,NA,TRUE,FALSE,FALSE,FALSE,"2001-10-09","2001-10-16",1200,7,24,"2001-11-02",1,8188,2,8,4,0,2,1,FALSE,TRUE,"Kunga Sherpa slipped at C1 and broke bone in elbow; Lambert chest infection and left 20 Oct",28.09361076,86.66333008,0,0,NA,253,42,0,0,1,2000,7,24,"FALSE",264.025380325317,1.24927205480026,0,0,0,0,0.428384112408735,-0.103476104552322,-0.325103769805954,-0.0727471642622789,-0.00329053029033129,100,0,0,0,0,0,NA,NA,NA,NA,NA,1.13006022865095,0.263588471296763,1,0,0.04,0,0.345627024706727,-0.0424800119472197,-0.139809430596395,0.0103335439110877,-0.37648954223377
"409",409,2991,"Cho Oyu","CHOY","Khumbu Himal (NW of Everest on Tibetan border)",8188,12,2,2001,"CHOY01328",3,"NW side",NA,NA,NA,FALSE,FALSE,FALSE,FALSE,"2001-09-08","2001-10-05",NA,27,32,"2001-10-10",1,7050,2,2,0,0,2,0,TRUE,FALSE,"Berti sick from about 22 Sept and stopped climbing",28.09361076,86.66333008,0,1,130,221,283,0,NA,1,2000,27,32,"FALSE",269.397312973485,1.54421918564614,0,0,0,0,0.945979398251494,0.876309066306244,0.820568824773521,0.679300315960207,0.624271561457007,100,0,0,0,0,0,NA,NA,NA,NA,NA,1.13725757437464,0.228805876872414,0,0,0,0,0.475236478712613,0.154650763533541,-0.030948535971752,0.123702502704712,-0.207948095235806
"410",410,2992,"Cho Oyu","CHOY","Khumbu Himal (NW of Everest on Tibetan border)",8188,12,2,2005,"CHOY05334",3,"NW side",NA,NA,NA,TRUE,FALSE,FALSE,FALSE,"2005-09-20","2005-10-09",1040,19,22,"2005-10-12",1,8188,3,1,1,0,1,1,FALSE,TRUE,NA,28.09361076,86.66333008,0,0,253,NA,344,0,0,1,2000,19,22,"FALSE",268.992910910344,2.18952733375856,0,0,0,0,0.981592106991243,0.968857322418082,0.963140131174337,0.940513369973231,0.943655171947961,100,0,0,0,0,0,NA,NA,NA,NA,NA,1.1906338810986,0.217142875322339,0,0,0,0,0.536840626174818,0.46851632560523,0.080727999883606,-0.387208172201748,-0.110802947279836
"411",411,2996,"Cho Oyu","CHOY","Khumbu Himal (NW of Everest on Tibetan border)",8188,12,2,2001,"CHOY01333",3,"NW side",NA,NA,NA,TRUE,FALSE,FALSE,FALSE,"2001-09-06","2001-09-29",1330,23,30,"2001-10-06",4,8188,3,6,1,0,3,0,FALSE,TRUE,"Lang had to leave the expedition due to torn old wound on lower right leg - swollen muscles at ABC on 13 Sept (came to KTM on 17 Sept)",28.09361076,86.66333008,0,0,NA,160,161,0,0,0.95391840328735,2000,23,30,"FALSE",269.899182391423,1.1410167396368,0,0,0,0,0.922645098673476,0.766864524997621,0.637231896865174,0.472436979014711,0.497148177748569,100,0,0,0,0,0,NA,NA,NA,NA,NA,1.171242803855,0.20318011802237,0,0,0,0,0.301516265104211,-0.0459805723758371,-0.117084596697353,0.00120652239734158,-0.0540216340033664
"412",412,2999,"Cho Oyu","CHOY","Khumbu Himal (NW of Everest on Tibetan border)",8188,12,2,1997,"CHOY97307",3,"NW side",NA,NA,NA,FALSE,FALSE,FALSE,FALSE,"1997-09-01","1997-09-22",NA,21,34,"1997-10-05",7,7000,0,2,0,0,0,0,FALSE,TRUE,NA,28.09361076,86.66333008,0,0,NA,9,130,0,NA,0.95391840328735,1990,21,34,"FALSE",269.287491861979,3.3236484694912,0,5,0,0.142857142857143,0.984282900705613,0.95108265201305,0.919378552800486,0.9019993140716,0.887641348611123,100,0,0,0,0,0,NA,NA,NA,NA,NA,1.17242198936085,0.247154100255165,0,0,0,0,0.599804701367908,0.137636894569203,-0.122963191894182,0.0799218504836044,-0.0787908472226314
"413",413,3000,"Cho Oyu","CHOY","Khumbu Himal (NW of Everest on Tibetan border)",8188,12,2,2005,"CHOY05344",3,"NW side",NA,NA,NA,TRUE,FALSE,FALSE,FALSE,"2005-09-08","2005-09-26",630,18,24,"2005-10-02",5,8188,3,1,1,0,0,0,FALSE,TRUE,NA,28.09361076,86.66333008,0,0,NA,221,41,0,0,0.924567067801585,2000,18,24,"FALSE",270.540213724772,0.57161106360367,0,0,0,0,0.757345778277418,0.469383643943939,0.353146812201992,-0.0197648562939091,-0.71526063916267,100,0,0,0,0,0,NA,NA,NA,NA,NA,1.07325055562423,0.217641770604823,0,0,0,0,0.73649064990205,0.385207317006063,0.230029483518227,-0.242172324780173,0.210624390185543
"414",414,3002,"Cho Oyu","CHOY","Khumbu Himal (NW of Everest on Tibetan border)",8188,12,2,1996,"CHOY96110",1,"W Face/Ridge",NA,NA,NA,TRUE,FALSE,FALSE,FALSE,"1996-04-17","1996-05-02",1330,15,23,"1996-05-10",8,8188,0,7,3,0,2,2,FALSE,TRUE,"Ventins alltitude sickness",28.09361076,86.66333008,0,0,36,NA,279,0,0,0.924567067801585,1990,15,23,"FALSE",264.766943878598,1.77283450492126,0,0,0,0,0.802481383528015,0.554637384130508,0.462404637721652,0.108099290812878,-0.183808827192828,100,0,0,0,0,0,NA,NA,NA,NA,NA,1.11967830302936,0.281616277489515,0,0,0,0,0.513967495987743,0.203658164511624,-0.262483544131912,-0.315277516985322,0.239327537833414
"415",415,3007,"Cho Oyu","CHOY","Khumbu Himal (NW of Everest on Tibetan border)",8188,12,2,2000,"CHOY00319",3,"NW side",NA,NA,NA,TRUE,FALSE,FALSE,FALSE,"2000-10-04","2000-10-09",1200,5,10,"2000-10-14",4,8188,2,1,1,0,0,0,FALSE,TRUE,"Nothing but very hoarse throat",28.09361076,86.66333008,0,0,254,101,NA,0,0,0.961256237158791,2000,5,10,"FALSE",267.162333517364,1.82226760054403,0,0,0,0,0.963165437849325,0.95308262533382,0.937897123890508,0.853593055721195,NA,100,0,0,0,0,0,NA,NA,NA,NA,NA,1.25205382517664,0.491734314786137,1,2,0.0909090909090909,0.181818181818182,0.918887201035733,0.941547639043486,0.908603184600465,0.797145507801028,NA
"416",416,3010,"Cho Oyu","CHOY","Khumbu Himal (NW of Everest on Tibetan border)",8188,12,2,2004,"CHOY04333",3,"NW side",NA,NA,NA,FALSE,FALSE,FALSE,FALSE,"2004-10-05","2004-10-11",NA,6,12,"2004-10-17",4,5900,0,1,0,0,1,0,FALSE,TRUE,NA,28.09361076,86.66333008,1,0,315,131,NA,0,NA,0.89521573231582,2000,6,12,"FALSE",263.344116651095,3.56267025488682,1,0,0.0769230769230769,0,0.899579887600542,0.708881529920517,0.636438441345752,0.631417621852154,-0.859723281560092,100,0,0,0,0,0,NA,NA,NA,NA,NA,0.953696932891454,0.341478174202209,2,0,0.153846153846154,0,0.308407010388985,0.0720420595706317,-0.251170633057559,-0.699669508556285,-0.59740977723857
"417",417,3014,"Cho Oyu","CHOY","Khumbu Himal (NW of Everest on Tibetan border)",8188,12,2,1997,"CHOY97102",1,"NW side",NA,NA,NA,TRUE,FALSE,FALSE,FALSE,"1997-04-09","1997-05-02",NA,23,23,"1997-05-02",1,8188,3,5,2,0,2,2,FALSE,TRUE,"Surchat frostnipped toe",28.09361076,86.66333008,0,0,36,247,NA,0,0,1,1990,23,23,"FALSE",261.855587323507,2.3714316307321,0,0,0,0,0.925667638530619,0.814992579535552,0.671041439977139,0.461682399173353,0.191837326592735,100,0,0,0,0,0,NA,NA,NA,NA,NA,1.0564072253641,0.259486340241211,0,0,0,0,0.414747827187935,0.150969049335077,-0.00206818781223422,-0.427664921334709,-0.121133467680344
"418",418,3015,"Cho Oyu","CHOY","Khumbu Himal (NW of Everest on Tibetan border)",8188,12,2,2014,"CHOY14310",3,"NW side",NA,NA,NA,TRUE,FALSE,FALSE,FALSE,"2014-09-04","2014-09-29",600,25,29,"2014-10-03",1,8188,3,12,9,0,7,6,TRUE,FALSE,NA,28.09361076,86.66333008,0,0,NA,99,69,0,0,1,2010,25,29,"FALSE",269.925822703044,2.43715895744025,0,5,0,0.166666666666667,0.927179484014476,0.862805620405434,0.841357921215752,0.761107705009854,0.490035910284934,100,0,0,0,0,0,NA,NA,NA,NA,NA,1.03917992474044,0.301243661575186,1,0,0.0333333333333333,0,0.489328607040457,-0.0629277079193349,-0.221183276294556,0.0327250643078825,0.144601210962915
"419",419,3016,"Cho Oyu","CHOY","Khumbu Himal (NW of Everest on Tibetan border)",8188,12,2,2007,"CHOY07368",3,"NW side",NA,NA,NA,FALSE,FALSE,FALSE,FALSE,"2007-09-06","2007-09-28",NA,22,28,"2007-10-04",1,7400,2,1,0,0,0,0,FALSE,TRUE,NA,28.09361076,86.66333008,0,0,NA,160,100,0,NA,1,2000,22,28,"FALSE",270.319516938308,1.02299916125173,0,2,0,0.0689655172413793,0.919354979757011,0.8362611343708,0.754804283097478,0.658240126719729,0.480700974247201,100,0,0,0,0,0,NA,NA,NA,NA,NA,1.00736269929752,0.27625443029165,3,0,0.103448275862069,0,0.676309725597872,0.363373176078775,0.223608414629177,0.0981956805372611,-0.372939924358006
"420",420,3020,"Cho Oyu","CHOY","Khumbu Himal (NW of Everest on Tibetan border)",8188,12,2,1987,"CHOY87306",3,"SE Pillar (Polish 1985 rte)",NA,NA,NA,FALSE,FALSE,FALSE,FALSE,"1987-10-10","1987-10-23",NA,13,25,"1987-11-04",1,7400,2,2,0,0,2,0,FALSE,TRUE,"Friedrich acclimatization problem and never reached BC",28.09361076,86.66333008,0,0,NA,283,101,0,NA,1,1980,13,25,"FALSE",261.941606741685,4.36857769894462,5,0,0.192307692307692,0,0.926470708909954,0.837499151462252,0.731691045936195,0.574910591483267,-0.154147192172237,100,0,0,0,0,0,NA,NA,NA,NA,NA,0.973245440975604,0.507782554438249,7,2,0.269230769230769,0.0769230769230769,0.798961596409153,0.57931654138757,0.420975399821902,0.189152442424677,-0.228338342056254
"421",421,3022,"Cho Oyu","CHOY","Khumbu Himal (NW of Everest on Tibetan border)",8188,12,2,2006,"CHOY06349",3,"NW side",NA,NA,NA,TRUE,FALSE,FALSE,FALSE,"2006-09-06","2006-10-02",615,26,29,"2006-10-05",1,8188,3,7,4,0,4,4,TRUE,FALSE,NA,28.09361076,86.66333008,0,0,41,160,130,0,0,1,2000,26,29,"FALSE",269.632103771634,2.14255374565868,0,5,0,0.166666666666667,0.915244694578255,0.779397665893119,0.661143923540805,0.451094253135824,0.611169089909102,100,0,0,0,0,0,NA,NA,NA,NA,NA,0.959128692438564,0.286930800145979,0,0,0,0,0.643734242135323,0.220354506676399,-0.13284328698088,-0.654295901697548,0.608855775101681
"422",422,3024,"Cho Oyu","CHOY","Khumbu Himal (NW of Everest on Tibetan border)",8188,12,2,2004,"CHOY04303",3,"NW side",NA,NA,NA,TRUE,FALSE,FALSE,FALSE,"2004-09-08","2004-09-28",900,20,26,"2004-10-04",1,8188,3,8,4,0,2,2,TRUE,FALSE,NA,28.09361076,86.66333008,0,0,NA,222,101,0,0,1,2000,20,26,"FALSE",269.965367917661,1.23859010363826,0,2,0,0.0740740740740741,0.867010701641093,0.589800416186712,0.24660725870985,-0.372780529834848,-0.313067837079501,100,0,0,0,0,0,NA,NA,NA,NA,NA,1.08077980915779,0.307779577902025,0,1,0,0.037037037037037,0.34451717983239,-0.174103056648801,-0.11891347814932,0.0189780348751549,-0.250425290497256
"423",423,3029,"Cho Oyu","CHOY","Khumbu Himal (NW of Everest on Tibetan border)",8188,12,2,2005,"CHOY05330",3,"NW side",NA,NA,NA,TRUE,FALSE,FALSE,FALSE,"2005-09-04","2005-09-28",1015,24,28,"2005-10-02",1,8188,3,7,5,0,3,3,TRUE,FALSE,NA,28.09361076,86.66333008,0,0,NA,99,41,0,0,1,2000,24,28,"FALSE",270.690303144784,0.66630090075568,0,1,0,0.0344827586206897,0.784526596724946,0.555895453892724,0.400657421868972,-0.0150657535113772,-0.411443481197294,100,0,0,0,0,0,NA,NA,NA,NA,NA,1.03376432499255,0.230093333091834,0,0,0,0,0.730006021032262,0.48960478697823,0.438460879051876,0.0260292420480594,0.19149233497666
"424",424,3031,"Cho Oyu","CHOY","Khumbu Himal (NW of Everest on Tibetan border)",8188,12,2,2003,"CHOY03102",1,"NW side",NA,NA,NA,FALSE,FALSE,FALSE,FALSE,"2003-04-23","2003-05-01",NA,8,19,"2003-05-12",6,6800,1,4,0,0,1,0,FALSE,TRUE,NA,28.09361076,86.66333008,1,0,5,NA,339,0,NA,0.939242735544467,2000,8,19,"FALSE",263.258215427399,2.4908542945529,0,0,0,0,0.879144846138899,0.665637551665295,0.412610285297456,0.0952730018389602,-0.0298957918416097,100,0,0,0,0,0,NA,NA,NA,NA,NA,1.3675412157609,0.376680833540482,0,4,0,0.2,0.782340035534697,0.57357455597041,0.297684429798626,-0.207183421337056,-0.863198730856636
"426",426,3036,"Cho Oyu","CHOY","Khumbu Himal (NW of Everest on Tibetan border)",8188,12,2,2005,"CHOY05125",1,"NW side",NA,NA,NA,FALSE,FALSE,FALSE,FALSE,"2005-04-14","2005-05-04",NA,20,25,"2005-05-09",5,7100,2,1,0,0,2,0,FALSE,TRUE,NA,28.09361076,86.66333008,1,0,95,NA,248,0,NA,0.851188729087173,2000,20,25,"FALSE",262.778311069195,1.97164970275224,0,0,0,0,0.771612294912963,0.492794696807332,0.212663585935752,-0.20918724233828,0.123662895275503,100,0,0,0,0,0,NA,NA,NA,NA,NA,1.15429697632273,0.204510703316938,0,0,0,0,0.399418329997694,0.075683297354855,-0.145606001603718,-0.177592676669124,-0.00197631220896204
"427",427,3041,"Cho Oyu","CHOY","Khumbu Himal (NW of Everest on Tibetan border)",8188,12,2,2005,"CHOY05345",3,"NW side",NA,NA,NA,TRUE,FALSE,FALSE,FALSE,"2005-09-12","2005-10-01",939,19,24,"2005-10-06",1,8188,3,4,1,0,2,1,TRUE,FALSE,"Sonam Sherpa got frostbite; Pasang got infection of leg",28.09361076,86.66333008,0,0,10,343,161,0,0,1,2000,19,24,"FALSE",270.254458821615,0.892951211396516,0,0,0,0,0.9087399577712,0.820710649851038,0.770585160473212,0.514351731502074,-0.412912425605569,100,0,0,0,0,0,NA,NA,NA,NA,NA,1.11784131152162,0.176934767239335,0,0,0,0,0.564250392538321,0.209101486296811,-0.00636005384468067,-0.347488887895565,-0.35303508156445
"428",428,3046,"Cho Oyu","CHOY","Khumbu Himal (NW of Everest on Tibetan border)",8188,12,2,2014,"CHOY14321",3,"NW side",NA,NA,NA,TRUE,FALSE,FALSE,FALSE,"2014-09-18","2014-10-02",730,14,18,"2014-10-06",1,8188,2,6,4,0,4,4,TRUE,FALSE,NA,28.09361076,86.66333008,0,0,41,NA,161,0,0,1,2010,14,18,"FALSE",268.152676900228,2.31712729094895,0,0,0,0,0.858900138581124,0.737910139888173,0.702460434934954,0.619016321919093,-0.150893152825086,100,0,0,0,0,0,NA,NA,NA,NA,NA,0.950677342028013,0.29596842026433,1,0,0.0526315789473684,0,0.389774597675402,-0.0558025382690398,0.0817570823577286,0.270492428042293,-0.311941052404845
"429",429,3048,"Cho Oyu","CHOY","Khumbu Himal (NW of Everest on Tibetan border)",8188,12,2,2014,"CHOY14323",3,"NW side",NA,NA,NA,TRUE,FALSE,FALSE,FALSE,"2014-09-11","2014-10-02",616,21,25,"2014-10-06",1,8188,3,2,1,0,2,2,TRUE,FALSE,NA,28.09361076,86.66333008,0,0,41,313,161,0,0,1,2010,21,25,"FALSE",268.970952840952,2.40039349850259,0,0,0,0,0.905234649362347,0.823563339380245,0.790878531649849,0.687610694811951,0.189777042733347,100,0,0,0,0,0,NA,NA,NA,NA,NA,1.01418279994865,0.332829088572263,1,0,0.0384615384615385,0,0.53474882772359,0.0382493144873275,-0.16330517733337,0.090352454191597,0.139803220813924
"431",431,3051,"Cho Oyu","CHOY","Khumbu Himal (NW of Everest on Tibetan border)",8188,12,2,2010,"CHOY10338",3,"NW side",NA,NA,NA,FALSE,FALSE,FALSE,FALSE,"2010-09-12","2010-09-30",NA,18,23,"2010-10-05",1,6800,1,1,0,0,0,0,FALSE,TRUE,NA,28.09361076,86.66333008,1,0,NA,343,130,0,NA,1,2010,18,23,"FALSE",269.62061129676,1.8783366563449,0,1,0,0.0416666666666667,0.922570099005656,0.764885245268683,0.574264400659244,0.380806557511085,0.806323697190004,100,0,0,0,0,0,NA,NA,NA,NA,NA,1.09457296880472,0.21583342620873,0,0,0,0,0.650477040965111,0.232045983732549,0.155889594154641,-0.379955447093618,0.243948087295594
"432",432,3053,"Cho Oyu","CHOY","Khumbu Himal (NW of Everest on Tibetan border)",8188,12,2,2000,"CHOY00330",3,"NW side",NA,NA,NA,TRUE,FALSE,FALSE,FALSE,"2000-09-05","2000-10-01",1200,26,29,"2000-10-04",1,8188,3,4,1,0,1,0,FALSE,TRUE,NA,28.09361076,86.66333008,0,0,10,130,101,0,0,1,2000,26,29,"FALSE",268.291784074571,3.19079907347183,0,2,0,0.0666666666666667,0.958690142427063,0.874417999164483,0.780332893733963,0.632322222928316,0.158274320331339,100,0,0,0,0,0,NA,NA,NA,NA,NA,0.906992007362273,0.26141503105963,3,0,0.1,0,0.775137308057876,0.573928281210343,0.463120911791664,-0.0787742541859967,-0.489049886802116
"433",433,3063,"Cho Oyu","CHOY","Khumbu Himal (NW of Everest on Tibetan border)",8188,12,2,2007,"CHOY07369",3,"NW side",NA,NA,NA,TRUE,FALSE,FALSE,FALSE,"2007-10-03","2007-10-10",730,7,9,"2007-10-12",1,8188,3,1,1,0,0,0,TRUE,FALSE,NA,28.09361076,86.66333008,0,0,283,69,344,0,0,1,2000,7,9,"FALSE",269.350175730387,0.370598026593036,0,0,0,0,0.290337004509084,-0.10507653724777,-0.415946808034904,-0.606618765519744,NA,100,0,0,0,0,0,NA,NA,NA,NA,NA,1.32216456222702,0.115694382260891,0,0,0,0,-0.103914313519742,0.186215926370973,0.127451936196875,0.192320885753444,NA
"434",434,3065,"Cho Oyu","CHOY","Khumbu Himal (NW of Everest on Tibetan border)",8188,12,2,1997,"CHOY97314",3,"NW side",NA,NA,NA,FALSE,FALSE,FALSE,FALSE,"1997-09-08","1997-09-21",NA,13,29,"1997-10-07",1,7500,3,7,0,0,1,0,FALSE,TRUE,NA,28.09361076,86.66333008,1,0,NA,221,191,0,NA,1,1990,13,29,"FALSE",268.164520729913,3.41113390563466,0,0,0,0,0.98432532479553,0.948937423921069,0.911301226666969,0.858141863951916,0.857276147100194,100,0,0,0,0,0,NA,NA,NA,NA,NA,1.22313978013757,0.252955657212312,0,0,0,0,0.558639871256765,0.0627497054271814,-0.20031639265073,0.0788349185681139,-0.171511009623541
"435",435,3067,"Cho Oyu","CHOY","Khumbu Himal (NW of Everest on Tibetan border)",8188,12,2,1999,"CHOY99303",3,"NW side",NA,NA,NA,TRUE,FALSE,FALSE,FALSE,"1999-09-06","1999-09-28",NA,22,31,"1999-10-07",1,8188,2,11,3,0,0,0,FALSE,TRUE,"Zver cerebral edema; Kokakj 4 toes frostbitten but will heal",28.09361076,86.66333008,0,0,NA,160,191,0,0,1,1990,22,31,"FALSE",270.350432197253,1.2104097222094,0,3,0,0.09375,0.955504608799279,0.932273798217171,0.922733466172991,0.899306154700603,0.846951043295508,100,0,0,0,0,0,NA,NA,NA,NA,NA,0.982495685807751,0.316128113392637,2,0,0.0625,0,0.838122091046108,0.637116700609833,0.528400134197392,0.270774710330977,-0.265278493127128
"436",436,3069,"Cho Oyu","CHOY","Khumbu Himal (NW of Everest on Tibetan border)",8188,12,2,2004,"CHOY04346",3,"NW side",NA,NA,NA,TRUE,FALSE,FALSE,FALSE,"2004-09-09","2004-09-26",915,17,22,"2004-10-01",1,8188,3,2,2,0,0,0,FALSE,TRUE,NA,28.09361076,86.66333008,0,0,NA,253,10,0,0,1,2000,17,22,"FALSE",270.020786451257,0.930572690814141,0,1,0,0.0434782608695652,0.760740052100866,0.403738773689372,0.0170788031895662,-0.436476510196459,-0.401642370152595,100,0,0,0,0,0,NA,NA,NA,NA,NA,1.08991841519281,0.317800955923645,0,1,0,0.0434782608695652,0.314562745879156,-0.212035829939907,-0.217374776257233,0.214385213846671,-0.263312290840716
"437",437,3070,"Cho Oyu","CHOY","Khumbu Himal (NW of Everest on Tibetan border)",8188,12,2,1999,"CHOY99306",3,"NW side",NA,NA,NA,TRUE,FALSE,FALSE,FALSE,"1999-09-02","1999-09-28",945,26,31,"1999-10-03",1,8188,2,4,4,0,0,0,FALSE,TRUE,"Slight frostbite by Okuda on Cho Oyu",28.09361076,86.66333008,0,0,NA,40,69,0,0,1,1990,26,31,"FALSE",270.793314655622,1.13780089937698,0,7,0,0.21875,0.968832794587295,0.938870451706074,0.923362816815174,0.888173291577958,0.835739534122783,100,0,0,0,0,0,NA,NA,NA,NA,NA,0.920547798043225,0.249796443312998,2,0,0.0625,0,0.697068768507548,0.346831613707243,0.175597711499993,0.00680760802788197,-0.520334276649925
"438",438,3074,"Cho Oyu","CHOY","Khumbu Himal (NW of Everest on Tibetan border)",8188,12,2,1996,"CHOY96101",1,"W side (normal rte)",NA,NA,NA,TRUE,FALSE,FALSE,FALSE,"1996-04-05","1996-05-08",NA,33,33,"1996-05-08",1,8188,3,8,8,0,4,3,TRUE,FALSE,"Nothing except sirdar Sange pleaded sick and left after C1 established",28.09361076,86.66333008,0,0,218,125,NA,0,0,1,1990,33,33,"FALSE",262.664062462601,3.46557652487422,0,0,0,0,0.94970898494443,0.875245151067481,0.804138743494314,0.623727466054174,0.577379018089898,100,0,0,0,0,0,NA,NA,NA,NA,NA,1.02435372637664,0.275885587817098,2,0,0.0588235294117647,0,0.593847608068976,0.332352868860574,0.0345233740662595,-0.186324279366961,-0.227406072032059
"439",439,3077,"Cho Oyu","CHOY","Khumbu Himal (NW of Everest on Tibetan border)",8188,12,2,1994,"CHOY94309",3,"W side from N (Tichy rte)",NA,NA,NA,TRUE,FALSE,FALSE,FALSE,"1994-09-18","1994-10-06",NA,18,22,"1994-10-10",1,8188,3,5,3,0,0,0,TRUE,FALSE,"Nothing",28.09361076,86.66333008,0,0,161,NA,283,0,0,1,1990,18,22,"FALSE",269.097262119901,1.90945375710898,0,0,0,0,0.944293414916614,0.841777773841791,0.732741862469176,0.506246535306867,0.364653233460569,100,0,0,0,0,0,NA,NA,NA,NA,NA,1.22905741812615,0.294743280192626,0,0,0,0,0.83112311513373,0.712326037975795,0.576755006473257,0.242187272991088,-0.74490345252361
"440",440,3085,"Cho Oyu","CHOY","Khumbu Himal (NW of Everest on Tibetan border)",8188,12,2,2002,"CHOY02117",1,"NW side",NA,NA,NA,TRUE,FALSE,FALSE,FALSE,"2002-04-11","2002-05-05",1800,24,28,"2002-05-09",1,8188,2,5,2,0,1,0,FALSE,TRUE,"Lima respiratory problem and left 30 April",28.09361076,86.66333008,0,0,125,308,248,0,0,1,2000,24,28,"FALSE",263.173313513569,2.44216101048842,0,0,0,0,0.822298547098989,0.460116683032986,0.0810807228295937,-0.26283176652807,-0.41710827730902,100,0,0,0,0,0,NA,NA,NA,NA,NA,1.06075139062369,0.332353074265527,0,2,0,0.0689655172413793,0.568333658622078,0.319194816976476,0.367525691540395,-0.252996819724822,-0.334424233752342
"441",441,3086,"Cho Oyu","CHOY","Khumbu Himal (NW of Everest on Tibetan border)",8188,12,2,2002,"CHOY02121",1,"NW side",NA,NA,NA,TRUE,FALSE,FALSE,FALSE,"2002-04-15","2002-05-04",1330,19,23,"2002-05-08",1,8188,3,7,3,0,3,0,FALSE,TRUE,"Schlattinger altitude sickness in lung (HAPE)",28.09361076,86.66333008,0,0,95,NA,217,0,0,1,2000,19,23,"FALSE",263.257797161738,2.17289330215211,0,0,0,0,0.829805273618953,0.537776493912064,0.226674716824328,-0.0730656912669471,-0.418418098318125,100,0,0,0,0,0,NA,NA,NA,NA,NA,1.09944107567744,0.349754275516744,0,2,0,0.0833333333333333,0.528283786579338,0.252579460356032,0.350123554984734,-0.341301687457772,-0.449844222308389
"442",442,3088,"Cho Oyu","CHOY","Khumbu Himal (NW of Everest on Tibetan border)",8188,12,2,2002,"CHOY02120",1,"NW side",NA,NA,NA,TRUE,FALSE,FALSE,FALSE,"2002-04-11","2002-05-05",1800,24,28,"2002-05-09",1,8188,2,10,1,0,0,0,TRUE,FALSE,"Escalano serious pulmonary edema and used oxygen in ABC when sick (left ABC 21 Apr)",28.09361076,86.66333008,0,0,125,308,248,0,0,1,2000,24,28,"FALSE",263.173313513569,2.44216101048842,0,0,0,0,0.822298547098989,0.460116683032986,0.0810807228295937,-0.26283176652807,-0.41710827730902,100,0,0,0,0,0,NA,NA,NA,NA,NA,1.06075139062369,0.332353074265527,0,2,0,0.0689655172413793,0.568333658622078,0.319194816976476,0.367525691540395,-0.252996819724822,-0.334424233752342
"443",443,3091,"Cho Oyu","CHOY","Khumbu Himal (NW of Everest on Tibetan border)",8188,12,2,2012,"CHOY12114",1,"NW side",NA,NA,NA,TRUE,FALSE,FALSE,FALSE,"2012-04-16","2012-05-07",1400,21,25,"2012-05-11",1,8188,0,1,1,0,1,1,TRUE,FALSE,"Frostbite left-hand fingers except thumb of Norieka",28.09361076,86.66333008,0,0,187,NA,310,0,0,1,2010,21,25,"FALSE",261.768243545141,2.2502558052931,0,0,0,0,0.863754929077363,0.648075319024965,0.385154827057858,-0.202202269415112,-0.726242231899296,100,0,0,0,0,0,NA,NA,NA,NA,NA,1.3131879344043,0.30413717614619,0,0,0,0,0.747965947952488,0.423278479940327,0.195171999727455,0.0272853332683132,-0.509240739335241
"444",444,3093,"Cho Oyu","CHOY","Khumbu Himal (NW of Everest on Tibetan border)",8188,12,2,2010,"CHOY10339",3,"NW side",NA,NA,NA,FALSE,FALSE,FALSE,FALSE,"2010-09-12","2010-09-30",NA,18,24,"2010-10-06",0,6800,1,5,0,0,1,0,FALSE,TRUE,"Sanchez got AMS (vomiting at around 6600m while trying to get to C2)",28.09361076,86.66333008,1,1,NA,343,161,0,NA,0,2010,18,24,"FALSE",269.469896850586,1.98721249751134,0,1,0,0.04,0.934054331642296,0.801189395714067,0.62465995631728,0.414704106694394,0.848357451945133,100,0,0,0,0,0,NA,NA,NA,NA,NA,1.09291752526737,0.211451122895478,0,0,0,0,0.621087599544316,0.180301908611643,0.0912306864866384,-0.38400025466824,0.153986105894625
"445",445,3094,"Cho Oyu","CHOY","Khumbu Himal (NW of Everest on Tibetan border)",8188,12,2,2011,"CHOY11333",3,"NW side",NA,NA,NA,FALSE,FALSE,FALSE,FALSE,"2011-09-03","2011-10-01",NA,28,31,"2011-10-04",1,8050,2,1,0,0,0,0,FALSE,TRUE,NA,28.09361076,86.66333008,0,0,10,68,100,0,NA,1,2010,28,31,"FALSE",270.030435005824,2.36097964328793,0,5,0,0.15625,0.957417140015529,0.87717532762278,0.812545524254986,0.826153577157843,0.639163660431283,100,0,0,0,0,0,NA,NA,NA,NA,NA,0.935570402505099,0.250901685664428,3,0,0.09375,0,0.399746610319674,-0.134934093515417,-0.257573520482335,0.320352652956507,0.00683405552949107
"446",446,3097,"Cho Oyu","CHOY","Khumbu Himal (NW of Everest on Tibetan border)",8188,12,2,2006,"CHOY06344",3,"NW side",NA,NA,NA,TRUE,FALSE,FALSE,FALSE,"2006-09-17","2006-10-06",1315,19,24,"2006-10-11",14,8188,3,4,3,0,0,0,FALSE,TRUE,NA,28.09361076,86.66333008,0,0,161,NA,314,0,0,0,2000,19,24,"FALSE",268.225018463135,1.72815882852069,0,0,0,0,0.870270733410629,0.654254167597119,0.465212403834493,0.151715291511813,0.098055229247371,100,0,0,0,0,0,NA,NA,NA,NA,NA,0.925753334984656,0.255115935950538,0,0,0,0,0.49793329524709,0.134816265899877,-0.0311042039889981,-0.57703602729835,0.635146858054621
"447",447,3098,"Cho Oyu","CHOY","Khumbu Himal (NW of Everest on Tibetan border)",8188,12,2,2005,"CHOY05320",3,"NW side",NA,NA,NA,FALSE,FALSE,FALSE,FALSE,"2005-09-13","2005-10-04",NA,21,24,"2005-10-07",1,7900,3,1,0,0,0,0,FALSE,TRUE,"Watanabe suffered from stomach problem and vomiting beginning from Oct 6",28.09361076,86.66333008,0,0,100,NA,191,0,NA,1,2000,21,24,"FALSE",270.134939371745,1.02516268260961,0,0,0,0,0.899719746163119,0.861277605669283,0.828808857921381,0.648712773453008,-0.24340408560246,100,0,0,0,0,0,NA,NA,NA,NA,NA,1.13310136310831,0.177883851785278,0,0,0,0,0.405724418117741,0.225967351692944,-0.0315278090341711,-0.338776716027024,-0.32865919857508
"448",448,3100,"Cho Oyu","CHOY","Khumbu Himal (NW of Everest on Tibetan border)",8188,12,2,2006,"CHOY06112",1,"NW side",NA,NA,NA,TRUE,FALSE,FALSE,FALSE,"2006-04-15","2006-05-08",1300,23,26,"2006-05-11",8,8188,3,2,1,0,0,0,FALSE,TRUE,NA,28.09361076,86.66333008,0,0,217,NA,309,0,0,0.880540064572938,2000,23,26,"FALSE",262.419363893109,3.18183093001042,0,0,0,0,0.924700896014648,0.796700304255391,0.745049171081842,0.801978155523435,0.562075870933471,100,0,0,0,0,0,NA,NA,NA,NA,NA,0.948434475222106,0.322629958118368,4,0,0.148148148148148,0,0.51374966680382,-0.0771205523000384,-0.165046353937063,-0.284518260890874,-0.283767224402471
"449",449,3101,"Cho Oyu","CHOY","Khumbu Himal (NW of Everest on Tibetan border)",8188,12,2,2013,"CHOY13320",3,"NW side",NA,NA,NA,TRUE,FALSE,FALSE,FALSE,"2013-09-05","2013-10-01",NA,26,30,"2013-10-05",1,8188,3,14,9,0,7,5,TRUE,FALSE,NA,28.09361076,86.66333008,0,0,10,129,130,0,0,1,2010,26,30,"FALSE",269.990619946552,0.800852387344745,0,0,0,0,0.763568516626996,0.44700272514047,0.250303182976806,0.114269697121122,-0.837075998069109,100,0,0,0,0,0,NA,NA,NA,NA,NA,1.08111072732715,0.260922017588724,2,0,0.0645161290322581,0,0.456451508605792,-0.199932670352118,-0.182051038670967,-0.223331946201899,0.121361732430628
"450",450,3102,"Cho Oyu","CHOY","Khumbu Himal (NW of Everest on Tibetan border)",8188,12,2,2011,"CHOY11324",3,"NW side",NA,NA,NA,TRUE,FALSE,FALSE,FALSE,"2011-09-21","2011-10-02",915,11,14,"2011-10-05",1,8188,2,2,1,0,3,1,TRUE,FALSE,NA,28.09361076,86.66333008,0,0,41,NA,130,0,0,1,2010,11,14,"FALSE",267.761933898926,2.0687951448885,0,0,0,0,0.889118410092145,0.714495353814456,0.526580963837016,0.656591702700929,-0.771664369381517,100,0,0,0,0,0,NA,NA,NA,NA,NA,0.859861534581076,0.280547190845685,3,0,0.2,0,0.518263947566167,0.271705532379089,-0.045219074615228,0.189263439778216,-0.520135252291912
"451",451,3104,"Cho Oyu","CHOY","Khumbu Himal (NW of Everest on Tibetan border)",8188,12,2,1997,"CHOY97309",3,"NW side",NA,NA,NA,TRUE,FALSE,FALSE,FALSE,"1997-09-06","1997-09-26",1130,20,25,"1997-10-01",1,8188,3,8,6,0,0,0,FALSE,TRUE,"Jewell frostbitten nose and fingers but will heal",28.09361076,86.66333008,0,0,NA,160,10,0,0,1,1990,20,25,"FALSE",269.588660117907,2.61029354766217,0,1,0,0.0384615384615385,0.978379384427662,0.930326242604862,0.893849049840209,0.920016353089567,0.872033853440336,100,0,0,0,0,0,NA,NA,NA,NA,NA,1.2023462269617,0.276978211401071,0,0,0,0,0.593825878205383,0.0854719440972194,-0.212725431545809,0.148205591375403,-0.126891177237723
"452",452,3105,"Cho Oyu","CHOY","Khumbu Himal (NW of Everest on Tibetan border)",8188,12,2,2006,"CHOY06363",3,"NW side",NA,NA,NA,TRUE,FALSE,FALSE,FALSE,"2006-09-11","2006-10-01",700,20,22,"2006-10-03",1,8188,3,6,3,0,6,3,TRUE,FALSE,NA,28.09361076,86.66333008,0,0,10,313,69,0,0,1,2000,20,22,"FALSE",269.230239812879,1.67277486341856,0,0,0,0,0.871876754776147,0.688282882257806,0.476572210326179,0.141223959233937,-0.0205622249115178,100,0,0,0,0,0,NA,NA,NA,NA,NA,0.977233530217725,0.272536399161662,0,0,0,0,0.753205059043916,0.366496826825959,0.0614892300907808,-0.545839663147958,0.700192196900108
"453",453,3108,"Cho Oyu","CHOY","Khumbu Himal (NW of Everest on Tibetan border)",8188,12,2,2014,"CHOY14318",3,"NW side",NA,NA,NA,TRUE,FALSE,FALSE,FALSE,"2014-09-05","2014-09-29",715,24,28,"2014-10-03",1,8188,0,3,2,0,3,1,TRUE,FALSE,NA,28.09361076,86.66333008,0,0,NA,129,69,0,0,1,2010,24,28,"FALSE",269.864266318836,2.45644906166263,0,5,0,0.172413793103448,0.926225049599411,0.861378700656579,0.840743913288812,0.760483078238551,0.486542566941446,100,0,0,0,0,0,NA,NA,NA,NA,NA,1.03837758223864,0.306543197841504,1,0,0.0344827586206897,0,0.49083038441833,-0.0631363224536346,-0.221063700740208,0.0323832469374143,0.160918345200399
"454",454,3110,"Cho Oyu","CHOY","Khumbu Himal (NW of Everest on Tibetan border)",8188,12,2,2002,"CHOY02312",3,"NW side",NA,NA,NA,TRUE,FALSE,FALSE,FALSE,"2002-09-18","2002-10-05",935,17,21,"2002-10-09",1,8188,2,10,1,0,1,0,FALSE,TRUE,NA,28.09361076,86.66333008,0,0,130,NA,253,0,0,1,2000,17,21,"FALSE",267.699759454438,1.46228074137387,0,0,0,0,0.731436698150141,0.399867716836874,0.119913413869019,-0.26048798152007,0.86919954733286,100,0,0,0,0,0,NA,NA,NA,NA,NA,1.19780279045743,0.20710527485325,0,0,0,0,0.596360957419596,0.241232986590184,0.0636896333566844,-0.0737546425582409,-0.506892880302425
"455",455,3112,"Cho Oyu","CHOY","Khumbu Himal (NW of Everest on Tibetan border)",8188,12,2,2011,"CHOY11304",3,"NW side",NA,NA,NA,TRUE,FALSE,FALSE,FALSE,"2011-09-16","2011-10-04",1000,18,20,"2011-10-06",1,8188,3,1,1,0,2,2,TRUE,FALSE,NA,28.09361076,86.66333008,0,0,100,NA,161,0,0,1,2010,18,20,"FALSE",268.497358170767,2.39920634468185,0,1,0,0.0476190476190476,0.934273294958707,0.822026736056711,0.740259699085374,0.802606087336824,0.460614017206214,100,0,0,0,0,0,NA,NA,NA,NA,NA,0.901355334158917,0.265868547155733,3,0,0.142857142857143,0,0.4903945687946,0.19069952030666,0.0331048019412799,0.217058782826592,-0.108303375150937
"456",456,3114,"Cho Oyu","CHOY","Khumbu Himal (NW of Everest on Tibetan border)",8188,12,2,2002,"CHOY02318",3,"NW side",NA,NA,NA,FALSE,FALSE,FALSE,FALSE,"2002-09-02","2002-09-28",NA,26,30,"2002-10-02",1,7550,2,3,0,0,0,0,FALSE,TRUE,NA,28.09361076,86.66333008,1,0,NA,40,41,0,NA,1,2000,26,30,"FALSE",269.263696855114,1.53376741061075,0,0,0,0,0.843278235479887,0.657701126716641,0.570910978538319,0.283099207682102,0.845113364435635,100,0,0,0,0,0,NA,NA,NA,NA,NA,1.20195325860842,0.181953495590023,0,0,0,0,0.700315232764359,0.426408732557311,0.178686998136972,-0.156984647807835,-0.517425219420265
"458",458,3120,"Cho Oyu","CHOY","Khumbu Himal (NW of Everest on Tibetan border)",8188,12,2,1998,"CHOY98315",3,"NW side",NA,NA,NA,FALSE,FALSE,FALSE,FALSE,"1998-09-05","1998-09-28",NA,23,30,"1998-10-05",1,8000,3,13,0,0,10,0,TRUE,FALSE,"Nothing serious",28.09361076,86.66333008,1,0,NA,129,130,0,NA,1,1990,23,30,"FALSE",270.817587575605,0.999486831879289,0,2,0,0.0645161290322581,0.877247648039167,0.688853274108075,0.5041253061555,0.143981979079062,-0.606902334035861,100,0,0,0,0,0,NA,NA,NA,NA,NA,0.893879643741149,0.273603473756499,2,0,0.0645161290322581,0,0.771176231403652,0.413226226585773,-0.00288571343473315,-0.517165650208248,0.687195224094827
"459",459,3126,"Cho Oyu","CHOY","Khumbu Himal (NW of Everest on Tibetan border)",8188,12,2,2004,"CHOY04329",3,"NW side",NA,NA,NA,TRUE,FALSE,FALSE,FALSE,"2004-09-08","2004-09-29",1015,21,27,"2004-10-05",1,8188,3,2,1,0,0,0,FALSE,TRUE,"Only very slight frostnip to Grunert's toes",28.09361076,86.66333008,0,0,NA,222,131,0,0,1,2000,21,27,"FALSE",269.890683401199,1.27807060862505,0,2,0,0.0714285714285714,0.883101542515506,0.628789574958401,0.311075238857163,-0.323611592293483,-0.323445519872511,100,0,0,0,0,0,NA,NA,NA,NA,NA,1.07995391907945,0.302057797160969,0,1,0,0.0357142857142857,0.339952769947809,-0.17592217568886,-0.118907812628278,0.0276923263558827,-0.256848998845352
"460",460,3129,"Cho Oyu","CHOY","Khumbu Himal (NW of Everest on Tibetan border)",8188,12,2,2014,"CHOY14305",3,"NW side",NA,NA,NA,TRUE,FALSE,FALSE,FALSE,"2014-09-05","2014-09-29",654,24,27,"2014-10-02",1,8188,3,6,5,0,4,4,TRUE,FALSE,"Alexander's exhaustion",28.09361076,86.66333008,0,0,NA,129,41,0,0,1,2010,24,27,"FALSE",269.967357907976,2.43680225098588,0,5,0,0.178571428571429,0.926691540402054,0.867241796117037,0.842291454049194,0.756515099968878,0.46144259311475,100,0,0,0,0,0,NA,NA,NA,NA,NA,1.0493652950796,0.306297596465773,1,0,0.0357142857142857,0,0.460627979346498,-0.107682028692589,-0.290224661403161,0.029326611606889,0.13218755812172
"461",461,3135,"Cho Oyu","CHOY","Khumbu Himal (NW of Everest on Tibetan border)",8188,12,2,2014,"CHOY14309",3,"NW side",NA,NA,NA,TRUE,FALSE,FALSE,FALSE,"2014-09-24","2014-10-01",800,7,10,"2014-10-04",4,8188,2,3,2,0,3,2,TRUE,FALSE,NA,28.09361076,86.66333008,0,0,10,NA,100,0,0,0.924567067801585,2010,7,10,"FALSE",266.995320869215,1.47734879521395,0,0,0,0,0.611345813462848,-0.275700562393809,-0.133678831251727,-0.0654918394917158,NA,100,0,0,0,0,0,NA,NA,NA,NA,NA,0.927809829912716,0.334996396217685,1,0,0.0909090909090909,0,0.4053124451564,0.163940258736114,0.568128619797896,0.41084813339553,NA
"462",462,3140,"Cho Oyu","CHOY","Khumbu Himal (NW of Everest on Tibetan border)",8188,12,2,2011,"CHOY11321",3,"NW side",NA,NA,NA,FALSE,FALSE,FALSE,FALSE,"2011-09-04","2011-09-30",NA,26,29,"2011-10-03",5,7800,2,9,0,0,5,0,TRUE,FALSE,NA,28.09361076,86.66333008,0,0,NA,99,69,0,NA,0.836513061344291,2010,26,29,"FALSE",270.196360354953,2.17927058878474,0,5,0,0.166666666666667,0.948278570892077,0.857037492929498,0.807846978894425,0.802952769909418,0.675514093959294,100,0,0,0,0,0,NA,NA,NA,NA,NA,0.941644759328017,0.255388285396979,3,0,0.1,0,0.369928073686495,-0.130915105207712,-0.274157907515094,0.308137669186339,0.0907092960337732
"463",463,3142,"Cho Oyu","CHOY","Khumbu Himal (NW of Everest on Tibetan border)",8188,12,2,2004,"CHOY04301",3,"NW side",NA,NA,NA,TRUE,FALSE,FALSE,FALSE,"2004-09-08","2004-09-24",1010,16,26,"2004-10-04",1,8188,3,5,5,0,0,0,FALSE,TRUE,NA,28.09361076,86.66333008,0,0,NA,222,101,0,0,1,2000,16,26,"FALSE",269.965367917661,1.23859010363826,0,2,0,0.0740740740740741,0.867010701641093,0.589800416186712,0.24660725870985,-0.372780529834848,-0.313067837079501,100,0,0,0,0,0,NA,NA,NA,NA,NA,1.08077980915779,0.307779577902025,0,1,0,0.037037037037037,0.34451717983239,-0.174103056648801,-0.11891347814932,0.0189780348751549,-0.250425290497256
"464",464,3143,"Cho Oyu","CHOY","Khumbu Himal (NW of Everest on Tibetan border)",8188,12,2,2010,"CHOY10303",3,"NW side",NA,NA,NA,FALSE,FALSE,FALSE,FALSE,"2010-09-12","2010-10-02",NA,20,23,"2010-10-05",1,7550,2,3,0,0,0,0,FALSE,TRUE,NA,28.09361076,86.66333008,1,1,41,343,130,0,NA,1,2010,20,23,"FALSE",269.62061129676,1.8783366563449,0,1,0,0.0416666666666667,0.922570099005656,0.764885245268683,0.574264400659244,0.380806557511085,0.806323697190004,100,0,0,0,0,0,NA,NA,NA,NA,NA,1.09457296880472,0.21583342620873,0,0,0,0,0.650477040965111,0.232045983732549,0.155889594154641,-0.379955447093618,0.243948087295594
"465",465,3144,"Cho Oyu","CHOY","Khumbu Himal (NW of Everest on Tibetan border)",8188,12,2,2006,"CHOY06362",3,"NW side",NA,NA,NA,TRUE,FALSE,FALSE,FALSE,"2006-09-02","2006-10-01",640,29,31,"2006-10-03",1,8188,3,13,5,0,6,5,TRUE,FALSE,NA,28.09361076,86.66333008,0,0,10,40,69,0,0,1,2000,29,31,"FALSE",269.988757252693,1.94237609115738,0,5,0,0.15625,0.920232138838069,0.7923147721814,0.633142583840363,0.346451779527233,0.483966077194526,100,0,0,0,0,0,NA,NA,NA,NA,NA,0.910738124299737,0.257585449746201,0,0,0,0,0.690357880049272,0.320437421614758,0.0156049382463646,-0.470682266624784,0.270946301390027
"466",466,3146,"Cho Oyu","CHOY","Khumbu Himal (NW of Everest on Tibetan border)",8188,12,2,2014,"CHOY14331",3,"NW side",NA,NA,NA,TRUE,FALSE,FALSE,FALSE,"2014-09-06","2014-10-02",1000,26,28,"2014-10-04",4,8188,3,2,2,0,1,1,FALSE,TRUE,NA,28.09361076,86.66333008,0,0,41,160,100,0,0,0.884208981508659,2010,26,28,"FALSE",269.712426635041,2.44993453028628,0,4,0,0.137931034482759,0.924418871122419,0.84965064873727,0.813558925878928,0.732741735504732,0.470992567278648,100,0,0,0,0,0,NA,NA,NA,NA,NA,1.0282455719412,0.314729913669699,1,0,0.0344827586206897,0,0.512735880308066,0.0203879756742065,-0.163878796492075,0.0388694284290456,0.198143212873235
"467",467,3147,"Cho Oyu","CHOY","Khumbu Himal (NW of Everest on Tibetan border)",8188,12,2,2010,"CHOY10305",3,"NW side",NA,NA,NA,FALSE,FALSE,FALSE,FALSE,"2010-09-10","2010-09-26",NA,16,25,"2010-10-05",1,7100,2,4,0,0,0,0,FALSE,TRUE,NA,28.09361076,86.66333008,1,0,NA,282,130,0,NA,1,2010,16,25,"FALSE",269.795125618959,1.90643204797397,0,2,0,0.0769230769230769,0.928888287336717,0.794387886957979,0.628405146258362,0.451039594456421,0.75827953722483,100,0,0,0,0,0,NA,NA,NA,NA,NA,1.08229402377227,0.211515955855972,0,0,0,0,0.666004109078546,0.273958979225976,0.188694125107237,-0.386658474407749,0.305075703747641
"468",468,3149,"Cho Oyu","CHOY","Khumbu Himal (NW of Everest on Tibetan border)",8188,12,2,2006,"CHOY06369",3,"NW side",NA,NA,NA,TRUE,FALSE,FALSE,FALSE,"2006-09-13","2006-10-01",1430,18,24,"2006-10-07",1,8188,2,3,1,0,0,0,FALSE,TRUE,"Minor frostbite in right foot of Mondino; Marabotto fall",28.09361076,86.66333008,0,0,10,NA,191,0,0,1,2000,18,24,"FALSE",268.68161046346,1.71127949567465,0,0,0,0,0.859350758739832,0.65482407275363,0.461363626848119,0.225930355573035,0.0931033470919049,100,0,0,0,0,0,NA,NA,NA,NA,NA,0.979521297105121,0.274317353357113,0,0,0,0,0.616569080814767,0.131456443197517,-0.128982463527399,-0.705459591454976,0.559270949855019
"469",469,3152,"Cho Oyu","CHOY","Khumbu Himal (NW of Everest on Tibetan border)",8188,12,2,2010,"CHOY10309",3,"NW side",NA,NA,NA,TRUE,FALSE,FALSE,FALSE,"2010-09-09","2010-10-01",1030,22,26,"2010-10-05",1,8188,1,1,1,0,0,0,FALSE,TRUE,NA,28.09361076,86.66333008,0,0,10,252,130,0,0,1,2010,22,26,"FALSE",269.836068895128,1.88147730261556,0,2,0,0.0740740740740741,0.927116383857163,0.787714289799122,0.626947611248833,0.451480850712231,0.729104989381014,100,0,0,0,0,0,NA,NA,NA,NA,NA,1.08233361977521,0.207408560961928,0,0,0,0,0.657710167731923,0.266055214865318,0.165271874511266,-0.394573446669765,0.306140294040122
"470",470,3153,"Cho Oyu","CHOY","Khumbu Himal (NW of Everest on Tibetan border)",8188,12,2,1998,"CHOY98102",1,"NW side from N (direct rte)",NA,NA,NA,FALSE,FALSE,FALSE,FALSE,"1998-04-12","1998-05-01",1600,19,19,"1998-05-01",0,8100,3,10,0,0,0,0,FALSE,TRUE,"Sieger altitude sickness; Ramos and Martinis rheumatic fever",28.09361076,86.66333008,0,0,5,338,NA,0,NA,0,1990,19,19,"FALSE",263.176999378204,3.20579335027554,0,0,0,0,0.953215873031257,0.905523965702474,0.842704020596136,0.784163150481002,0.0118237707499697,100,0,0,0,0,0,NA,NA,NA,NA,NA,0.817658267531825,0.214570663250853,3,0,0.15,0,0.540079389070449,0.159216589745083,0.00140799935241099,-0.253634330331407,-0.633459673145284
"471",471,3157,"Cho Oyu","CHOY","Khumbu Himal (NW of Everest on Tibetan border)",8188,12,2,2007,"CHOY07321",3,"NW side",NA,NA,NA,TRUE,FALSE,FALSE,FALSE,"2007-09-07","2007-10-02",1300,25,28,"2007-10-05",1,8188,2,1,1,0,2,0,FALSE,TRUE,NA,28.09361076,86.66333008,0,0,41,190,130,0,0,1,2000,25,28,"FALSE",270.271185162424,1.02568591017775,0,2,0,0.0689655172413793,0.921032064808736,0.82332780198113,0.740749002386604,0.680314640089026,0.504401580157625,100,0,0,0,0,0,NA,NA,NA,NA,NA,1.01360833821534,0.279774090649464,3,0,0.103448275862069,0,0.686989598392691,0.378383408634307,0.21690529285187,0.0828703538909598,-0.254931017884806
"472",472,3158,"Cho Oyu","CHOY","Khumbu Himal (NW of Everest on Tibetan border)",8188,12,2,2010,"CHOY10325",3,"NW side",NA,NA,NA,FALSE,FALSE,FALSE,FALSE,"2010-09-06","2010-10-01",NA,25,29,"2010-10-05",1,7600,3,3,0,0,0,0,FALSE,TRUE,NA,28.09361076,86.66333008,1,0,10,160,130,0,NA,1,2010,25,29,"FALSE",270.036189354791,1.90147526438728,0,3,0,0.1,0.92359204324582,0.783050575479796,0.63773223848116,0.517998770121732,0.731885651524707,100,0,0,0,0,0,NA,NA,NA,NA,NA,1.0804344957939,0.211924930869146,0,0,0,0,0.577174834786939,0.151779882647081,0.0752779729442854,-0.36197230243841,0.146926649769537
"473",473,3159,"Cho Oyu","CHOY","Khumbu Himal (NW of Everest on Tibetan border)",8188,12,2,2010,"CHOY10326",3,"NW side",NA,NA,NA,FALSE,FALSE,FALSE,FALSE,"2010-09-03","2010-09-30",NA,27,31,"2010-10-04",1,7600,2,12,0,0,3,0,FALSE,TRUE,NA,28.09361076,86.66333008,0,1,NA,68,100,0,NA,1,2010,27,31,"FALSE",270.383165041606,1.78954418828727,0,6,0,0.1875,0.921197581344301,0.783514807313666,0.644646516292479,0.536512343329044,0.699383399579577,100,0,0,0,0,0,NA,NA,NA,NA,NA,1.09456919399026,0.214344204250325,0,0,0,0,0.515883757374908,-0.0280873295695031,-0.0567688041111311,-0.307651945059554,-0.0163812732122381
"474",474,3160,"Cho Oyu","CHOY","Khumbu Himal (NW of Everest on Tibetan border)",8188,12,2,1990,"CHOY90103",1,"W Ridge-W Face from N",NA,NA,NA,FALSE,FALSE,FALSE,FALSE,"1990-04-04","1990-04-30",NA,26,33,"1990-05-07",1,8100,3,9,0,0,4,0,FALSE,TRUE,"3 including Chamoux had edema 5-16 April & used pressure bag",28.09361076,86.66333008,0,0,NA,94,186,0,NA,1,1990,26,33,"FALSE",261.751613037259,2.38835015165921,0,0,0,0,0.872717990629272,0.635720068329272,0.467466678105922,0.394085985434995,0.595151345192742,100,0,0,0,0,0,NA,NA,NA,NA,NA,1.07252672609272,0.255587273523333,0,0,0,0,0.501370572231688,0.296427275187376,-0.0462300266312087,0.0672484669540746,-0.191421218382878
"475",475,3164,"Cho Oyu","CHOY","Khumbu Himal (NW of Everest on Tibetan border)",8188,12,2,2010,"CHOY10330",3,"NW side",NA,NA,NA,FALSE,FALSE,FALSE,FALSE,"2010-09-07","2010-09-22",NA,15,24,"2010-10-01",1,7150,3,18,0,0,8,0,TRUE,FALSE,"Two members edema",28.09361076,86.66333008,1,0,NA,190,10,0,NA,1,2010,15,24,"FALSE",270.38186436971,1.52901911105418,0,2,0,0.08,0.895695513106692,0.730782010233509,0.560438280967891,0.315792957453843,0.368665801285402,100,0,0,0,0,0,NA,NA,NA,NA,NA,1.0358402690271,0.149099173852365,0,0,0,0,0.376562836418634,-0.342381843137259,-0.295984049546135,-0.52000733759881,0.103372142851239
"476",476,3165,"Cho Oyu","CHOY","Khumbu Himal (NW of Everest on Tibetan border)",8188,12,2,2006,"CHOY06310",3,"NW side",NA,NA,NA,FALSE,FALSE,FALSE,FALSE,"2006-09-02","2006-09-02",NA,0,3,"2006-09-05",1,5650,0,4,0,0,0,0,FALSE,TRUE,NA,28.09361076,86.66333008,0,0,40,40,129,0,NA,1,2000,0,3,"FALSE",270.941480000814,0.286320765819214,0,0,0,0,0.099382296883084,1,NA,NA,NA,100,0,0,0,0,0,NA,NA,NA,NA,NA,0.747726530039497,0.129883501953068,0,0,0,0,-0.928770075015029,-1,NA,NA,NA
"477",477,3166,"Cho Oyu","CHOY","Khumbu Himal (NW of Everest on Tibetan border)",8188,12,2,2014,"CHOY14317",3,"NW side",NA,NA,NA,TRUE,FALSE,FALSE,FALSE,"2014-09-06","2014-09-29",730,23,26,"2014-10-02",1,8188,3,10,6,0,3,3,FALSE,TRUE,NA,28.09361076,86.66333008,0,0,NA,160,41,0,0,1,2010,23,26,"FALSE",269.888680634675,2.44671219740724,0,4,0,0.148148148148148,0.924579748148139,0.863360707284213,0.837911443599761,0.749129491237929,0.442465825021113,100,0,0,0,0,0,NA,NA,NA,NA,NA,1.05349420075771,0.311337294923819,1,0,0.037037037037037,0,0.458610168326245,-0.107625753007679,-0.29533369886413,0.0397720672354525,0.199906135542911
"478",478,3168,"Cho Oyu","CHOY","Khumbu Himal (NW of Everest on Tibetan border)",8188,12,2,2006,"CHOY06315",3,"NW side",NA,NA,NA,FALSE,FALSE,FALSE,FALSE,"2006-09-19","2006-10-07",NA,18,21,"2006-10-10",1,7600,2,5,0,0,1,0,FALSE,TRUE,NA,28.09361076,86.66333008,0,0,191,NA,283,0,NA,1,2000,18,21,"FALSE",268.010003003207,1.6422173602314,0,0,0,0,0.841853237483989,0.569311644859364,0.30466194717389,-0.135257530590045,0.479342469444387,100,0,0,0,0,0,NA,NA,NA,NA,NA,0.941013596372075,0.258216208515199,0,0,0,0,0.44407333498917,0.077032997771161,-0.0152612312623117,-0.56225301634248,0.634703618580995
"479",479,3172,"Cho Oyu","CHOY","Khumbu Himal (NW of Everest on Tibetan border)",8188,12,2,2009,"CHOY09317",3,"NW side",NA,NA,NA,FALSE,FALSE,FALSE,FALSE,"2009-09-25","2009-10-02",NA,7,17,"2009-10-12",1,7100,2,1,0,0,1,0,FALSE,TRUE,NA,28.09361076,86.66333008,1,0,41,NA,344,0,NA,1,2000,7,17,"FALSE",268.281350453695,2.52245435261832,0,0,0,0,0.923711029396615,0.727725849539706,0.431116454119759,-0.839101443326635,0.036690540294139,100,0,0,0,0,0,NA,NA,NA,NA,NA,1.08927458801383,0.369314842290688,1,1,0.0555555555555556,0.0555555555555556,0.673612407866111,0.690349199713921,0.496523008738372,0.139376527763411,-0.274857593736905
"481",481,3176,"Cho Oyu","CHOY","Khumbu Himal (NW of Everest on Tibetan border)",8188,12,2,2007,"CHOY07337",3,"NW side",NA,NA,NA,TRUE,FALSE,FALSE,FALSE,"2007-09-11","2007-10-04",837,23,27,"2007-10-08",7,8188,3,8,6,0,6,4,TRUE,FALSE,NA,28.09361076,86.66333008,0,0,100,313,222,0,0,0.975931904901673,2000,23,27,"FALSE",270.104517073858,1.01601021449597,0,2,0,0.0714285714285714,0.936945830782517,0.857641938123689,0.78715711282332,0.714742428573635,0.533428924844904,100,0,0,0,0,0,NA,NA,NA,NA,NA,1.04155902351222,0.294367792056459,3,0,0.107142857142857,0,0.73096988012407,0.457527820844717,0.302456355139281,0.0717036868538977,-0.119103332493212
"482",482,3178,"Cho Oyu","CHOY","Khumbu Himal (NW of Everest on Tibetan border)",8188,12,2,2012,"CHOY12107",1,"NW side",NA,NA,NA,TRUE,FALSE,FALSE,FALSE,"2012-04-16","2012-05-07",1430,21,25,"2012-05-11",1,8188,3,1,1,0,1,1,TRUE,FALSE,NA,28.09361076,86.66333008,0,0,187,NA,310,0,0,1,2010,21,25,"FALSE",261.768243545141,2.2502558052931,0,0,0,0,0.863754929077363,0.648075319024965,0.385154827057858,-0.202202269415112,-0.726242231899296,100,0,0,0,0,0,NA,NA,NA,NA,NA,1.3131879344043,0.30413717614619,0,0,0,0,0.747965947952488,0.423278479940327,0.195171999727455,0.0272853332683132,-0.509240739335241
"483",483,3182,"Cho Oyu","CHOY","Khumbu Himal (NW of Everest on Tibetan border)",8188,12,2,1986,"CHOY86102",1,"W Ridge-W Face (Tichy)",NA,NA,NA,TRUE,FALSE,FALSE,FALSE,"1986-04-07","1986-05-11",1430,34,34,"1986-05-11",1,8188,4,8,2,0,10,0,FALSE,TRUE,"None",28.09361076,86.66333008,0,0,309,185,NA,0,0,1,1980,34,34,"FALSE",262.720930753435,1.82244555719319,0,0,0,0,0.760872276658757,0.363772589289398,0.0292323816932164,-0.183759105414634,0.474348589508147,100,0,0,0,0,0,NA,NA,NA,NA,NA,1.06979169365413,0.271564317917798,0,0,0,0,0.44253427458007,-0.0228471952395977,-0.0344033164651452,-0.466663842651592,0.18894213195159
"484",484,3186,"Cho Oyu","CHOY","Khumbu Himal (NW of Everest on Tibetan border)",8188,12,2,2004,"CHOY04302",3,"NW side",NA,NA,NA,TRUE,FALSE,FALSE,FALSE,"2004-09-02","2004-09-26",830,24,29,"2004-10-01",1,8188,3,16,15,0,7,7,TRUE,FALSE,NA,28.09361076,86.66333008,0,0,NA,40,10,0,0,1,2000,24,29,"FALSE",270.737057495117,1.55411560210896,0,8,0,0.266666666666667,0.929992048396689,0.814900844240471,0.668426666037353,0.354302325645792,-0.616458329235089,100,0,0,0,0,0,NA,NA,NA,NA,NA,1.05902095785315,0.299591085813838,0,1,0,0.0333333333333333,0.403366818496991,-0.0918065444876571,-0.0656246538592686,-0.0819634056046732,-0.240357996423011
"485",485,3188,"Cho Oyu","CHOY","Khumbu Himal (NW of Everest on Tibetan border)",8188,12,2,2004,"CHOY04306",3,"NW side",NA,NA,NA,TRUE,FALSE,FALSE,FALSE,"2004-09-08","2004-09-25",930,17,25,"2004-10-03",5,8188,2,1,1,0,0,0,FALSE,TRUE,NA,28.09361076,86.66333008,0,0,NA,222,70,0,0,0.880540064572938,2000,17,25,"FALSE",270.048494779147,1.18382209550449,0,2,0,0.0769230769230769,0.859075957226941,0.558752145091409,0.175365607066898,-0.509500963516695,-0.316854658676714,100,0,0,0,0,0,NA,NA,NA,NA,NA,1.07479594212855,0.312269031724027,0,1,0,0.0384615384615385,0.340576543663278,-0.174959893088819,-0.0973960097921107,0.0439536071277715,-0.291248442137329
"486",486,3191,"Cho Oyu","CHOY","Khumbu Himal (NW of Everest on Tibetan border)",8188,12,2,2011,"CHOY11301",3,"NW side",NA,NA,NA,TRUE,FALSE,FALSE,FALSE,"2011-09-13","2011-10-01",900,18,24,"2011-10-07",1,8188,3,3,1,0,0,0,FALSE,TRUE,NA,28.09361076,86.66333008,0,0,10,NA,191,0,0,1,2010,18,24,"FALSE",268.810620218913,2.54030978122649,0,2,0,0.08,0.95060392208744,0.867321971524238,0.799309235515223,0.850102589632152,0.617745443211807,100,0,0,0,0,0,NA,NA,NA,NA,NA,0.898428216498275,0.26542794883814,4,0,0.16,0,0.479935803993084,0.108079500242028,-0.120915857781569,0.278560208528065,-0.179997275712271
"487",487,3193,"Cho Oyu","CHOY","Khumbu Himal (NW of Everest on Tibetan border)",8188,12,2,1999,"CHOY99307",3,"NW side",NA,NA,NA,TRUE,FALSE,FALSE,FALSE,"1999-09-07","1999-09-27",900,20,26,"1999-10-03",1,8188,2,8,6,0,2,1,FALSE,TRUE,"Ducros 7850m blind on 28th and down; slight frostbite",28.09361076,86.66333008,0,0,NA,190,69,0,0,1,1990,20,26,"FALSE",270.537633872327,1.0523038250766,0,2,0,0.0740740740740741,0.963588687372356,0.923884079406984,0.904513208486377,0.854501832788658,0.75777687596394,100,0,0,0,0,0,NA,NA,NA,NA,NA,0.907880153648658,0.262669741148524,2,0,0.0740740740740741,0,0.724510661780188,0.387262940176218,0.185123706257969,-0.0524671673718634,-0.568292205707183
"488",488,3203,"Cho Oyu","CHOY","Khumbu Himal (NW of Everest on Tibetan border)",8188,12,2,2018,"CHOY18311",3,"NW side",NA,NA,NA,TRUE,FALSE,FALSE,FALSE,"2018-09-12","2018-09-29",730,17,22,"2018-10-04",1,8188,2,3,1,0,2,1,TRUE,FALSE,NA,28.09361076,86.66333008,0,0,NA,343,100,0,0,1,2010,17,22,"FALSE",269.505524013353,1.25470297150862,0,0,0,0,0.901679149400199,0.702241301420747,0.540268129015591,0.636297753487039,0.0557267594721186,100,0,0,0,0,0,NA,NA,NA,NA,NA,1.24201267920283,0.226703245894254,0,0,0,0,0.725839860527856,0.422204021478454,0.226324792505885,-0.284128194770173,-0.404127964980771
"489",489,3206,"Cho Oyu","CHOY","Khumbu Himal (NW of Everest on Tibetan border)",8188,12,2,1996,"CHOY96107",1,"W side",NA,NA,NA,FALSE,FALSE,FALSE,FALSE,"1996-04-15","1996-05-07",NA,22,26,"1996-05-11",1,8150,5,4,0,0,1,0,FALSE,TRUE,"Sherpa sick (stomach trouble); Canni abcessed tooth; Gruzza kidney problem; Strynoe frostbitten 2 fingers",28.09361076,86.66333008,0,0,187,NA,310,0,NA,1,1990,22,26,"FALSE",264.560166205889,1.77615331805367,0,0,0,0,0.816966418101079,0.581711569158894,0.411180621616784,0.120273433932805,-0.0262241438773542,100,0,0,0,0,0,NA,NA,NA,NA,NA,1.11306211458637,0.325355119334153,1,1,0.037037037037037,0.037037037037037,0.592866152259368,0.270438339588262,-0.0731422336146532,-0.237390254128581,-0.0465996506724828
"490",490,3213,"Cho Oyu","CHOY","Khumbu Himal (NW of Everest on Tibetan border)",8188,12,2,2007,"CHOY07336",3,"NW side",NA,NA,NA,TRUE,FALSE,FALSE,FALSE,"2007-09-07","2007-10-02",500,25,28,"2007-10-05",1,8188,2,1,1,0,1,1,TRUE,FALSE,NA,28.09361076,86.66333008,0,0,41,190,130,0,0,1,2000,25,28,"FALSE",270.271185162424,1.02568591017775,0,2,0,0.0689655172413793,0.921032064808736,0.82332780198113,0.740749002386604,0.680314640089026,0.504401580157625,100,0,0,0,0,0,NA,NA,NA,NA,NA,1.01360833821534,0.279774090649464,3,0,0.103448275862069,0,0.686989598392691,0.378383408634307,0.21690529285187,0.0828703538909598,-0.254931017884806
"491",491,3220,"Cho Oyu","CHOY","Khumbu Himal (NW of Everest on Tibetan border)",8188,12,2,2006,"CHOY06323",3,"NW side",NA,NA,NA,TRUE,FALSE,FALSE,FALSE,"2006-09-11","2006-10-07",1230,26,29,"2006-10-10",1,8188,3,1,1,0,0,0,FALSE,TRUE,NA,28.09361076,86.66333008,0,0,191,313,283,0,0,1,2000,26,29,"FALSE",268.656042607625,1.80602855484784,0,0,0,0,0.884105370533429,0.713499190346323,0.569906277247288,0.376646930494262,0.389034626973179,100,0,0,0,0,0,NA,NA,NA,NA,NA,0.993464999864361,0.279757445941643,0,0,0,0,0.587098894054503,0.21011539249495,0.0435380682295097,-0.540672902398597,0.507862941437478
"492",492,3221,"Cho Oyu","CHOY","Khumbu Himal (NW of Everest on Tibetan border)",8188,12,2,2004,"CHOY04309",3,"NW side",NA,NA,NA,TRUE,FALSE,FALSE,FALSE,"2004-09-08","2004-09-29",1015,21,26,"2004-10-04",1,8188,2,1,1,0,0,0,FALSE,TRUE,NA,28.09361076,86.66333008,0,0,NA,222,101,0,0,1,2000,21,26,"FALSE",269.965367917661,1.23859010363826,0,2,0,0.0740740740740741,0.867010701641093,0.589800416186712,0.24660725870985,-0.372780529834848,-0.313067837079501,100,0,0,0,0,0,NA,NA,NA,NA,NA,1.08077980915779,0.307779577902025,0,1,0,0.037037037037037,0.34451717983239,-0.174103056648801,-0.11891347814932,0.0189780348751549,-0.250425290497256
"493",493,3222,"Cho Oyu","CHOY","Khumbu Himal (NW of Everest on Tibetan border)",8188,12,2,2001,"CHOY01311",3,"NW side",NA,NA,NA,TRUE,FALSE,FALSE,FALSE,"2001-09-17","2001-10-08",930,21,25,"2001-10-12",1,8188,3,3,3,0,5,5,TRUE,FALSE,NA,28.09361076,86.66333008,0,0,222,NA,344,0,0,1,2000,21,25,"FALSE",268.606048975235,1.78020022290371,0,0,0,0,0.941449468175837,0.903954012396096,0.846500140431903,0.757498757981823,0.542326879312003,100,0,0,0,0,0,NA,NA,NA,NA,NA,1.12134032805553,0.230581261858993,0,0,0,0,0.51230900704125,0.172152367680915,-0.163353303550592,-0.077483598269734,-0.224059013153223
"494",494,3226,"Cho Oyu","CHOY","Khumbu Himal (NW of Everest on Tibetan border)",8188,12,2,2011,"CHOY11326",3,"NW side",NA,NA,NA,TRUE,FALSE,FALSE,FALSE,"2011-09-08","2011-10-01",515,23,26,"2011-10-04",1,8188,3,18,11,0,5,3,FALSE,TRUE,NA,28.09361076,86.66333008,0,0,10,221,100,0,0,1,2010,23,26,"FALSE",269.719475734381,2.42548906366249,0,3,0,0.111111111111111,0.958941421638731,0.883795303848878,0.821544720039248,0.84038955364372,0.754781557653291,100,0,0,0,0,0,NA,NA,NA,NA,NA,0.942233802374584,0.269751550773354,3,0,0.111111111111111,0,0.381170381312178,-0.15175357237383,-0.246084355308011,0.426626160480083,0.136023285122941
"495",495,3228,"Cho Oyu","CHOY","Khumbu Himal (NW of Everest on Tibetan border)",8188,12,2,1952,"CHOY52101",1,"W Ridge-W Face",NA,NA,NA,FALSE,FALSE,FALSE,FALSE,"1952-05-05","1952-05-09",NA,4,5,"1952-05-10",10,6800,2,10,0,0,18,0,FALSE,TRUE,NA,28.09361076,86.66333008,0,0,249,126,279,0,NA,0.948048136190197,1950,4,5,"FALSE",264.107026206122,1.13402316139968,0,0,0,0,0.296132392904912,-0.852940537398978,-0.989647482559994,NA,NA,100,0,0,0,0,0,NA,NA,NA,NA,NA,0.815941096782346,0.4904139833208,3,0,0.5,0,0.830531431829876,0.328623692469121,-0.964128664401658,NA,NA
"496",496,3233,"Cho Oyu","CHOY","Khumbu Himal (NW of Everest on Tibetan border)",8188,12,2,2004,"CHOY04315",3,"NW side",NA,NA,NA,TRUE,FALSE,FALSE,FALSE,"2004-09-08","2004-10-01",1130,23,28,"2004-10-06",12,8188,3,5,1,0,0,0,FALSE,TRUE,NA,28.09361076,86.66333008,0,0,10,222,162,0,0,0,2000,23,28,"FALSE",269.819194837548,1.31275827581345,0,2,0,0.0689655172413793,0.894739933353232,0.674334943082337,0.377978820552033,-0.222159456190875,-0.375978032262102,100,0,0,0,0,0,NA,NA,NA,NA,NA,1.07558701559557,0.297545636432306,0,1,0,0.0344827586206897,0.339781587344765,-0.184479429313975,-0.124902892919249,0.0616991915476401,-0.218036702490717
"497",497,3237,"Cho Oyu","CHOY","Khumbu Himal (NW of Everest on Tibetan border)",8188,12,2,2006,"CHOY06126",1,"NW side",NA,NA,NA,TRUE,FALSE,FALSE,FALSE,"2006-04-09","2006-05-03",1100,24,29,"2006-05-08",1,8188,2,2,2,0,0,0,FALSE,TRUE,NA,28.09361076,86.66333008,0,0,64,247,217,0,0,1,2000,24,29,"FALSE",261.494212404887,2.70456789040024,0,0,0,0,0.874766494155263,0.681955558835379,0.546159328091339,0.599658830424006,-0.0506376157193285,100,0,0,0,0,0,NA,NA,NA,NA,NA,1.03285774724237,0.379803740724163,4,1,0.133333333333333,0.0333333333333333,0.64728390601654,0.304924676983602,0.258493252588661,0.244185845848407,-0.378083234021197
"498",498,3239,"Cho Oyu","CHOY","Khumbu Himal (NW of Everest on Tibetan border)",8188,12,2,1998,"CHOY98313",3,"NW side",NA,NA,NA,TRUE,FALSE,FALSE,FALSE,"1998-09-05","1998-09-24",1315,19,29,"1998-10-04",1,8188,3,10,1,0,4,2,TRUE,FALSE,NA,28.09361076,86.66333008,0,0,NA,129,100,0,0,1,1990,19,29,"FALSE",270.885556030273,0.940888918304685,0,2,0,0.0666666666666667,0.854591447665224,0.624062188860565,0.412409797104897,0.0244424230369304,-0.62575715839949,100,0,0,0,0,0,NA,NA,NA,NA,NA,0.894116238058296,0.278277569632636,2,0,0.0666666666666667,0,0.779785771055425,0.483609593645363,0.0141348782397191,-0.514783051381433,0.688851188370157
"499",499,3242,"Cho Oyu","CHOY","Khumbu Himal (NW of Everest on Tibetan border)",8188,12,2,2005,"CHOY05341",3,"NW side",NA,NA,NA,FALSE,FALSE,FALSE,FALSE,"2005-10-06","2005-10-10",NA,4,7,"2005-10-13",1,7500,2,1,0,0,2,0,FALSE,TRUE,NA,28.09361076,86.66333008,1,0,283,161,NA,0,NA,1,2000,4,7,"FALSE",266.044178803762,1.72751916941389,0,0,0,0,0.984801445516067,0.95964731347172,0.952511522221432,0.949926630042043,NA,100,0,0,0,0,0,NA,NA,NA,NA,NA,1.3273258938464,0.266688333917073,0,0,0,0,0.418061828773365,0.903672624342541,0.894983843713193,0.483535968766059,NA
"500",500,3246,"Cho Oyu","CHOY","Khumbu Himal (NW of Everest on Tibetan border)",8188,12,2,1998,"CHOY98317",3,"NW side from N (direct rte)",NA,NA,NA,TRUE,FALSE,FALSE,FALSE,"1998-09-06","1998-09-27",745,21,25,"1998-10-01",5,8188,2,10,2,0,0,0,FALSE,TRUE,NA,28.09361076,86.66333008,0,0,NA,160,10,0,0,0.873202230701497,1990,21,25,"FALSE",271.058384821965,0.705833566301077,0,1,0,0.0384615384615385,0.745763481972856,0.447955269632226,0.228037778237053,0.118696603780836,-0.577063215798639,100,0,0,0,0,0,NA,NA,NA,NA,NA,0.855017053584224,0.23520113979463,2,0,0.0769230769230769,0,0.753101032068796,0.325054182458614,-0.155243746526537,-0.492898683337909,0.569002373697618
"501",501,3248,"Cho Oyu","CHOY","Khumbu Himal (NW of Everest on Tibetan border)",8188,12,2,2000,"CHOY00318",3,"NW side",NA,NA,NA,TRUE,FALSE,FALSE,FALSE,"2000-09-12","2000-10-02",1630,20,28,"2000-10-10",1,8188,3,10,3,0,0,0,FALSE,TRUE,NA,28.09361076,86.66333008,0,0,41,344,284,0,0,1,2000,20,28,"FALSE",267.519487490599,2.73123593432204,0,0,0,0,0.943335395568946,0.817635300964004,0.663812780743767,0.252292744165251,-0.77945848091491,100,0,0,0,0,0,NA,NA,NA,NA,NA,0.85592594778096,0.26526334963593,4,0,0.137931034482759,0,0.75572337554736,0.47199629483928,0.133541894541241,-0.623130309511188,-0.039071724416739
"504",504,3253,"Cho Oyu","CHOY","Khumbu Himal (NW of Everest on Tibetan border)",8188,12,2,2000,"CHOY00325",3,"NW side",NA,NA,NA,FALSE,FALSE,FALSE,FALSE,"2000-09-19","2000-10-09",NA,20,21,"2000-10-10",1,8000,2,6,0,0,0,0,TRUE,FALSE,"Di Giorgio's left knee hit by a falling piece of rock",28.09361076,86.66333008,1,0,254,NA,284,0,NA,1,2000,20,21,"FALSE",266.455310821533,2.22603534095463,0,0,0,0,0.89450868151175,0.657648043184833,0.382073550900077,-0.159730083250999,-0.811170582168685,100,0,0,0,0,0,NA,NA,NA,NA,NA,0.880263660442936,0.296622075762775,4,0,0.181818181818182,0,0.792987479196953,0.487170401693062,0.106267358168572,-0.686715450060898,0.0494298765640574
"505",505,3254,"Cho Oyu","CHOY","Khumbu Himal (NW of Everest on Tibetan border)",8188,12,2,1954,"CHOY54302",3,"W Ridge-W Face",NA,NA,NA,FALSE,FALSE,FALSE,FALSE,"1954-10-11","1954-10-28",NA,17,21,"1954-11-01",1,7700,4,7,0,0,9,0,FALSE,TRUE,NA,28.09361076,86.66333008,0,0,NA,314,11,0,NA,1,1950,17,21,"FALSE",263.570723389134,1.74122691388003,0,0,0,0,0.922658134484376,0.759268266030606,0.631208316618621,0.653739226481478,0.124814780410966,100,0,0,0,0,0,NA,NA,NA,NA,NA,1.51278094696945,0.194577575960349,0,2,0,0.0909090909090909,0.472030684813813,0.136926461555509,-0.206845299099492,0.15609527697373,-0.699036589415769
"506",506,3255,"Cho Oyu","CHOY","Khumbu Himal (NW of Everest on Tibetan border)",8188,12,2,2000,"CHOY00328",3,"NW side",NA,NA,NA,FALSE,FALSE,FALSE,FALSE,"2000-09-05","2000-09-23",NA,18,29,"2000-10-04",0,7100,2,2,0,0,1,0,FALSE,TRUE,NA,28.09361076,86.66333008,1,0,NA,130,101,0,NA,0,2000,18,29,"FALSE",268.291784074571,3.19079907347183,0,2,0,0.0666666666666667,0.958690142427063,0.874417999164483,0.780332893733963,0.632322222928316,0.158274320331339,100,0,0,0,0,0,NA,NA,NA,NA,NA,0.906992007362273,0.26141503105963,3,0,0.1,0,0.775137308057876,0.573928281210343,0.463120911791664,-0.0787742541859967,-0.489049886802116
"507",507,3256,"Cho Oyu","CHOY","Khumbu Himal (NW of Everest on Tibetan border)",8188,12,2,2004,"CHOY04337",3,"NW side",NA,NA,NA,TRUE,FALSE,FALSE,FALSE,"2004-09-08","2004-09-26",1100,18,26,"2004-10-04",5,8188,3,1,1,0,0,0,FALSE,TRUE,NA,28.09361076,86.66333008,0,0,NA,222,101,0,0,0.924567067801585,2000,18,26,"FALSE",269.965367917661,1.23859010363826,0,2,0,0.0740740740740741,0.867010701641093,0.589800416186712,0.24660725870985,-0.372780529834848,-0.313067837079501,100,0,0,0,0,0,NA,NA,NA,NA,NA,1.08077980915779,0.307779577902025,0,1,0,0.037037037037037,0.34451717983239,-0.174103056648801,-0.11891347814932,0.0189780348751549,-0.250425290497256
"508",508,3257,"Cho Oyu","CHOY","Khumbu Himal (NW of Everest on Tibetan border)",8188,12,2,2000,"CHOY00324",3,"NW side",NA,NA,NA,TRUE,FALSE,FALSE,FALSE,"2000-09-11","2000-10-03",1200,22,35,"2000-10-16",1,8188,3,21,3,0,2,1,FALSE,TRUE,"Richardson bad pulmonary edema at C2; Durga Tamang slight frostbitten toes",28.09361076,86.66333008,0,0,70,314,NA,0,0,1,2000,22,35,"FALSE",267.224290529887,2.68655507592204,0,0,0,0,0.939678948476395,0.824570701351984,0.683202075538527,0.286528933197544,-0.688891533409976,100,0,0,0,0,0,NA,NA,NA,NA,NA,0.963422371020787,0.368727125054091,4,2,0.111111111111111,0.0555555555555556,0.765772825909516,0.589779949771603,0.439374749521948,-0.0472400887425986,-0.330629977101574
"509",509,3259,"Cho Oyu","CHOY","Khumbu Himal (NW of Everest on Tibetan border)",8188,12,2,2011,"CHOY11111",1,"NW side",NA,NA,NA,FALSE,FALSE,FALSE,FALSE,"2011-05-03","2011-05-12",NA,9,14,"2011-05-17",1,7400,2,4,0,0,2,0,TRUE,FALSE,NA,28.09361076,86.66333008,0,0,339,64,NA,0,NA,1,2010,9,14,"FALSE",266.070541636149,1.28946942408802,0,0,0,0,0.670077842676741,0.263347500927603,0.38219115578973,0.561053631080801,0.82442739867371,100,0,0,0,0,0,NA,NA,NA,NA,NA,1.03431639907321,0.280137173762641,0,0,0,0,0.352333285669497,-0.505984535965301,-0.728464492978235,0.443239960475506,-0.453294901753532
"510",510,3262,"Cho Oyu","CHOY","Khumbu Himal (NW of Everest on Tibetan border)",8188,12,2,2009,"CHOY09326",3,"NW side",NA,NA,NA,FALSE,FALSE,FALSE,FALSE,"2009-10-06","2009-10-09",NA,3,7,"2009-10-13",1,6400,1,2,0,0,0,0,FALSE,TRUE,NA,28.09361076,86.66333008,1,0,253,161,NA,0,NA,1,2000,3,7,"FALSE",265.861804962158,3.05424851141267,0,0,0,0,0.9340656214635,0.830674096886629,0.645296012833919,0.977153248432981,NA,100,0,0,0,0,0,NA,NA,NA,NA,NA,1.33572796773317,0.268304546285563,0,1,0,0.125,0.886646391886009,0.885243107891567,0.924969251208071,0.904179039582698,NA
"511",511,3266,"Cho Oyu","CHOY","Khumbu Himal (NW of Everest on Tibetan border)",8188,12,2,2004,"CHOY04103",1,"NW side",NA,NA,NA,FALSE,FALSE,FALSE,FALSE,"2004-04-11","2004-04-28",NA,17,24,"2004-05-05",14,7200,2,1,0,0,1,0,FALSE,TRUE,NA,28.09361076,86.66333008,1,0,NA,309,126,0,NA,0,2000,17,24,"FALSE",263.722182362874,1.25794024281934,0,0,0,0,0.579981196682295,0.0789916897714173,-0.131552937266005,-0.298485457447615,0.146361210551173,100,0,0,0,0,0,NA,NA,NA,NA,NA,1.37951029561464,0.367688238892709,1,5,0.04,0.2,0.653428445557658,0.246721908382708,-0.0681862213971152,-0.650691128607519,0.38485697295677
"512",512,3268,"Cho Oyu","CHOY","Khumbu Himal (NW of Everest on Tibetan border)",8188,12,2,2007,"CHOY07103",1,"NW side",NA,NA,NA,TRUE,FALSE,FALSE,FALSE,"2007-04-16","2007-05-08",844,22,24,"2007-05-10",1,8188,3,2,1,0,0,0,FALSE,TRUE,NA,28.09361076,86.66333008,0,0,217,NA,278,0,0,1,2000,22,24,"FALSE",265.069653142293,1.70929143465218,0,0,0,0,0.913955284739085,0.824554484273977,0.683957197106914,0.412618755671985,-0.453919338398053,100,0,0,0,0,0,NA,NA,NA,NA,NA,1.08776265391689,0.314464307253128,2,1,0.08,0.04,0.556316752000858,0.523715639771264,0.29659995225087,-0.14785054878177,-0.419954957507626
"513",513,3270,"Cho Oyu","CHOY","Khumbu Himal (NW of Everest on Tibetan border)",8188,12,2,2008,"CHOY08306",3,"NW side",NA,NA,NA,TRUE,FALSE,FALSE,FALSE,"2008-09-15","2008-10-05",1530,20,23,"2008-10-08",1,8188,4,4,1,0,0,0,FALSE,TRUE,NA,28.09361076,86.66333008,0,0,131,NA,223,0,0,1,2000,20,23,"FALSE",268.980348640018,1.45234794431692,0,0,0,0,0.802453585780784,0.592731653741045,0.605963625242762,0.698811689246885,0.25618711231382,100,0,0,0,0,0,NA,NA,NA,NA,NA,1.10499147873506,0.37546820837909,2,0,0.0833333333333333,0,0.714173817119112,0.472146364412419,0.164993614006552,-0.128480362478703,-0.656995099541783
"514",514,3271,"Cho Oyu","CHOY","Khumbu Himal (NW of Everest on Tibetan border)",8188,12,2,2006,"CHOY06366",3,"NW side",NA,NA,NA,TRUE,FALSE,FALSE,FALSE,"2006-09-03","2006-10-02",700,29,31,"2006-10-04",10,8188,3,19,9,0,9,6,TRUE,FALSE,NA,28.09361076,86.66333008,0,0,41,68,100,0,0,0.917229233930144,2000,29,31,"FALSE",269.871464530627,2.0188297909813,0,5,0,0.15625,0.906990287753599,0.782008831870979,0.654280582872375,0.420515751641383,0.554395969146502,100,0,0,0,0,0,NA,NA,NA,NA,NA,0.933382836098699,0.289319416350617,0,0,0,0,0.742972527572394,0.287573481869383,-0.0421130500752207,-0.514151456903032,0.344268230227682
"515",515,3272,"Cho Oyu","CHOY","Khumbu Himal (NW of Everest on Tibetan border)",8188,12,2,2014,"CHOY14315",3,"NW side",NA,NA,NA,TRUE,FALSE,FALSE,FALSE,"2014-09-09","2014-09-28",945,19,25,"2014-10-04",1,8188,0,13,8,0,6,6,TRUE,FALSE,NA,28.09361076,86.66333008,0,0,NA,252,100,0,0,1,2010,19,25,"FALSE",269.40829986181,2.40673644463764,0,1,0,0.0384615384615385,0.912187955462128,0.825712726092576,0.787982746619325,0.695939549798275,0.29854703500535,100,0,0,0,0,0,NA,NA,NA,NA,NA,1.02936862105819,0.332818521720681,1,0,0.0384615384615385,0,0.514368041718843,0.0229225125246334,-0.167890344467189,0.0679351729744435,0.189395338971402
"516",516,3274,"Cho Oyu","CHOY","Khumbu Himal (NW of Everest on Tibetan border)",8188,12,2,2009,"CHOY09107",1,"NW side",NA,NA,NA,FALSE,FALSE,FALSE,FALSE,"2009-04-19","2009-05-08",NA,19,23,"2009-05-12",1,7200,2,2,0,0,1,0,FALSE,TRUE,NA,28.09361076,86.66333008,1,0,217,NA,339,0,NA,1,2000,19,23,"FALSE",266.113767835829,1.67073046997941,0,0,0,0,0.848518008411289,0.547495848981382,0.347414574882329,0.107107936526647,-0.349313476712946,100,0,0,0,0,0,NA,NA,NA,NA,NA,1.72482168918479,0.30515746002588,0,9,0,0.375,0.561128191168927,0.3879458233228,0.122997389505789,-0.212368515173127,-0.250070912533708
"517",517,3276,"Cho Oyu","CHOY","Khumbu Himal (NW of Everest on Tibetan border)",8188,12,2,2007,"CHOY07318",3,"NW side",NA,NA,NA,FALSE,FALSE,FALSE,FALSE,"2007-09-08","2007-10-01",NA,23,29,"2007-10-07",1,6800,1,1,0,0,0,0,FALSE,TRUE,NA,28.09361076,86.66333008,0,0,10,221,191,0,NA,1,2000,23,29,"FALSE",270.218384679159,1.01916474113648,0,2,0,0.0666666666666667,0.921839377939864,0.830353241318054,0.73244287716048,0.68728727740218,0.539636525911156,100,0,0,0,0,0,NA,NA,NA,NA,NA,1.03261058365335,0.283673195440722,3,0,0.1,0,0.708950555632716,0.425164990414462,0.264692713798894,0.0483106239136016,-0.143072560099353
"518",518,3278,"Cho Oyu","CHOY","Khumbu Himal (NW of Everest on Tibetan border)",8188,12,2,2003,"CHOY03103",1,"NW side",NA,NA,NA,TRUE,FALSE,FALSE,FALSE,"2003-04-08","2003-05-12",1545,34,38,"2003-05-16",1,8188,2,4,1,0,2,0,FALSE,TRUE,NA,28.09361076,86.66333008,0,0,339,216,NA,0,0,1,2000,34,38,"FALSE",263.122025123009,2.35011719439336,0,0,0,0,0.849701601288584,0.546394695664025,0.23754209539778,-0.190826316959727,-0.459858516497282,100,0,0,0,0,0,NA,NA,NA,NA,NA,1.31124949175504,0.361379177630292,0,5,0,0.128205128205128,0.727500497972685,0.440642091514834,0.253825623256312,0.119484571762874,0.20558258395263
"519",519,3280,"Cho Oyu","CHOY","Khumbu Himal (NW of Everest on Tibetan border)",8188,12,2,2006,"CHOY06303",3,"NW side",NA,NA,NA,TRUE,FALSE,FALSE,FALSE,"2006-09-01","2006-10-01",845,30,32,"2006-10-03",8,8188,3,8,1,0,2,0,FALSE,TRUE,"Pulmonary edema by Kurzeder",28.09361076,86.66333008,0,0,10,9,69,0,0,0.865864396830056,2000,30,32,"FALSE",269.999158262002,1.91271902663169,0,5,0,0.151515151515152,0.92006727701666,0.79070410065296,0.631946800288167,0.336558111849149,0.412997596111151,100,0,0,0,0,0,NA,NA,NA,NA,NA,0.908910092513071,0.253746121705246,0,0,0,0,0.689426249384965,0.320428321363746,0.0211471678154333,-0.458735823712618,0.233685450619366
"520",520,3282,"Cho Oyu","CHOY","Khumbu Himal (NW of Everest on Tibetan border)",8188,12,2,1987,"CHOY87302",3,"SE Face-E Ridge",NA,NA,NA,FALSE,FALSE,FALSE,FALSE,"1987-09-08","1987-09-20",NA,12,24,"1987-10-02",5,7600,0,3,0,0,0,0,FALSE,TRUE,"Joos lungs (edema, bronchitis)",28.09361076,86.66333008,1,0,NA,221,41,0,NA,0.880540064572938,1980,12,24,"FALSE",270.008271891276,1.36693350807262,0,0,0,0,0.871820515595789,0.660092802697576,0.50316679649575,-0.123328072161588,-0.486167474771013,100,0,0,0,0,0,NA,NA,NA,NA,NA,1.1407966040572,0.325686508496379,1,1,0.04,0.04,0.568570556012333,0.00797443143961174,-0.161796817118589,0.190429434648693,-0.248904286907395
"521",521,3283,"Cho Oyu","CHOY","Khumbu Himal (NW of Everest on Tibetan border)",8188,12,2,2010,"CHOY10327",3,"SW Face",NA,NA,NA,FALSE,FALSE,FALSE,FALSE,"2010-09-13","2010-10-02",NA,19,22,"2010-10-05",1,7000,1,3,0,1,0,0,FALSE,TRUE,"Fatal fall by Nones; Nocker's edema",28.09361076,86.66333008,0,0,41,NA,130,0.333333333333333,Inf,1,2010,19,22,"FALSE",269.516448421755,1.84831951162163,0,1,0,0.0434782608695652,0.915915384827291,0.742603728489404,0.534599636725237,0.343143000363417,0.834484358843775,100,0,0,0,0,0,NA,NA,NA,NA,NA,1.1057121193803,0.213514000827492,0,0,0,0,0.636178489428286,0.210026667204346,0.189025323224415,-0.441869371257304,0.177659263888543
"522",522,3284,"Cho Oyu","CHOY","Khumbu Himal (NW of Everest on Tibetan border)",8188,12,2,2007,"CHOY07326",3,"NW side",NA,NA,NA,FALSE,FALSE,FALSE,FALSE,"2007-09-02","2007-09-02",NA,0,2,"2007-09-04",1,5000,0,1,0,0,1,0,FALSE,TRUE,NA,28.09361076,86.66333008,0,0,40,40,99,0,NA,1,2000,0,2,"FALSE",273.090742323134,0.118900136407773,0,3,0,1,1,NA,NA,NA,NA,100,0,0,0,0,0,NA,NA,NA,NA,NA,1.08141657803205,0.110745382350982,0,0,0,0,1,NA,NA,NA,NA
"523",523,3288,"Cho Oyu","CHOY","Khumbu Himal (NW of Everest on Tibetan border)",8188,12,2,2007,"CHOY07331",3,"NW side",NA,NA,NA,FALSE,FALSE,FALSE,FALSE,"2007-09-02","2007-09-16",NA,14,33,"2007-10-05",1,7100,2,2,0,0,0,0,FALSE,TRUE,NA,28.09361076,86.66333008,0,0,NA,40,130,0,NA,1,2000,14,33,"FALSE",270.578434065276,1.25903618310258,0,5,0,0.147058823529412,0.923818465146605,0.812671137172506,0.692135642247435,0.616693034066988,0.737600642654771,100,0,0,0,0,0,NA,NA,NA,NA,NA,1.02552349864798,0.261072243508432,3,0,0.0882352941176471,0,0.685938717322405,0.363155662455049,0.19782135347377,0.0950676550139586,-0.305522715181076
"524",524,3289,"Cho Oyu","CHOY","Khumbu Himal (NW of Everest on Tibetan border)",8188,12,2,2007,"CHOY07332",3,"NW side",NA,NA,NA,FALSE,FALSE,FALSE,FALSE,"2007-09-12","2007-09-18",NA,6,20,"2007-10-02",1,7500,2,3,0,0,2,0,FALSE,TRUE,NA,28.09361076,86.66333008,1,0,NA,343,41,0,NA,1,2000,6,20,"FALSE",270.214980836899,0.984224954212053,0,1,0,0.0476190476190476,0.928057745301635,0.842782978627921,0.825836958539437,0.833528218105227,0.714961423147274,100,0,0,0,0,0,NA,NA,NA,NA,NA,0.977136076044547,0.305613837867039,3,0,0.142857142857143,0,0.712378387587699,0.432435271489325,0.31760117422773,-0.0139500758177604,-0.693904591381096
"525",525,3290,"Cho Oyu","CHOY","Khumbu Himal (NW of Everest on Tibetan border)",8188,12,2,2006,"CHOY06313",3,"NW side",NA,NA,NA,FALSE,FALSE,FALSE,FALSE,"2006-09-03","2006-09-21",NA,18,29,"2006-10-02",1,7100,2,3,0,0,1,0,FALSE,TRUE,NA,28.09361076,86.66333008,1,0,NA,68,41,0,NA,1,2000,18,29,"FALSE",270.003277672662,1.99675008641675,0,5,0,0.166666666666667,0.920363792824183,0.795338844295488,0.633211808990043,0.384256617032415,0.527381725434695,100,0,0,0,0,0,NA,NA,NA,NA,NA,0.895409100305991,0.252990880312694,0,0,0,0,0.750659679658556,0.390225352950055,0.0775603355461958,-0.443104853653596,0.243631688921269
"526",526,3291,"Cho Oyu","CHOY","Khumbu Himal (NW of Everest on Tibetan border)",8188,12,2,2006,"CHOY06314",3,"NW side",NA,NA,NA,TRUE,FALSE,FALSE,FALSE,"2006-09-08","2006-10-01",800,23,26,"2006-10-04",12,8188,3,3,2,0,1,1,FALSE,TRUE,NA,28.09361076,86.66333008,0,0,10,221,100,0,0,0.836513061344291,2000,23,26,"FALSE",269.52393421126,1.9761502185533,0,3,0,0.111111111111111,0.89292260911026,0.75450264166497,0.604823294273678,0.320902774523249,0.486069373362593,100,0,0,0,0,0,NA,NA,NA,NA,NA,0.974951643411865,0.296541283425563,0,0,0,0,0.710379847553531,0.192762701476786,-0.184645203535043,-0.652788034512803,0.659620996425912
"527",527,3296,"Cho Oyu","CHOY","Khumbu Himal (NW of Everest on Tibetan border)",8188,12,2,1996,"CHOY96309",3,"W Ridge/Face from N",NA,NA,NA,TRUE,FALSE,FALSE,FALSE,"1996-09-09","1996-09-27",845,18,25,"1996-10-04",1,8188,3,3,2,0,0,0,FALSE,TRUE,"Nothing",28.09361076,86.66333008,0,0,NA,253,101,0,0,1,1990,18,25,"FALSE",269.964724027193,0.999929746472631,0,0,0,0,0.828433459668549,0.528254728804801,0.193417580502832,-0.419431383870769,-0.191756028148196,100,0,0,0,0,0,NA,NA,NA,NA,NA,1.04056546164003,0.344774101484572,2,0,0.0769230769230769,0,0.737802328314953,0.323117738955543,-0.0139268410465594,-0.136809941828414,0.102323169060914
"528",528,3299,"Cho Oyu","CHOY","Khumbu Himal (NW of Everest on Tibetan border)",8188,12,2,2016,"CHOY16315",3,"NW side",NA,NA,NA,TRUE,FALSE,FALSE,FALSE,"2016-09-11","2016-10-04",700,23,29,"2016-10-10",5,8188,3,2,1,0,1,0,FALSE,TRUE,NA,28.09361076,86.66333008,0,0,101,314,284,0,0,0.917229233930144,2010,23,29,"FALSE",270.361849975586,0.894770626936103,0,0,0,0,0.784758748197322,0.508048831644685,0.413835278480252,0.369637710483041,0.208706043376252,100,0,0,0,0,0,NA,NA,NA,NA,NA,1.11625612073587,0.364686033765416,3,0,0.1,0,0.754065632322981,0.402130523957657,0.122280107468654,-0.202811858291566,-0.394015038016314
"529",529,3301,"Cho Oyu","CHOY","Khumbu Himal (NW of Everest on Tibetan border)",8188,12,2,2002,"CHOY02327",3,"NW side",NA,NA,NA,TRUE,FALSE,FALSE,FALSE,"2002-09-08","2002-10-01",1245,23,28,"2002-10-06",1,8188,2,5,4,0,0,0,FALSE,TRUE,"D. Weibel heart problem from ABC",28.09361076,86.66333008,0,0,10,221,161,0,0,1,2000,23,28,"FALSE",268.747107187907,1.38219817774791,0,0,0,0,0.789942875141839,0.580677198108149,0.418355704217294,0.14931444195483,0.769479108949326,100,0,0,0,0,0,NA,NA,NA,NA,NA,1.18585055168161,0.18090084232192,0,0,0,0,0.679254255712144,0.447134591483252,0.207890037310336,-0.101657509365073,-0.496306919218165
"530",530,3305,"Cho Oyu","CHOY","Khumbu Himal (NW of Everest on Tibetan border)",8188,12,2,2002,"CHOY02302",3,"NW side",NA,NA,NA,TRUE,FALSE,FALSE,FALSE,"2002-09-08","2002-10-01",NA,23,28,"2002-10-06",1,8188,3,5,4,0,0,0,FALSE,TRUE,"2nd degree frostbite of three last fingers of right hand of Dal Cin on Oct 2 while summiting",28.09361076,86.66333008,0,0,10,221,161,0,0,1,2000,23,28,"FALSE",268.747107187907,1.38219817774791,0,0,0,0,0.789942875141839,0.580677198108149,0.418355704217294,0.14931444195483,0.769479108949326,100,0,0,0,0,0,NA,NA,NA,NA,NA,1.18585055168161,0.18090084232192,0,0,0,0,0.679254255712144,0.447134591483252,0.207890037310336,-0.101657509365073,-0.496306919218165
"531",531,3306,"Cho Oyu","CHOY","Khumbu Himal (NW of Everest on Tibetan border)",8188,12,2,1999,"CHOY99101",1,"NW side",NA,NA,NA,TRUE,FALSE,FALSE,FALSE,"1999-04-11","1999-05-06",1230,25,35,"1999-05-16",1,8188,3,10,3,0,10,0,FALSE,TRUE,NA,28.09361076,86.66333008,0,0,156,308,NA,0,0,1,1990,25,35,"FALSE",267.741684631065,1.60050825502355,0,3,0,0.0833333333333333,0.789800338337151,0.468842690250478,0.20990442477289,-0.111564133294805,-0.322672222600138,100,0,0,0,0,0,NA,NA,NA,NA,NA,1.43843956319688,0.299868594975754,0,4,0,0.111111111111111,0.386554051756251,-0.198728527058683,-0.223575243768574,-0.235010804722188,0.16720302243965
"532",532,3308,"Cho Oyu","CHOY","Khumbu Himal (NW of Everest on Tibetan border)",8188,12,2,2010,"CHOY10302",3,"NW side",NA,NA,NA,FALSE,FALSE,FALSE,FALSE,"2010-09-10","2010-10-01",NA,21,23,"2010-10-03",10,7500,3,3,0,0,0,0,FALSE,TRUE,NA,28.09361076,86.66333008,1,0,10,282,69,0,NA,0.909891400058703,2010,21,23,"FALSE",270.092334323459,1.65491050963759,0,2,0,0.0833333333333333,0.906862924321393,0.758760747073598,0.585673875065844,0.410711045239065,0.595681389504159,100,0,0,0,0,0,NA,NA,NA,NA,NA,1.05371482969764,0.191476117119077,0,0,0,0,0.533575590491575,-0.0444593100786212,0.02039488289322,-0.551920221249467,0.246482693523576
"533",533,3313,"Cho Oyu","CHOY","Khumbu Himal (NW of Everest on Tibetan border)",8188,12,2,2007,"CHOY07108",1,"NW side",NA,NA,NA,FALSE,FALSE,FALSE,FALSE,"2007-04-16","2007-05-10",NA,24,26,"2007-05-12",1,7600,3,2,0,0,0,0,FALSE,TRUE,NA,28.09361076,86.66333008,1,0,278,NA,339,0,NA,1,2000,24,26,"FALSE",265.142188013336,1.6729013537561,0,0,0,0,0.902197950245496,0.784100438987055,0.625500953484317,0.414306528961859,-0.2832976016992,100,0,0,0,0,0,NA,NA,NA,NA,NA,1.1203092978196,0.325485291347869,2,1,0.0740740740740741,0.037037037037037,0.58449426178933,0.541826148063318,0.356268573214239,-0.142010292508921,-0.534168600945279
"534",534,3315,"Cho Oyu","CHOY","Khumbu Himal (NW of Everest on Tibetan border)",8188,12,2,2018,"CHOY18302",3,"NW side",NA,NA,NA,TRUE,FALSE,FALSE,FALSE,"2018-09-02","2018-09-28",730,26,29,"2018-10-01",1,8188,3,10,7,0,3,3,TRUE,FALSE,NA,28.09361076,86.66333008,0,0,NA,40,10,0,0,1,2010,26,29,"FALSE",270.587336476644,1.13476096097194,0,2,0,0.0666666666666667,0.878932674878789,0.749032249348228,0.636033506816416,0.557489615842431,0.515290350810817,100,0,0,0,0,0,NA,NA,NA,NA,NA,1.07546837166432,0.230314274491214,0,0,0,0,0.743753488774114,0.605987842704477,0.525170439348737,0.0499161071823127,-0.512603895410343
"535",535,3316,"Cho Oyu","CHOY","Khumbu Himal (NW of Everest on Tibetan border)",8188,12,2,2006,"CHOY06341",3,"NW side",NA,NA,NA,FALSE,FALSE,FALSE,FALSE,"2006-09-16","2006-10-02",NA,16,22,"2006-10-08",10,7500,2,2,0,0,0,0,FALSE,TRUE,NA,28.09361076,86.66333008,1,0,41,NA,222,0,NA,0.924567067801585,2000,16,22,"FALSE",268.432828543843,1.75540825176472,0,0,0,0,0.854529054066254,0.643944515205527,0.445820653651979,0.115590988997395,0.0712050600056754,100,0,0,0,0,0,NA,NA,NA,NA,NA,0.925106280112998,0.267546104635647,0,0,0,0,0.481354634980021,0.0933712033756809,-0.0505792268299982,-0.731051036808071,0.666808925563542
"536",536,3320,"Cho Oyu","CHOY","Khumbu Himal (NW of Everest on Tibetan border)",8188,12,2,2018,"CHOY18307",3,"NW side",NA,NA,NA,TRUE,FALSE,FALSE,FALSE,"2018-09-06","2018-09-28",NA,22,26,"2018-10-02",4,8188,3,10,4,0,5,4,TRUE,FALSE,NA,28.09361076,86.66333008,0,0,NA,160,41,0,0,0.921631934253008,2010,22,26,"FALSE",270.309608365283,1.16105326313769,0,2,0,0.0740740740740741,0.862311996451589,0.700127795608588,0.611923768620797,0.480066370031549,0.445888500759725,100,0,0,0,0,0,NA,NA,NA,NA,NA,1.14529304400169,0.209606531746827,0,0,0,0,0.64166499840422,0.277940191065463,0.158375638580657,-0.369504402356139,-0.267268063397372
"537",537,3323,"Cho Oyu","CHOY","Khumbu Himal (NW of Everest on Tibetan border)",8188,12,2,1996,"CHOY96104",1,"W side (direct from C2 to top)",NA,NA,NA,TRUE,FALSE,FALSE,FALSE,"1996-04-13","1996-05-02",700,19,27,"1996-05-10",1,8188,0,7,6,0,4,0,FALSE,TRUE,"Schmid frostbitten fingers",28.09361076,86.66333008,0,0,36,NA,279,0,0,1,1990,19,27,"FALSE",264.229062330155,2.23319546774869,0,0,0,0,0.855905406332901,0.639243725829283,0.531089742992611,0.186779826400098,0.358584687953321,100,0,0,0,0,0,NA,NA,NA,NA,NA,1.05373175693342,0.318420477735477,2,0,0.0714285714285714,0,0.597716040275283,0.306193081621351,-0.0142969451767529,-0.0710686712769036,-0.24689156583139
"538",538,3324,"Cho Oyu","CHOY","Khumbu Himal (NW of Everest on Tibetan border)",8188,12,2,2009,"CHOY09353",3,"NW side",NA,NA,NA,TRUE,FALSE,FALSE,FALSE,"2009-09-05","2009-09-29",930,24,26,"2009-10-01",7,8188,3,1,1,0,2,1,TRUE,FALSE,NA,28.09361076,86.66333008,0,0,NA,129,10,0,0,0.983269738773114,2000,24,26,"FALSE",270.539144209874,0.736575315039267,0,0,0,0,0.798021061244038,0.619755188911764,0.646429887403807,0.519556950910874,0.0456176161254348,100,0,0,0,0,0,NA,NA,NA,NA,NA,1.01880282983968,0.247981320537443,1,0,0.037037037037037,0,0.475122973101053,0.403455601913524,0.283104137658685,0.132493841975332,-0.0604790320848615
"539",539,3326,"Cho Oyu","CHOY","Khumbu Himal (NW of Everest on Tibetan border)",8188,12,2,2002,"CHOY02115",1,"NW side",NA,NA,NA,FALSE,FALSE,FALSE,FALSE,"2002-04-08","2002-04-18",NA,10,23,"2002-05-01",1,7130,2,2,0,0,0,0,FALSE,TRUE,NA,28.09361076,86.66333008,1,0,NA,216,5,0,NA,1,2000,10,23,"FALSE",262.689730882645,2.47942664333096,0,0,0,0,0.786426656218204,0.391533061461828,-0.0153097096768641,-0.545323318616416,-0.140418529811762,100,0,0,0,0,0,NA,NA,NA,NA,NA,1.16487395034064,0.336932348383007,0,2,0,0.0833333333333333,0.499289691031421,0.176789633616806,0.269399155638278,-0.388111567325725,-0.020753536781449
"540",540,3330,"Cho Oyu","CHOY","Khumbu Himal (NW of Everest on Tibetan border)",8188,12,2,2018,"CHOY18106",1,"NW side",NA,NA,NA,TRUE,FALSE,FALSE,FALSE,"2018-05-01","2018-05-06",830,5,8,"2018-05-09",1,8188,2,5,5,0,5,5,TRUE,FALSE,NA,28.09361076,86.66333008,0,0,156,5,248,0,0,1,2010,5,8,"FALSE",263.557782349763,0.983321294885283,0,0,0,0,0.297190366110936,-0.351500915992219,-0.330524360172783,-0.230414057970264,NA,100,0,0,0,0,0,NA,NA,NA,NA,NA,1.17902078440307,0.440897970138079,1,1,0.111111111111111,0.111111111111111,0.879383607681744,0.935098866141838,0.90145074715428,0.874248209946224,NA
"541",541,3334,"Cho Oyu","CHOY","Khumbu Himal (NW of Everest on Tibetan border)",8188,12,2,2009,"CHOY09310",3,"NW side",NA,NA,NA,FALSE,FALSE,FALSE,FALSE,"2009-09-11","2009-10-02",NA,21,26,"2009-10-07",1,7800,2,2,0,0,0,0,FALSE,TRUE,NA,28.09361076,86.66333008,1,0,41,313,191,0,NA,1,2000,21,26,"FALSE",270.281095339928,0.711140104118526,0,0,0,0,0.839722434071838,0.685710498085323,0.577108369742335,0.386092058939598,-0.463574679123602,100,0,0,0,0,0,NA,NA,NA,NA,NA,1.05121415296137,0.302063336367802,1,1,0.037037037037037,0.037037037037037,0.557430795342697,0.49530053140717,0.207543193305324,-0.110703428365135,-0.527078288132442
"543",543,3337,"Cho Oyu","CHOY","Khumbu Himal (NW of Everest on Tibetan border)",8188,12,2,2002,"CHOY02114",1,"NW side",NA,NA,NA,TRUE,FALSE,FALSE,FALSE,"2002-04-17","2002-05-09",1330,22,25,"2002-05-12",8,8188,2,10,3,0,1,0,FALSE,TRUE,NA,28.09361076,86.66333008,0,0,248,NA,339,0,0,0.726445553272674,2000,22,25,"FALSE",263.728917953296,2.61410900568214,0,0,0,0,0.896361508683317,0.743870365221997,0.554523021521641,0.040169395170144,-0.829357011790426,100,0,0,0,0,0,NA,NA,NA,NA,NA,1.10826892253802,0.340239255851202,0,2,0,0.0769230769230769,0.495152099838936,0.242769943153369,0.341487468801564,-0.275123198595096,-0.388989489713759
"544",544,3338,"Cho Oyu","CHOY","Khumbu Himal (NW of Everest on Tibetan border)",8188,12,2,2006,"CHOY06345",3,"NW side",NA,NA,NA,FALSE,FALSE,FALSE,FALSE,"2006-09-11","2006-10-04",NA,23,26,"2006-10-07",1,8000,2,1,0,0,0,0,FALSE,TRUE,NA,28.09361076,86.66333008,1,0,100,313,191,0,NA,1,2000,23,26,"FALSE",268.867561575807,1.78048388561116,0,0,0,0,0.869531447304697,0.673472634702117,0.498568050784753,0.305053811090438,0.283140633594358,100,0,0,0,0,0,NA,NA,NA,NA,NA,1.01013269728346,0.285704427053789,0,0,0,0,0.664368631784647,0.220865363982165,0.0374309536079037,-0.58733358225488,0.502656837112631
"545",545,3340,"Cho Oyu","CHOY","Khumbu Himal (NW of Everest on Tibetan border)",8188,12,2,2011,"CHOY11329",3,"NW side",NA,NA,NA,FALSE,FALSE,FALSE,FALSE,"2011-09-19","2011-10-01",NA,12,15,"2011-10-04",1,8060,0,2,0,0,0,0,FALSE,TRUE,NA,28.09361076,86.66333008,0,0,10,NA,100,0,NA,1,2010,12,15,"FALSE",268.226204077403,2.07438538318494,0,0,0,0,0.915315816558699,0.738248834246491,0.57739671968427,0.658669326516554,-0.406643277565583,100,0,0,0,0,0,NA,NA,NA,NA,NA,0.901404366086088,0.256444548027735,2,0,0.125,0,0.500344460492744,0.126455294422236,0.0108932941838148,0.0994599876211558,-0.183388268695723
"546",546,3341,"Cho Oyu","CHOY","Khumbu Himal (NW of Everest on Tibetan border)",8188,12,2,2011,"CHOY11113",1,"NW side",NA,NA,NA,TRUE,FALSE,FALSE,FALSE,"2011-04-25","2011-05-05",1315,10,14,"2011-05-09",1,8188,1,2,2,0,0,0,FALSE,TRUE,NA,28.09361076,86.66333008,0,0,125,NA,248,0,0,1,2010,10,14,"FALSE",264.467637295193,1.24791693586797,0,0,0,0,0.666462252889036,0.318857231491261,0.212947147717513,0.118988309211734,0.0289867837238626,100,0,0,0,0,0,NA,NA,NA,NA,NA,0.886579401377997,0.310956509060728,2,0,0.133333333333333,0,0.500860371737715,-0.0766766866539178,-0.368430392415835,0.410364743208945,-0.805909436309905
"547",547,3342,"Cho Oyu","CHOY","Khumbu Himal (NW of Everest on Tibetan border)",8188,12,2,2009,"CHOY09322",3,"NW side",NA,NA,NA,TRUE,FALSE,FALSE,FALSE,"2009-09-10","2009-09-29",645,19,23,"2009-10-03",1,8188,3,14,7,0,5,5,TRUE,FALSE,NA,28.09361076,86.66333008,0,0,NA,282,69,0,0,1,2000,19,23,"FALSE",270.316379494137,0.780113094084863,0,0,0,0,0.852905590583888,0.755177977590873,0.760071543839188,0.592043663228051,0.129758866033271,100,0,0,0,0,0,NA,NA,NA,NA,NA,0.979549736366135,0.241155866288834,1,0,0.0416666666666667,0,0.423408956902578,0.452825425811383,0.326481255048435,0.060256233846115,-0.125627702528369
"548",548,3344,"Cho Oyu","CHOY","Khumbu Himal (NW of Everest on Tibetan border)",8188,12,2,2013,"CHOY13319",3,"NW side",NA,NA,NA,TRUE,FALSE,FALSE,FALSE,"2013-09-05","2013-09-30",645,25,29,"2013-10-04",1,8188,3,5,3,0,4,3,TRUE,FALSE,NA,28.09361076,86.66333008,0,0,NA,129,100,0,0,1,2010,25,29,"FALSE",270.02883843316,0.78526361401014,0,0,0,0,0.742382261938072,0.399140288392186,0.220049306613527,0.106909029601415,-0.839974162039155,100,0,0,0,0,0,NA,NA,NA,NA,NA,1.10177020648642,0.238202455493008,1,0,0.0333333333333333,0,0.40255854260041,-0.173717338525565,-0.122813521252101,-0.286052858300919,0.19591972770275
"549",549,3345,"Cho Oyu","CHOY","Khumbu Himal (NW of Everest on Tibetan border)",8188,12,2,2006,"CHOY06326",3,"NW side",NA,NA,NA,FALSE,FALSE,FALSE,FALSE,"2006-09-11","2006-10-04",NA,23,26,"2006-10-07",6,7400,2,4,0,0,0,0,FALSE,TRUE,NA,28.09361076,86.66333008,1,0,100,313,191,0,NA,0.82917522747285,2000,23,26,"FALSE",268.867561575807,1.78048388561116,0,0,0,0,0.869531447304697,0.673472634702117,0.498568050784753,0.305053811090438,0.283140633594358,100,0,0,0,0,0,NA,NA,NA,NA,NA,1.01013269728346,0.285704427053789,0,0,0,0,0.664368631784647,0.220865363982165,0.0374309536079037,-0.58733358225488,0.502656837112631
"550",550,3349,"Cho Oyu","CHOY","Khumbu Himal (NW of Everest on Tibetan border)",8188,12,2,1988,"CHOY88103",1,"W Ridge-W Face from N",NA,NA,NA,TRUE,FALSE,FALSE,FALSE,"1988-04-14","1988-05-01",1600,17,28,"1988-05-12",4,8188,3,8,4,0,4,0,FALSE,TRUE,"Forno slight frostbite on left foot; Benzoni and Gianola altitude sickness",28.09361076,86.66333008,0,0,5,NA,340,0,0,0.89521573231582,1980,17,28,"FALSE",264.001985856856,1.75007312447488,0,0,0,0,0.784952875095835,0.639521735907668,0.544986340012589,0.454397599287543,0.298983652705179,100,0,0,0,0,0,NA,NA,NA,NA,NA,1.07477396600717,0.258004337323409,1,0,0.0344827586206897,0,0.176034944785958,-0.164310333918387,-0.173340672094877,-0.128644196165506,-0.485576776164727
"551",551,3350,"Cho Oyu","CHOY","Khumbu Himal (NW of Everest on Tibetan border)",8188,12,2,2002,"CHOY02308",3,"NW side",NA,NA,NA,TRUE,FALSE,FALSE,FALSE,"2002-09-12","2002-10-04",1105,22,26,"2002-10-08",10,8188,3,7,5,0,3,2,FALSE,TRUE,NA,28.09361076,86.66333008,0,0,100,343,222,0,0,0.89521573231582,2000,22,26,"FALSE",268.296701360632,1.52444922959272,0,0,0,0,0.778231723780075,0.509828709549022,0.254164400965021,-0.0604387145138263,0.890470177317587,100,0,0,0,0,0,NA,NA,NA,NA,NA,1.21579544105304,0.198368246057087,0,0,0,0,0.684958287493451,0.344930908645016,0.101775292348548,-0.0583385561740439,-0.580831431129131
"552",552,3351,"Cho Oyu","CHOY","Khumbu Himal (NW of Everest on Tibetan border)",8188,12,2,2006,"CHOY06365",3,"NW side",NA,NA,NA,TRUE,FALSE,FALSE,FALSE,"2006-09-16","2006-10-08",1700,22,25,"2006-10-11",4,8188,3,2,1,0,0,0,FALSE,TRUE,"Father of Pawel (Jerzy Michalski) suffered from pneumonia",28.09361076,86.66333008,0,0,222,NA,314,0,0,0.865864396830056,2000,22,25,"FALSE",268.276257001437,1.713280975824,0,0,0,0,0.861069152825555,0.659075800360619,0.480919759885755,0.190020454875955,0.0916307406604698,100,0,0,0,0,0,NA,NA,NA,NA,NA,0.93347836896237,0.253046152003464,0,0,0,0,0.46080557968854,0.0854898957489588,-0.072430550991255,-0.56516547815288,0.546927556967366
"553",553,3352,"Cho Oyu","CHOY","Khumbu Himal (NW of Everest on Tibetan border)",8188,12,2,2007,"CHOY07105",1,"NW side",NA,NA,NA,TRUE,FALSE,FALSE,FALSE,"2007-04-05","2007-05-08",930,33,35,"2007-05-10",1,8188,3,7,1,0,3,0,TRUE,FALSE,NA,28.09361076,86.66333008,0,0,217,124,278,0,0,1,2000,33,35,"FALSE",264.135334385766,2.04659557241314,0,0,0,0,0.93625336665389,0.869785526057585,0.785785865440506,0.583320881196414,0.138766106719671,100,0,0,0,0,0,NA,NA,NA,NA,NA,1.09799944775072,0.299737948470178,3,1,0.0833333333333333,0.0277777777777778,0.542220406984791,0.480523875043576,0.236084595255903,-0.217719858894066,-0.463177293894461
"554",554,3358,"Cho Oyu","CHOY","Khumbu Himal (NW of Everest on Tibetan border)",8188,12,2,2003,"CHOY03320",3,"NW side",NA,NA,NA,TRUE,FALSE,FALSE,FALSE,"2003-09-02","2003-09-27",945,25,31,"2003-10-03",1,8188,3,2,1,0,0,0,TRUE,FALSE,NA,28.09361076,86.66333008,0,0,NA,40,69,0,0,1,2000,25,31,"FALSE",270.89835079511,1.63621252121785,0,9,0,0.28125,0.95481052926449,0.877327812740344,0.804512651407902,0.799876744320601,0.726654354535406,100,0,0,0,0,0,NA,NA,NA,NA,NA,1.15529060845671,0.306334813331382,1,1,0.03125,0.03125,0.613052258888745,0.220976943641688,0.0713906209723251,0.125094286596402,-0.215595312912886
"555",555,3365,"Cho Oyu","CHOY","Khumbu Himal (NW of Everest on Tibetan border)",8188,12,2,2001,"CHOY01318",3,"NW side",NA,NA,NA,FALSE,FALSE,FALSE,FALSE,"2001-09-09","2001-10-05",NA,26,31,"2001-10-10",1,7500,3,8,0,0,3,0,FALSE,TRUE,NA,28.09361076,86.66333008,1,0,130,252,283,0,NA,1,2000,26,31,"FALSE",269.332268714905,1.52230655532318,0,0,0,0,0.942357810373232,0.868863318780145,0.81212205547537,0.668092657506275,0.657972491292404,100,0,0,0,0,0,NA,NA,NA,NA,NA,1.14372746570131,0.229379563724866,0,0,0,0,0.468335653655695,0.20542585382133,-0.00748744581725382,0.225524625729304,-0.124853930063802
"556",556,3368,"Cho Oyu","CHOY","Khumbu Himal (NW of Everest on Tibetan border)",8188,12,2,2002,"CHOY02326",3,"NW side",NA,NA,NA,TRUE,FALSE,FALSE,FALSE,"2002-09-01","2002-10-01",900,30,34,"2002-10-05",1,8188,3,14,6,0,5,2,TRUE,FALSE,"Griber got pulmonary edema on 17th at C2 and left ABC on 21st for KTM with Carnahan and Stoup; they probably have left BC on 23rd",28.09361076,86.66333008,0,0,10,9,130,0,0,1,2000,30,34,"FALSE",269.225044504801,1.51744077552947,0,0,0,0,0.856696041214708,0.687544209684053,0.556450884831628,0.329560549535623,0.85618572976408,100,0,0,0,0,0,NA,NA,NA,NA,NA,1.19750337940344,0.174725998302442,0,0,0,0,0.682167738080368,0.37938868103074,0.150577983008122,-0.071003682817409,-0.462098578616585
"557",557,3369,"Cho Oyu","CHOY","Khumbu Himal (NW of Everest on Tibetan border)",8188,12,2,2003,"CHOY03329",3,"NW side",NA,NA,NA,TRUE,FALSE,FALSE,FALSE,"2003-09-12","2003-10-05",1330,23,25,"2003-10-07",1,8188,3,1,1,0,0,0,FALSE,TRUE,NA,28.09361076,86.66333008,0,0,130,343,191,0,0,1,2000,23,25,"FALSE",269.737067393768,2.19176638607199,0,3,0,0.115384615384615,0.949562804097119,0.880874352213505,0.806688421912596,0.742130564508731,0.840471375661085,100,0,0,0,0,0,NA,NA,NA,NA,NA,1.1498896357669,0.335041599465702,1,1,0.0384615384615385,0.0384615384615385,0.622886369214568,0.181912445127174,-0.0408013040226503,-0.0377155027765941,-0.186455321268659
"558",558,3372,"Cho Oyu","CHOY","Khumbu Himal (NW of Everest on Tibetan border)",8188,12,2,2007,"CHOY07113",1,"NW side",NA,NA,NA,TRUE,FALSE,FALSE,FALSE,"2007-04-19","2007-05-05",1100,16,20,"2007-05-09",1,8188,2,3,1,0,2,2,FALSE,TRUE,NA,28.09361076,86.66333008,0,0,125,NA,248,0,0,1,2000,16,20,"FALSE",265.087062411838,1.75266010531504,0,0,0,0,0.929945886810719,0.826943469453169,0.657846284729084,0.347967708613607,-0.573811298526144,100,0,0,0,0,0,NA,NA,NA,NA,NA,1.10835570969637,0.333125833274463,2,1,0.0952380952380952,0.0476190476190476,0.550364186851812,0.53498153926651,0.31773369413859,-0.105208599583585,-0.179800651968021
"559",559,3376,"Cho Oyu","CHOY","Khumbu Himal (NW of Everest on Tibetan border)",8188,12,2,2007,"CHOY07365",3,"NW side",NA,NA,NA,FALSE,FALSE,FALSE,FALSE,"2007-09-02","2007-09-15",NA,13,33,"2007-10-05",1,7200,2,1,0,0,0,0,FALSE,TRUE,NA,28.09361076,86.66333008,1,0,NA,40,130,0,NA,1,2000,13,33,"FALSE",270.578434065276,1.25903618310258,0,5,0,0.147058823529412,0.923818465146605,0.812671137172506,0.692135642247435,0.616693034066988,0.737600642654771,100,0,0,0,0,0,NA,NA,NA,NA,NA,1.02552349864798,0.261072243508432,3,0,0.0882352941176471,0,0.685938717322405,0.363155662455049,0.19782135347377,0.0950676550139586,-0.305522715181076
"560",560,3379,"Cho Oyu","CHOY","Khumbu Himal (NW of Everest on Tibetan border)",8188,12,2,2006,"CHOY06343",3,"SW Face","NW side (to 7000m)",NA,NA,TRUE,FALSE,FALSE,FALSE,"2006-09-12","2006-10-02",1545,20,25,"2006-10-07",1,8188,0,8,5,0,0,0,FALSE,TRUE,NA,28.09361076,86.66333008,0,0,41,343,191,0,0,1,2000,20,25,"FALSE",268.759522609222,1.72312688903324,0,0,0,0,0.862838322072557,0.66400094194575,0.482153060007586,0.279576932706103,0.162351232059406,100,0,0,0,0,0,NA,NA,NA,NA,NA,0.995232737696769,0.280460502461262,0,0,0,0,0.63524666923838,0.176925583310886,-0.0135425666322459,-0.702478254524249,0.538698495504701
"561",561,3381,"Cho Oyu","CHOY","Khumbu Himal (NW of Everest on Tibetan border)",8188,12,2,2013,"CHOY13314",3,"NW side",NA,NA,NA,TRUE,FALSE,FALSE,FALSE,"2013-09-02","2013-09-29",930,27,29,"2013-10-01",1,8188,0,2,1,0,2,2,TRUE,FALSE,NA,28.09361076,86.66333008,0,0,NA,40,10,0,0,1,2010,27,29,"FALSE",270.338323635525,0.928412852461288,0,2,0,0.0666666666666667,0.826227743400797,0.543997799118497,0.276801573044227,-0.182568610998623,-0.877096547175827,100,0,0,0,0,0,NA,NA,NA,NA,NA,1.09995608078801,0.235464960475189,1,0,0.0333333333333333,0,0.407025020044974,-0.0726929335435832,-0.118988840285617,-0.271945699994855,0.447831679518257
"562",562,3385,"Cho Oyu","CHOY","Khumbu Himal (NW of Everest on Tibetan border)",8188,12,2,2016,"CHOY16318",3,"NW side",NA,NA,NA,TRUE,FALSE,FALSE,FALSE,"2016-09-10","2016-10-03",NA,23,26,"2016-10-06",1,8188,2,34,32,0,43,43,TRUE,FALSE,NA,28.09361076,86.66333008,0,0,70,283,162,0,0,1,2010,23,26,"FALSE",270.582531210817,0.850164424752447,0,1,0,0.037037037037037,0.858659924024024,0.644410434635073,0.530368294778599,0.548086089131406,0.398412263677189,100,0,0,0,0,0,NA,NA,NA,NA,NA,1.03557309294951,0.315349521202099,3,0,0.111111111111111,0,0.641288427979628,0.136100702977093,-0.175741270808793,-0.321740296688595,-0.265915252996242
"563",563,3387,"Cho Oyu","CHOY","Khumbu Himal (NW of Everest on Tibetan border)",8188,12,2,2006,"CHOY06327",3,"NW side",NA,NA,NA,TRUE,FALSE,FALSE,FALSE,"2006-09-06","2006-10-02",955,26,29,"2006-10-05",5,8188,0,3,1,0,0,0,FALSE,TRUE,NA,28.09361076,86.66333008,0,0,41,160,130,0,0,0.880540064572938,2000,26,29,"FALSE",269.632103771634,2.14255374565868,0,5,0,0.166666666666667,0.915244694578255,0.779397665893119,0.661143923540805,0.451094253135824,0.611169089909102,100,0,0,0,0,0,NA,NA,NA,NA,NA,0.959128692438564,0.286930800145979,0,0,0,0,0.643734242135323,0.220354506676399,-0.13284328698088,-0.654295901697548,0.608855775101681
"564",564,3391,"Cho Oyu","CHOY","Khumbu Himal (NW of Everest on Tibetan border)",8188,12,2,2002,"CHOY02309",3,"NW side",NA,NA,NA,TRUE,FALSE,FALSE,FALSE,"2002-09-06","2002-10-01",NA,25,31,"2002-10-07",1,8188,3,18,8,0,7,4,TRUE,FALSE,"Faulstich incipient pneumonia & used O2 in ABC at night; Liebold bad bronchitis; Eisenberger cerebral edema at 8000m; Waaz frostbitten nose; Lhaka Tshering bad throat infection; Liebold & Lhakpa Tshering left team about 24 Sept",28.09361076,86.66333008,0,0,10,160,191,0,0,1,2000,25,31,"FALSE",268.740447719892,1.40806798585522,0,0,0,0,0.812661424195697,0.599247281038511,0.464966956727997,0.21197433991266,0.795531761508691,100,0,0,0,0,0,NA,NA,NA,NA,NA,1.1891393907963,0.179751242343297,0,0,0,0,0.658355754903669,0.363356957861902,0.203734921502801,-0.0844137292848225,-0.575575782452572
"565",565,3392,"Cho Oyu","CHOY","Khumbu Himal (NW of Everest on Tibetan border)",8188,12,2,1999,"CHOY99301",3,"NW side",NA,NA,NA,TRUE,FALSE,FALSE,FALSE,"1999-09-03","1999-09-26",1315,23,28,"1999-10-01",1,8188,3,9,4,0,2,2,FALSE,TRUE,NA,28.09361076,86.66333008,0,0,NA,68,10,0,0,1,1990,23,28,"FALSE",270.876160764146,1.05641408146825,0,6,0,0.206896551724138,0.961110440213591,0.92105166257107,0.901351429343105,0.868777849078393,0.799196356408437,100,0,0,0,0,0,NA,NA,NA,NA,NA,0.879345662137389,0.220684239390977,2,0,0.0689655172413793,0,0.60934525039647,0.258625253668906,0.103956903219325,0.118200812685703,-0.505890826269887
"566",566,3395,"Cho Oyu","CHOY","Khumbu Himal (NW of Everest on Tibetan border)",8188,12,2,2006,"CHOY06367",3,"NW side",NA,NA,NA,TRUE,FALSE,FALSE,FALSE,"2006-09-09","2006-10-01",830,22,26,"2006-10-05",1,8188,3,1,1,0,1,1,TRUE,FALSE,NA,28.09361076,86.66333008,0,0,10,252,130,0,0,1,2000,22,26,"FALSE",269.264822453628,1.92236158788635,0,2,0,0.0740740740740741,0.886963137467496,0.697722657123388,0.535237103660142,0.335589058072045,0.469077024699318,100,0,0,0,0,0,NA,NA,NA,NA,NA,0.986557159922436,0.289470938145851,0,0,0,0,0.61200608493197,0.149448050236119,-0.129276307135783,-0.617599133022708,0.623594178141078
"567",567,3396,"Cho Oyu","CHOY","Khumbu Himal (NW of Everest on Tibetan border)",8188,12,2,1998,"CHOY98105",1,"NW side (direct rte)",NA,NA,NA,TRUE,FALSE,FALSE,FALSE,"1998-04-14","1998-05-01",1500,17,26,"1998-05-10",1,8188,3,6,2,0,0,0,FALSE,TRUE,"Nothing serious",28.09361076,86.66333008,0,0,5,NA,278,0,0,1,1990,17,26,"FALSE",264.58761669677,3.0700461913039,0,0,0,0,0.930662974006704,0.828223027086928,0.696011662476307,0.541478987756575,0.0779064224759828,100,0,0,0,0,0,NA,NA,NA,NA,NA,0.874537099445594,0.291534558476471,3,0,0.111111111111111,0,0.804267106396027,0.54444223820355,0.256687775393255,-0.309464543811003,0.245987710945904
"568",568,3397,"Cho Oyu","CHOY","Khumbu Himal (NW of Everest on Tibetan border)",8188,12,2,2005,"CHOY05119",1,"NW side",NA,NA,NA,FALSE,FALSE,FALSE,FALSE,"2005-04-11","2005-05-03",NA,22,30,"2005-05-11",1,8030,2,4,0,0,0,0,FALSE,TRUE,NA,28.09361076,86.66333008,1,0,64,308,309,0,NA,1,2000,22,30,"FALSE",262.42909630396,2.21087711574683,0,0,0,0,0.783641876386199,0.504846778186113,0.287644209149557,0.0191317680203586,0.197709098693078,100,0,0,0,0,0,NA,NA,NA,NA,NA,1.19801052824411,0.234818586864506,0,0,0,0,0.433495417766179,-0.0686618456794054,-0.309407043658569,-0.0843079348085208,0.0140139073569968
"569",569,3401,"Cho Oyu","CHOY","Khumbu Himal (NW of Everest on Tibetan border)",8188,12,2,2001,"CHOY01334",3,"NW side",NA,NA,NA,FALSE,FALSE,FALSE,FALSE,"2001-09-09","2001-09-27",NA,18,31,"2001-10-10",1,7420,2,12,0,0,3,0,FALSE,TRUE,NA,28.09361076,86.66333008,1,0,NA,252,283,0,NA,1,2000,18,31,"FALSE",269.332268714905,1.52230655532318,0,0,0,0,0.942357810373232,0.868863318780145,0.81212205547537,0.668092657506275,0.657972491292404,100,0,0,0,0,0,NA,NA,NA,NA,NA,1.14372746570131,0.229379563724866,0,0,0,0,0.468335653655695,0.20542585382133,-0.00748744581725382,0.225524625729304,-0.124853930063802
"570",570,3408,"Cho Oyu","CHOY","Khumbu Himal (NW of Everest on Tibetan border)",8188,12,2,2006,"CHOY06308",3,"NW side",NA,NA,NA,TRUE,FALSE,FALSE,FALSE,"2006-09-10","2006-10-01",815,21,23,"2006-10-03",1,8188,3,2,2,0,2,2,TRUE,FALSE,NA,28.09361076,86.66333008,0,0,10,282,69,0,0,1,2000,21,23,"FALSE",269.351625389523,1.74073057247728,0,1,0,0.0416666666666667,0.885551221752031,0.705960349975598,0.491332497482391,0.18229330701677,0.216331191421167,100,0,0,0,0,0,NA,NA,NA,NA,NA,0.96923347911765,0.269411791357249,0,0,0,0,0.655770245109973,0.285816884399643,0.0164721023792956,-0.56476496028711,0.695607689310951
"571",571,3409,"Cho Oyu","CHOY","Khumbu Himal (NW of Everest on Tibetan border)",8188,12,2,2010,"CHOY10333",3,"NW side",NA,NA,NA,FALSE,FALSE,FALSE,FALSE,"2010-09-08","2010-09-27",NA,19,25,"2010-10-03",1,7450,2,11,0,0,5,0,FALSE,TRUE,NA,28.09361076,86.66333008,1,0,NA,221,69,0,NA,1,2010,19,25,"FALSE",270.157206217448,1.60382333087343,0,2,0,0.0769230769230769,0.904885898007657,0.748525571170161,0.578387004955622,0.405328885959705,0.474488526751349,100,0,0,0,0,0,NA,NA,NA,NA,NA,1.06281052441603,0.188123583808377,0,0,0,0,0.506552507937247,-0.098305304803959,-0.0556655875643656,-0.572770956676821,0.198124736144925
"572",572,3411,"Cho Oyu","CHOY","Khumbu Himal (NW of Everest on Tibetan border)",8188,12,2,2009,"CHOY09313",3,"NW side",NA,NA,NA,FALSE,FALSE,FALSE,FALSE,"2009-09-10","2009-10-01",NA,21,25,"2009-10-05",1,7800,3,4,0,0,0,0,FALSE,TRUE,NA,28.09361076,86.66333008,0,0,10,282,130,0,NA,1,2000,21,25,"FALSE",270.314569668892,0.748615067362502,0,0,0,0,0.837877613365384,0.672510152739893,0.650681144623853,0.522681006730229,-0.103746067875112,100,0,0,0,0,0,NA,NA,NA,NA,NA,1.01144745243733,0.257698193732996,1,0,0.0384615384615385,0,0.397650937605646,0.343181837735427,0.291380108990819,-0.0633411549682592,-0.482985871806806
"574",574,3413,"Cho Oyu","CHOY","Khumbu Himal (NW of Everest on Tibetan border)",8188,12,2,2006,"CHOY06101",1,"NW side",NA,NA,NA,TRUE,FALSE,FALSE,FALSE,"2006-04-12","2006-05-04",1000,22,25,"2006-05-07",0,8188,2,3,1,0,0,0,FALSE,TRUE,"Loyola got slight frostbite on 4 toes (noticed his frostbite at ABC on 5 May)",28.09361076,86.66333008,0,0,95,338,186,0,0,0,2000,22,25,"FALSE",261.244701654483,2.66264824988117,0,0,0,0,0.888817064666151,0.686606956925686,0.610926307934605,0.774596980683877,0.390214709599535,100,0,0,0,0,0,NA,NA,NA,NA,NA,1.00527089831328,0.384223568178345,4,1,0.153846153846154,0.0384615384615385,0.619147282771498,0.173281945343037,0.109998605269957,0.162589126818042,-0.415291681814192
"575",575,3414,"Cho Oyu","CHOY","Khumbu Himal (NW of Everest on Tibetan border)",8188,12,2,1989,"CHOY89102",1,"S Ridge",NA,NA,NA,FALSE,FALSE,FALSE,FALSE,"1989-04-07","1989-04-28",NA,21,28,"1989-05-05",9,6200,1,7,0,0,0,0,FALSE,TRUE,"Schaer broke leg; Koechli sick",28.09361076,86.66333008,1,0,NA,185,125,0,NA,0.909891400058703,1980,21,28,"FALSE",260.757874390175,2.56509615621044,0,0,0,0,0.779063215020661,0.46059225609474,0.25665224964565,0.0616929491204228,0.532309814361003,100,0,0,0,0,0,NA,NA,NA,NA,NA,1.17594022412818,0.295256533976817,2,1,0.0689655172413793,0.0344827586206897,0.472453361182973,0.0217873500902868,-0.0914671278626276,-0.201180752388038,-0.138710926297162
"576",576,3416,"Cho Oyu","CHOY","Khumbu Himal (NW of Everest on Tibetan border)",8188,12,2,2010,"CHOY10337",3,"NW side",NA,NA,NA,FALSE,FALSE,FALSE,FALSE,"2010-09-12","2010-10-02",NA,20,23,"2010-10-05",1,7400,2,2,0,0,0,0,FALSE,TRUE,NA,28.09361076,86.66333008,1,0,41,343,130,0,NA,1,2010,20,23,"FALSE",269.62061129676,1.8783366563449,0,1,0,0.0416666666666667,0.922570099005656,0.764885245268683,0.574264400659244,0.380806557511085,0.806323697190004,100,0,0,0,0,0,NA,NA,NA,NA,NA,1.09457296880472,0.21583342620873,0,0,0,0,0.650477040965111,0.232045983732549,0.155889594154641,-0.379955447093618,0.243948087295594
"577",577,3417,"Cho Oyu","CHOY","Khumbu Himal (NW of Everest on Tibetan border)",8188,12,2,2016,"CHOY16307",3,"NW side",NA,NA,NA,TRUE,FALSE,FALSE,FALSE,"2016-09-05","2016-09-30",945,25,30,"2016-10-05",1,8188,2,5,4,0,3,3,TRUE,FALSE,NA,28.09361076,86.66333008,0,0,NA,130,131,0,0,1,2010,25,30,"FALSE",270.856888965894,1.00829159419748,0,6,0,0.193548387096774,0.908067112484053,0.788178144529264,0.731461189984065,0.671570186918527,0.712872132722709,100,0,0,0,0,0,NA,NA,NA,NA,NA,0.994064820442998,0.2944211233973,4,0,0.129032258064516,0,0.572195925626199,0.0688679924695262,-0.151473345790354,-0.126213916948873,-0.0300253892859859
"578",578,3419,"Cho Oyu","CHOY","Khumbu Himal (NW of Everest on Tibetan border)",8188,12,2,2009,"CHOY09316",3,"NW side",NA,NA,NA,TRUE,FALSE,FALSE,FALSE,"2009-09-09","2009-09-30",930,21,24,"2009-10-03",7,8188,3,9,7,0,4,4,TRUE,FALSE,NA,28.09361076,86.66333008,0,0,NA,252,69,0,0,0.871734663927209,2000,21,24,"FALSE",270.360908152262,0.795480435193,0,0,0,0,0.864424489616423,0.737710331406042,0.733011219494769,0.627072798571086,0.291279283608109,100,0,0,0,0,0,NA,NA,NA,NA,NA,0.986132509927923,0.238361703186773,1,0,0.04,0,0.434948866396815,0.452532838384957,0.32400638318167,0.0924453909279283,-0.112125295858485
"579",579,3421,"Cho Oyu","CHOY","Khumbu Himal (NW of Everest on Tibetan border)",8188,12,2,2007,"CHOY07338",3,"NW side",NA,NA,NA,TRUE,FALSE,FALSE,FALSE,"2007-09-19","2007-10-09",1530,20,22,"2007-10-11",0,8188,3,3,3,0,0,0,TRUE,FALSE,"Nothing except numb fingers from cold",28.09361076,86.66333008,0,0,253,NA,314,0,0,1,2000,20,22,"FALSE",269.545834306358,0.530481752190067,0,0,0,0,0.683306019276426,0.336190229152721,0.138520704408678,0.109360221326001,0.132629386460538,100,0,0,0,0,0,NA,NA,NA,NA,NA,1.18121497303262,0.254422819554523,1,0,0.0434782608695652,0,0.546656320360235,0.12910511475404,0.100587215534014,-0.180876070093595,-0.0546935558520489
"580",580,3423,"Cho Oyu","CHOY","Khumbu Himal (NW of Everest on Tibetan border)",8188,12,2,1995,"CHOY95305",3,"W side 'W Corner'",NA,NA,NA,TRUE,FALSE,FALSE,FALSE,"1995-09-11","1995-10-02",NA,21,28,"1995-10-09",1,8188,3,19,6,0,4,2,FALSE,TRUE,"None",28.09361076,86.66333008,0,0,41,313,253,0,0,1,1990,21,28,"FALSE",269.03794738068,2.40842673338023,0,0,0,0,0.923523769739774,0.820363849268529,0.777370601364343,0.710441207827794,0.107874161616432,100,0,0,0,0,0,NA,NA,NA,NA,NA,1.10113368165202,0.212868642498072,0,0,0,0,0.474642337630271,0.0241461816891529,-0.0876383297478556,0.366805327723679,0.664392947078268
"581",581,3425,"Cho Oyu","CHOY","Khumbu Himal (NW of Everest on Tibetan border)",8188,12,2,2009,"CHOY09324",3,"NW side",NA,NA,NA,FALSE,FALSE,FALSE,FALSE,"2009-09-16","2009-10-01",NA,15,19,"2009-10-05",10,7875,2,2,0,0,0,0,FALSE,TRUE,NA,28.09361076,86.66333008,1,0,10,NA,130,0,NA,0.917229233930144,2000,15,19,"FALSE",270.134181976318,0.733929677023908,0,0,0,0,0.866018871689289,0.683962039274853,0.563989261348992,0.36432156010323,-0.588782752970834,100,0,0,0,0,0,NA,NA,NA,NA,NA,0.969102349335608,0.270237137614489,1,0,0.05,0,0.272167359438411,0.218777214170085,0.145447330939043,-0.184123184133551,-0.408987845369167
"582",582,3427,"Cho Oyu","CHOY","Khumbu Himal (NW of Everest on Tibetan border)",8188,12,2,2013,"CHOY13318",3,"NW side",NA,NA,NA,FALSE,FALSE,FALSE,FALSE,"2013-09-13","2013-10-02",NA,19,24,"2013-10-07",1,7100,2,8,0,0,4,0,FALSE,TRUE,NA,28.09361076,86.66333008,1,0,41,NA,191,0,NA,1,2010,19,24,"FALSE",269.678050384521,1.38235136347642,0,0,0,0,0.857918960486482,0.598195186195767,0.526411829006465,0.173084277041323,-0.415885571624092,100,0,0,0,0,0,NA,NA,NA,NA,NA,1.09048737681019,0.233750728956572,1,0,0.04,0,0.223020424977185,-0.524272682993202,-0.212975748268906,0.169705193114678,-0.669531056210026
"583",583,3430,"Cho Oyu","CHOY","Khumbu Himal (NW of Everest on Tibetan border)",8188,12,2,2002,"CHOY02305",3,"NW side",NA,NA,NA,FALSE,FALSE,FALSE,FALSE,"2002-09-02","2002-09-16",NA,14,29,"2002-10-01",1,7000,2,1,0,0,1,0,FALSE,TRUE,"Henriksen throat infection",28.09361076,86.66333008,1,0,NA,40,10,0,NA,1,2000,14,29,"FALSE",269.288703070747,1.5535469431519,0,0,0,0,0.850049100138641,0.765210053728118,0.599070478425251,0.28071627111012,0.846420139467299,100,0,0,0,0,0,NA,NA,NA,NA,NA,1.20403446888002,0.184688367636039,0,0,0,0,0.709227404399581,0.433954664242098,0.172023843027873,-0.17654113679841,-0.517345472258724
"584",584,3433,"Cho Oyu","CHOY","Khumbu Himal (NW of Everest on Tibetan border)",8188,12,2,2011,"CHOY11317",3,"NW side",NA,NA,NA,TRUE,FALSE,FALSE,FALSE,"2011-09-17","2011-10-07",1100,20,24,"2011-10-11",1,8188,3,4,2,0,0,0,FALSE,TRUE,NA,28.09361076,86.66333008,0,0,191,NA,314,0,0,1,2010,20,24,"FALSE",267.83276743571,2.32105605438707,0,1,0,0.04,0.918170677176619,0.802766385301524,0.735703174676691,0.761858652512865,0.244807294153468,100,0,0,0,0,0,NA,NA,NA,NA,NA,0.890855414851144,0.249043026326446,3,0,0.12,0,0.429791934268785,0.124830329004358,-0.103262320347474,0.00773366571647488,-0.513014396928962
"585",585,3435,"Cho Oyu","CHOY","Khumbu Himal (NW of Everest on Tibetan border)",8188,12,2,2002,"CHOY02313",3,"NW side",NA,NA,NA,FALSE,FALSE,FALSE,FALSE,"2002-09-15","2002-10-06",NA,21,25,"2002-10-10",1,8000,3,5,0,0,1,0,FALSE,TRUE,"Only Nardi's slightly frostbitten toes",28.09361076,86.66333008,1,0,161,NA,283,0,NA,1,2000,21,25,"FALSE",267.773603243706,1.60468036747153,0,0,0,0,0.79856674208741,0.553367188452217,0.264944295480993,-0.092201856796225,0.853466406049451,100,0,0,0,0,0,NA,NA,NA,NA,NA,1.19889183484877,0.234262088147158,0,0,0,0,0.638762756149359,0.131072167394161,0.0230978347846555,0.14626359742152,-0.0214003927074344
"586",586,3436,"Cho Oyu","CHOY","Khumbu Himal (NW of Everest on Tibetan border)",8188,12,2,1999,"CHOY99305",3,"NW side",NA,NA,NA,FALSE,FALSE,FALSE,FALSE,"1999-09-30","1999-10-09",NA,9,10,"1999-10-10",1,8150,2,1,0,0,0,0,FALSE,TRUE,"Frostbitten toes but will heal",28.09361076,86.66333008,1,0,253,NA,283,0,NA,1,1990,9,10,"FALSE",268.300661260431,1.04670699036498,0,0,0,0,0.853824069898218,0.647274007467785,0.536875192634617,0.964513094446013,NA,100,0,0,0,0,0,NA,NA,NA,NA,NA,1.42125782514101,0.178158409418849,0,0,0,0,0.662096662610706,0.366438869689231,0.483703814061806,0.111258551320652,NA
"587",587,3438,"Cho Oyu","CHOY","Khumbu Himal (NW of Everest on Tibetan border)",8188,12,2,2009,"CHOY09346",3,"NW side",NA,NA,NA,FALSE,FALSE,FALSE,FALSE,"2009-09-10","2009-10-01",NA,21,25,"2009-10-05",1,7700,3,3,0,0,0,0,FALSE,TRUE,NA,28.09361076,86.66333008,1,0,10,282,130,0,NA,1,2000,21,25,"FALSE",270.314569668892,0.748615067362502,0,0,0,0,0.837877613365384,0.672510152739893,0.650681144623853,0.522681006730229,-0.103746067875112,100,0,0,0,0,0,NA,NA,NA,NA,NA,1.01144745243733,0.257698193732996,1,0,0.0384615384615385,0,0.397650937605646,0.343181837735427,0.291380108990819,-0.0633411549682592,-0.482985871806806
"588",588,3443,"Cho Oyu","CHOY","Khumbu Himal (NW of Everest on Tibetan border)",8188,12,2,1999,"CHOY99316",3,"NW side",NA,NA,NA,TRUE,FALSE,FALSE,FALSE,"1999-09-03","1999-09-26",1400,23,28,"1999-10-01",1,8188,3,1,1,0,0,0,FALSE,TRUE,NA,28.09361076,86.66333008,0,0,NA,68,10,0,0,1,1990,23,28,"FALSE",270.876160764146,1.05641408146825,0,6,0,0.206896551724138,0.961110440213591,0.92105166257107,0.901351429343105,0.868777849078393,0.799196356408437,100,0,0,0,0,0,NA,NA,NA,NA,NA,0.879345662137389,0.220684239390977,2,0,0.0689655172413793,0,0.60934525039647,0.258625253668906,0.103956903219325,0.118200812685703,-0.505890826269887
"589",589,3445,"Cho Oyu","CHOY","Khumbu Himal (NW of Everest on Tibetan border)",8188,12,2,1999,"CHOY99318",3,"NW side",NA,NA,NA,TRUE,FALSE,FALSE,FALSE,"1999-09-08","1999-10-01",1110,23,27,"1999-10-05",1,8188,2,14,1,0,4,0,TRUE,FALSE,NA,28.09361076,86.66333008,0,0,10,221,130,0,0,1,1990,23,27,"FALSE",270.35371803102,1.03290717336985,0,1,0,0.0357142857142857,0.963223399777355,0.929646583687328,0.908892749123169,0.869358000637651,0.803080245687858,100,0,0,0,0,0,NA,NA,NA,NA,NA,0.942136818047885,0.290598440525647,2,0,0.0714285714285714,0,0.792170060952597,0.543855801379166,0.353200470178758,0.0438246337424324,-0.354670769949124
"590",590,3446,"Cho Oyu","CHOY","Khumbu Himal (NW of Everest on Tibetan border)",8188,12,2,2010,"CHOY10319",3,"NW side",NA,NA,NA,FALSE,FALSE,FALSE,FALSE,"2010-09-10","2010-09-22",NA,12,23,"2010-10-03",1,7100,3,9,0,0,1,0,FALSE,TRUE,NA,28.09361076,86.66333008,0,0,NA,282,69,0,NA,1,2010,12,23,"FALSE",270.092334323459,1.65491050963759,0,2,0,0.0833333333333333,0.906862924321393,0.758760747073598,0.585673875065844,0.410711045239065,0.595681389504159,100,0,0,0,0,0,NA,NA,NA,NA,NA,1.05371482969764,0.191476117119077,0,0,0,0,0.533575590491575,-0.0444593100786212,0.02039488289322,-0.551920221249467,0.246482693523576
"591",591,3448,"Cho Oyu","CHOY","Khumbu Himal (NW of Everest on Tibetan border)",8188,12,2,2010,"CHOY10322",3,"NW side",NA,NA,NA,FALSE,FALSE,FALSE,FALSE,"2010-09-03","2010-09-14",NA,11,29,"2010-10-02",1,7132,2,15,0,0,5,0,FALSE,TRUE,NA,28.09361076,86.66333008,1,1,NA,68,41,0,NA,1,2010,11,29,"FALSE",270.599821599325,1.62124783897787,0,6,0,0.2,0.908567678931405,0.758877979501861,0.607059353934512,0.471757876291546,0.578302372143031,100,0,0,0,0,0,NA,NA,NA,NA,NA,1.0645875017943,0.184962264329318,0,0,0,0,0.315159786268567,-0.265907420014804,-0.200600204816153,-0.209206137775638,-0.0606239963292564
"592",592,3452,"Cho Oyu","CHOY","Khumbu Himal (NW of Everest on Tibetan border)",8188,12,2,2016,"CHOY16308",3,"NW side",NA,NA,NA,TRUE,FALSE,FALSE,FALSE,"2016-09-11","2016-09-30",845,19,23,"2016-10-04",1,8188,2,4,4,0,3,3,TRUE,FALSE,NA,28.09361076,86.66333008,0,0,NA,314,101,0,0,1,2010,19,23,"FALSE",270.512001885308,0.791396446059347,0,0,0,0,0.826622862806483,0.635992938957758,0.560930517585869,0.529071427117862,0.362147331898223,100,0,0,0,0,0,NA,NA,NA,NA,NA,1.00226498099547,0.309479127056669,3,0,0.125,0,0.615178511438565,0.126966699791712,-0.129753853361624,-0.123375821659568,-0.303438737934058
"593",593,3453,"Cho Oyu","CHOY","Khumbu Himal (NW of Everest on Tibetan border)",8188,12,2,2007,"CHOY07121",1,"NW side",NA,NA,NA,TRUE,FALSE,FALSE,FALSE,"2007-04-10","2007-05-04",900,24,28,"2007-05-08",2,8188,3,7,4,0,4,4,TRUE,FALSE,NA,28.09361076,86.66333008,0,0,95,277,217,0,0,1,2000,24,28,"FALSE",264.24640083313,1.8157133197962,0,0,0,0,0.920826377152245,0.825234698357682,0.690789408838978,0.311311511046606,-0.0627392819450908,100,0,0,0,0,0,NA,NA,NA,NA,NA,1.06704055523557,0.318051270381057,3,1,0.103448275862069,0.0344827586206897,0.551332552120431,0.466685905669463,0.228576949282226,-0.162908598773753,-0.479075190102043
"594",594,3455,"Cho Oyu","CHOY","Khumbu Himal (NW of Everest on Tibetan border)",8188,12,2,2007,"CHOY07124",1,"NW side",NA,NA,NA,TRUE,FALSE,FALSE,FALSE,"2007-04-17","2007-05-02",900,15,17,"2007-05-04",1,8188,3,10,3,0,1,1,TRUE,FALSE,NA,28.09361076,86.66333008,0,0,36,NA,95,0,0,1,2000,15,17,"FALSE",264.3728451199,1.33009051885254,0,0,0,0,0.835536654278584,0.682523030590867,0.228845342815711,-0.739496717224883,0.0493896018365372,100,0,0,0,0,0,NA,NA,NA,NA,NA,1.07086203020323,0.359477133972019,2,1,0.111111111111111,0.0555555555555556,0.5541691241968,0.548699611517602,0.314476147463722,-0.152666141802139,-0.556166989337221
"595",595,3459,"Cho Oyu","CHOY","Khumbu Himal (NW of Everest on Tibetan border)",8188,12,2,2016,"CHOY16310",3,"NW side",NA,NA,NA,TRUE,FALSE,FALSE,FALSE,"2016-09-06","2016-09-30",900,24,27,"2016-10-03",1,8188,2,8,4,0,5,2,TRUE,FALSE,NA,28.09361076,86.66333008,0,0,NA,161,70,0,0,1,2010,24,27,"FALSE",270.842393420991,1.02499528062123,0,5,0,0.178571428571429,0.914238081620057,0.795730478049403,0.729167868360705,0.674041564991678,0.798614857510929,100,0,0,0,0,0,NA,NA,NA,NA,NA,0.980365812349717,0.29843348199011,4,0,0.142857142857143,0,0.577764574518964,0.0984241353631946,-0.0857972274133306,-0.0248460027548155,-0.115291279149822
"596",596,3461,"Cho Oyu","CHOY","Khumbu Himal (NW of Everest on Tibetan border)",8188,12,2,2005,"CHOY05317",3,"NW side",NA,NA,NA,TRUE,FALSE,FALSE,FALSE,"2005-09-14","2005-10-04",1245,20,23,"2005-10-07",1,8188,3,3,2,0,0,0,FALSE,TRUE,NA,28.09361076,86.66333008,0,0,100,NA,191,0,0,1,2000,20,23,"FALSE",270.10781733195,1.03800899707053,0,0,0,0,0.897998465858798,0.864573727259201,0.826394581199347,0.647155988578498,-0.248965525328833,100,0,0,0,0,0,NA,NA,NA,NA,NA,1.13495360091914,0.181463313153937,0,0,0,0,0.412703945362883,0.221570805396233,-0.0265533098938536,-0.334782931802813,-0.352672842591816
"598",598,3466,"Cho Oyu","CHOY","Khumbu Himal (NW of Everest on Tibetan border)",8188,12,2,2006,"CHOY06325",3,"NW side",NA,NA,NA,TRUE,FALSE,FALSE,FALSE,"2006-09-06","2006-10-01",700,25,27,"2006-10-03",1,8188,2,2,0,0,3,1,FALSE,TRUE,NA,28.09361076,86.66333008,0,0,10,160,69,0,NA,1,2000,25,27,"FALSE",269.852654002962,2.04180598467142,0,5,0,0.178571428571429,0.923260538305265,0.806954942963269,0.654739669935408,0.348759044389908,0.530019776991259,100,0,0,0,0,0,NA,NA,NA,NA,NA,0.934025494908343,0.264209053327203,0,0,0,0,0.689883236505054,0.277055622222401,-0.0714980763049471,-0.64757879631823,0.658075013688729
"599",599,3470,"Cho Oyu","CHOY","Khumbu Himal (NW of Everest on Tibetan border)",8188,12,2,2000,"CHOY00101",1,"NW side",NA,NA,NA,FALSE,FALSE,FALSE,FALSE,"2000-04-16","2000-05-01",NA,15,23,"2000-05-09",1,6500,1,5,0,0,0,0,FALSE,TRUE,"Kobler's serious stomach illness",28.09361076,86.66333008,1,0,5,NA,249,0,NA,1,2000,15,23,"FALSE",263.971281528473,1.38125476005869,0,0,0,0,0.795405363780569,0.467126561445312,0.152812808493747,0.0765306465224066,-0.193470514824586,100,0,0,0,0,0,NA,NA,NA,NA,NA,1.11508820163362,0.274217995885156,1,0,0.0416666666666667,0,0.345571981750445,-0.262832511232922,-0.0953868593031614,0.124426145459003,-0.557370065581548
"600",600,3476,"Cho Oyu","CHOY","Khumbu Himal (NW of Everest on Tibetan border)",8188,12,2,2002,"CHOY02314",3,"NW side",NA,NA,NA,TRUE,FALSE,FALSE,FALSE,"2002-09-02","2002-09-30",NA,28,31,"2002-10-03",1,8188,2,9,3,0,3,3,TRUE,FALSE,NA,28.09361076,86.66333008,0,0,NA,40,69,0,0,1,2000,28,31,"FALSE",269.235579848289,1.51718665404686,0,0,0,0,0.844663443684576,0.658612140281846,0.508271787389877,0.289246970306275,0.84274670967306,100,0,0,0,0,0,NA,NA,NA,NA,NA,1.20341439947114,0.179185440966271,0,0,0,0,0.69528788375256,0.398266559989356,0.144879956127847,-0.167997148915699,-0.516247583133536
"601",601,3477,"Cho Oyu","CHOY","Khumbu Himal (NW of Everest on Tibetan border)",8188,12,2,2011,"CHOY11303",3,"NW side",NA,NA,NA,TRUE,FALSE,FALSE,FALSE,"2011-09-16","2011-10-07",900,21,25,"2011-10-11",7,8188,3,4,2,0,0,0,FALSE,TRUE,"Rudolf Bosiak and Dusan Myslivec chest infections",28.09361076,86.66333008,0,0,191,NA,314,0,0,0.89521573231582,2010,21,25,"FALSE",267.995547270164,2.42089617630088,0,1,0,0.0384615384615385,0.927785360501913,0.825888642790554,0.761208097661581,0.786007079469276,0.405121566479138,100,0,0,0,0,0,NA,NA,NA,NA,NA,0.904255747563954,0.253397560447069,3,0,0.115384615384615,0,0.472661068975606,0.0885947080728145,-0.0906823632390671,0.0694126866919107,-0.479458668908223
"602",602,3479,"Cho Oyu","CHOY","Khumbu Himal (NW of Everest on Tibetan border)",8188,12,2,2007,"CHOY07112",1,"NW side",NA,NA,NA,FALSE,FALSE,FALSE,FALSE,"2007-04-12","2007-05-09",NA,27,31,"2007-05-13",1,7550,4,2,0,0,0,0,FALSE,TRUE,NA,28.09361076,86.66333008,1,0,248,338,NA,0,NA,1,2000,27,31,"FALSE",264.813791334629,1.81830268530459,0,0,0,0,0.911563673986295,0.799125642533808,0.653022359610099,0.45416396304356,0.0768780270768022,100,0,0,0,0,0,NA,NA,NA,NA,NA,1.09705586021755,0.32277967190225,3,1,0.09375,0.03125,0.557176079951257,0.475937247018626,0.344672015485055,-0.151034952936781,-0.549796223496298
"603",603,3480,"Cho Oyu","CHOY","Khumbu Himal (NW of Everest on Tibetan border)",8188,12,2,1998,"CHOY98311",3,"NW side",NA,NA,NA,TRUE,FALSE,FALSE,FALSE,"1998-09-08","1998-09-27",1115,19,25,"1998-10-03",1,8188,3,3,1,0,1,0,FALSE,TRUE,NA,28.09361076,86.66333008,0,0,NA,221,69,0,0,1,1990,19,25,"FALSE",270.92681650015,0.875541379187074,0,1,0,0.0384615384615385,0.84264183004702,0.638529205173053,0.401741787692787,-0.0824330493157104,-0.596532368699211,100,0,0,0,0,0,NA,NA,NA,NA,NA,0.93586179312891,0.252449216683487,0,0,0,0,0.777774566752255,0.370265046406979,-0.190073062516432,-0.739096557096594,0.728878796645833
"604",604,3481,"Cho Oyu","CHOY","Khumbu Himal (NW of Everest on Tibetan border)",8188,12,2,2006,"CHOY06127",1,"NW side",NA,NA,NA,TRUE,FALSE,FALSE,FALSE,"2006-04-05","2006-05-08",1030,33,42,"2006-05-17",1,8188,3,16,2,0,2,2,TRUE,FALSE,"Bang vomited and fainted on May 3 night (put in Gamov bag of Indian team about half an hour); Bang left CBC on 4th and reached Kathmandu on 5th and left Kathmandu on 8th or 9th",28.09361076,86.66333008,0,0,217,124,NA,0,0,1,2000,33,42,"FALSE",262.324817110402,3.15745922731485,0,0,0,0,0.913954354768589,0.805127686320093,0.723815031990301,0.727932102294382,0.524166316784886,100,0,0,0,0,0,NA,NA,NA,NA,NA,0.982690218277509,0.351001342968655,6,1,0.13953488372093,0.0232558139534884,0.657361821555134,0.278058757754555,0.149523158236073,-0.0230874813566724,-0.325319329963564
"605",605,3482,"Cho Oyu","CHOY","Khumbu Himal (NW of Everest on Tibetan border)",8188,12,2,2000,"CHOY00310",3,"NW side",NA,NA,NA,FALSE,FALSE,FALSE,FALSE,"2000-09-06","2000-09-28",NA,22,27,"2000-10-03",1,7900,3,6,0,0,1,0,TRUE,FALSE,"Hsieh suffered hemorrhage in brain cortex, affected vision and legs coordination (used oxygen to descend and is slowly getting better)",28.09361076,86.66333008,1,0,NA,161,70,0,NA,1,2000,22,27,"FALSE",268.12280028207,3.19738718303684,0,1,0,0.0357142857142857,0.957214707013435,0.872742443908653,0.798205639527191,0.704483344388954,0.204245228507429,100,0,0,0,0,0,NA,NA,NA,NA,NA,0.910096477602863,0.258469876199492,3,0,0.107142857142857,0,0.750267099431839,0.534261720757633,0.408574256643717,-0.135008531765188,-0.503747375827961
"606",606,3487,"Cho Oyu","CHOY","Khumbu Himal (NW of Everest on Tibetan border)",8188,12,2,2006,"CHOY06336",3,"NW side",NA,NA,NA,TRUE,FALSE,FALSE,FALSE,"2006-09-04","2006-10-01",730,27,29,"2006-10-03",4,8188,3,1,1,0,1,1,FALSE,TRUE,NA,28.09361076,86.66333008,0,0,10,99,69,0,0,0.924567067801585,2000,27,29,"FALSE",269.935343551636,1.99550162961346,0,5,0,0.166666666666667,0.920196995277739,0.790196567508402,0.632891262935031,0.360991507194334,0.52422145935498,100,0,0,0,0,0,NA,NA,NA,NA,NA,0.919601851941645,0.2607817392413,0,0,0,0,0.702443138775821,0.307556202301625,-0.00889122014549303,-0.557519367014893,0.386068309749634
"607",607,3489,"Cho Oyu","CHOY","Khumbu Himal (NW of Everest on Tibetan border)",8188,12,2,2000,"CHOY00314",3,"NW side",NA,NA,NA,TRUE,FALSE,FALSE,FALSE,"2000-09-15","2000-10-03",1100,18,23,"2000-10-08",1,8188,2,15,1,0,2,1,FALSE,TRUE,NA,28.09361076,86.66333008,0,0,70,NA,223,0,0,1,2000,18,23,"FALSE",267.082123756409,2.66612812149204,0,0,0,0,0.928233877981632,0.763451522634409,0.550315255005603,-0.00848454877414646,-0.90784784759401,100,0,0,0,0,0,NA,NA,NA,NA,NA,0.809057724903639,0.223918921916245,4,0,0.166666666666667,0,0.645467568113157,0.315991683288741,0.0229490374837377,-0.555829556912292,-0.194254970201247
"608",608,3493,"Cho Oyu","CHOY","Khumbu Himal (NW of Everest on Tibetan border)",8188,12,2,2006,"CHOY06309",3,"NW side",NA,NA,NA,TRUE,FALSE,FALSE,FALSE,"2006-09-08","2006-10-01",1000,23,26,"2006-10-04",1,8188,2,2,2,0,1,1,FALSE,TRUE,NA,28.09361076,86.66333008,0,0,10,221,100,0,0,1,2000,23,26,"FALSE",269.52393421126,1.9761502185533,0,3,0,0.111111111111111,0.89292260911026,0.75450264166497,0.604823294273678,0.320902774523249,0.486069373362593,100,0,0,0,0,0,NA,NA,NA,NA,NA,0.974951643411865,0.296541283425563,0,0,0,0,0.710379847553531,0.192762701476786,-0.184645203535043,-0.652788034512803,0.659620996425912
"609",609,3495,"Cho Oyu","CHOY","Khumbu Himal (NW of Everest on Tibetan border)",8188,12,2,2011,"CHOY11337",3,"NW side",NA,NA,NA,TRUE,FALSE,FALSE,FALSE,"2011-09-02","2011-09-30",1300,28,32,"2011-10-04",1,8188,0,2,2,0,0,0,FALSE,TRUE,NA,28.09361076,86.66333008,0,0,NA,40,100,0,0,1,2010,28,32,"FALSE",270.063976942891,2.33177129657634,0,5,0,0.151515151515152,0.957533916550422,0.877739905184989,0.81228788133709,0.813409765569541,0.611162018146446,100,0,0,0,0,0,NA,NA,NA,NA,NA,0.935432443238974,0.246951502737659,3,0,0.0909090909090909,0,0.399074626573996,-0.134440418464382,-0.257628479324639,0.320501165337443,-0.00531449779231984
"610",610,3497,"Cho Oyu","CHOY","Khumbu Himal (NW of Everest on Tibetan border)",8188,12,2,2012,"CHOY12113",1,"NW side",NA,NA,NA,FALSE,FALSE,FALSE,FALSE,"2012-04-16","2012-05-04",NA,18,21,"2012-05-07",1,7200,1,1,0,0,0,0,FALSE,TRUE,NA,28.09361076,86.66333008,0,0,96,NA,187,0,NA,1,2010,18,21,"FALSE",261.055491996534,1.55602711813007,0,0,0,0,0.727285735170198,0.380435675474262,0.11363362085035,-0.0130417490933025,-0.376657953442368,100,0,0,0,0,0,NA,NA,NA,NA,NA,1.36257974182111,0.302698143414966,0,0,0,0,0.713315746549251,0.26429229860376,-0.0701727462763879,-0.238749046262737,-0.345815845074883
"611",611,3500,"Cho Oyu","CHOY","Khumbu Himal (NW of Everest on Tibetan border)",8188,12,2,2006,"CHOY06105",1,"NW side",NA,NA,NA,FALSE,FALSE,FALSE,FALSE,"2006-04-15","2006-05-03",NA,18,27,"2006-05-12",1,7500,2,1,0,0,0,0,FALSE,TRUE,NA,28.09361076,86.66333008,1,0,64,NA,339,0,NA,1,2000,18,27,"FALSE",262.553222338359,3.20168544022598,0,0,0,0,0.926869836354642,0.805815054866577,0.751168264374056,0.798016464145857,0.579429898000491,100,0,0,0,0,0,NA,NA,NA,NA,NA,0.953065983209163,0.317546099985673,4,0,0.142857142857143,0,0.519149815921506,-0.0577259309441349,-0.1626705281037,-0.29868996414967,-0.273970357383249
"612",612,3502,"Cho Oyu","CHOY","Khumbu Himal (NW of Everest on Tibetan border)",8188,12,2,2016,"CHOY16314",3,"NW side",NA,NA,NA,TRUE,FALSE,FALSE,FALSE,"2016-09-18","2016-10-04",915,16,22,"2016-10-10",1,8188,3,2,1,0,1,1,FALSE,TRUE,NA,28.09361076,86.66333008,0,0,101,NA,284,0,0,1,2010,16,22,"FALSE",270.069920194322,0.791371530022641,0,0,0,0,0.671117596512581,0.170344073282129,-0.080509445507298,-0.20204346537497,0.105255782341986,100,0,0,0,0,0,NA,NA,NA,NA,NA,1.14540108347929,0.40409784154979,3,0,0.130434782608696,0,0.780059424884113,0.481521800019645,0.202943912836648,-0.358327566274704,-0.332221789068684
"613",613,3504,"Cho Oyu","CHOY","Khumbu Himal (NW of Everest on Tibetan border)",8188,12,2,1995,"CHOY95304",3,"W side from N",NA,NA,NA,TRUE,FALSE,FALSE,FALSE,"1995-09-11","1995-09-29",1530,18,23,"1995-10-04",10,8188,3,13,5,0,5,4,TRUE,FALSE,"None",28.09361076,86.66333008,0,0,NA,313,100,0,0,0.851188729087173,1990,18,23,"FALSE",269.689058515761,2.06488409067426,0,0,0,0,0.887406380432402,0.759518554493068,0.735719837458282,0.680360107446713,-0.529341405826821,100,0,0,0,0,0,NA,NA,NA,NA,NA,1.13150407987618,0.205835083568023,0,0,0,0,0.491786189523315,0.00961593181039203,-0.0595488855783347,0.24586053984236,0.634067744753764
"614",614,3505,"Cho Oyu","CHOY","Khumbu Himal (NW of Everest on Tibetan border)",8188,12,2,2011,"CHOY11109",1,"NW side",NA,NA,NA,FALSE,FALSE,FALSE,FALSE,"2011-04-17","2011-05-05",NA,18,23,"2011-05-10",7,6400,1,1,0,0,0,0,FALSE,TRUE,NA,28.09361076,86.66333008,0,0,125,NA,278,0,NA,0.880540064572938,2010,18,23,"FALSE",263.495987494787,2.07658517366048,0,0,0,0,0.877158629818739,0.683280830718098,0.559167798223481,0.300317755414555,0.21267363766593,100,0,0,0,0,0,NA,NA,NA,NA,NA,1.00689059831807,0.351143374026113,2,0,0.0833333333333333,0,0.66143743386498,0.213128532341476,-0.00167777216233404,-0.142230330181551,-0.347617181256174
"615",615,3506,"Cho Oyu","CHOY","Khumbu Himal (NW of Everest on Tibetan border)",8188,12,2,2011,"CHOY11332",3,"NW side",NA,NA,NA,FALSE,FALSE,FALSE,FALSE,"2011-09-29","2011-10-04",NA,5,9,"2011-10-08",9,6400,1,5,0,0,0,0,FALSE,TRUE,NA,28.09361076,86.66333008,0,0,100,NA,222,0,NA,0.968594071030232,2010,5,9,"FALSE",266.116654459635,1.03425342476959,0,0,0,0,0.69356052006007,0.194182202289529,-0.502060335528997,-0.230067648619298,NA,100,0,0,0,0,0,NA,NA,NA,NA,NA,0.778048268881887,0.196934929010186,2,0,0.2,0,0.135843355797025,-0.0233174011063867,-0.687466346655559,-0.136136657910381,NA
"616",616,3507,"Cho Oyu","CHOY","Khumbu Himal (NW of Everest on Tibetan border)",8188,12,2,1996,"CHOY96310",3,"W Ridge/Face from N",NA,NA,NA,TRUE,FALSE,FALSE,FALSE,"1996-09-09","1996-09-29",800,20,25,"1996-10-04",5,8188,3,9,5,0,2,2,TRUE,FALSE,"Kaplan pneumonia, Toraason flu; Dunjey psychosomatic chest infection",28.09361076,86.66333008,0,0,NA,253,101,0,0,0.836513061344291,1990,20,25,"FALSE",269.964724027193,0.999929746472631,0,0,0,0,0.828433459668549,0.528254728804801,0.193417580502832,-0.419431383870769,-0.191756028148196,100,0,0,0,0,0,NA,NA,NA,NA,NA,1.04056546164003,0.344774101484572,2,0,0.0769230769230769,0,0.737802328314953,0.323117738955543,-0.0139268410465594,-0.136809941828414,0.102323169060914
"617",617,3510,"Cho Oyu","CHOY","Khumbu Himal (NW of Everest on Tibetan border)",8188,12,2,2002,"CHOY02303",3,"NW side",NA,NA,NA,TRUE,FALSE,FALSE,FALSE,"2002-09-09","2002-10-02",655,23,28,"2002-10-07",1,8188,2,4,1,0,0,0,FALSE,TRUE,NA,28.09361076,86.66333008,0,0,41,252,191,0,0,1,2000,23,28,"FALSE",268.622623531298,1.42866924911936,0,0,0,0,0.797506336467273,0.562939948459392,0.41143991664183,0.117268364936578,0.794392874016933,100,0,0,0,0,0,NA,NA,NA,NA,NA,1.19702084688895,0.18709220354177,0,0,0,0,0.660644503555803,0.365869255591955,0.189696097660378,-0.123695656039863,-0.518177448951511
"618",618,3512,"Cho Oyu","CHOY","Khumbu Himal (NW of Everest on Tibetan border)",8188,12,2,2002,"CHOY02306",3,"NW side",NA,NA,NA,FALSE,FALSE,FALSE,FALSE,"2002-09-03","2002-09-23",NA,20,29,"2002-10-02",1,7600,2,7,0,0,2,0,FALSE,TRUE,NA,28.09361076,86.66333008,1,0,NA,68,41,0,NA,1,2000,20,29,"FALSE",269.18254737854,1.49076470975461,0,0,0,0,0.827248061445639,0.627485205210907,0.538742157361018,0.253461716653536,0.833938847369971,100,0,0,0,0,0,NA,NA,NA,NA,NA,1.20274816490195,0.18500928141009,0,0,0,0,0.711249724682089,0.45245537086311,0.187118196253653,-0.172306188180594,-0.54010412210189
"619",619,3515,"Cho Oyu","CHOY","Khumbu Himal (NW of Everest on Tibetan border)",8188,12,2,2007,"CHOY07106",1,"NW side",NA,NA,NA,TRUE,FALSE,FALSE,FALSE,"2007-04-13","2007-05-04",705,21,25,"2007-05-08",4,8188,3,15,4,0,3,0,FALSE,TRUE,"Nothing serious except Schaaf's & Alois Zauner's cerebral edemas",28.09361076,86.66333008,0,0,95,NA,217,0,0,0.924567067801585,2000,21,25,"FALSE",264.567662287981,1.6290532862119,0,0,0,0,0.891901988968965,0.761022564989643,0.593614265079359,0.256336362930423,-0.241134299914951,100,0,0,0,0,0,NA,NA,NA,NA,NA,1.03791673588103,0.321896702992557,3,1,0.115384615384615,0.0384615384615385,0.529037575682351,0.50128257987193,0.352587048086603,-0.115297637413963,-0.54987172303436
"620",620,3516,"Cho Oyu","CHOY","Khumbu Himal (NW of Everest on Tibetan border)",8188,12,2,2018,"CHOY18301",3,"NW side",NA,NA,NA,TRUE,FALSE,FALSE,FALSE,"2018-09-07","2018-09-29",800,22,26,"2018-10-03",1,8188,3,11,4,0,9,8,TRUE,FALSE,NA,28.09361076,86.66333008,0,0,NA,190,69,0,0,1,2010,22,26,"FALSE",270.118341233995,1.28265346746272,0,2,0,0.0740740740740741,0.883227507759706,0.695635624837,0.557571617540193,0.515767842882547,0.372092019073565,100,0,0,0,0,0,NA,NA,NA,NA,NA,1.18260264161529,0.212545773968182,0,0,0,0,0.69566085234592,0.304604052178743,-0.0279579272782574,-0.364333327434857,-0.179009661890195
"621",621,3517,"Cho Oyu","CHOY","Khumbu Himal (NW of Everest on Tibetan border)",8188,12,2,2007,"CHOY07357",3,"NW side",NA,NA,NA,TRUE,FALSE,FALSE,FALSE,"2007-09-07","2007-10-02",2315,25,29,"2007-10-06",1,8188,2,1,1,0,0,0,FALSE,TRUE,NA,28.09361076,86.66333008,0,0,41,190,161,0,0,1,2000,25,29,"FALSE",270.25395872328,1.01225349653687,0,2,0,0.0666666666666667,0.921040871961159,0.821787047202965,0.722732148286754,0.640476841700782,0.472755708613469,100,0,0,0,0,0,NA,NA,NA,NA,NA,1.02268608326834,0.279368247673067,3,0,0.1,0,0.696043415029641,0.407762659105294,0.225022653943014,0.0503531660685921,-0.173533949075239
"622",622,3521,"Cho Oyu","CHOY","Khumbu Himal (NW of Everest on Tibetan border)",8188,12,2,2001,"CHOY01102",1,"NW side",NA,NA,NA,TRUE,FALSE,FALSE,FALSE,"2001-04-05","2001-04-30",1230,25,30,"2001-05-05",1,8188,2,2,2,0,0,0,FALSE,TRUE,NA,28.09361076,86.66333008,0,0,NA,124,125,0,0,1,2000,25,30,"FALSE",261.670623287078,2.38387648397068,0,0,0,0,0.902789461627416,0.797767202534176,0.701368298577924,0.505850850436418,0.380614722917534,100,0,0,0,0,0,NA,NA,NA,NA,NA,1.19233544605703,0.215881273342414,0,1,0,0.032258064516129,0.39647940204839,-0.0397774458800825,-0.0914605991001059,-0.135445211525942,-0.12735219849599
"624",624,3525,"Cho Oyu","CHOY","Khumbu Himal (NW of Everest on Tibetan border)",8188,12,2,2001,"CHOY01335",3,"NW side",NA,NA,NA,FALSE,FALSE,FALSE,FALSE,"2001-09-09","2001-10-01",NA,22,27,"2001-10-06",4,7650,3,8,0,0,3,0,TRUE,FALSE,"Phu Dorje Sherpa altitude sickness & Mingma Sherpa stomach problem; Wendel knee problem",28.09361076,86.66333008,1,0,10,252,161,0,NA,0.959788670384502,2000,22,27,"FALSE",269.748999459403,1.09446092075503,0,0,0,0,0.904180381135053,0.698214186144887,0.54327774381327,0.375130991555782,0.503860895807795,100,0,0,0,0,0,NA,NA,NA,NA,NA,1.18315474190377,0.208243073216602,0,0,0,0,0.27708902894419,-0.00998172440638934,-0.103553438419989,0.135071535154548,0.068464652214209
"625",625,3526,"Cho Oyu","CHOY","Khumbu Himal (NW of Everest on Tibetan border)",8188,12,2,2010,"CHOY10328",3,"NW side",NA,NA,NA,FALSE,FALSE,FALSE,FALSE,"2010-09-05","2010-09-19",NA,14,27,"2010-10-02",1,7000,2,11,0,0,6,0,TRUE,FALSE,NA,28.09361076,86.66333008,0,0,NA,129,41,0,NA,1,2010,14,27,"FALSE",270.482855251857,1.61564192414752,0,4,0,0.142857142857143,0.901297897782996,0.73847107283325,0.575805268742406,0.4572729335937,0.516925022966954,100,0,0,0,0,0,NA,NA,NA,NA,NA,1.04219465568213,0.170101924700806,0,0,0,0,0.172207740873659,-0.228270351680517,-0.186629641336584,-0.414254543717122,0.0541421587943045
"626",626,3548,"Cho Oyu","CHOY","Khumbu Himal (NW of Everest on Tibetan border)",8188,12,2,1996,"CHOY96314",3,"W Ridge/Face",NA,NA,NA,FALSE,FALSE,FALSE,FALSE,"1996-09-14","1996-10-07",NA,23,28,"1996-10-12",8,7000,2,4,0,0,1,0,FALSE,TRUE,NA,28.09361076,86.66333008,0,0,192,NA,345,0,NA,0.924567067801585,1990,23,28,"FALSE",268.405141676979,2.43253616225196,0,0,0,0,0.929700715747387,0.810897925216659,0.659355492872947,0.398542959598397,-0.0743890131269813,100,0,0,0,0,0,NA,NA,NA,NA,NA,1.07092225773214,0.321489520957113,1,0,0.0344827586206897,0,0.697336910738973,0.304932715601757,0.0445104908854399,-0.210721865089994,-0.384547541705812
"627",627,3552,"Cho Oyu","CHOY","Khumbu Himal (NW of Everest on Tibetan border)",8188,12,2,2016,"CHOY16106",1,"NW side",NA,NA,NA,FALSE,FALSE,FALSE,FALSE,"2016-04-30","2016-05-07",NA,7,8,"2016-05-08",1,7600,2,2,0,0,0,0,FALSE,TRUE,NA,28.09361076,86.66333008,1,0,187,NA,218,0,NA,1,2010,7,8,"FALSE",264.397571846291,1.24357274993954,0,0,0,0,0.698015383709775,0.35616931469338,0.17908086130688,0.565725677162868,NA,100,0,0,0,0,0,NA,NA,NA,NA,NA,1.12461323440067,0.415596170297027,1,0,0.111111111111111,0,-0.0615411134669834,-0.480963356422541,-0.28980396030174,-0.184791429708794,NA
"628",628,3553,"Cho Oyu","CHOY","Khumbu Himal (NW of Everest on Tibetan border)",8188,12,2,1993,"CHOY93309",3,"W Ridge-W Face from S",NA,NA,NA,TRUE,FALSE,FALSE,FALSE,"1993-09-05","1993-09-30",1400,25,27,"1993-10-02",1,8188,3,7,1,0,2,0,FALSE,TRUE,"Nothing serious",28.09361076,86.66333008,0,0,NA,129,41,0,0,1,1990,25,27,"FALSE",270.233574867249,0.936408783088642,0,0,0,0,0.839825589255961,0.717744067691654,0.650491011783216,0.522831456066222,0.126798030426918,100,0,0,0,0,0,NA,NA,NA,NA,NA,1.12328856236541,0.228941686538042,0,0,0,0,0.626076705946468,0.168110373628633,-0.113056711694484,0.0405276978078201,-0.487952992299574
"629",629,3558,"Cho Oyu","CHOY","Khumbu Himal (NW of Everest on Tibetan border)",8188,12,2,2004,"CHOY04314",3,"NW side",NA,NA,NA,TRUE,FALSE,FALSE,FALSE,"2004-09-13","2004-10-05",1440,22,24,"2004-10-07",1,8188,3,1,1,0,1,0,FALSE,TRUE,NA,28.09361076,86.66333008,0,0,131,NA,192,0,0,1,2000,22,24,"FALSE",269.353265279134,1.10981702612514,0,0,0,0,0.87774323762291,0.73855210594553,0.583761282802391,0.0273260308763646,-0.877194517542477,100,0,0,0,0,0,NA,NA,NA,NA,NA,1.06302163661826,0.300012195752325,1,0,0.04,0,0.382649663392917,-0.0102355100907183,-0.163517609881514,0.0489524814381769,-0.042629817638804
"630",630,3559,"Cho Oyu","CHOY","Khumbu Himal (NW of Everest on Tibetan border)",8188,12,2,2007,"CHOY07359",3,"NW side",NA,NA,NA,FALSE,FALSE,FALSE,FALSE,"2007-09-17","2007-10-04",NA,17,21,"2007-10-08",1,8100,3,1,0,0,0,0,FALSE,TRUE,NA,28.09361076,86.66333008,1,0,100,NA,222,0,NA,1,2000,17,21,"FALSE",269.683074719978,0.634574477892649,0,0,0,0,0.804569578293711,0.566134232993004,0.336199580382591,0.209734837882372,0.307759696338915,100,0,0,0,0,0,NA,NA,NA,NA,NA,1.08257849980315,0.314117241518734,3,0,0.136363636363636,0,0.719855166871985,0.370657735579563,0.15668645905215,0.0116216437554394,-0.0497613981646487
"631",631,3562,"Cho Oyu","CHOY","Khumbu Himal (NW of Everest on Tibetan border)",8188,12,2,2001,"CHOY01101",1,"NW side",NA,NA,NA,FALSE,FALSE,FALSE,FALSE,"2001-04-01","2001-04-27",NA,26,35,"2001-05-06",1,8100,2,5,0,0,0,0,FALSE,TRUE,NA,28.09361076,86.66333008,1,0,NA,4,156,0,NA,1,2000,26,35,"FALSE",261.11085595025,3.14560547730911,0,0,0,0,0.948067433958631,0.892261832060851,0.837443025167397,0.712240889946072,0.452101680261456,100,0,0,0,0,0,NA,NA,NA,NA,NA,1.17759466299495,0.206384278739964,0,1,0,0.0277777777777778,0.417073338069053,-0.0161606294907265,-0.0601428609577844,-0.148300194478639,-0.197065970959247
"632",632,3563,"Cho Oyu","CHOY","Khumbu Himal (NW of Everest on Tibetan border)",8188,12,2,2010,"CHOY10315",3,"NW side",NA,NA,NA,TRUE,FALSE,FALSE,FALSE,"2010-09-09","2010-10-07",1400,28,31,"2010-10-10",5,8188,2,3,1,0,2,0,FALSE,TRUE,NA,28.09361076,86.66333008,0,0,191,252,283,0,0,0.939242735544467,2010,28,31,"FALSE",269.386862277985,2.04896496010008,0,2,0,0.0625,0.932120502358373,0.81713465446547,0.704733659624242,0.565615691176065,0.787000141047548,100,0,0,0,0,0,NA,NA,NA,NA,NA,1.11594412804469,0.226005363482629,0,0,0,0,0.670739775475976,0.236261286440612,0.125112905853301,0.0515274835717724,0.296479602692711
"633",633,3564,"Cho Oyu","CHOY","Khumbu Himal (NW of Everest on Tibetan border)",8188,12,2,1998,"CHOY98112",1,"NW side from N (direct line up)",NA,NA,NA,TRUE,FALSE,FALSE,FALSE,"1998-05-01","1998-05-12",1200,11,23,"1998-05-24",1,8188,2,2,2,1,0,0,FALSE,TRUE,"Roesner fatal fall; Poppe slipped in descent from top and hurt his eye with goggles",28.09361076,86.66333008,0,0,339,5,NA,0.5,0.5,1,1990,11,23,"FALSE",267.738663170073,2.92867991765355,0,6,0,0.25,0.908359581888324,0.745922322717546,0.559668304043569,0.1091206770468,-0.655097366684286,100,0,0,0,0,0,NA,NA,NA,NA,NA,1.03459843721347,0.304815385080547,1,0,0.0416666666666667,0,0.676282929028036,0.374817071703168,0.192421423668734,-0.569670330204425,0.0733938766386126
"634",634,3565,"Cho Oyu","CHOY","Khumbu Himal (NW of Everest on Tibetan border)",8188,12,2,2010,"CHOY10317",3,"NW side",NA,NA,NA,FALSE,FALSE,FALSE,FALSE,"2010-09-09","2010-10-02",NA,23,37,"2010-10-16",2,7550,2,1,0,0,0,0,FALSE,TRUE,NA,28.09361076,86.66333008,1,0,41,252,NA,0,NA,1,2010,23,37,"FALSE",269.030309442888,2.10407798318137,0,2,0,0.0526315789473684,0.93113576033063,0.810364188745789,0.689727821617803,0.619961330748289,0.612504699735055,100,0,0,0,0,0,NA,NA,NA,NA,NA,1.1095174755609,0.255449327903565,0,0,0,0,0.710468276139968,0.298829966115888,-0.00507305787379127,-0.256645881396492,-2.97794965882482e-05
"635",635,3567,"Cho Oyu","CHOY","Khumbu Himal (NW of Everest on Tibetan border)",8188,12,2,2004,"CHOY04323",3,"NW side",NA,NA,NA,TRUE,FALSE,FALSE,FALSE,"2004-09-11","2004-10-02",1045,21,32,"2004-10-13",1,8188,2,5,2,0,0,0,FALSE,TRUE,"Kippenes cerebral thrombosis",28.09361076,86.66333008,0,0,41,314,NA,0,0,1,2000,21,32,"FALSE",268.463013504491,2.3428457603295,0,0,0,0,0.963462889478824,0.906046308321749,0.875018834314118,0.777309219042578,0.0417443548703651,100,0,0,0,0,0,NA,NA,NA,NA,NA,1.07259238334492,0.317326362076104,1,1,0.0303030303030303,0.0303030303030303,0.355476674385052,-0.0628375687446723,-0.159618472307772,-0.0735471625520736,0.0281759531911572
"636",636,3571,"Cho Oyu","CHOY","Khumbu Himal (NW of Everest on Tibetan border)",8188,12,2,2001,"CHOY01112",1,"NW side",NA,NA,NA,FALSE,FALSE,FALSE,FALSE,"2001-04-05","2001-04-30",NA,25,28,"2001-05-03",1,7600,2,2,0,0,1,0,FALSE,TRUE,"Only Barnard's bad throat",28.09361076,86.66333008,0,0,NA,124,64,0,NA,1,2000,25,28,"FALSE",261.426281983825,2.25544468997689,0,0,0,0,0.893776052009169,0.758413257635759,0.622050592456004,0.407758600842661,0.163450727783627,100,0,0,0,0,0,NA,NA,NA,NA,NA,1.20615112763268,0.214073280583432,0,1,0,0.0344827586206897,0.393784110688006,-0.0421324087588445,-0.167124839366123,-0.28722130946421,-0.0468864904105444
"637",637,3573,"Cho Oyu","CHOY","Khumbu Himal (NW of Everest on Tibetan border)",8188,12,2,2009,"CHOY09355",3,"NW side",NA,NA,NA,TRUE,FALSE,FALSE,FALSE,"2009-09-06","2009-09-28",804,22,26,"2009-10-02",6,8188,2,4,2,0,2,2,TRUE,FALSE,"Langeland eyes problem in C2; Valseth got chest infection in CBC",28.09361076,86.66333008,0,0,NA,160,41,0,0,0.961256237158791,2000,22,26,"FALSE",270.445563375214,0.784335898182184,0,0,0,0,0.805163206784534,0.668971198258786,0.691320425333808,0.585076510123792,0.102416395431727,100,0,0,0,0,0,NA,NA,NA,NA,NA,1.00861430297879,0.238629961367676,1,0,0.037037037037037,0,0.418454502903818,0.352568359047049,0.326469155709867,0.018079947697783,-0.168254477361167
"638",638,3574,"Cho Oyu","CHOY","Khumbu Himal (NW of Everest on Tibetan border)",8188,12,2,2004,"CHOY04121",1,"NW side",NA,NA,NA,FALSE,FALSE,FALSE,FALSE,"2004-04-07","2004-04-28",NA,21,27,"2004-05-04",1,7100,2,4,0,0,3,0,FALSE,TRUE,NA,28.09361076,86.66333008,1,0,NA,186,96,0,NA,1,2000,21,27,"FALSE",263.649086271014,1.22318405805394,0,0,0,0,0.558768970923701,0.0648636028378841,-0.178058282556575,-0.269800547492256,-0.0704161647646178,100,0,0,0,0,0,NA,NA,NA,NA,NA,1.32120163685804,0.382474697064031,2,5,0.0714285714285714,0.178571428571429,0.66113612770338,0.280409548745216,-0.0678233629674728,-0.618013567630588,0.387873480016671
"639",639,3577,"Cho Oyu","CHOY","Khumbu Himal (NW of Everest on Tibetan border)",8188,12,2,2001,"CHOY01302",3,"NW side",NA,NA,NA,FALSE,FALSE,FALSE,FALSE,"2001-09-07","2001-10-04",NA,27,33,"2001-10-10",1,8150,3,1,0,0,1,0,FALSE,TRUE,NA,28.09361076,86.66333008,1,0,100,190,283,0,NA,1,2000,27,33,"FALSE",269.458534390319,1.56198143408974,0,0,0,0,0.948984048907926,0.884105680961498,0.830746661590243,0.690299030454234,0.633970323563603,100,0,0,0,0,0,NA,NA,NA,NA,NA,1.13763524567103,0.225323213943185,0,0,0,0,0.467506463853851,0.153559467443013,-0.0316611908057087,0.11674322858327,-0.21358831017281
"640",640,3579,"Cho Oyu","CHOY","Khumbu Himal (NW of Everest on Tibetan border)",8188,12,2,2013,"CHOY13311",3,"NW side",NA,NA,NA,TRUE,FALSE,FALSE,FALSE,"2013-09-07","2013-10-01",630,24,27,"2013-10-04",1,8188,3,6,6,0,3,3,TRUE,FALSE,NA,28.09361076,86.66333008,0,0,10,190,100,0,0,1,2010,24,27,"FALSE",269.972090221587,0.770818999546955,0,0,0,0,0.757646951769085,0.429194592453331,0.282798228403205,0.162234095725013,-0.823890559260654,100,0,0,0,0,0,NA,NA,NA,NA,NA,1.0742130587904,0.221648966734592,1,0,0.0357142857142857,0,0.289466572147365,-0.308010083008837,-0.202444432911282,-0.276534181931737,-0.0575300174041328
"641",641,3581,"Cho Oyu","CHOY","Khumbu Himal (NW of Everest on Tibetan border)",8188,12,2,2006,"CHOY06104",1,"NW side",NA,NA,NA,FALSE,FALSE,FALSE,FALSE,"2006-04-07","2006-05-09",NA,32,36,"2006-05-13",1,7400,2,5,0,0,0,0,FALSE,TRUE,NA,28.09361076,86.66333008,1,0,248,185,NA,0,NA,1,2000,32,36,"FALSE",262.126830298621,3.11148555979679,0,0,0,0,0.905068198168197,0.782005318493855,0.724356112800659,0.706521211818008,0.40369276858487,100,0,0,0,0,0,NA,NA,NA,NA,NA,1.03157297513213,0.349531480803431,4,1,0.108108108108108,0.027027027027027,0.630601210961252,0.23085783928877,0.158287834218547,0.0622281902947244,-0.41957636573026
"642",642,3583,"Cho Oyu","CHOY","Khumbu Himal (NW of Everest on Tibetan border)",8188,12,2,2003,"CHOY03335",3,"NW side",NA,NA,NA,TRUE,FALSE,FALSE,FALSE,"2003-09-12","2003-10-05",1230,23,27,"2003-10-09",1,8188,2,5,2,0,3,1,TRUE,FALSE,"Aprin stomach trouble; Gavin very high pulse",28.09361076,86.66333008,0,0,130,343,253,0,0,1,2000,23,27,"FALSE",269.635661715553,2.1418415441488,0,3,0,0.107142857142857,0.949805702911024,0.859770437313572,0.75684790144865,0.620785356661146,0.807102006755912,100,0,0,0,0,0,NA,NA,NA,NA,NA,1.14771479371385,0.323053480937104,1,1,0.0357142857142857,0.0357142857142857,0.620538209658611,0.184396280454341,-0.0255266875641973,-0.0533557819319038,-0.195954286769238
"643",643,3584,"Cho Oyu","CHOY","Khumbu Himal (NW of Everest on Tibetan border)",8188,12,2,2013,"CHOY13313",3,"NW side",NA,NA,NA,TRUE,FALSE,FALSE,FALSE,"2013-09-12","2013-09-30",1240,18,23,"2013-10-05",1,8188,2,2,2,0,1,1,FALSE,TRUE,NA,28.09361076,86.66333008,0,0,NA,343,130,0,0,1,2010,18,23,"FALSE",269.968991173638,0.847655041879397,0,0,0,0,0.809243972545786,0.518771413132544,0.308601408177415,0.0298213497182274,-0.809116232706621,100,0,0,0,0,0,NA,NA,NA,NA,NA,1.04099653694883,0.2544265874714,2,0,0.0833333333333333,0,0.289732156504766,-0.366553641795163,-0.299212620711246,-0.0972128911493839,-0.201969708495589
"644",644,3586,"Cho Oyu","CHOY","Khumbu Himal (NW of Everest on Tibetan border)",8188,12,2,1983,"CHOY83101",1,"W Ridge-W Face (Messner 1983 rte)",NA,NA,NA,TRUE,FALSE,FALSE,FALSE,"1983-04-26","1983-05-05",NA,9,12,"1983-05-08",5,8188,0,3,3,0,3,0,FALSE,TRUE,"None",28.09361076,86.66333008,0,0,125,NA,217,0,0,0.924567067801585,1980,9,12,"FALSE",262.49868275569,1.19600698831005,0,0,0,0,0.453480696183185,-0.162415048432775,-0.157865960013587,-0.730419414085232,-0.998590642116031,100,0,0,0,0,0,NA,NA,NA,NA,NA,0.902632820768358,0.193634068852738,0,0,0,0,-0.176525647170139,-0.598115400657927,0.0358964402195917,0.00434596950277293,-0.821460320910303
"645",645,3587,"Cho Oyu","CHOY","Khumbu Himal (NW of Everest on Tibetan border)",8188,12,2,2006,"CHOY06102",1,"NW side",NA,NA,NA,TRUE,FALSE,FALSE,FALSE,"2006-04-15","2006-05-08",1345,23,26,"2006-05-11",1,8188,3,1,1,0,0,0,FALSE,TRUE,NA,28.09361076,86.66333008,0,0,217,NA,309,0,0,1,2000,23,26,"FALSE",262.419363893109,3.18183093001042,0,0,0,0,0.924700896014648,0.796700304255391,0.745049171081842,0.801978155523435,0.562075870933471,100,0,0,0,0,0,NA,NA,NA,NA,NA,0.948434475222106,0.322629958118368,4,0,0.148148148148148,0,0.51374966680382,-0.0771205523000384,-0.165046353937063,-0.284518260890874,-0.283767224402471
"646",646,3589,"Cho Oyu","CHOY","Khumbu Himal (NW of Everest on Tibetan border)",8188,12,2,2016,"CHOY16317",3,"NW side",NA,NA,NA,TRUE,FALSE,FALSE,FALSE,"2016-09-15","2016-10-06",1500,21,26,"2016-10-11",1,8188,3,11,3,0,0,0,FALSE,TRUE,NA,28.09361076,86.66333008,0,0,162,NA,315,0,0,1,2010,21,26,"FALSE",270.093011549961,1.08129470602142,0,0,0,0,0.857703046325167,0.508164125363636,0.24747892514478,0.0726739802634525,0.187386249636823,100,0,0,0,0,0,NA,NA,NA,NA,NA,1.16659273254346,0.390279749517778,3,0,0.111111111111111,0,0.78514970375992,0.468727159034987,0.223029109157737,-0.19982950519656,-0.446534004064366
"647",647,3590,"Cho Oyu","CHOY","Khumbu Himal (NW of Everest on Tibetan border)",8188,12,2,2013,"CHOY13316",3,"NW side",NA,NA,NA,FALSE,FALSE,FALSE,FALSE,"2013-09-09","2013-09-26",NA,17,22,"2013-10-01",1,7400,3,1,0,0,0,0,FALSE,TRUE,NA,28.09361076,86.66333008,0,0,NA,252,10,0,NA,1,2010,17,22,"FALSE",270.111440022786,0.749690019508737,0,0,0,0,0.735829512798852,0.408576479902955,0.284715270825428,-0.112727129214977,-0.826836439028859,100,0,0,0,0,0,NA,NA,NA,NA,NA,1.05486833711619,0.223855187725847,1,0,0.0434782608695652,0,0.287762711567453,-0.331621140257619,-0.225309108500863,-0.134679437732192,0.0426369975418701
"648",648,3593,"Cho Oyu","CHOY","Khumbu Himal (NW of Everest on Tibetan border)",8188,12,2,2006,"CHOY06331",3,"NW side",NA,NA,NA,FALSE,FALSE,FALSE,FALSE,"2006-09-09","2006-09-30",NA,21,27,"2006-10-06",1,7200,2,4,0,0,1,0,FALSE,TRUE,"Souza's asthma",28.09361076,86.66333008,0,0,NA,252,161,0,NA,1,2000,21,27,"FALSE",269.177380471002,1.94234277961601,0,2,0,0.0714285714285714,0.893084852408554,0.717708971512601,0.53225121868554,0.367216885608136,0.48023811482125,100,0,0,0,0,0,NA,NA,NA,NA,NA,0.985624083861537,0.284102695425322,0,0,0,0,0.612113718795864,0.118851531811121,-0.128963528715221,-0.607510454874524,0.609274955983868
"649",649,3594,"Cho Oyu","CHOY","Khumbu Himal (NW of Everest on Tibetan border)",8188,12,2,2002,"CHOY02307",3,"NW side",NA,NA,NA,TRUE,FALSE,FALSE,FALSE,"2002-09-11","2002-10-02",815,21,26,"2002-10-07",5,8188,2,4,2,0,0,0,FALSE,TRUE,NA,28.09361076,86.66333008,0,0,41,313,191,0,0,0.909891400058703,2000,21,26,"FALSE",268.501168003789,1.40541805745845,0,0,0,0,0.772736627124619,0.506176878655121,0.329260201510109,-0.0356264966959207,0.858742810558234,100,0,0,0,0,0,NA,NA,NA,NA,NA,1.19845353830917,0.19335952215599,0,0,0,0,0.667337091853605,0.376534849855552,0.188272736432421,-0.100669747243905,-0.500297278128152
"650",650,3595,"Cho Oyu","CHOY","Khumbu Himal (NW of Everest on Tibetan border)",8188,12,2,2001,"CHOY01316",3,"NW side",NA,NA,NA,TRUE,FALSE,FALSE,FALSE,"2001-09-10","2001-09-26",830,16,22,"2001-10-02",5,8188,3,7,3,0,3,1,FALSE,TRUE,"Armand badly frostbitten 10 fingers (slightly) toes (took long time photographing)",28.09361076,86.66333008,0,0,NA,282,41,0,0,0.936307601995891,2000,16,22,"FALSE",270.033331387285,0.503530057966294,0,0,0,0,0.73112334064165,0.352593416112211,0.14088576383029,0.160711138723707,0.524475820133465,100,0,0,0,0,0,NA,NA,NA,NA,NA,1.21932171262003,0.197675413076988,0,0,0,0,0.423248159017821,-0.112396554388111,-0.177990428059668,0.112374331051983,0.116549480213697
"651",651,3596,"Cho Oyu","CHOY","Khumbu Himal (NW of Everest on Tibetan border)",8188,12,2,2009,"CHOY09340",3,"NW side",NA,NA,NA,TRUE,FALSE,FALSE,FALSE,"2009-09-16","2009-10-01",1015,15,18,"2009-10-04",5,8188,3,8,6,0,7,4,TRUE,FALSE,"Nakamura slight frostbite",28.09361076,86.66333008,0,0,10,NA,100,0,0,0,2000,15,18,"FALSE",270.121697944507,0.751856193638007,0,0,0,0,0.867263068837326,0.718066724046976,0.696660886911485,0.441273424035517,-0.244082880793631,100,0,0,0,0,0,NA,NA,NA,NA,NA,0.944052147709843,0.252661313906428,1,0,0.0526315789473684,0,0.124097483455475,0.355259668041622,0.0721409345282586,-0.131006131028612,-0.073925307694019
"652",652,3597,"Cho Oyu","CHOY","Khumbu Himal (NW of Everest on Tibetan border)",8188,12,2,2007,"CHOY07356",3,"NW side",NA,NA,NA,FALSE,FALSE,FALSE,FALSE,"2007-09-23","2007-10-04",NA,11,16,"2007-10-09",5,7400,2,7,0,0,2,0,FALSE,TRUE,NA,28.09361076,86.66333008,1,0,100,NA,253,0,NA,0.902553566187262,2000,11,16,"FALSE",269.470245735318,0.497023247686336,0,0,0,0,0.671030866437299,0.328870525425325,-0.056021679736991,-0.258526978482119,-0.396427823865219,100,0,0,0,0,0,NA,NA,NA,NA,NA,1.21851066090223,0.205449524768173,0,0,0,0,0.382375073679232,-0.089458082123043,-0.221432233035778,-0.200213583757423,0.723577518048561
"653",653,3600,"Cho Oyu","CHOY","Khumbu Himal (NW of Everest on Tibetan border)",8188,12,2,2003,"CHOY03316",3,"NW side",NA,NA,NA,TRUE,FALSE,FALSE,FALSE,"2003-09-08","2003-10-05",1115,27,29,"2003-10-07",1,8188,3,3,2,0,0,0,FALSE,TRUE,NA,28.09361076,86.66333008,0,0,130,221,191,0,0,1,2000,27,29,"FALSE",270.068413798014,2.20997671519686,0,6,0,0.2,0.955826263369668,0.896924632214331,0.836753846494885,0.790530888336719,0.848489564760831,100,0,0,0,0,0,NA,NA,NA,NA,NA,1.12963742994734,0.322090632732458,1,1,0.0333333333333333,0.0333333333333333,0.614369619663097,0.167994865503794,-0.00554530538137356,-0.0250232734848265,-0.187307089799454
"654",654,3601,"Cho Oyu","CHOY","Khumbu Himal (NW of Everest on Tibetan border)",8188,12,2,2006,"CHOY06342",3,"NW side",NA,NA,NA,FALSE,FALSE,FALSE,FALSE,"2006-09-10","2006-10-03",NA,23,28,"2006-10-08",1,7500,3,3,0,0,0,0,FALSE,TRUE,NA,28.09361076,86.66333008,1,0,69,282,222,0,NA,1,2000,23,28,"FALSE",268.907397697712,1.86706614631563,0,1,0,0.0344827586206897,0.887304890277606,0.710999695123324,0.549463779810189,0.344075057266729,0.415394119692831,100,0,0,0,0,0,NA,NA,NA,NA,NA,0.989065429208167,0.287168848432649,0,0,0,0,0.530486231349598,0.167834192622487,0.0125306280457937,-0.622770152848252,0.55925204498845
"655",655,3602,"Cho Oyu","CHOY","Khumbu Himal (NW of Everest on Tibetan border)",8188,12,2,1998,"CHOY98310",3,"NW side",NA,NA,NA,FALSE,FALSE,FALSE,FALSE,"1998-09-08","1998-09-27",NA,19,25,"1998-10-03",5,7800,3,5,0,0,0,0,FALSE,TRUE,NA,28.09361076,86.66333008,0,0,NA,221,69,0,NA,0.836513061344291,1990,19,25,"FALSE",270.92681650015,0.875541379187074,0,1,0,0.0384615384615385,0.84264183004702,0.638529205173053,0.401741787692787,-0.0824330493157104,-0.596532368699211,100,0,0,0,0,0,NA,NA,NA,NA,NA,0.93586179312891,0.252449216683487,0,0,0,0,0.777774566752255,0.370265046406979,-0.190073062516432,-0.739096557096594,0.728878796645833
"656",656,3608,"Cho Oyu","CHOY","Khumbu Himal (NW of Everest on Tibetan border)",8188,12,2,2005,"CHOY05128",1,"NW side",NA,NA,NA,FALSE,FALSE,FALSE,FALSE,"2005-05-06","2005-05-10",NA,4,11,"2005-05-17",1,6850,1,4,0,0,5,0,FALSE,TRUE,NA,28.09361076,86.66333008,1,0,278,156,NA,0,NA,1,2000,4,11,"FALSE",263.933631685045,1.52528150289209,0,0,0,0,0.531142726273538,-0.0155452116982166,-0.303580266009656,-0.729466660972506,1,100,0,0,0,0,0,NA,NA,NA,NA,NA,1.34750385324372,0.280907375643868,0,0,0,0,0.507950024944112,0.0302896001004496,-0.478798168643796,-0.434250068848682,-1
"657",657,3609,"Cho Oyu","CHOY","Khumbu Himal (NW of Everest on Tibetan border)",8188,12,2,2005,"CHOY05305",3,"NW side",NA,NA,NA,TRUE,FALSE,FALSE,FALSE,"2005-09-08","2005-09-29",945,21,24,"2005-10-02",7,8188,3,3,3,0,0,0,FALSE,TRUE,NA,28.09361076,86.66333008,0,0,NA,221,41,0,0,0.995303786322278,2000,21,24,"FALSE",270.540213724772,0.57161106360367,0,0,0,0,0.757345778277418,0.469383643943939,0.353146812201992,-0.0197648562939091,-0.71526063916267,100,0,0,0,0,0,NA,NA,NA,NA,NA,1.07325055562423,0.217641770604823,0,0,0,0,0.73649064990205,0.385207317006063,0.230029483518227,-0.242172324780173,0.210624390185543
"658",658,3610,"Cho Oyu","CHOY","Khumbu Himal (NW of Everest on Tibetan border)",8188,12,2,2007,"CHOY07120",1,"NW side",NA,NA,NA,TRUE,FALSE,FALSE,FALSE,"2007-04-07","2007-04-29",1200,22,25,"2007-05-02",1,8188,3,4,2,0,1,0,TRUE,FALSE,"Frostbite by Morse (will keep his fingers)",28.09361076,86.66333008,0,0,NA,185,36,0,0,1,2000,22,25,"FALSE",263.339968387897,1.38941013631294,0,0,0,0,0.838429144172711,0.645834178735385,0.456245345817772,0.00931629778142066,-0.108590647939445,100,0,0,0,0,0,NA,NA,NA,NA,NA,1.12106696488519,0.320121870498566,2,1,0.0769230769230769,0.0384615384615385,0.516635486753362,0.430610521711741,0.180435032646324,-0.306888976027797,-0.567893083074808
"659",659,3613,"Cho Oyu","CHOY","Khumbu Himal (NW of Everest on Tibetan border)",8188,12,2,2005,"CHOY05133",1,"NW side",NA,NA,NA,FALSE,FALSE,FALSE,FALSE,"2005-04-05","2005-05-03",NA,28,32,"2005-05-07",1,8000,3,8,0,0,3,0,TRUE,FALSE,"Ledet mini-stroke; R. and S. Sherlock frostbite; Webster pancreitis",28.09361076,86.66333008,0,0,64,124,186,0,NA,1,2000,28,32,"FALSE",261.719812566584,2.10904541891433,0,0,0,0,0.829950113946048,0.584147417144967,0.25861704732622,-0.115359471536988,0.551960553615822,100,0,0,0,0,0,NA,NA,NA,NA,NA,1.24160388579143,0.313502485426661,0,2,0,0.0606060606060606,0.660890758219538,0.281022216993506,-0.0974573606467665,-0.219472748093108,0.115632117442314
"660",660,3614,"Cho Oyu","CHOY","Khumbu Himal (NW of Everest on Tibetan border)",8188,12,2,2002,"CHOY02118",1,"NW side",NA,NA,NA,FALSE,FALSE,FALSE,FALSE,"2002-04-11","2002-05-05",NA,24,28,"2002-05-09",1,8000,2,1,0,0,2,0,FALSE,TRUE,"Serious blood bleeding",28.09361076,86.66333008,0,0,125,308,248,0,NA,1,2000,24,28,"FALSE",263.173313513569,2.44216101048842,0,0,0,0,0.822298547098989,0.460116683032986,0.0810807228295937,-0.26283176652807,-0.41710827730902,100,0,0,0,0,0,NA,NA,NA,NA,NA,1.06075139062369,0.332353074265527,0,2,0,0.0689655172413793,0.568333658622078,0.319194816976476,0.367525691540395,-0.252996819724822,-0.334424233752342
"661",661,3622,"Cho Oyu","CHOY","Khumbu Himal (NW of Everest on Tibetan border)",8188,12,2,1997,"CHOY97321",3,"NW side from S",NA,NA,NA,TRUE,FALSE,FALSE,FALSE,"1997-11-01","1997-11-06",1400,5,9,"1997-11-10",1,8188,0,4,1,0,0,0,FALSE,TRUE,"Nothing",28.09361076,86.66333008,0,0,162,11,284,0,0,1,1990,5,9,"FALSE",259.049305216471,1.17532317688338,1,0,0.1,0,0.231149299275222,-0.257118985273325,-0.112923188339095,-0.209057902164084,NA,100,0,0,0,0,0,NA,NA,NA,NA,NA,1.06945862777983,0.351665350332654,1,0,0.1,0,0.531622342361568,0.182330455185284,-0.139678932812602,-0.320250213091736,NA
"662",662,3625,"Cho Oyu","CHOY","Khumbu Himal (NW of Everest on Tibetan border)",8188,12,2,2013,"CHOY13312",3,"NW side",NA,NA,NA,TRUE,FALSE,FALSE,FALSE,"2013-09-11","2013-10-01",820,20,22,"2013-10-03",0,8188,3,1,1,0,0,0,FALSE,TRUE,NA,28.09361076,86.66333008,0,0,10,313,69,0,0,0,2010,20,22,"FALSE",270.087717249774,0.77963650806724,0,0,0,0,0.753105941544512,0.39447060816633,0.247420409099322,-0.1700474925956,-0.853857806276106,100,0,0,0,0,0,NA,NA,NA,NA,NA,1.06388867467837,0.230524115555942,1,0,0.0434782608695652,0,0.371942769890997,-0.276854741775436,-0.193399617081284,-0.236967014877349,-0.132848911868508
"663",663,3626,"Cho Oyu","CHOY","Khumbu Himal (NW of Everest on Tibetan border)",8188,12,2,1995,"CHOY95308",3,"W side from N (direct)",NA,NA,NA,TRUE,FALSE,FALSE,FALSE,"1995-09-12","1995-10-02",NA,20,20,"1995-10-02",0,8188,3,7,6,0,0,0,FALSE,TRUE,"None amongst climbers",28.09361076,86.66333008,0,0,41,343,NA,0,0,0,1990,20,20,"FALSE",269.975894019717,1.84157917116097,0,0,0,0,0.85919801353956,0.728759816885031,0.712661462093236,0.508482056938759,-0.675055131223205,100,0,0,0,0,0,NA,NA,NA,NA,NA,1.12813691102644,0.212347944311925,0,0,0,0,0.528913524696173,-0.0116008731249124,-0.018834906854545,0.236353935288668,0.622782539738159
"665",665,3628,"Cho Oyu","CHOY","Khumbu Himal (NW of Everest on Tibetan border)",8188,12,2,1995,"CHOY95310",3,"W side from N",NA,NA,NA,TRUE,FALSE,FALSE,FALSE,"1995-09-18","1995-10-01",1430,13,17,"1995-10-05",1,8188,3,4,2,0,2,1,FALSE,TRUE,"Nothing serious",28.09361076,86.66333008,0,0,10,NA,130,0,0,1,1990,13,17,"FALSE",269.001940691913,2.49713376941482,0,0,0,0,0.901358390541466,0.772057679474276,0.760789418306871,0.773404392697736,0.217417395527637,100,0,0,0,0,0,NA,NA,NA,NA,NA,1.09417980531126,0.210027092598892,0,0,0,0,0.435410638732113,-0.0703274472567216,-0.0825801360562687,0.167284065692746,0.543698260701934
"666",666,3630,"Cho Oyu","CHOY","Khumbu Himal (NW of Everest on Tibetan border)",8188,12,2,1995,"CHOY95306",3,"W side from N (direct line)",NA,NA,NA,TRUE,FALSE,FALSE,FALSE,"1995-09-11","1995-09-28",NA,17,26,"1995-10-07",1,8188,3,5,4,0,0,0,TRUE,FALSE,"Passino felt sick & left early",28.09361076,86.66333008,0,0,NA,313,191,0,0,1,1990,17,26,"FALSE",269.178804374036,2.43841941613306,0,0,0,0,0.927581833265082,0.834270021524933,0.813186793533913,0.744767240401039,0.0285846669939748,100,0,0,0,0,0,NA,NA,NA,NA,NA,1.1136497252032,0.204656489759013,0,0,0,0,0.498199842512929,-0.0385403385825082,-0.0734630289361445,0.315808580248846,0.607825712265878
"667",667,3633,"Cho Oyu","CHOY","Khumbu Himal (NW of Everest on Tibetan border)",8188,12,2,2006,"CHOY06380",3,"NW side",NA,NA,NA,TRUE,FALSE,FALSE,FALSE,"2006-09-11","2006-09-30",945,19,22,"2006-10-03",1,8188,3,2,1,0,1,1,FALSE,TRUE,NA,28.09361076,86.66333008,0,0,NA,313,69,0,0,1,2000,19,22,"FALSE",269.230239812879,1.67277486341856,0,0,0,0,0.871876754776147,0.688282882257806,0.476572210326179,0.141223959233937,-0.0205622249115178,100,0,0,0,0,0,NA,NA,NA,NA,NA,0.977233530217725,0.272536399161662,0,0,0,0,0.753205059043916,0.366496826825959,0.0614892300907808,-0.545839663147958,0.700192196900108
"668",668,3635,"Cho Oyu","CHOY","Khumbu Himal (NW of Everest on Tibetan border)",8188,12,2,2006,"CHOY06364",3,"NW side",NA,NA,NA,TRUE,FALSE,FALSE,FALSE,"2006-09-10","2006-10-01",1000,21,26,"2006-10-06",1,8188,3,8,3,0,3,2,FALSE,TRUE,NA,28.09361076,86.66333008,0,0,10,282,161,0,0,1,2000,21,26,"FALSE",269.049787309435,1.85591659437085,0,1,0,0.037037037037037,0.87915871732478,0.683062961150059,0.495858425682285,0.342893382404721,0.396756682078673,100,0,0,0,0,0,NA,NA,NA,NA,NA,0.994191905361637,0.28580460663103,0,0,0,0,0.602871249610822,0.172952279434302,-0.0862682506985657,-0.595545551246915,0.580176013873955
"669",669,3636,"Cho Oyu","CHOY","Khumbu Himal (NW of Everest on Tibetan border)",8188,12,2,1987,"CHOY87101",1,"W Ridge-W Face (Tichy) from S",NA,NA,NA,TRUE,FALSE,FALSE,FALSE,"1987-04-03","1987-04-29",1300,26,34,"1987-05-07",10,8188,5,4,2,0,3,2,FALSE,TRUE,"1 member slight frostbite",28.09361076,86.66333008,0,0,NA,63,186,0,0,0.865864396830056,1980,26,34,"FALSE",261.419805181594,2.10206799968763,0,0,0,0,0.783492800410598,0.405084224743137,0.0905912633146959,-0.224806170168422,-0.288133756882252,100,0,0,0,0,0,NA,NA,NA,NA,NA,1.32597977844554,0.391719433319623,1,5,0.0285714285714286,0.142857142857143,0.625390150589562,0.19253760057857,-0.0495771666024192,-0.100615261249529,-0.22337688157788
"670",670,3638,"Cho Oyu","CHOY","Khumbu Himal (NW of Everest on Tibetan border)",8188,12,2,2008,"CHOY08310",3,"NW side",NA,NA,NA,TRUE,FALSE,FALSE,FALSE,"2008-09-09","2008-10-02",1100,23,27,"2008-10-06",4,8188,3,24,13,0,10,9,TRUE,FALSE,NA,28.09361076,86.66333008,0,0,41,253,162,0,0,0.924567067801585,2000,23,27,"FALSE",269.61687937237,1.51295544420315,0,0,0,0,0.859076109734696,0.699254648776457,0.719510685737432,0.768298564557833,0.6311691577811,100,0,0,0,0,0,NA,NA,NA,NA,NA,1.10616351186238,0.340863600435217,2,0,0.0714285714285714,0,0.700800359492258,0.474272007651504,0.301582967507162,0.0883297628391915,-0.635600085480768
"671",671,3639,"Cho Oyu","CHOY","Khumbu Himal (NW of Everest on Tibetan border)",8188,12,2,2006,"CHOY06370",3,"NW side",NA,NA,NA,TRUE,FALSE,FALSE,FALSE,"2006-09-05","2006-10-02",715,27,30,"2006-10-05",4,8188,3,4,4,0,3,3,TRUE,FALSE,NA,28.09361076,86.66333008,0,0,41,129,130,0,0,0.880540064572938,2000,27,30,"FALSE",269.684055410406,2.12630826171538,0,5,0,0.161290322580645,0.912895006765718,0.77106923854685,0.655232317048967,0.46143714190927,0.612682674042304,100,0,0,0,0,0,NA,NA,NA,NA,NA,0.951509637962743,0.285279729962721,0,0,0,0,0.650733133794331,0.238734679981449,-0.096679538520799,-0.616821191722236,0.47806664805206
"672",672,3640,"Cho Oyu","CHOY","Khumbu Himal (NW of Everest on Tibetan border)",8188,12,2,1992,"CHOY92101",1,"W Ridge-W Face from N",NA,NA,NA,TRUE,FALSE,FALSE,FALSE,"1992-04-08","1992-05-07",NA,29,37,"1992-05-15",4,8188,4,5,1,0,2,0,TRUE,FALSE,"Rapp altitude sickness",28.09361076,86.66333008,0,0,187,217,NA,0,0,0.909891400058703,1990,29,37,"FALSE",263.925727860969,2.00700557222357,0,0,0,0,0.816157421398887,0.567978959939721,0.33827317686374,-0.0521561404044799,-0.153146019344422,100,0,0,0,0,0,NA,NA,NA,NA,NA,1.31472040228492,0.340360976457572,0,5,0,0.131578947368421,0.565907099234856,0.340255174745687,0.203841680246914,0.0875100995474368,0.150809077245097
"673",673,3644,"Cho Oyu","CHOY","Khumbu Himal (NW of Everest on Tibetan border)",8188,12,2,2013,"CHOY13103",1,"NW side",NA,NA,NA,FALSE,FALSE,FALSE,FALSE,"2013-04-18","2013-05-06",NA,18,22,"2013-05-10",1,6900,2,1,0,0,0,0,FALSE,TRUE,NA,28.09361076,86.66333008,0,0,156,NA,278,0,NA,1,2010,18,22,"FALSE",263.222944618999,1.93858861712573,0,0,0,0,0.828517409243627,0.475117096178054,0.137782634062727,-0.265144362929827,0.129080243064382,100,0,0,0,0,0,NA,NA,NA,NA,NA,1.08158876941878,0.263877786566076,0,0,0,0,0.674730658750051,0.269986681899348,-0.0285049341873484,-0.0717455029255772,-0.220203833413299
"674",674,3647,"Cho Oyu","CHOY","Khumbu Himal (NW of Everest on Tibetan border)",8188,12,2,2002,"CHOY02108",1,"NW side",NA,NA,NA,TRUE,FALSE,FALSE,FALSE,"2002-04-08","2002-05-03",905,25,25,"2002-05-03",7,8188,2,3,2,0,0,0,FALSE,TRUE,NA,28.09361076,86.66333008,0,0,64,216,NA,0,0,0.873202230701497,2000,25,25,"FALSE",262.598034760891,2.40068215323276,0,0,0,0,0.790480083257726,0.411078786461596,0.0465368599705032,-0.413515055551768,-0.160298387830103,100,0,0,0,0,0,NA,NA,NA,NA,NA,1.15748689622078,0.324242458364202,0,2,0,0.0769230769230769,0.502501732632927,0.184884118685174,0.201459951444328,-0.373836941290921,0.017182593176336
"675",675,3649,"Cho Oyu","CHOY","Khumbu Himal (NW of Everest on Tibetan border)",8188,12,2,2005,"CHOY05302",3,"NW side",NA,NA,NA,TRUE,FALSE,FALSE,FALSE,"2005-09-12","2005-10-04",1400,22,25,"2005-10-07",1,8188,3,5,1,0,0,0,FALSE,TRUE,NA,28.09361076,86.66333008,0,0,100,343,191,0,0,1,2000,22,25,"FALSE",270.1555273594,1.00992112608398,0,0,0,0,0.900439138610394,0.862101765447411,0.828186562843373,0.646166102565289,-0.259413446551167,100,0,0,0,0,0,NA,NA,NA,NA,NA,1.12587873934687,0.178138378180875,0,0,0,0,0.40730212230064,0.193528515503522,-0.010456656158999,-0.355161783709501,-0.23969784077707
"676",676,3651,"Cho Oyu","CHOY","Khumbu Himal (NW of Everest on Tibetan border)",8188,12,2,2006,"CHOY06306",3,"NW side",NA,NA,NA,TRUE,FALSE,FALSE,FALSE,"2006-09-01","2006-10-01",900,30,34,"2006-10-05",1,8188,3,12,6,0,6,6,TRUE,FALSE,"Lahuin's fall",28.09361076,86.66333008,0,0,10,9,130,0,0,1,2000,30,34,"FALSE",269.801743534633,2.02711028033495,0,5,0,0.142857142857143,0.913794663568759,0.76976984317746,0.646559863245768,0.437252852233215,0.515041791622714,100,0,0,0,0,0,NA,NA,NA,NA,NA,0.931862284818704,0.276677769592688,0,0,0,0,0.654343782380433,0.273443517612938,-0.0399905762489247,-0.492168624822465,0.293193442257211
"677",677,3653,"Cho Oyu","CHOY","Khumbu Himal (NW of Everest on Tibetan border)",8188,12,2,2005,"CHOY05313",3,"NW side",NA,NA,NA,TRUE,FALSE,FALSE,FALSE,"2005-09-08","2005-09-28",745,20,24,"2005-10-02",1,8188,3,1,1,0,0,0,FALSE,TRUE,NA,28.09361076,86.66333008,0,0,NA,221,41,0,0,1,2000,20,24,"FALSE",270.540213724772,0.57161106360367,0,0,0,0,0.757345778277418,0.469383643943939,0.353146812201992,-0.0197648562939091,-0.71526063916267,100,0,0,0,0,0,NA,NA,NA,NA,NA,1.07325055562423,0.217641770604823,0,0,0,0,0.73649064990205,0.385207317006063,0.230029483518227,-0.242172324780173,0.210624390185543
"678",678,3655,"Cho Oyu","CHOY","Khumbu Himal (NW of Everest on Tibetan border)",8188,12,2,2010,"CHOY10323",3,"NW side",NA,NA,NA,FALSE,FALSE,FALSE,FALSE,"2010-09-11","2010-10-06",NA,25,35,"2010-10-16",1,8150,2,1,0,0,0,0,FALSE,TRUE,NA,28.09361076,86.66333008,1,0,161,313,NA,0,NA,1,2010,25,35,"FALSE",268.907997837773,2.09320024502791,0,2,0,0.0555555555555556,0.928917056024041,0.800325023539991,0.666315343871673,0.59090826855665,0.59259575407575,100,0,0,0,0,0,NA,NA,NA,NA,NA,1.11510577150479,0.26087596876147,0,0,0,0,0.708502139869861,0.278674082620845,-0.0322111086826499,-0.257810648442652,-0.0387982182469499
"679",679,3661,"Cho Oyu","CHOY","Khumbu Himal (NW of Everest on Tibetan border)",8188,12,2,2016,"CHOY16309",3,"NW side",NA,NA,NA,TRUE,FALSE,FALSE,FALSE,"2016-09-11","2016-09-30",900,19,23,"2016-10-04",1,8188,2,4,4,0,3,3,TRUE,FALSE,NA,28.09361076,86.66333008,0,0,NA,314,101,0,0,1,2010,19,23,"FALSE",270.512001885308,0.791396446059347,0,0,0,0,0.826622862806483,0.635992938957758,0.560930517585869,0.529071427117862,0.362147331898223,100,0,0,0,0,0,NA,NA,NA,NA,NA,1.00226498099547,0.309479127056669,3,0,0.125,0,0.615178511438565,0.126966699791712,-0.129753853361624,-0.123375821659568,-0.303438737934058
"680",680,3663,"Cho Oyu","CHOY","Khumbu Himal (NW of Everest on Tibetan border)",8188,12,2,2016,"CHOY16311",3,"NW side",NA,NA,NA,TRUE,FALSE,FALSE,FALSE,"2016-09-12","2016-09-30",1330,18,25,"2016-10-07",1,8188,4,9,7,0,3,2,TRUE,FALSE,NA,28.09361076,86.66333008,0,0,NA,344,192,0,0,1,2010,18,25,"FALSE",270.440813504733,0.691284198402443,0,0,0,0,0.820743706077692,0.610842821151491,0.520384691503407,0.36046562706818,-0.243400202222748,100,0,0,0,0,0,NA,NA,NA,NA,NA,1.05001182490888,0.331578209746855,3,0,0.115384615384615,0,0.675302648941412,0.192770828154825,-0.136895527230583,-0.369519416615286,-0.290918046049645
"681",681,3664,"Cho Oyu","CHOY","Khumbu Himal (NW of Everest on Tibetan border)",8188,12,2,1995,"CHOY95312",3,"W side from N",NA,NA,NA,FALSE,FALSE,FALSE,FALSE,"1995-10-02","1995-10-10",NA,8,13,"1995-10-15",1,8000,3,8,0,0,2,0,FALSE,TRUE,"Escoffier and Dorje slightly frostbitten toes; Jaun got edema at Tingri and returned to KTM before reaching BC",28.09361076,86.66333008,1,0,283,41,NA,0,NA,1,1990,8,13,"FALSE",266.525178455171,1.01044589650708,0,0,0,0,0.622673725385632,0.133583974291225,-0.158707970253217,-0.107359974746397,-0.671955280798758,100,0,0,0,0,0,NA,NA,NA,NA,NA,1.04774497472321,0.209633398893427,0,0,0,0,0.109984596894353,-0.325170941336452,-0.723428252683721,0.462959530323155,0.251814040083708
"682",682,3666,"Cho Oyu","CHOY","Khumbu Himal (NW of Everest on Tibetan border)",8188,12,2,2008,"CHOY08311",3,"NW side",NA,NA,NA,FALSE,FALSE,FALSE,FALSE,"2008-10-08","2008-10-09",NA,1,4,"2008-10-12",1,5700,0,3,0,0,0,0,FALSE,TRUE,"Feja got Giardia and left BC 9 Oct",28.09361076,86.66333008,0,0,254,223,345,0,NA,1,2000,1,4,"FALSE",265.551750437419,0.562482567679031,0,0,0,0,-0.823439894635285,-0.630030044031102,1,NA,NA,100,0,0,0,0,0,NA,NA,NA,NA,NA,1.25950888215765,0.340748312063166,0,0,0,0,0.671028554343089,0.920994453606806,-1,NA,NA
"684",684,3668,"Cho Oyu","CHOY","Khumbu Himal (NW of Everest on Tibetan border)",8188,12,2,2017,"CHOY17102",1,"NW side",NA,NA,NA,FALSE,FALSE,FALSE,FALSE,"2017-04-18","2017-05-10",NA,22,24,"2017-05-12",4,6800,1,3,0,0,3,0,TRUE,FALSE,NA,28.09361076,86.66333008,0,0,278,NA,339,0,NA,0.939242735544467,2010,22,24,"FALSE",265.224864959717,2.0265333520983,0,0,0,0,0.872508117676407,0.673401410726542,0.50628477447345,-0.0645373530268722,-0.866482896689329,100,0,0,0,0,0,NA,NA,NA,NA,NA,1.2915729414735,0.349917409630647,0,1,0,0.04,0.649684759048132,0.302831607464886,0.275415710963453,0.0975318998676851,-0.676986945944089
"685",685,3669,"Cho Oyu","CHOY","Khumbu Himal (NW of Everest on Tibetan border)",8188,12,2,2012,"CHOY12101",1,"NW side",NA,NA,NA,TRUE,FALSE,FALSE,FALSE,"2012-04-11","2012-05-07",912,26,29,"2012-05-10",1,8188,3,6,5,0,7,5,TRUE,FALSE,NA,28.09361076,86.66333008,0,0,187,309,279,0,0,1,2010,26,29,"FALSE",261.36239206526,1.89501077136169,0,0,0,0,0.813050802088555,0.535271491858571,0.212635036198075,-0.331675744211834,-0.488976798044643,100,0,0,0,0,0,NA,NA,NA,NA,NA,1.35968659018001,0.298389638986454,0,0,0,0,0.722664565301564,0.435178713965073,0.21752275812628,-0.17913006980361,-0.414707027108724
"686",686,3673,"Cho Oyu","CHOY","Khumbu Himal (NW of Everest on Tibetan border)",8188,12,2,2007,"CHOY07347",3,"NW side",NA,NA,NA,TRUE,FALSE,FALSE,FALSE,"2007-09-08","2007-10-02",415,24,27,"2007-10-05",1,8188,3,9,6,0,6,5,TRUE,FALSE,NA,28.09361076,86.66333008,0,0,41,221,130,0,0,1,2000,24,27,"FALSE",270.260190691267,1.04276575189665,0,2,0,0.0714285714285714,0.921657577507169,0.829746297650191,0.748142727247603,0.753806800237071,0.602865141601044,100,0,0,0,0,0,NA,NA,NA,NA,NA,1.01420772575296,0.2848890262725,3,0,0.107142857142857,0,0.691028878990624,0.378595760159508,0.217163883118761,0.0828785677792529,-0.253665905322912
"687",687,3675,"Cho Oyu","CHOY","Khumbu Himal (NW of Everest on Tibetan border)",8188,12,2,2002,"CHOY02304",3,"NW side",NA,NA,NA,TRUE,FALSE,FALSE,FALSE,"2002-09-11","2002-10-01",645,20,26,"2002-10-07",4,8188,2,7,4,0,0,0,FALSE,TRUE,NA,28.09361076,86.66333008,0,0,10,313,191,0,0,0.884942764895803,2000,20,26,"FALSE",268.501168003789,1.40541805745845,0,0,0,0,0.772736627124619,0.506176878655121,0.329260201510109,-0.0356264966959207,0.858742810558234,100,0,0,0,0,0,NA,NA,NA,NA,NA,1.19845353830917,0.19335952215599,0,0,0,0,0.667337091853605,0.376534849855552,0.188272736432421,-0.100669747243905,-0.500297278128152
"688",688,3676,"Cho Oyu","CHOY","Khumbu Himal (NW of Everest on Tibetan border)",8188,12,2,2007,"CHOY07354",3,"NW side",NA,NA,NA,FALSE,FALSE,FALSE,FALSE,"2007-09-11","2007-10-01",NA,20,22,"2007-10-03",1,7900,2,1,0,0,1,0,TRUE,FALSE,NA,28.09361076,86.66333008,1,0,10,313,69,0,NA,1,2000,20,22,"FALSE",270.228348165319,1.0825452672225,0,2,0,0.0869565217391304,0.947293352727042,0.889945695605291,0.867740495353694,0.866110337775018,0.761259666443002,100,0,0,0,0,0,NA,NA,NA,NA,NA,0.9831114739419,0.292269462829821,3,0,0.130434782608696,0,0.710174341864472,0.408179917004919,0.309782641857286,-0.00367922039914295,-0.6856827924151
"689",689,3678,"Cho Oyu","CHOY","Khumbu Himal (NW of Everest on Tibetan border)",8188,12,2,2007,"CHOY07350",3,"NW side",NA,NA,NA,FALSE,FALSE,FALSE,FALSE,"2007-09-16","2007-10-08",NA,22,25,"2007-10-11",5,7600,3,3,0,0,0,0,FALSE,TRUE,NA,28.09361076,86.66333008,1,0,222,NA,314,0,NA,0.909891400058703,2000,22,25,"FALSE",269.701085408529,0.667675837997289,0,0,0,0,0.819186193027541,0.613085951767462,0.461123698214987,0.249065508542436,0.319766286451065,100,0,0,0,0,0,NA,NA,NA,NA,NA,1.10680558757485,0.320349492688971,3,0,0.115384615384615,0,0.763406700275337,0.48930250854634,0.340989584119358,0.16466050629595,-0.108900522060362
"690",690,3683,"Cho Oyu","CHOY","Khumbu Himal (NW of Everest on Tibetan border)",8188,12,2,2016,"CHOY16301",3,"NW side",NA,NA,NA,TRUE,FALSE,FALSE,FALSE,"2016-09-05","2016-09-30",1000,25,27,"2016-10-02",1,8188,3,15,7,0,5,5,TRUE,FALSE,NA,28.09361076,86.66333008,0,0,NA,130,41,0,0,1,2010,25,27,"FALSE",270.933990115211,1.02466781957893,0,6,0,0.214285714285714,0.913532631699219,0.797807223515279,0.730883643730813,0.662511298118145,0.871488524543956,100,0,0,0,0,0,NA,NA,NA,NA,NA,0.976589881493525,0.299365130491724,4,0,0.142857142857143,0,0.580717817047637,0.0969507074871808,-0.0907830808036886,-0.0261358013729694,-0.109293231618475
"691",691,3685,"Cho Oyu","CHOY","Khumbu Himal (NW of Everest on Tibetan border)",8188,12,2,2002,"CHOY02319",3,"NW side",NA,NA,NA,FALSE,FALSE,FALSE,FALSE,"2002-09-02","2002-09-24",NA,22,30,"2002-10-02",5,7600,3,1,0,0,0,0,FALSE,TRUE,NA,28.09361076,86.66333008,1,0,NA,40,41,0,NA,0,2000,22,30,"FALSE",269.263696855114,1.53376741061075,0,0,0,0,0.843278235479887,0.657701126716641,0.570910978538319,0.283099207682102,0.845113364435635,100,0,0,0,0,0,NA,NA,NA,NA,NA,1.20195325860842,0.181953495590023,0,0,0,0,0.700315232764359,0.426408732557311,0.178686998136972,-0.156984647807835,-0.517425219420265
"692",692,3690,"Cho Oyu","CHOY","Khumbu Himal (NW of Everest on Tibetan border)",8188,12,2,2010,"CHOY10318",3,"NW side",NA,NA,NA,TRUE,FALSE,FALSE,FALSE,"2010-09-10","2010-10-02",1115,22,25,"2010-10-05",1,8188,3,3,2,0,0,0,FALSE,TRUE,NA,28.09361076,86.66333008,0,0,41,282,130,0,0,1,2010,22,25,"FALSE",269.795125618959,1.90643204797397,0,2,0,0.0769230769230769,0.928888287336717,0.794387886957979,0.628405146258362,0.451039594456421,0.75827953722483,100,0,0,0,0,0,NA,NA,NA,NA,NA,1.08229402377227,0.211515955855972,0,0,0,0,0.666004109078546,0.273958979225976,0.188694125107237,-0.386658474407749,0.305075703747641
"693",693,3691,"Cho Oyu","CHOY","Khumbu Himal (NW of Everest on Tibetan border)",8188,12,2,2005,"CHOY05306",3,"NW side",NA,NA,NA,TRUE,FALSE,FALSE,FALSE,"2005-09-16","2005-10-02",900,16,19,"2005-10-05",1,8188,2,3,1,0,1,1,FALSE,TRUE,NA,28.09361076,86.66333008,0,0,41,NA,130,0,0,1,2000,16,19,"FALSE",270.248078219096,0.940585726737725,0,0,0,0,0.927763362808325,0.843445220823313,0.76226174333579,0.559885633061556,-0.380286825032602,100,0,0,0,0,0,NA,NA,NA,NA,NA,1.14303424834134,0.173473163729506,0,0,0,0,0.650141441839901,0.264585008277264,0.0353027162383088,-0.443467147305755,-0.427872949510537
"694",694,3693,"Cho Oyu","CHOY","Khumbu Himal (NW of Everest on Tibetan border)",8188,12,2,2005,"CHOY05312",3,"NW side",NA,NA,NA,FALSE,FALSE,FALSE,FALSE,"2005-09-09","2005-09-20",NA,11,23,"2005-10-02",1,7200,2,7,0,0,0,0,FALSE,TRUE,NA,28.09361076,86.66333008,1,0,NA,252,41,0,NA,1,2000,11,23,"FALSE",270.529622077942,0.581393797669348,0,0,0,0,0.755840530934847,0.486599011115625,0.359401412699427,-0.0226871982259579,-0.715079287418152,100,0,0,0,0,0,NA,NA,NA,NA,NA,1.0930614816022,0.197962106016513,0,0,0,0,0.660113592355835,0.346253478012868,0.128199532463586,-0.308205084938388,0.298424598652058
"695",695,3694,"Cho Oyu","CHOY","Khumbu Himal (NW of Everest on Tibetan border)",8188,12,2,2009,"CHOY09341",3,"NW side",NA,NA,NA,TRUE,FALSE,FALSE,FALSE,"2009-09-07","2009-10-01",1045,24,27,"2009-10-04",1,8188,3,1,1,0,1,1,FALSE,TRUE,NA,28.09361076,86.66333008,0,0,10,190,100,0,0,1,2000,24,27,"FALSE",270.368576004392,0.756318401437218,0,0,0,0,0.834730500415669,0.639189767952222,0.656626601278459,0.583413763249349,0.0470245604947204,100,0,0,0,0,0,NA,NA,NA,NA,NA,0.999316266402366,0.240364437339612,1,0,0.0357142857142857,0,0.281229882902616,0.433879947161302,0.283796490925975,0.0133187569519862,-0.299224362510407
"696",696,3701,"Cho Oyu","CHOY","Khumbu Himal (NW of Everest on Tibetan border)",8188,12,2,2016,"CHOY16306",3,"NW side",NA,NA,NA,TRUE,FALSE,FALSE,FALSE,"2016-09-06","2016-09-30",830,24,28,"2016-10-04",1,8188,3,5,3,0,4,4,TRUE,FALSE,NA,28.09361076,86.66333008,0,0,NA,161,101,0,0,1,2010,24,28,"FALSE",270.828338623047,1.00936709496842,0,5,0,0.172413793103448,0.902149761718896,0.782296703064594,0.723086994525311,0.667748772764289,0.732740122781815,100,0,0,0,0,0,NA,NA,NA,NA,NA,0.985344871832042,0.294279931401984,4,0,0.137931034482759,0,0.574014997320383,0.0776394200721626,-0.115448900897734,-0.0270898888480984,-0.0668182380901987
"697",697,3704,"Cho Oyu","CHOY","Khumbu Himal (NW of Everest on Tibetan border)",8188,12,2,2016,"CHOY16312",3,"NW side",NA,NA,NA,TRUE,FALSE,FALSE,FALSE,"2016-09-05","2016-09-30",1315,25,28,"2016-10-03",1,8188,3,4,1,0,1,1,FALSE,TRUE,NA,28.09361076,86.66333008,0,0,NA,130,70,0,0,1,2010,25,28,"FALSE",270.88806994208,1.0361454252061,0,6,0,0.206896551724138,0.918605863425776,0.807292061031547,0.746182439936869,0.68434154970736,0.807979457856826,100,0,0,0,0,0,NA,NA,NA,NA,NA,0.97602561975864,0.293986426454574,4,0,0.137931034482759,0,0.572410993069977,0.0935804028341321,-0.0783644750041761,-0.0251215745761355,-0.113853249355124
"698",698,3705,"Cho Oyu","CHOY","Khumbu Himal (NW of Everest on Tibetan border)",8188,12,2,2002,"CHOY02311",3,"NW side",NA,NA,NA,TRUE,FALSE,FALSE,FALSE,"2002-09-09","2002-10-01",945,22,28,"2002-10-07",1,8188,2,14,4,0,0,0,FALSE,TRUE,"Pensa frostbitten nose, right thumb, toes of both feet during the summit climb",28.09361076,86.66333008,0,0,10,252,191,0,0,1,2000,22,28,"FALSE",268.622623531298,1.42866924911936,0,0,0,0,0.797506336467273,0.562939948459392,0.41143991664183,0.117268364936578,0.794392874016933,100,0,0,0,0,0,NA,NA,NA,NA,NA,1.19702084688895,0.18709220354177,0,0,0,0,0.660644503555803,0.365869255591955,0.189696097660378,-0.123695656039863,-0.518177448951511
"699",699,3707,"Cho Oyu","CHOY","Khumbu Himal (NW of Everest on Tibetan border)",8188,12,2,2009,"CHOY09348",3,"NW side",NA,NA,NA,TRUE,FALSE,FALSE,FALSE,"2009-09-06","2009-09-24",600,18,30,"2009-10-06",4,8188,3,1,1,0,1,1,TRUE,FALSE,NA,28.09361076,86.66333008,0,0,NA,160,161,0,0,0.880540064572938,2000,18,30,"FALSE",270.417311760687,0.748914575911703,0,0,0,0,0.788468294437163,0.622343233338085,0.589101247756952,0.489824895038181,-0.0438404488219711,100,0,0,0,0,0,NA,NA,NA,NA,NA,1.04879223640701,0.280729004568628,1,1,0.032258064516129,0.032258064516129,0.457187624359354,0.352804375872377,0.158353618192173,-0.0974783494002721,-0.345883075014821
"700",700,3708,"Cho Oyu","CHOY","Khumbu Himal (NW of Everest on Tibetan border)",8188,12,2,1998,"CHOY98307",3,"NW side",NA,NA,NA,TRUE,FALSE,FALSE,FALSE,"1998-09-05","1998-09-28",1100,23,30,"1998-10-05",5,8188,3,5,1,0,2,0,TRUE,FALSE,"Nothing serious",28.09361076,86.66333008,0,0,NA,129,130,0,0,0.909891400058703,1990,23,30,"FALSE",270.817587575605,0.999486831879289,0,2,0,0.0645161290322581,0.877247648039167,0.688853274108075,0.5041253061555,0.143981979079062,-0.606902334035861,100,0,0,0,0,0,NA,NA,NA,NA,NA,0.893879643741149,0.273603473756499,2,0,0.0645161290322581,0,0.771176231403652,0.413226226585773,-0.00288571343473315,-0.517165650208248,0.687195224094827
"701",701,3712,"Cho Oyu","CHOY","Khumbu Himal (NW of Everest on Tibetan border)",8188,12,2,2010,"CHOY10314",3,"NW side",NA,NA,NA,FALSE,FALSE,FALSE,FALSE,"2010-09-09","2010-09-20",NA,11,22,"2010-10-01",1,7100,1,1,0,0,1,0,FALSE,TRUE,NA,28.09361076,86.66333008,0,1,NA,252,10,0,NA,1,2010,11,22,"FALSE",270.302893541861,1.5683334827638,0,2,0,0.0869565217391304,0.895987092851224,0.729676113666774,0.552774790507068,0.297282966738202,0.444047819747798,100,0,0,0,0,0,NA,NA,NA,NA,NA,1.01830660216861,0.142075914793166,0,0,0,0,0.304651526120978,-0.368635679370778,-0.24557656132926,-0.45586858346053,0.152604472524464
"702",702,3714,"Cho Oyu","CHOY","Khumbu Himal (NW of Everest on Tibetan border)",8188,12,2,2007,"CHOY07348",3,"NW side",NA,NA,NA,FALSE,FALSE,FALSE,FALSE,"2007-09-03","2007-09-18",NA,15,30,"2007-10-03",1,7000,2,13,0,0,7,0,FALSE,TRUE,"Only one member's ulcer (Passey)",28.09361076,86.66333008,1,0,NA,68,69,0,NA,1,2000,15,30,"FALSE",270.575612180976,1.20679669272372,0,4,0,0.129032258064516,0.913548199339366,0.780330819864149,0.655619653633807,0.618624817622265,0.683792215241469,100,0,0,0,0,0,NA,NA,NA,NA,NA,1.00624377879467,0.259317498095253,3,0,0.0967741935483871,0,0.693010302603322,0.386529503326896,0.2745326226213,0.012969464328351,-0.591864373334107
"703",703,3715,"Cho Oyu","CHOY","Khumbu Himal (NW of Everest on Tibetan border)",8188,12,2,2006,"CHOY06332",3,"NW side",NA,NA,NA,TRUE,FALSE,FALSE,FALSE,"2006-09-18","2006-10-07",1345,19,23,"2006-10-11",1,8188,2,1,1,0,0,0,FALSE,TRUE,NA,28.09361076,86.66333008,0,0,191,NA,314,0,0,1,2000,19,23,"FALSE",268.109345912933,1.66353091156963,0,0,0,0,0.854256560615833,0.611862144087796,0.389754140548693,0.0295982253396955,0.201060297583736,100,0,0,0,0,0,NA,NA,NA,NA,NA,0.933556804971268,0.257537071398416,0,0,0,0,0.480890078242359,0.100893866209695,-0.0471820069141145,-0.573131399184502,0.630138659072119
"704",704,3716,"Cho Oyu","CHOY","Khumbu Himal (NW of Everest on Tibetan border)",8188,12,2,2004,"CHOY04105",1,"NW side",NA,NA,NA,FALSE,FALSE,FALSE,FALSE,"2004-04-12","2004-04-22",NA,10,30,"2004-05-12",1,7200,2,1,0,0,0,0,FALSE,TRUE,NA,28.09361076,86.66333008,0,0,NA,339,340,0,NA,1,2000,10,30,"FALSE",264.741608691472,2.40188081527665,0,1,0,0.032258064516129,0.864376716286492,0.639938186857785,0.427154933577294,-0.124558669243892,-0.165655851662647,100,0,0,0,0,0,NA,NA,NA,NA,NA,1.38927657395583,0.342304386991406,1,5,0.032258064516129,0.161290322580645,0.615819246703531,0.213680607282811,-0.123026270247685,-0.544833014057067,0.410346633306845
"705",705,3717,"Cho Oyu","CHOY","Khumbu Himal (NW of Everest on Tibetan border)",8188,12,2,1987,"CHOY87103",1,"W Ridge-W Face (Tichy) from S",NA,NA,NA,FALSE,FALSE,FALSE,FALSE,"1987-04-12","1987-04-30",NA,18,22,"1987-05-04",7,7600,5,6,0,0,2,0,FALSE,TRUE,"Tent fire at C5 burned Baker's hands slightly; Gerhauser ill (chest cold) and left expedition early when didn't recover (reached C1 once, was down below BC couple of times, finally left May 2)",28.09361076,86.66333008,1,0,NA,338,95,0,NA,0.880540064572938,1980,18,22,"FALSE",261.56360366379,2.15534637717551,0,0,0,0,0.82401819612703,0.553775100241664,0.210421611486507,-0.358922602249712,-0.300987823907203,100,0,0,0,0,0,NA,NA,NA,NA,NA,1.32599611114826,0.384495582318333,1,2,0.0434782608695652,0.0869565217391304,0.511168735402056,-0.0520567383430369,-0.378482091760863,-0.157800725438029,-0.0502424085072552
"706",706,3724,"Cho Oyu","CHOY","Khumbu Himal (NW of Everest on Tibetan border)",8188,12,2,2016,"CHOY16304",3,"NW side",NA,NA,NA,TRUE,FALSE,FALSE,FALSE,"2016-09-05","2016-09-30",845,25,29,"2016-10-04",8,8188,3,8,6,0,5,3,TRUE,FALSE,NA,28.09361076,86.66333008,0,0,NA,130,101,0,0,0.785148224244203,2010,25,29,"FALSE",270.872961086697,1.02148180086516,0,6,0,0.2,0.907445373521272,0.795163628453345,0.740945827410111,0.680096721655134,0.74668346464672,100,0,0,0,0,0,NA,NA,NA,NA,NA,0.980983383677923,0.290146730322358,4,0,0.133333333333333,0,0.56905782062818,0.0736979181925681,-0.109222789419136,-0.026836224650393,-0.0651315244179448
"707",707,3726,"Cho Oyu","CHOY","Khumbu Himal (NW of Everest on Tibetan border)",8188,12,2,2006,"CHOY06375",3,"NW side",NA,NA,NA,TRUE,FALSE,FALSE,FALSE,"2006-09-05","2006-10-01",535,26,30,"2006-10-05",14,8188,3,26,23,0,26,16,TRUE,FALSE,"Wang Feng's fall",28.09361076,86.66333008,0,0,10,129,130,0,0,0.880540064572938,2000,26,30,"FALSE",269.684055410406,2.12630826171538,0,5,0,0.161290322580645,0.912895006765718,0.77106923854685,0.655232317048967,0.46143714190927,0.612682674042304,100,0,0,0,0,0,NA,NA,NA,NA,NA,0.951509637962743,0.285279729962721,0,0,0,0,0.650733133794331,0.238734679981449,-0.096679538520799,-0.616821191722236,0.47806664805206
"708",708,3727,"Cho Oyu","CHOY","Khumbu Himal (NW of Everest on Tibetan border)",8188,12,2,2006,"CHOY06376",3,"NW side",NA,NA,NA,TRUE,FALSE,FALSE,FALSE,"2006-09-08","2006-10-01",745,23,25,"2006-10-03",5,8188,3,16,5,0,4,3,FALSE,TRUE,NA,28.09361076,86.66333008,0,0,10,221,69,0,0,0.956853536835926,2000,23,25,"FALSE",269.62859417842,1.93747163404179,0,3,0,0.115384615384615,0.912882098175505,0.772142488613178,0.582260453215064,0.246284690265329,0.448413070579208,100,0,0,0,0,0,NA,NA,NA,NA,NA,0.948772371569164,0.268718168471686,0,0,0,0,0.674281014961523,0.237754502182405,-0.12242784869531,-0.619542793627098,0.748286995240063
"709",709,3728,"Cho Oyu","CHOY","Khumbu Himal (NW of Everest on Tibetan border)",8188,12,2,2006,"CHOY06354",3,"NW side",NA,NA,NA,TRUE,FALSE,FALSE,FALSE,"2006-09-04","2006-10-02",1130,28,30,"2006-10-04",5,8188,2,4,2,0,3,3,TRUE,FALSE,"Nothing",28.09361076,86.66333008,0,0,41,99,100,0,0,0.939242735544467,2000,28,30,"FALSE",269.834292955296,2.04103905947502,0,5,0,0.161290322580645,0.906052208975045,0.77969999526406,0.653295463404186,0.422248417715907,0.558904558064646,100,0,0,0,0,0,NA,NA,NA,NA,NA,0.943344137728111,0.288469741630464,0,0,0,0,0.736137548745998,0.265931348028953,-0.071286507429977,-0.589878096578172,0.419729242212149
"710",710,3730,"Cho Oyu","CHOY","Khumbu Himal (NW of Everest on Tibetan border)",8188,12,2,2010,"CHOY10316",3,"NW side",NA,NA,NA,TRUE,FALSE,FALSE,FALSE,"2010-09-10","2010-10-06",1456,26,28,"2010-10-08",1,8188,2,1,1,0,0,0,FALSE,TRUE,NA,28.09361076,86.66333008,0,0,161,282,222,0,0,1,2010,26,28,"FALSE",269.482413631746,2.05268422909736,0,2,0,0.0689655172413793,0.931275782054838,0.818299216848822,0.68552290998982,0.520477913368851,0.793203631531433,100,0,0,0,0,0,NA,NA,NA,NA,NA,1.08586317701279,0.200720288718589,0,0,0,0,0.638635125893339,0.227553653187505,0.136129769575219,-0.249286903240753,0.204196947945231
"711",711,3731,"Cho Oyu","CHOY","Khumbu Himal (NW of Everest on Tibetan border)",8188,12,2,1995,"CHOY95301",3,"W side (direct line)",NA,NA,NA,TRUE,FALSE,FALSE,FALSE,"1995-09-07","1995-09-25",NA,18,24,"1995-10-01",1,8188,3,8,6,0,9,7,TRUE,FALSE,"None",28.09361076,86.66333008,0,0,NA,190,10,0,0,1,1990,18,24,"FALSE",270.34630086263,1.66142212882975,0,0,0,0,0.921261918977934,0.827809815133437,0.706211341468864,0.442928889196473,-0.395201028325373,100,0,0,0,0,0,NA,NA,NA,NA,NA,1.12486057189224,0.193148306893404,0,0,0,0,0.489476772962906,-0.0905705924851123,-0.0341320827956178,-0.0557206821408018,0.503202432762131
"712",712,3737,"Cho Oyu","CHOY","Khumbu Himal (NW of Everest on Tibetan border)",8188,12,2,2010,"CHOY10313",3,"NW side",NA,NA,NA,FALSE,FALSE,FALSE,FALSE,"2010-09-11","2010-09-28",NA,17,22,"2010-10-03",1,7900,1,4,0,0,2,0,FALSE,TRUE,NA,28.09361076,86.66333008,1,1,NA,313,69,0,NA,1,2010,17,22,"FALSE",270.02838178994,1.66150428597482,0,2,0,0.0869565217391304,0.906883054730453,0.750414295611067,0.568870531224786,0.383780784127955,0.631154998319396,100,0,0,0,0,0,NA,NA,NA,NA,NA,1.05889837962842,0.194050085615747,0,0,0,0,0.524948357315113,-0.0797879993102982,0.000491248830296138,-0.545361307183286,0.221857364908616
"713",713,3740,"Cho Oyu","CHOY","Khumbu Himal (NW of Everest on Tibetan border)",8188,12,2,2005,"CHOY05304",3,"NW side",NA,NA,NA,TRUE,FALSE,FALSE,FALSE,"2005-09-16","2005-10-01",735,15,19,"2005-10-05",1,8188,3,7,7,0,4,4,TRUE,FALSE,NA,28.09361076,86.66333008,0,0,10,NA,130,0,0,1,2000,15,19,"FALSE",270.248078219096,0.940585726737725,0,0,0,0,0.927763362808325,0.843445220823313,0.76226174333579,0.559885633061556,-0.380286825032602,100,0,0,0,0,0,NA,NA,NA,NA,NA,1.14303424834134,0.173473163729506,0,0,0,0,0.650141441839901,0.264585008277264,0.0353027162383088,-0.443467147305755,-0.427872949510537
"714",714,3742,"Cho Oyu","CHOY","Khumbu Himal (NW of Everest on Tibetan border)",8188,12,2,2016,"CHOY16303",3,"NW side",NA,NA,NA,TRUE,FALSE,FALSE,FALSE,"2016-09-13","2016-10-01",719,18,20,"2016-10-03",1,8188,3,2,2,0,2,2,TRUE,FALSE,NA,28.09361076,86.66333008,0,0,10,NA,70,0,0,1,2010,18,20,"FALSE",270.405946761843,0.748743071871064,0,0,0,0,0.846191638905044,0.657260424436014,0.553321527595719,0.398308634710739,0.38145927449982,100,0,0,0,0,0,NA,NA,NA,NA,NA,0.995169217986422,0.329231185401704,3,0,0.142857142857143,0,0.626720419873903,0.142202395014091,-0.0957009633249057,-0.110419136194328,-0.394790412843655
"715",715,3743,"Cho Oyu","CHOY","Khumbu Himal (NW of Everest on Tibetan border)",8188,12,2,1995,"CHOY95307",3,"W side 'W Corner'",NA,NA,NA,TRUE,FALSE,FALSE,FALSE,"1995-09-12","1995-10-01",NA,19,19,"1995-10-01",1,8188,2,14,6,0,6,2,FALSE,TRUE,"3 members with frostbite that will heal; 1 hypothermia but OK",28.09361076,86.66333008,0,0,10,343,NA,0,0,1,1990,19,19,"FALSE",270.111773681641,1.77813767468911,0,0,0,0,0.930215743438552,0.841148096763236,0.725909743017038,0.440119993865582,-0.766271491018659,100,0,0,0,0,0,NA,NA,NA,NA,NA,1.14001242114166,0.210588316022852,0,0,0,0,0.480215224514293,-0.11343622309318,-0.0248836828845011,0.144294418893928,0.611491064110054
"716",716,3745,"Cho Oyu","CHOY","Khumbu Himal (NW of Everest on Tibetan border)",8188,12,2,2002,"CHOY02109",1,"NW side",NA,NA,NA,FALSE,FALSE,FALSE,FALSE,"2002-04-08","2002-05-05",NA,27,32,"2002-05-10",1,8100,3,13,0,0,3,0,FALSE,TRUE,NA,28.09361076,86.66333008,1,0,125,216,278,0,NA,1,2000,27,32,"FALSE",263.144591148454,2.59711812956333,0,0,0,0,0.833883338473805,0.505527479147863,0.134947417199517,-0.337115328737045,-0.463738722171211,100,0,0,0,0,0,NA,NA,NA,NA,NA,1.09587928875237,0.325856276121349,0,2,0,0.0606060606060606,0.546883690849252,0.261581682442193,0.268092521463496,-0.317807018733305,-0.341901086478268
"717",717,3747,"Cho Oyu","CHOY","Khumbu Himal (NW of Everest on Tibetan border)",8188,12,2,1999,"CHOY99117",1,"NW side",NA,NA,NA,TRUE,FALSE,FALSE,FALSE,"1999-04-06","1999-05-04",NA,28,28,"1999-05-04",6,8188,3,6,3,0,0,0,FALSE,TRUE,NA,28.09361076,86.66333008,0,0,95,155,NA,0,0,0.843850895215732,1990,28,28,"FALSE",267.045615097572,2.48547057604444,0,2,0,0.0689655172413793,0.869164098884272,0.63086885222513,0.42433053490053,0.153035136424453,0.536804906029288,100,0,0,0,0,0,NA,NA,NA,NA,NA,1.43809994571187,0.233924947768781,0,2,0,0.0689655172413793,0.306456260365637,0.0309825982390987,0.0382818660368815,-0.495183570106459,-0.032089837067371
"718",718,3750,"Cho Oyu","CHOY","Khumbu Himal (NW of Everest on Tibetan border)",8188,12,2,2005,"CHOY05307",3,"NW side",NA,NA,NA,TRUE,FALSE,FALSE,FALSE,"2005-09-08","2005-09-28",1425,20,24,"2005-10-02",1,8188,3,3,2,0,0,0,FALSE,TRUE,NA,28.09361076,86.66333008,0,0,NA,221,41,0,0,1,2000,20,24,"FALSE",270.540213724772,0.57161106360367,0,0,0,0,0.757345778277418,0.469383643943939,0.353146812201992,-0.0197648562939091,-0.71526063916267,100,0,0,0,0,0,NA,NA,NA,NA,NA,1.07325055562423,0.217641770604823,0,0,0,0,0.73649064990205,0.385207317006063,0.230029483518227,-0.242172324780173,0.210624390185543
"719",719,3753,"Cho Oyu","CHOY","Khumbu Himal (NW of Everest on Tibetan border)",8188,12,2,2011,"CHOY11314",3,"NW side",NA,NA,NA,TRUE,FALSE,FALSE,FALSE,"2011-09-07","2011-10-03",1130,26,29,"2011-10-06",1,8188,3,11,1,0,3,0,FALSE,TRUE,NA,28.09361076,86.66333008,0,0,69,190,161,0,0,1,2010,26,29,"FALSE",269.550253041585,2.58267612324953,0,4,0,0.133333333333333,0.958437391402593,0.892404254798093,0.854183614117054,0.873503177833541,0.806983070218764,100,0,0,0,0,0,NA,NA,NA,NA,NA,0.91466616739547,0.272601691071586,4,0,0.133333333333333,0,0.437076973183077,-0.00287780149563531,-0.232096216326183,0.403629192957526,-0.0798768880680237
"720",720,3757,"Cho Oyu","CHOY","Khumbu Himal (NW of Everest on Tibetan border)",8188,12,2,1987,"CHOY87102",1,"W Ridge-W Face (Tichy) from N",NA,NA,NA,TRUE,FALSE,FALSE,FALSE,"1987-04-11","1987-04-29",1305,18,31,"1987-05-12",5,8188,3,27,11,0,0,0,FALSE,TRUE,"Daum and Faessler frostbite; Obermaier altitude illness at 7600m in summit bid",28.09361076,86.66333008,0,0,NA,308,339,0,0,0.792486058115644,1980,18,31,"FALSE",261.471306482951,2.06453884636553,0,0,0,0,0.825524667606708,0.519998629589938,0.201115452667974,-0.265263726884603,-0.266648321987163,100,0,0,0,0,0,NA,NA,NA,NA,NA,1.27566463345274,0.383092065833904,1,3,0.03125,0.09375,0.583177713603323,0.167601205361283,-0.0767805743254362,-0.149578230367275,-0.0881141132337827
"721",721,3759,"Cho Oyu","CHOY","Khumbu Himal (NW of Everest on Tibetan border)",8188,12,2,2009,"CHOY09333",3,"NW side",NA,NA,NA,TRUE,FALSE,FALSE,FALSE,"2009-09-07","2009-09-29",1030,22,25,"2009-10-02",5,8188,3,1,1,0,1,0,FALSE,TRUE,NA,28.09361076,86.66333008,0,0,NA,190,41,0,0,0.865864396830056,2000,22,25,"FALSE",270.404180624546,0.769221823130795,0,0,0,0,0.852450884996173,0.668555387939485,0.66514105517565,0.598068538959477,0.0198575573154356,100,0,0,0,0,0,NA,NA,NA,NA,NA,0.996191504241908,0.234283069660946,1,0,0.0384615384615385,0,0.393863844324791,0.419069312415369,0.304712357634406,0.012925821445575,-0.303241852837273
"722",722,3761,"Cho Oyu","CHOY","Khumbu Himal (NW of Everest on Tibetan border)",8188,12,2,2000,"CHOY00113",1,"NW side",NA,NA,NA,FALSE,FALSE,FALSE,FALSE,"2000-04-13","2000-05-06",NA,23,29,"2000-05-12",7,7470,3,10,0,0,5,0,TRUE,FALSE,"Wood bronchitis, Hamlin lost vision (had glaucoma which was badly affected)",28.09361076,86.66333008,1,0,157,NA,340,0,NA,0.836513061344291,2000,23,29,"FALSE",264.205195469326,1.90947539497788,0,0,0,0,0.896481884057309,0.741690630387965,0.624380518388203,0.522501376841807,-0.0750161922605413,100,0,0,0,0,0,NA,NA,NA,NA,NA,1.04903842762796,0.306444093880389,3,0,0.1,0,0.469070125759649,-0.0729619089037235,0.0548630426129576,0.208050729138914,-0.560223797455974
"723",723,3762,"Cho Oyu","CHOY","Khumbu Himal (NW of Everest on Tibetan border)",8188,12,2,2009,"CHOY09347",3,"NW side",NA,NA,NA,TRUE,FALSE,FALSE,FALSE,"2009-09-05","2009-09-24",900,19,29,"2009-10-04",4,8188,3,6,4,0,2,2,FALSE,TRUE,NA,28.09361076,86.66333008,0,0,NA,129,100,0,0,0.909891400058703,2000,19,29,"FALSE",270.440786700779,0.780014429178836,0,0,0,0,0.80523321745374,0.619469332473966,0.688421150147526,0.599860326461506,0.178572266406855,100,0,0,0,0,0,NA,NA,NA,NA,NA,1.02262530356033,0.248354521659258,1,0,0.0333333333333333,0,0.357033247541355,0.392711192665422,0.243745455634179,0.0529539384544359,-0.048381217204906
"724",724,3763,"Cho Oyu","CHOY","Khumbu Himal (NW of Everest on Tibetan border)",8188,12,2,2000,"CHOY00110",1,"NW side",NA,NA,NA,TRUE,FALSE,FALSE,FALSE,"2000-04-08","2000-05-08",1200,30,33,"2000-05-11",1,8188,3,8,3,0,3,1,FALSE,TRUE,"Baek 2 fingers frostbite but will heal",28.09361076,86.66333008,0,0,218,217,310,0,0,1,2000,30,33,"FALSE",263.328594245163,2.49197673830098,0,0,0,0,0.904760294939661,0.758460806401685,0.674455361492816,0.579620761046376,0.0842364261061928,100,0,0,0,0,0,NA,NA,NA,NA,NA,1.05625227017876,0.301684637407343,3,0,0.0882352941176471,0,0.494303792481343,-0.0514302003130388,-0.114577994322504,0.107074297761739,-0.553095607741369
"725",725,3764,"Cho Oyu","CHOY","Khumbu Himal (NW of Everest on Tibetan border)",8188,12,2,1997,"CHOY97308",3,"NW side from N",NA,NA,NA,TRUE,FALSE,FALSE,FALSE,"1997-09-05","1997-09-21",1330,16,28,"1997-10-03",6,8188,3,19,4,0,0,0,FALSE,TRUE,"The cook suffered altitude sickness & returned to KTM",28.09361076,86.66333008,0,0,NA,129,69,0,0,0.939242735544467,1990,16,28,"FALSE",269.247349486954,3.08124859092015,0,2,0,0.0689655172413793,0.981935988805947,0.943528792753108,0.915387069746302,0.929005549701531,0.908689322411778,100,0,0,0,0,0,NA,NA,NA,NA,NA,1.19969939323518,0.26315080512153,0,0,0,0,0.585004871038609,0.0942129191578708,-0.177275448118595,0.136211365501413,-0.0968334828563033
"726",726,3766,"Cho Oyu","CHOY","Khumbu Himal (NW of Everest on Tibetan border)",8188,12,2,1997,"CHOY97315",3,"NW side",NA,NA,NA,TRUE,FALSE,FALSE,FALSE,"1997-09-10","1997-09-28",845,18,23,"1997-10-03",8,8188,3,9,5,0,3,2,TRUE,FALSE,"Arnett altitude sickness",28.09361076,86.66333008,0,0,NA,282,69,0,0,0.961256237158791,1990,18,23,"FALSE",268.67926062478,3.08841123884629,0,0,0,0,0.979817607035091,0.935501906542296,0.903741227736566,0.922823591182877,0.90905266932952,100,0,0,0,0,0,NA,NA,NA,NA,NA,1.22241465431466,0.277934922004085,0,0,0,0,0.574400442467794,0.0877475175400671,-0.179136744012521,0.173759751201342,-0.122871538574726
"727",727,3767,"Cho Oyu","CHOY","Khumbu Himal (NW of Everest on Tibetan border)",8188,12,2,1990,"CHOY90304",3,"W Ridge-W Face from N (direct)",NA,NA,NA,FALSE,FALSE,FALSE,FALSE,"1990-09-08","1990-10-01",NA,23,25,"1990-10-03",5,7800,2,4,0,0,0,0,FALSE,TRUE,"Only Mich infected tooth",28.09361076,86.66333008,0,0,10,221,69,0,NA,0.846786028764309,1990,23,25,"FALSE",270.237801282834,1.76395651020992,0,6,0,0.230769230769231,0.931750421320014,0.827292428561743,0.736317900918975,0.546602300216642,0.837110231236265,100,0,0,0,0,0,NA,NA,NA,NA,NA,1.08418563537013,0.220919387297094,1,0,0.0384615384615385,0,0.581397729202591,0.199823508098278,0.196984905144366,0.193735743793522,-0.325492872769688
"728",728,3768,"Cho Oyu","CHOY","Khumbu Himal (NW of Everest on Tibetan border)",8188,12,2,2014,"CHOY14327",3,"NW side",NA,NA,NA,TRUE,FALSE,FALSE,FALSE,"2014-09-06","2014-10-01",830,25,30,"2014-10-06",0,8188,3,7,5,0,2,1,FALSE,TRUE,"Annovazzi got frostbitten fingers in both hands as he took off his gloves at 7800m (left-hand index finger is seriously frostbitten and right-hand four fingers are not that bad)",28.09361076,86.66333008,0,0,10,160,161,0,0,0,2010,25,30,"FALSE",269.497546206238,2.50935033177945,0,4,0,0.129032258064516,0.925966002583961,0.861345460744226,0.834716844857455,0.75301186018137,0.474839772894391,100,0,0,0,0,0,NA,NA,NA,NA,NA,1.02064888140311,0.305803962870496,1,0,0.032258064516129,0,0.520340823650795,0.0465475723889909,-0.111431954926746,0.0689808053530514,0.172056426465482
"729",729,3771,"Cho Oyu","CHOY","Khumbu Himal (NW of Everest on Tibetan border)",8188,12,2,2002,"CHOY02107",1,"NW side",NA,NA,NA,FALSE,FALSE,FALSE,FALSE,"2002-04-17","2002-05-02",NA,15,18,"2002-05-05",1,7800,2,2,0,0,0,0,FALSE,TRUE,NA,28.09361076,86.66333008,1,0,36,NA,125,0,NA,1,2000,15,18,"FALSE",262.56846213759,1.81652277688597,0,0,0,0,0.789980518683144,0.520769526089481,0.330673278241469,0.00141599355895428,0.434687115904729,100,0,0,0,0,0,NA,NA,NA,NA,NA,1.17178721098499,0.358266067398031,0,2,0,0.105263157894737,0.444920637302284,0.13555333200848,0.253747286908201,-0.542698471809333,-0.0488339479438971
"730",730,3772,"Cho Oyu","CHOY","Khumbu Himal (NW of Everest on Tibetan border)",8188,12,2,1999,"CHOY99116",1,"NW side (direct rte from C3)",NA,NA,NA,TRUE,FALSE,FALSE,FALSE,"1999-04-05","1999-05-04",900,29,29,"1999-05-04",1,8188,3,4,4,0,0,0,FALSE,TRUE,NA,28.09361076,86.66333008,0,0,95,124,NA,0,0,1,1990,29,29,"FALSE",266.870710754395,2.62341197956331,0,2,0,0.0666666666666667,0.882575681741164,0.680274351411544,0.507442180845422,0.254257813255999,0.612023597078411,100,0,0,0,0,0,NA,NA,NA,NA,NA,1.44757283648556,0.23563960626219,0,2,0,0.0666666666666667,0.322015664657273,-0.0225512811060988,0.0705486858911687,-0.539408666382832,0.118808343079597
"731",731,3773,"Cho Oyu","CHOY","Khumbu Himal (NW of Everest on Tibetan border)",8188,12,2,1999,"CHOY99108",1,"NW side",NA,NA,NA,TRUE,FALSE,FALSE,FALSE,"1999-04-06","1999-04-26",1315,20,28,"1999-05-04",7,8188,3,4,3,0,0,0,FALSE,TRUE,NA,28.09361076,86.66333008,0,0,NA,155,95,0,0,0.807161725858527,1990,20,28,"FALSE",267.045615097572,2.48547057604444,0,2,0,0.0689655172413793,0.869164098884272,0.63086885222513,0.42433053490053,0.153035136424453,0.536804906029288,100,0,0,0,0,0,NA,NA,NA,NA,NA,1.43809994571187,0.233924947768781,0,2,0,0.0689655172413793,0.306456260365637,0.0309825982390987,0.0382818660368815,-0.495183570106459,-0.032089837067371
"732",732,3774,"Cho Oyu","CHOY","Khumbu Himal (NW of Everest on Tibetan border)",8188,12,2,1997,"CHOY97310",3,"NW side",NA,NA,NA,TRUE,FALSE,FALSE,FALSE,"1997-09-06","1997-09-22",1300,16,29,"1997-10-05",1,8188,3,12,3,0,1,1,FALSE,TRUE,"Nothing serious",28.09361076,86.66333008,0,0,NA,160,130,0,0,1,1990,16,29,"FALSE",268.738452487522,3.27793742957248,0,1,0,0.0333333333333333,0.982976687012037,0.945642612139672,0.910398659793549,0.887345838675562,0.850552232783093,100,0,0,0,0,0,NA,NA,NA,NA,NA,1.19623540893358,0.259307490980515,0,0,0,0,0.575783083529496,0.0745882896677807,-0.198256797849216,0.0451740459120095,-0.120677938460387
"733",733,3776,"Cho Oyu","CHOY","Khumbu Himal (NW of Everest on Tibetan border)",8188,12,2,2000,"CHOY00112",1,"NW side",NA,NA,NA,FALSE,FALSE,FALSE,FALSE,"2000-04-08","2000-04-30",NA,22,31,"2000-05-09",10,7400,3,2,0,0,1,0,FALSE,TRUE,NA,28.09361076,86.66333008,0,0,NA,217,249,0,NA,0.855591429410038,2000,22,31,"FALSE",263.037798961004,2.262138624804,0,0,0,0,0.881414740360457,0.70769840029941,0.609568904774328,0.507291922529299,0.0787409505614389,100,0,0,0,0,0,NA,NA,NA,NA,NA,1.07788242043806,0.297773501362642,3,0,0.09375,0,0.445315143105753,-0.13864353522148,-0.153859402788879,0.123356695183432,-0.639037130353897
"734",734,3777,"Cho Oyu","CHOY","Khumbu Himal (NW of Everest on Tibetan border)",8188,12,2,2016,"CHOY16313",3,"NW side",NA,NA,NA,TRUE,FALSE,FALSE,FALSE,"2016-09-11","2016-10-03",900,22,27,"2016-10-08",1,8188,3,6,4,0,1,1,TRUE,FALSE,NA,28.09361076,86.66333008,0,0,70,314,223,0,0,1,2010,22,27,"FALSE",270.493052528018,0.732234452360358,0,0,0,0,0.826273366428559,0.618152781320941,0.519458939792616,0.454749863391779,-0.0042545597399075,100,0,0,0,0,0,NA,NA,NA,NA,NA,1.07483383301141,0.340802920166546,3,0,0.107142857142857,0,0.693265353749512,0.274869882676521,-0.0501070611852509,-0.344224478865621,-0.293163125443183
"735",735,3778,"Cho Oyu","CHOY","Khumbu Himal (NW of Everest on Tibetan border)",8188,12,2,2005,"CHOY05301",3,"NW side",NA,NA,NA,TRUE,FALSE,FALSE,FALSE,"2005-09-11","2005-09-28",1345,17,27,"2005-10-08",5,8188,3,5,3,0,0,0,FALSE,TRUE,NA,28.09361076,86.66333008,0,0,NA,313,222,0,0,0,2000,17,27,"FALSE",270.048770359584,1.14191654487112,0,0,0,0,0.92375402498322,0.851632779590483,0.861535408132672,0.726658173854187,-0.0780521622192049,100,0,0,0,0,0,NA,NA,NA,NA,NA,1.11759236577988,0.176063235079276,0,0,0,0,0.417821831541941,0.195836674042663,-0.0357880156012948,-0.36117699654906,-0.102767915444323
"736",736,3780,"Cho Oyu","CHOY","Khumbu Himal (NW of Everest on Tibetan border)",8188,12,2,2009,"CHOY09345",3,"NW side",NA,NA,NA,FALSE,FALSE,FALSE,FALSE,"2009-09-10","2009-09-30",NA,20,25,"2009-10-05",1,7600,3,1,0,0,0,0,FALSE,TRUE,NA,28.09361076,86.66333008,1,0,NA,282,130,0,NA,1,2000,20,25,"FALSE",270.314569668892,0.748615067362502,0,0,0,0,0.837877613365384,0.672510152739893,0.650681144623853,0.522681006730229,-0.103746067875112,100,0,0,0,0,0,NA,NA,NA,NA,NA,1.01144745243733,0.257698193732996,1,0,0.0384615384615385,0,0.397650937605646,0.343181837735427,0.291380108990819,-0.0633411549682592,-0.482985871806806
"737",737,3785,"Cho Oyu","CHOY","Khumbu Himal (NW of Everest on Tibetan border)",8188,12,2,2006,"CHOY06328",3,"NW side",NA,NA,NA,TRUE,FALSE,FALSE,FALSE,"2006-09-04","2006-10-01",1145,27,31,"2006-10-05",1,8188,3,13,9,0,1,1,TRUE,FALSE,NA,28.09361076,86.66333008,0,0,10,99,130,0,0,1,2000,27,31,"FALSE",269.723409612974,2.10354514852863,0,5,0,0.15625,0.913516889450277,0.76850518775774,0.645727031848826,0.460297480109078,0.608846936214925,100,0,0,0,0,0,NA,NA,NA,NA,NA,0.944037577311646,0.28380597453751,0,0,0,0,0.658449759650777,0.253971702281557,-0.0712711787239168,-0.576854579883486,0.419703823288803
"738",738,3786,"Cho Oyu","CHOY","Khumbu Himal (NW of Everest on Tibetan border)",8188,12,2,2006,"CHOY06374",3,"NW side",NA,NA,NA,TRUE,FALSE,FALSE,FALSE,"2006-09-06","2006-09-30",1020,24,28,"2006-10-04",1,8188,3,6,4,0,2,2,FALSE,TRUE,NA,28.09361076,86.66333008,0,0,NA,160,100,0,0,1,2000,24,28,"FALSE",269.747485763725,2.08346591792112,0,5,0,0.172413793103448,0.90814324596878,0.793775516973335,0.673398533664571,0.412511422073269,0.563174094155238,100,0,0,0,0,0,NA,NA,NA,NA,NA,0.958907812715713,0.29200702001522,0,0,0,0,0.72472317423006,0.233669578109744,-0.133299378974108,-0.67406983393412,0.610290131940616
"739",739,3787,"Cho Oyu","CHOY","Khumbu Himal (NW of Everest on Tibetan border)",8188,12,2,1999,"CHOY99115",1,"NW side",NA,NA,NA,TRUE,FALSE,FALSE,FALSE,"1999-04-05","1999-04-25",1430,20,34,"1999-05-09",1,8188,3,10,6,0,0,0,FALSE,TRUE,"Ospina and Camargo altitude sickness",28.09361076,86.66333008,0,0,NA,124,248,0,0,1,1990,20,34,"FALSE",267.136546325684,2.55207710265027,0,3,0,0.0857142857142857,0.880985469701499,0.676362059761741,0.499179872327307,0.261917058709755,0.582945555539955,100,0,0,0,0,0,NA,NA,NA,NA,NA,1.43762858189013,0.25837321208156,0,3,0,0.0857142857142857,0.33075765303533,-0.13038322192168,-0.0786580228405475,-0.467539410711874,0.0270997489825886
"740",740,3788,"Cho Oyu","CHOY","Khumbu Himal (NW of Everest on Tibetan border)",8188,12,2,2006,"CHOY06373",3,"NW side",NA,NA,NA,TRUE,FALSE,FALSE,FALSE,"2006-09-05","2006-10-02",1615,27,29,"2006-10-04",1,8188,2,3,2,0,0,0,FALSE,TRUE,"Minor frostbite in right toe of Tzecu on summit day",28.09361076,86.66333008,0,0,41,129,100,0,0,1,2000,27,29,"FALSE",269.797323057387,2.0653472117903,0,5,0,0.166666666666667,0.905480041788363,0.783129290106067,0.66480148001745,0.423412815000838,0.563890078201334,100,0,0,0,0,0,NA,NA,NA,NA,NA,0.951042152414793,0.290144582572098,0,0,0,0,0.730125147180798,0.251277832473702,-0.0968343043825136,-0.633074199959084,0.478360115083964
"741",741,3789,"Cho Oyu","CHOY","Khumbu Himal (NW of Everest on Tibetan border)",8188,12,2,2007,"CHOY07355",3,"NW side",NA,NA,NA,FALSE,FALSE,FALSE,FALSE,"2007-09-16","2007-10-02",NA,16,25,"2007-10-11",1,7100,2,1,0,0,0,0,FALSE,TRUE,NA,28.09361076,86.66333008,1,0,41,NA,314,0,NA,1,2000,16,25,"FALSE",269.701085408529,0.667675837997289,0,0,0,0,0.819186193027541,0.613085951767462,0.461123698214987,0.249065508542436,0.319766286451065,100,0,0,0,0,0,NA,NA,NA,NA,NA,1.10680558757485,0.320349492688971,3,0,0.115384615384615,0,0.763406700275337,0.48930250854634,0.340989584119358,0.16466050629595,-0.108900522060362
"742",742,3792,"Cho Oyu","CHOY","Khumbu Himal (NW of Everest on Tibetan border)",8188,12,2,2016,"CHOY16305",3,"NW side",NA,NA,NA,TRUE,FALSE,FALSE,FALSE,"2016-09-08","2016-10-02",630,24,26,"2016-10-04",5,8188,3,16,8,0,11,10,TRUE,FALSE,NA,28.09361076,86.66333008,0,0,41,222,101,0,0,0,2010,24,26,"FALSE",270.710411165967,0.942111718617015,0,3,0,0.111111111111111,0.880913397476968,0.73174630820645,0.644164089579903,0.598352176275283,0.659987238353711,100,0,0,0,0,0,NA,NA,NA,NA,NA,0.980869184410129,0.304888703214856,4,0,0.148148148148148,0,0.578159663360254,0.0987608840308386,-0.111355921903669,-0.0265845688469801,-0.0693882470711488
"743",743,3795,"Cho Oyu","CHOY","Khumbu Himal (NW of Everest on Tibetan border)",8188,12,2,2009,"CHOY09330",3,"NW side",NA,NA,NA,TRUE,FALSE,FALSE,FALSE,"2009-09-10","2009-09-30",830,20,25,"2009-10-05",1,8188,3,1,1,0,1,1,TRUE,FALSE,NA,28.09361076,86.66333008,0,0,NA,282,130,0,0,1,2000,20,25,"FALSE",270.314569668892,0.748615067362502,0,0,0,0,0.837877613365384,0.672510152739893,0.650681144623853,0.522681006730229,-0.103746067875112,100,0,0,0,0,0,NA,NA,NA,NA,NA,1.01144745243733,0.257698193732996,1,0,0.0384615384615385,0,0.397650937605646,0.343181837735427,0.291380108990819,-0.0633411549682592,-0.482985871806806
"744",744,3797,"Cho Oyu","CHOY","Khumbu Himal (NW of Everest on Tibetan border)",8188,12,2,2007,"CHOY07101",1,"NW side",NA,NA,NA,FALSE,FALSE,FALSE,FALSE,"2007-04-17","2007-05-05",NA,18,22,"2007-05-09",1,7900,2,4,0,0,2,0,TRUE,FALSE,NA,28.09361076,86.66333008,0,0,125,NA,248,0,NA,1,2000,18,22,"FALSE",264.986520960711,1.70906225811875,0,0,0,0,0.915069462485587,0.826257265312867,0.653442045457492,0.353951011219927,-0.443434022977824,100,0,0,0,0,0,NA,NA,NA,NA,NA,1.08505528793317,0.327114643732951,2,1,0.0869565217391304,0.0434782608695652,0.55956982158684,0.522807389101474,0.297820134186012,-0.141745576581732,-0.372357216979764
"745",745,3798,"Cho Oyu","CHOY","Khumbu Himal (NW of Everest on Tibetan border)",8188,12,2,1999,"CHOY99114",1,"NW side (direct rte)","NW side",NA,NA,TRUE,TRUE,FALSE,FALSE,"1999-04-04","1999-04-23",955,19,35,"1999-05-09",1,8188,2,3,2,0,0,0,FALSE,TRUE,NA,28.09361076,86.66333008,0,0,NA,94,248,0,0,1,1990,19,35,"FALSE",266.986895137363,2.6708137806214,0,3,0,0.0833333333333333,0.895192041186307,0.719699657133722,0.560312283206661,0.384008680217999,0.631715234560073,100,0,0,0,0,0,NA,NA,NA,NA,NA,1.43930842710998,0.254854801085896,0,3,0,0.0833333333333333,0.333926926338,-0.123696786960748,-0.0865194719329137,-0.46720111908482,0.0385847927603201
"746",746,3799,"Cho Oyu","CHOY","Khumbu Himal (NW of Everest on Tibetan border)",8188,12,2,2007,"CHOY07303",3,"NW side",NA,NA,NA,TRUE,FALSE,FALSE,FALSE,"2007-09-05","2007-09-23",1200,18,31,"2007-10-06",1,8188,3,4,4,0,0,0,TRUE,FALSE,"Modolo's stroke on return to Kathmandu",28.09361076,86.66333008,0,0,NA,129,161,0,0,1,2000,18,31,"FALSE",270.317153851191,1.01348674650804,0,2,0,0.0625,0.917065598929947,0.814959537320717,0.727530722987938,0.641160700525028,0.489579937715084,100,0,0,0,0,0,NA,NA,NA,NA,NA,1.02842155967939,0.271369573241332,3,0,0.09375,0,0.694316747714161,0.39516144782119,0.20977999261958,0.0598580464539147,-0.21206720382111
"747",747,3801,"Cho Oyu","CHOY","Khumbu Himal (NW of Everest on Tibetan border)",8188,12,2,1996,"CHOY96306",3,"W Ridge/Face from N",NA,NA,NA,TRUE,FALSE,FALSE,FALSE,"1996-09-07","1996-09-25",NA,18,30,"1996-10-07",1,8188,3,15,6,0,4,4,FALSE,TRUE,"Wheelock frostbitten toes",28.09361076,86.66333008,0,0,NA,191,192,0,0,1,1990,18,30,"FALSE",269.579877586775,1.7990391554444,0,0,0,0,0.901183524155438,0.70684506608885,0.480403884865641,0.124596914972596,-0.287382480622281,100,0,0,0,0,0,NA,NA,NA,NA,NA,1.06190037195948,0.332455942231143,2,0,0.0645161290322581,0,0.695877623452409,0.308273876706905,0.0236036996556239,-0.192024800855864,0.00651813343180046
"748",748,3803,"Cho Oyu","CHOY","Khumbu Himal (NW of Everest on Tibetan border)",8188,12,2,2006,"CHOY06340",3,"NW side",NA,NA,NA,TRUE,FALSE,FALSE,FALSE,"2006-09-10","2006-10-02",1400,22,28,"2006-10-08",1,8188,2,4,3,0,0,0,FALSE,TRUE,NA,28.09361076,86.66333008,0,0,41,282,222,0,0,1,2000,22,28,"FALSE",268.907397697712,1.86706614631563,0,1,0,0.0344827586206897,0.887304890277606,0.710999695123324,0.549463779810189,0.344075057266729,0.415394119692831,100,0,0,0,0,0,NA,NA,NA,NA,NA,0.989065429208167,0.287168848432649,0,0,0,0,0.530486231349598,0.167834192622487,0.0125306280457937,-0.622770152848252,0.55925204498845
"749",749,3805,"Cho Oyu","CHOY","Khumbu Himal (NW of Everest on Tibetan border)",8188,12,2,2002,"CHOY02102",1,"NW side",NA,NA,NA,TRUE,FALSE,FALSE,FALSE,"2002-04-13","2002-05-05",1045,22,26,"2002-05-09",5,8188,3,3,2,0,0,0,FALSE,TRUE,NA,28.09361076,86.66333008,0,0,125,NA,248,0,0,0.880540064572938,2000,22,26,"FALSE",263.463449007199,2.2369708595433,0,0,0,0,0.828519030888567,0.536043259209518,0.273027871554955,-0.10294382833691,-0.486845488004461,100,0,0,0,0,0,NA,NA,NA,NA,NA,1.06635394079452,0.342693401458555,0,2,0,0.0740740740740741,0.567110035779586,0.308154712358004,0.363863279498206,-0.25272396879586,-0.371642694479033
"750",750,3808,"Cho Oyu","CHOY","Khumbu Himal (NW of Everest on Tibetan border)",8188,12,2,2002,"CHOY02106",1,"NW side",NA,NA,NA,TRUE,FALSE,FALSE,FALSE,"2002-04-06","2002-05-03",1025,27,31,"2002-05-07",1,8188,3,6,3,0,4,4,TRUE,FALSE,NA,28.09361076,86.66333008,0,0,64,155,186,0,0,1,2000,27,31,"FALSE",262.766928493977,2.23059050913593,0,0,0,0,0.788206002925073,0.378212618422,-0.0091240109670973,-0.361802953054014,-0.19957788170855,100,0,0,0,0,0,NA,NA,NA,NA,NA,1.09408974721107,0.322892830505701,0,2,0,0.0625,0.543816672886661,0.218316796969849,0.207951623126922,-0.344103060535636,-0.171672731050754
"751",751,3809,"Cho Oyu","CHOY","Khumbu Himal (NW of Everest on Tibetan border)",8188,12,2,2013,"CHOY13323",3,"NW side",NA,NA,NA,FALSE,FALSE,FALSE,FALSE,"2013-09-30","2013-10-08",NA,8,9,"2013-10-09",5,7600,3,4,0,0,1,0,FALSE,TRUE,"Slab avalanche bruised ribs of Roeoesli-Zingg",28.09361076,86.66333008,0,1,222,NA,253,0,NA,0.836513061344291,2010,8,9,"FALSE",267.903328831991,2.03710702521959,0,0,0,0,0.862514596405757,0.639079450199312,0.714258115247131,0.705966159015419,NA,100,0,0,0,0,0,NA,NA,NA,NA,NA,1.07803239411227,0.290955257537435,1,0,0.1,0,0.152456983629696,-0.639439730542759,-0.531472724950326,0.639216755620671,NA
"752",752,3810,"Cho Oyu","CHOY","Khumbu Himal (NW of Everest on Tibetan border)",8188,12,2,2010,"CHOY10311",3,"NW side",NA,NA,NA,FALSE,FALSE,FALSE,FALSE,"2010-09-05","2010-09-20",NA,15,26,"2010-10-01",1,7100,2,6,0,0,2,0,FALSE,TRUE,"Cronin suffered from high altitude sickness (vomiting)",28.09361076,86.66333008,1,1,NA,129,10,0,NA,1,2010,15,26,"FALSE",270.556047934073,1.59841326093278,0,4,0,0.148148148148148,0.896752198486916,0.728308223408321,0.559625255614825,0.406260359644153,0.496396464566687,100,0,0,0,0,0,NA,NA,NA,NA,NA,1.02934646492861,0.158895041432027,0,0,0,0,0.135216720123161,-0.353572728059149,-0.215022793221653,-0.419801522810922,0.075867850454648
"753",753,3812,"Cho Oyu","CHOY","Khumbu Himal (NW of Everest on Tibetan border)",8188,12,2,2000,"CHOY00116",1,"NW side",NA,NA,NA,FALSE,FALSE,FALSE,FALSE,"2000-04-06","2000-05-02",NA,26,32,"2000-05-08",11,7100,2,3,0,0,1,0,FALSE,TRUE,NA,28.09361076,86.66333008,1,0,36,156,218,0,NA,0,2000,26,32,"FALSE",262.755788822367,2.23412319308019,0,0,0,0,0.879134142019374,0.696123060697177,0.599124969885763,0.517639945836766,0.200848279646281,100,0,0,0,0,0,NA,NA,NA,NA,NA,1.09755155547279,0.28766490895043,3,0,0.0909090909090909,0,0.432964535329346,-0.109374338413801,-0.120150745051791,-0.00548641978231936,-0.596612963793084
"754",754,3816,"Cho Oyu","CHOY","Khumbu Himal (NW of Everest on Tibetan border)",8188,12,2,2002,"CHOY02310",3,"NW side",NA,NA,NA,TRUE,FALSE,FALSE,FALSE,"2002-09-05","2002-10-05",735,30,35,"2002-10-10",1,8188,3,7,2,0,4,3,FALSE,TRUE,NA,28.09361076,86.66333008,0,0,130,129,283,0,0,1,2000,30,35,"FALSE",268.462900408992,1.77074638434715,0,0,0,0,0.877589116479206,0.734017759904998,0.579240514768517,0.315418222861404,0.87915776620574,100,0,0,0,0,0,NA,NA,NA,NA,NA,1.17982273794113,0.204802697748438,0,0,0,0,0.591126561733076,0.0892344614772557,-0.0208455566179817,0.0343916570028008,-0.158139429384785
"755",755,3818,"Cho Oyu","CHOY","Khumbu Himal (NW of Everest on Tibetan border)",8188,12,2,2007,"CHOY07107",1,"NW side",NA,NA,NA,FALSE,FALSE,FALSE,FALSE,"2007-04-16","2007-05-10",NA,24,26,"2007-05-12",5,7600,3,1,0,0,0,0,FALSE,TRUE,NA,28.09361076,86.66333008,1,0,278,NA,339,0,NA,0.880540064572938,2000,24,26,"FALSE",265.142188013336,1.6729013537561,0,0,0,0,0.902197950245496,0.784100438987055,0.625500953484317,0.414306528961859,-0.2832976016992,100,0,0,0,0,0,NA,NA,NA,NA,NA,1.1203092978196,0.325485291347869,2,1,0.0740740740740741,0.037037037037037,0.58449426178933,0.541826148063318,0.356268573214239,-0.142010292508921,-0.534168600945279
"756",756,3821,"Cho Oyu","CHOY","Khumbu Himal (NW of Everest on Tibetan border)",8188,12,2,2016,"CHOY16302",3,"NW side",NA,NA,NA,TRUE,FALSE,FALSE,FALSE,"2016-09-23","2016-10-01",815,8,10,"2016-10-03",1,8188,2,2,2,0,2,1,TRUE,FALSE,NA,28.09361076,86.66333008,0,0,10,NA,70,0,0,1,2010,8,10,"FALSE",269.799257220644,0.291008958299891,0,0,0,0,-0.0508004695206108,-0.507483669473081,-0.330454525396371,0.394678587616301,NA,100,0,0,0,0,0,NA,NA,NA,NA,NA,0.979986312324251,0.376464273679403,2,0,0.181818181818182,0,0.738332281166558,0.355329419899627,0.245756660319375,0.557104603887165,NA
"757",757,3823,"Cho Oyu","CHOY","Khumbu Himal (NW of Everest on Tibetan border)",8188,12,2,2006,"CHOY06372",3,"NW side",NA,NA,NA,TRUE,FALSE,FALSE,FALSE,"2006-09-17","2006-10-01",745,14,17,"2006-10-04",1,8188,2,1,1,0,0,0,FALSE,TRUE,NA,28.09361076,86.66333008,0,0,10,NA,100,0,0,1,2000,14,17,"FALSE",268.740282623856,1.77067142713403,0,0,0,0,0.841635023970583,0.633604046397911,0.428949294944074,0.0175058452054477,-0.558194743602803,100,0,0,0,0,0,NA,NA,NA,NA,NA,0.910286610405699,0.282043146172022,0,0,0,0,0.797516697364749,0.218800601916356,-0.237540942718467,-0.83349514627728,0.797542896352506
"758",758,3825,"Cho Oyu","CHOY","Khumbu Himal (NW of Everest on Tibetan border)",8188,12,2,1999,"CHOY99310",3,"NW side",NA,NA,NA,TRUE,FALSE,FALSE,FALSE,"1999-09-07","1999-09-28",NA,21,26,"1999-10-03",4,8188,0,3,1,0,2,2,TRUE,FALSE,"Nothing except non-fatal avalanches",28.09361076,86.66333008,0,0,NA,190,69,0,0,0.880540064572938,1990,21,26,"FALSE",270.537633872327,1.0523038250766,0,2,0,0.0740740740740741,0.963588687372356,0.923884079406984,0.904513208486377,0.854501832788658,0.75777687596394,100,0,0,0,0,0,NA,NA,NA,NA,NA,0.907880153648658,0.262669741148524,2,0,0.0740740740740741,0,0.724510661780188,0.387262940176218,0.185123706257969,-0.0524671673718634,-0.568292205707183
"759",759,3826,"Cho Oyu","CHOY","Khumbu Himal (NW of Everest on Tibetan border)",8188,12,2,2009,"CHOY09342",3,"NW side",NA,NA,NA,TRUE,FALSE,FALSE,FALSE,"2009-09-07","2009-09-26",1015,19,27,"2009-10-04",1,8188,4,6,5,0,0,0,FALSE,TRUE,"Marcos frostbite",28.09361076,86.66333008,0,0,NA,190,100,0,0,1,2000,19,27,"FALSE",270.368576004392,0.756318401437218,0,0,0,0,0.834730500415669,0.639189767952222,0.656626601278459,0.583413763249349,0.0470245604947204,100,0,0,0,0,0,NA,NA,NA,NA,NA,0.999316266402366,0.240364437339612,1,0,0.0357142857142857,0,0.281229882902616,0.433879947161302,0.283796490925975,0.0133187569519862,-0.299224362510407
"760",760,3829,"Cho Oyu","CHOY","Khumbu Himal (NW of Everest on Tibetan border)",8188,12,2,1991,"CHOY91101",1,"NW side from S",NA,NA,NA,FALSE,FALSE,FALSE,FALSE,"1991-03-20","1991-04-08",NA,19,22,"1991-04-11",1,6100,0,4,0,0,3,0,FALSE,TRUE,"Nothing serious",28.09361076,86.66333008,1,0,216,NA,308,0,NA,1,1990,19,22,"FALSE",259.894081751506,2.32586486550026,1,0,0.0434782608695652,0,0.699340822330136,0.454338750409869,0.281217711523174,-0.138646461975197,-0.523464270177899,100,0,0,0,0,0,NA,NA,NA,NA,NA,1.03059221684183,0.218006337389739,0,0,0,0,0.387091481293015,0.0917254377423363,0.121385952140581,-0.177221634845265,-0.13635459091997
"761",761,3832,"Cho Oyu","CHOY","Khumbu Himal (NW of Everest on Tibetan border)",8188,12,2,1993,"CHOY93103",1,"W Ridge-N Face direct",NA,NA,NA,TRUE,FALSE,FALSE,FALSE,"1993-04-11","1993-05-02",NA,21,29,"1993-05-10",5,8188,3,7,4,0,4,3,FALSE,TRUE,"Liu bad frostbite all toes and 5 fingers (will lose half of length)",28.09361076,86.66333008,0,0,36,308,278,0,0,0.89521573231582,1990,21,29,"FALSE",264.299868456523,3.03548711796629,0,0,0,0,0.940899826153166,0.895611606473527,0.850465582998083,0.802030412940942,0.47152650243041,100,0,0,0,0,0,NA,NA,NA,NA,NA,0.844427707977091,0.225674077669746,3,0,0.1,0,0.740873926252415,0.489070562195346,0.212811079286785,0.367262803979881,-0.289321533337912
"762",762,3837,"Cho Oyu","CHOY","Khumbu Himal (NW of Everest on Tibetan border)",8188,12,2,2007,"CHOY07360",3,"NW side",NA,NA,NA,TRUE,FALSE,FALSE,FALSE,"2007-09-09","2007-10-03",1130,24,26,"2007-10-05",8,8188,2,4,1,0,1,1,FALSE,TRUE,NA,28.09361076,86.66333008,0,0,69,252,130,0,0,0.880540064572938,2000,24,26,"FALSE",270.240308220004,1.05720740244235,0,2,0,0.0740740740740741,0.923897076955917,0.831068301896518,0.780269857084224,0.824097740648192,0.656286035643474,100,0,0,0,0,0,NA,NA,NA,NA,NA,1.02047517838346,0.288342147137452,3,0,0.111111111111111,0,0.702049374804555,0.393134899924294,0.218142087465091,0.0694334364310276,-0.337722909485398
"763",763,3845,"Cho Oyu","CHOY","Khumbu Himal (NW of Everest on Tibetan border)",8188,12,2,2006,"CHOY06371",3,"NW side",NA,NA,NA,FALSE,FALSE,FALSE,FALSE,"2006-09-09","2006-09-29",NA,20,26,"2006-10-05",8,7000,1,3,0,0,2,0,FALSE,TRUE,NA,28.09361076,86.66333008,0,0,NA,252,130,0,NA,0.89521573231582,2000,20,26,"FALSE",269.264822453628,1.92236158788635,0,2,0,0.0740740740740741,0.886963137467496,0.697722657123388,0.535237103660142,0.335589058072045,0.469077024699318,100,0,0,0,0,0,NA,NA,NA,NA,NA,0.986557159922436,0.289470938145851,0,0,0,0,0.61200608493197,0.149448050236119,-0.129276307135783,-0.617599133022708,0.623594178141078
"764",764,3846,"Cho Oyu","CHOY","Khumbu Himal (NW of Everest on Tibetan border)",8188,12,2,2005,"CHOY05303",3,"NW side",NA,NA,NA,TRUE,FALSE,FALSE,FALSE,"2005-09-09","2005-10-02",1600,23,28,"2005-10-07",1,8188,3,6,4,0,0,0,FALSE,TRUE,"Frostbite on toes",28.09361076,86.66333008,0,0,41,252,191,0,0,1,2000,23,28,"FALSE",270.180119306192,0.96080300415646,0,0,0,0,0.888960874602673,0.843565324495885,0.801823241778385,0.620505827601109,-0.406666611931248,100,0,0,0,0,0,NA,NA,NA,NA,NA,1.09601951933515,0.196694444274872,0,0,0,0,0.470616563394421,0.308061061374331,0.0805594708824199,-0.342774621465268,0.141725900375077
"765",765,3847,"Cho Oyu","CHOY","Khumbu Himal (NW of Everest on Tibetan border)",8188,12,2,2004,"CHOY04114",1,"NW side",NA,NA,NA,TRUE,FALSE,FALSE,FALSE,"2004-04-07","2004-05-10",715,33,36,"2004-05-13",1,8188,3,3,2,0,0,0,FALSE,TRUE,NA,28.09361076,86.66333008,0,0,279,186,NA,0,0,1,2000,33,36,"FALSE",264.682181865245,2.42121963182339,0,2,0,0.0540540540540541,0.878653502184566,0.682890030897752,0.517493597576026,0.139299224671858,-0.147138782834358,100,0,0,0,0,0,NA,NA,NA,NA,NA,1.3481422407059,0.346128281512951,2,5,0.0540540540540541,0.135135135135135,0.624366470481968,0.258511889417969,-0.0778899134134023,-0.51225553765072,0.390897817691099
"766",766,3848,"Cho Oyu","CHOY","Khumbu Himal (NW of Everest on Tibetan border)",8188,12,2,2007,"CHOY07358",3,"NW side",NA,NA,NA,TRUE,FALSE,FALSE,FALSE,"2007-09-14","2007-10-04",1415,20,23,"2007-10-07",0,8188,3,10,3,0,0,0,FALSE,TRUE,NA,28.09361076,86.66333008,0,0,100,NA,191,0,0,0,2000,20,23,"FALSE",269.878558953603,0.796394070907808,0,0,0,0,0.889629156310716,0.749924825651848,0.618317505748215,0.524850072809469,0.57876229238124,100,0,0,0,0,0,NA,NA,NA,NA,NA,1.04106358526376,0.311568976827569,3,0,0.125,0,0.733872648822125,0.437151183971236,0.274817822309411,0.0619409544543261,-0.167472897057995
"767",767,3850,"Cho Oyu","CHOY","Khumbu Himal (NW of Everest on Tibetan border)",8188,12,2,2006,"CHOY06307",3,"NW side",NA,NA,NA,TRUE,FALSE,FALSE,FALSE,"2006-09-01","2006-10-02",900,31,34,"2006-10-05",1,8188,3,9,7,0,6,6,TRUE,FALSE,NA,28.09361076,86.66333008,0,0,41,9,130,0,0,1,2000,31,34,"FALSE",269.801743534633,2.02711028033495,0,5,0,0.142857142857143,0.913794663568759,0.76976984317746,0.646559863245768,0.437252852233215,0.515041791622714,100,0,0,0,0,0,NA,NA,NA,NA,NA,0.931862284818704,0.276677769592688,0,0,0,0,0.654343782380433,0.273443517612938,-0.0399905762489247,-0.492168624822465,0.293193442257211
"768",768,3852,"Cho Oyu","CHOY","Khumbu Himal (NW of Everest on Tibetan border)",8188,12,2,1993,"CHOY93101",1,"W Ridge-W Face from S",NA,NA,NA,TRUE,FALSE,FALSE,FALSE,"1993-04-09","1993-04-29",NA,20,24,"1993-05-03",1,8188,3,8,1,0,0,0,TRUE,FALSE,"Nothing serious",28.09361076,86.66333008,0,0,NA,247,64,0,0,1,1990,20,24,"FALSE",263.033505147298,3.34925605377033,0,0,0,0,0.940231492214608,0.873289901300134,0.853279166968889,0.838064117301846,0.738808080530468,100,0,0,0,0,0,NA,NA,NA,NA,NA,0.771537924785682,0.165275836282865,3,0,0.12,0,0.39909841433607,0.108609030219918,0.0230729584422791,-0.0609516340256245,0.0231993057156581
"769",769,3854,"Cho Oyu","CHOY","Khumbu Himal (NW of Everest on Tibetan border)",8188,12,2,2011,"CHOY11330",3,"NW side",NA,NA,NA,FALSE,FALSE,FALSE,FALSE,"2011-09-07","2011-10-02",NA,25,28,"2011-10-05",7,8100,0,5,0,0,1,0,FALSE,TRUE,NA,28.09361076,86.66333008,1,0,41,190,130,0,NA,0.939242735544467,2010,25,28,"FALSE",269.675971809475,2.53324841774893,0,4,0,0.137931034482759,0.956155302950959,0.897654648904412,0.84900140726042,0.863767726285474,0.811260910734041,100,0,0,0,0,0,NA,NA,NA,NA,NA,0.91808921347648,0.276769938924674,4,0,0.137931034482759,0,0.436160834899057,-0.0178883296662787,-0.277551465867966,0.400694245060571,-0.0934396218494565
"770",770,3856,"Cho Oyu","CHOY","Khumbu Himal (NW of Everest on Tibetan border)",8188,12,2,2006,"CHOY06339",3,"NW side",NA,NA,NA,TRUE,FALSE,FALSE,FALSE,"2006-09-02","2006-10-01",930,29,32,"2006-10-04",5,8188,3,5,4,0,2,2,TRUE,FALSE,NA,28.09361076,86.66333008,0,0,10,40,100,0,0,0.880540064572938,2000,29,32,"FALSE",269.892212337918,1.99060656102411,0,5,0,0.151515151515152,0.906326613880579,0.782123001847977,0.654127769603254,0.406844231352454,0.521597654289867,100,0,0,0,0,0,NA,NA,NA,NA,NA,0.933310081482232,0.28476322701153,0,0,0,0,0.725876268273741,0.280472638113006,-0.0454010298210482,-0.510026276304543,0.326671659758348
"771",771,3858,"Cho Oyu","CHOY","Khumbu Himal (NW of Everest on Tibetan border)",8188,12,2,2016,"CHOY16108",1,"NW side",NA,NA,NA,TRUE,FALSE,FALSE,FALSE,"2016-04-18","2016-05-07",NA,19,21,"2016-05-09",1,8188,3,1,1,0,1,1,TRUE,FALSE,NA,28.09361076,86.66333008,0,0,187,NA,249,0,0,1,2010,19,21,"FALSE",263.85372468197,1.63451651427193,0,0,0,0,0.818678062476527,0.474939457094857,0.200493172198655,0.0341666269512547,-0.842835447656991,100,0,0,0,0,0,NA,NA,NA,NA,NA,1.43733741185473,0.458533502617437,1,4,0.0454545454545455,0.181818181818182,0.681831587818154,0.401987639752718,0.271267633792,0.240055379635376,-0.155697939542969
"772",772,3859,"Cho Oyu","CHOY","Khumbu Himal (NW of Everest on Tibetan border)",8188,12,2,2017,"CHOY17101",1,"NW side",NA,NA,NA,FALSE,FALSE,FALSE,FALSE,"2017-04-28","2017-05-07",1500,9,10,"2017-05-08",1,8100,1,2,0,0,0,0,FALSE,TRUE,NA,28.09361076,86.66333008,0,0,186,NA,217,0,NA,1,2010,9,10,"FALSE",264.204694690126,1.57733951511876,0,0,0,0,0.768863342062318,0.592813577809398,0.700004805050955,0.444834962938453,NA,100,0,0,0,0,0,NA,NA,NA,NA,NA,1.40637146051817,0.323739758694996,0,0,0,0,0.520534488208534,0.00808024826360234,-0.0440994296493597,0.518989653480938,NA
"773",773,3863,"Cho Oyu","CHOY","Khumbu Himal (NW of Everest on Tibetan border)",8188,12,2,2007,"CHOY07352",3,"NW side",NA,NA,NA,FALSE,FALSE,FALSE,FALSE,"2007-09-16","2007-10-05",NA,19,25,"2007-10-11",1,8080,3,1,0,0,0,0,FALSE,TRUE,"Slight frostnip on toes",28.09361076,86.66333008,0,0,130,NA,314,0,NA,1,2000,19,25,"FALSE",269.701085408529,0.667675837997289,0,0,0,0,0.819186193027541,0.613085951767462,0.461123698214987,0.249065508542436,0.319766286451065,100,0,0,0,0,0,NA,NA,NA,NA,NA,1.10680558757485,0.320349492688971,3,0,0.115384615384615,0,0.763406700275337,0.48930250854634,0.340989584119358,0.16466050629595,-0.108900522060362
"774",774,3868,"Cho Oyu","CHOY","Khumbu Himal (NW of Everest on Tibetan border)",8188,12,2,2006,"CHOY06329",3,"NW side",NA,NA,NA,TRUE,FALSE,FALSE,FALSE,"2006-09-05","2006-10-02",625,27,31,"2006-10-06",1,8188,3,8,5,0,4,4,TRUE,FALSE,"Malo stroke",28.09361076,86.66333008,0,0,41,129,161,0,0,1,2000,27,31,"FALSE",269.594442645709,2.15228167549654,0,5,0,0.15625,0.916967114570544,0.784916489206684,0.654967094872562,0.48885821233942,0.620629888324632,100,0,0,0,0,0,NA,NA,NA,NA,NA,0.951788431470697,0.280645157302724,0,0,0,0,0.650713389474845,0.210464918697702,-0.0947589204009557,-0.606645789987808,0.473351999712575
"776",776,3873,"Cho Oyu","CHOY","Khumbu Himal (NW of Everest on Tibetan border)",8188,12,2,1993,"CHOY93104",1,"W Ridge-W Face from S",NA,NA,NA,FALSE,FALSE,FALSE,FALSE,"1993-04-12","1993-04-25",NA,13,19,"1993-05-01",5,6600,2,1,0,0,1,0,FALSE,TRUE,"Pemba stomach trouble; cook serious altitude sickness",28.09361076,86.66333008,0,0,NA,338,5,0,NA,0.791002348288221,1990,13,19,"FALSE",263.119946320852,2.70097992813016,0,0,0,0,0.925652470871699,0.856410405550201,0.802183584718401,0.777581259479813,0.0912017831247399,100,0,0,0,0,0,NA,NA,NA,NA,NA,0.738407000733124,0.151992046746128,3,0,0.15,0,0.432025672325351,0.0193830408135944,-0.158928061709686,0.36903587104175,0.139960172955369
"777",777,3876,"Cho Oyu","CHOY","Khumbu Himal (NW of Everest on Tibetan border)",8188,12,2,2006,"CHOY06330",3,"NW side",NA,NA,NA,TRUE,FALSE,FALSE,FALSE,"2006-09-15","2006-10-09",630,24,26,"2006-10-11",6,8188,2,8,6,0,2,2,TRUE,FALSE,"Nothing",28.09361076,86.66333008,0,0,253,NA,314,0,0,0.846619700902237,2000,24,26,"FALSE",268.33995277499,1.71230179037229,0,0,0,0,0.864456097497751,0.6727557328881,0.506637131960857,0.238631544075354,0.146979987576619,100,0,0,0,0,0,NA,NA,NA,NA,NA,0.950652350875806,0.263691305954638,0,0,0,0,0.480951059349596,0.0264789720573158,-0.156246675035116,-0.561631724383185,0.4588290944742
"778",778,3877,"Cho Oyu","CHOY","Khumbu Himal (NW of Everest on Tibetan border)",8188,12,2,2009,"CHOY09335",3,"NW side",NA,NA,NA,TRUE,FALSE,FALSE,FALSE,"2009-09-10","2009-09-27",927,17,31,"2009-10-11",5,8188,2,1,1,0,0,0,TRUE,FALSE,NA,28.09361076,86.66333008,0,0,NA,282,314,0,0,0.78729452478062,2000,17,31,"FALSE",269.627700646718,2.04558128759642,0,0,0,0,0.926438045203687,0.75320290662532,0.485012019885122,0.126825160848026,0.466675054730479,100,0,0,0,0,0,NA,NA,NA,NA,NA,1.09352053248002,0.299688517929083,1,1,0.03125,0.03125,0.621837714686247,0.575380014289876,0.377519338196906,0.0318418476502983,-0.59621605286775
"779",779,3878,"Cho Oyu","CHOY","Khumbu Himal (NW of Everest on Tibetan border)",8188,12,2,2006,"CHOY06335",3,"NW side",NA,NA,NA,FALSE,FALSE,FALSE,FALSE,"2006-09-19","2006-10-07",NA,18,22,"2006-10-11",5,8100,2,6,0,0,2,0,TRUE,FALSE,"Pablo frostbite",28.09361076,86.66333008,1,0,191,NA,314,0,NA,0.768755407242615,2000,18,22,"FALSE",267.997280563133,1.60561990898385,0,0,0,0,0.836511763764608,0.558248529172198,0.29569265222055,-0.147739787731546,0.455758215329783,100,0,0,0,0,0,NA,NA,NA,NA,NA,0.947348148604278,0.25410197062332,0,0,0,0,0.443267202503349,0.076967078660583,-0.0442770829155955,-0.555645077907411,0.593998025088177
"780",780,3882,"Cho Oyu","CHOY","Khumbu Himal (NW of Everest on Tibetan border)",8188,12,2,2004,"CHOY04104",1,"NW side",NA,NA,NA,TRUE,FALSE,FALSE,FALSE,"2004-04-16","2004-05-08",1215,22,24,"2004-05-10",6,8188,3,4,3,0,0,0,FALSE,TRUE,NA,28.09361076,86.66333008,0,0,218,NA,279,0,0,0.865158818440242,2000,22,24,"FALSE",264.597236735026,2.32689338894009,0,1,0,0.04,0.822926516048558,0.496085608129444,0.130352667193038,-0.445925767144408,-0.0283890831087288,100,0,0,0,0,0,NA,NA,NA,NA,NA,1.34959373307647,0.362318228427362,1,4,0.04,0.16,0.644019255854595,0.222585594750828,-0.127274713169752,-0.503462968105695,0.470579364469108
"781",781,3886,"Cho Oyu","CHOY","Khumbu Himal (NW of Everest on Tibetan border)",8188,12,2,2006,"CHOY06334",3,"NW side",NA,NA,NA,TRUE,FALSE,FALSE,FALSE,"2006-09-05","2006-10-02",1730,27,29,"2006-10-04",7,8188,2,2,1,0,0,0,FALSE,TRUE,"Matei suffered from pulmonary edema",28.09361076,86.66333008,0,0,41,129,100,0,0,0.82190087751823,2000,27,29,"FALSE",269.797323057387,2.0653472117903,0,5,0,0.166666666666667,0.905480041788363,0.783129290106067,0.66480148001745,0.423412815000838,0.563890078201334,100,0,0,0,0,0,NA,NA,NA,NA,NA,0.951042152414793,0.290144582572098,0,0,0,0,0.730125147180798,0.251277832473702,-0.0968343043825136,-0.633074199959084,0.478360115083964
"782",782,3888,"Cho Oyu","CHOY","Khumbu Himal (NW of Everest on Tibetan border)",8188,12,2,1993,"CHOY93102",1,"W Ridge-W Face from S",NA,NA,NA,FALSE,FALSE,FALSE,FALSE,"1993-04-11","1993-04-24",NA,13,20,"1993-05-01",6,6400,1,8,0,0,2,0,TRUE,FALSE,"None except Ibanez cook's edema (oxygen used by cook)",28.09361076,86.66333008,0,1,NA,308,5,0,NA,0.914596465208256,1990,13,20,"FALSE",263.014008325244,2.67697739638116,0,0,0,0,0.927837282317458,0.856141653384528,0.807520071694057,0.782622703014044,0.0610826470704678,100,0,0,0,0,0,NA,NA,NA,NA,NA,0.749970258367924,0.157335280945112,3,0,0.142857142857143,0,0.529867772520465,0.122022134661141,-0.169229248529298,0.362436080919639,0.0435268555111154
"783",783,3892,"Cho Oyu","CHOY","Khumbu Himal (NW of Everest on Tibetan border)",8188,12,2,1996,"CHOY96305",3,"W Ridge/Face from N",NA,NA,NA,TRUE,FALSE,FALSE,FALSE,"1996-09-07","1996-10-01",NA,24,30,"1996-10-07",1,8188,3,3,2,0,2,1,FALSE,TRUE,NA,28.09361076,86.66333008,0,0,10,191,192,0,0,1,1990,24,30,"FALSE",269.579877586775,1.7990391554444,0,0,0,0,0.901183524155438,0.70684506608885,0.480403884865641,0.124596914972596,-0.287382480622281,100,0,0,0,0,0,NA,NA,NA,NA,NA,1.06190037195948,0.332455942231143,2,0,0.0645161290322581,0,0.695877623452409,0.308273876706905,0.0236036996556239,-0.192024800855864,0.00651813343180046
"784",784,3982,"Dhaulagiri I","DHA1","Dhaulagiri Himal",8167,4,6,1989,"DHA189102",1,"NE Ridge",NA,NA,NA,FALSE,FALSE,FALSE,FALSE,"1989-03-26","1989-05-01",NA,36,38,"1989-05-03",6,7200,3,4,0,0,1,0,FALSE,TRUE,"None",28.69666672,83.49500275,1,0,5,NA,64,0,NA,0.766283524904215,1980,36,38,"FALSE",263.943323885274,1.86651302435555,0,0,0,0,0.628845924006266,0.135119957592518,-0.211221906547796,-0.191582738553003,0.0115714672197599,97.2384106236645,6.47384532219535,0,0,0,0,0.985375877322235,0.954247564938434,0.910743023182465,0.764733939238138,NA,1.04279443748005,0.123058493832381,1,13,0.0256410256410256,0.333333333333333,0.573568561245875,0.525760971789271,0.356620413222465,0.0445426446650062,0.000413612889575802
"785",785,3988,"Dhaulagiri I","DHA1","Dhaulagiri Himal",8167,4,6,1979,"DHA179101",1,"NE Ridge",NA,NA,NA,TRUE,FALSE,FALSE,FALSE,"1979-04-08","1979-05-12",1400,34,43,"1979-05-21",1,8167,5,18,4,0,4,1,FALSE,TRUE,NA,28.69666672,83.49500275,0,0,339,216,NA,0,0,1,1970,34,43,"FALSE",268.795423767783,2.44873866232061,0,1,0,0.0227272727272727,0.874084180484667,0.718415893869689,0.631689518699671,0.506112884068555,0.262171317346227,86.8222119880445,11.4091206491981,0,0,0,0,0.987182117275731,0.95678362018643,0.918100292384065,0.825807224427679,0.602697128300402,0.924585620403307,0.0861770148624926,1,0,0.0227272727272727,0,0.441897598123181,0.138670724489347,0.0447861045169416,-0.471083931420728,0.000761104643623652
"786",786,3991,"Dhaulagiri I","DHA1","Dhaulagiri Himal",8167,4,6,1987,"DHA187301",3,"NE Ridge",NA,NA,NA,FALSE,FALSE,FALSE,FALSE,"1987-09-03","1987-10-06",NA,33,41,"1987-10-14",10,7050,2,5,0,0,3,0,FALSE,TRUE,"Sirdar pulmonary edema; others hurt hand; Mitoma sick 1st 2 weeks at BC",28.69666672,83.49500275,0,0,161,68,NA,0,NA,0.889877641824249,1980,33,41,"FALSE",274.037024180094,2.47690620488337,0,6,0,0.142857142857143,0.955820317141773,0.889747298964101,0.840831768511623,0.804275590302818,0.693590485432015,72.7566789899554,1.29886399024767,2,0,0.0476190476190476,0,0.856109649387171,0.57628680809407,0.338572906149334,0.0685212123989841,-0.0597584188019071,0.757128075221247,0.128972078406507,3,0,0.0714285714285714,0,0.829813821665227,0.669465523553761,0.621729664414036,0.506537259172968,0.534382596000292
"789",789,4005,"Dhaulagiri I","DHA1","Dhaulagiri Himal",8167,4,6,1993,"DHA193305",3,"NE Ridge",NA,NA,NA,TRUE,FALSE,FALSE,FALSE,"1993-09-11","1993-10-10",1315,29,40,"1993-10-21",5,8167,4,10,3,0,0,0,FALSE,TRUE,"Kulis fall; Janekalns pneumonia but returned and went up to C2",28.69666672,83.49500275,0,0,283,313,NA,0,0,0.721789642813002,1990,29,40,"FALSE",273.433548004647,1.67343490333678,0,0,0,0,0.914303399908013,0.782759582299214,0.675816457741563,0.562448475929758,0.403162858902903,73.4460409521087,2.32700436629098,0,0,0,0,0.647361547760534,0.504774609062751,0.473722494273084,-0.125488037764176,0.39560307359754,0.70894834759308,0.0702990768024562,2,0,0.0487804878048781,0,0.588683114260378,0.300379023787267,0.18160303852801,-0.200327286047493,0.156973211757101
"790",790,4009,"Dhaulagiri I","DHA1","Dhaulagiri Himal",8167,4,6,2007,"DHA107307",3,"NE Ridge",NA,NA,NA,FALSE,FALSE,FALSE,FALSE,"2007-09-10","2007-09-19",NA,9,29,"2007-10-09",5,6950,2,6,0,0,2,0,FALSE,TRUE,NA,28.69666672,83.49500275,1,0,NA,282,253,0,NA,0.630329996292176,2000,9,29,"FALSE",273.907393264771,2.13657033976207,0,3,0,0.1,0.952875588926641,0.886273137188782,0.842200974932919,0.745812979188186,0.737770496248684,76.5301378038194,7.53250983199745,5,4,0.166666666666667,0.133333333333333,0.854541340723297,0.580822176534624,0.358879946411363,-0.0248811862696088,-0.373727143195624,0.711690053327883,0.143114112863311,5,0,0.166666666666667,0,0.755833589048343,0.435125871599572,0.223917326047509,-0.0804970451477417,-0.149935428109584
"791",791,4017,"Dhaulagiri I","DHA1","Dhaulagiri Himal",8167,4,6,1988,"DHA188301",3,"NE Ridge",NA,NA,NA,FALSE,FALSE,FALSE,FALSE,"1988-09-02","1988-10-03",NA,31,37,"1988-10-09",5,6560,1,3,0,0,5,0,FALSE,TRUE,"None",28.69666672,83.49500275,1,0,70,40,254,0,NA,0.96403411197627,1980,31,37,"FALSE",274.751566669397,1.93242818141344,0,5,0,0.131578947368421,0.913523992975151,0.726026870085496,0.578328911230351,0.30010874447217,0.062553478873514,72.6876242118969,1.14972025794592,1,0,0.0263157894736842,0,0.84484312541278,0.617580252034574,0.429278172439067,-0.00785943478438705,-0.458393055600123,0.756094965036273,0.0883501873231555,1,0,0.0263157894736842,0,0.477734323075887,0.328525111178027,0.234409231266455,0.252488786088152,0.043712830905452
"792",792,4024,"Dhaulagiri I","DHA1","Dhaulagiri Himal",8167,4,6,1979,"DHA179301",3,"N Face (to 7800m)","NE Ridge (to 7400m)",NA,NA,FALSE,FALSE,FALSE,FALSE,"1979-09-01","1979-10-03",NA,32,49,"1979-10-20",5,7700,4,18,0,0,0,0,FALSE,TRUE,"No accidents. Bertulis got sick while on solo recce but was found in time",28.69666672,83.49500275,1,0,69,9,NA,0,NA,0.753924113212211,1970,32,49,"FALSE",272.144210408529,2.93874736904701,0,1,0,0.02,0.947624990317663,0.852493555187124,0.753038599953335,0.629639033464129,-0.0606478771819213,74.1263118489583,1.92170369672922,2,0,0.04,0,0.868641727425291,0.650222475139254,0.470376943341377,0.259436210343904,-0.563303305040086,0.819677233282872,0.111858117949845,3,0,0.06,0,0.723777913469816,0.364903591314136,0.129282518871919,0.00177814949894995,-0.185403785735882
"794",794,4027,"Dhaulagiri I","DHA1","Dhaulagiri Himal",8167,4,6,2008,"DHA108114",1,"NE Ridge",NA,NA,NA,FALSE,FALSE,FALSE,FALSE,"2008-04-23","2008-05-07",NA,14,17,"2008-05-10",1,7400,3,5,0,0,0,0,FALSE,TRUE,NA,28.69666672,83.49500275,1,0,187,NA,279,0,NA,1,2000,14,17,"FALSE",268.395821324101,0.980480431236201,0,0,0,0,0.64279496952481,0.360532205108522,0.336127400099102,0.231975272438299,0.149367528465625,76.6324688946759,0.843381797013402,0,0,0,0,0.591821137758732,0.139587535409648,0.266556000509088,0.450356335921972,-0.191238014777986,0.978955147468766,0.0598277793778172,0,0,0,0,0.595235823207413,0.151257992291868,0.0854505256279397,-0.046382628129395,0.21720456622487
"795",795,4032,"Dhaulagiri I","DHA1","Dhaulagiri Himal",8167,4,6,1996,"DHA196301",3,"NE Ridge",NA,NA,NA,FALSE,FALSE,FALSE,FALSE,"1996-09-06","1996-10-10",NA,34,37,"1996-10-13",1,7900,2,4,0,0,0,0,FALSE,TRUE,NA,28.69666672,83.49500275,1,0,284,161,NA,0,NA,1,1990,34,37,"FALSE",273.214818419072,2.52815437144361,0,0,0,0,0.947014551349172,0.860075537028707,0.742420865601455,0.583625152261131,0.449126522748628,77.8901324355811,9.32861602475654,0,6,0,0.157894736842105,0.92800051276593,0.780943696817687,0.603556699447912,0.24709282955217,-0.0697211392214541,0.704823608288984,0.117938033133,7,0,0.184210526315789,0,0.573266776940932,0.186533960492218,-0.114856506550396,-0.169166968083418,-0.0601977112061297
"796",796,4034,"Dhaulagiri I","DHA1","Dhaulagiri Himal",8167,4,6,2007,"DHA107306",3,"NE Ridge",NA,NA,NA,FALSE,FALSE,FALSE,FALSE,"2007-09-03","2007-09-18",NA,15,30,"2007-10-03",1,6400,2,6,0,0,6,0,FALSE,TRUE,NA,28.69666672,83.49500275,1,0,NA,68,69,0,NA,1,2000,15,30,"FALSE",274.910956393006,2.06677573014153,0,5,0,0.161290322580645,0.919204252983651,0.786447393589682,0.73144263195883,0.712414032079789,0.497693149355231,76.6487210181452,7.51617849351004,7,4,0.225806451612903,0.129032258064516,0.837443351519251,0.540593203799566,0.331320923505297,0.0556273486266192,-0.30051523088178,0.658837625353238,0.144085162434378,7,0,0.225806451612903,0,0.650572100825379,0.130463176893027,-0.194714510950926,-0.410642845976761,0.0686145797155728
"798",798,4038,"Dhaulagiri I","DHA1","Dhaulagiri Himal",8167,4,6,1991,"DHA191302",3,"NE Ridge",NA,NA,NA,TRUE,FALSE,FALSE,FALSE,"1991-09-08","1991-10-11",NA,33,45,"1991-10-23",1,8167,4,9,2,0,2,1,FALSE,TRUE,"Nakajima and Keepa Sherpa slight frostbitten toes; Yoneda injured fingers from rockfall but now OK",28.69666672,83.49500275,0,0,314,221,NA,0,0,1,1990,33,45,"FALSE",272.892106788746,2.38854483259653,0,1,0,0.0217391304347826,0.956433947043307,0.901091495554059,0.873467280851972,0.836663127523716,0.717630260000786,72.2269269418025,0.519088939468587,0,0,0,0,0.694175492163878,0.235823225049219,-0.0420824043504543,-0.356824561882353,0.307083706305103,0.828237906483971,0.112502737028452,0,1,0,0.0217391304347826,0.817300923984737,0.667569043384031,0.59287517001383,0.481516295193799,0.186599454036534
"799",799,4040,"Dhaulagiri I","DHA1","Dhaulagiri Himal",8167,4,6,1998,"DHA198306",3,"NE Ridge",NA,NA,NA,FALSE,FALSE,FALSE,FALSE,"1998-09-19","1998-10-04",NA,15,18,"1998-10-07",6,7900,3,3,0,0,2,0,FALSE,TRUE,NA,28.69666672,83.49500275,1,0,100,NA,191,0,NA,0.828080583364232,1990,15,18,"FALSE",274.832393177769,1.76164807242347,0,2,0,0.105263157894737,0.921561161736477,0.825871464959413,0.724760411296256,0.405472216986091,0.640989181906363,73.1480391652961,1.50177966684837,0,0,0,0,0.894352572105608,0.713986575544414,0.548435396783688,0.260416246509998,0.528905916303233,0.71707470222456,0.11009197285704,0,0,0,0,0.857144549604708,0.6418187662481,0.48670806040638,-0.298932195318858,0.533883257649381
"800",800,4042,"Dhaulagiri I","DHA1","Dhaulagiri Himal",8167,4,6,1984,"DHA184101",1,"NE Ridge",NA,NA,NA,FALSE,FALSE,FALSE,FALSE,"1984-04-03","1984-05-08",NA,35,36,"1984-05-09",4,7400,3,10,0,0,2,0,FALSE,TRUE,"1 Sherpa fell into crevasse but not really injured; both climbing parties were in avalanches between C1 and C2 but not hurt",28.69666672,83.49500275,0,1,218,64,249,0,NA,0.945494994438265,1980,35,36,"FALSE",266.024603079031,2.3129189862199,0,0,0,0,0.947857372669473,0.869993493918165,0.795480977845143,0.681762142874411,0.677326180418099,79.8125065983953,6.06546317740541,0,0,0,0,0.78899749849677,0.459356021566695,0.145675865119072,-0.234044190349508,0.264634353937599,0.947549735326582,0.1035338286674,1,1,0.027027027027027,0.027027027027027,0.555187173801982,0.431870478377452,0.0321517584810126,-0.421917096018852,-0.0836573048860816
"802",802,4044,"Dhaulagiri I","DHA1","Dhaulagiri Himal",8167,4,6,1973,"DHA173101",1,"SE Ridge (to 6550m)","NE Ridge",NA,NA,FALSE,TRUE,FALSE,FALSE,"1973-04-01","1973-05-12",1300,41,53,"1973-05-24",1,8167,4,17,2,0,7,1,FALSE,TRUE,NA,28.69666672,83.49500275,0,0,339,4,NA,0,0,1,1970,41,53,"FALSE",269.197848979338,2.36750766420986,0,4,0,0.0740740740740741,0.864424074348337,0.722712647991533,0.622534299964103,0.560427080059233,0.38013566692915,86.7019977334105,11.1548472554233,0,0,0,0,0.983031295946461,0.944810823160208,0.901745719941043,0.820264887015087,0.588995103075339,0.90844627156461,0.0838369094036975,1,0,0.0185185185185185,0,0.503937302406497,0.298123715286026,0.37378895373493,0.386362263623065,0.137268721509678
"803",803,4048,"Dhaulagiri I","DHA1","Dhaulagiri Himal",8167,4,6,2007,"DHA107111",1,"NE Ridge",NA,NA,NA,TRUE,FALSE,FALSE,FALSE,"2007-04-07","2007-04-24",1505,17,28,"2007-05-05",10,8167,3,7,4,0,0,0,FALSE,TRUE,NA,28.69666672,83.49500275,0,0,NA,185,125,0,0,0.704486466444197,2000,17,28,"FALSE",269.02620583019,1.45230241001845,0,0,0,0,0.880350509069284,0.685766048044607,0.43130165780552,-0.235113816984672,-0.628228649942995,83.4934671336207,10.4551672298939,0,0,0,0,0.979196601482998,0.926875191628041,0.859691209938665,0.707056531867637,0.618002478610275,0.896206049827354,0.0867176981219509,1,0,0.0344827586206897,0,0.638014657743997,0.4737772838918,0.424790294546193,0.0424792187212809,-0.751533587599142
"804",804,4050,"Dhaulagiri I","DHA1","Dhaulagiri Himal",8167,4,6,1989,"DHA189303",3,"NE Ridge",NA,NA,NA,FALSE,FALSE,FALSE,FALSE,"1989-09-11","1989-09-25",NA,14,30,"1989-10-11",1,7100,2,10,0,0,6,0,TRUE,FALSE,"1 member Mailly edema; 1 member gastroenteritis (left BC Sep 19); 2 Sherpas fatal avalanche",28.69666672,83.49500275,1,0,NA,313,314,0,NA,1,1980,14,30,"FALSE",273.631888769006,1.98808795928661,0,0,0,0,0.953673000988326,0.91053030495292,0.870361641698978,0.80579815472054,0.73949817371676,74.2110372563844,3.25227702604217,0,1,0,0.032258064516129,0.671608369443624,0.265155268627287,0.00315499663964526,-0.28969931807279,0.220907092735816,0.710224541810243,0.115501573396069,4,0,0.129032258064516,0,0.730530477485284,0.533628083144869,0.331014666717532,0.225208003796537,0.0624060890715675
"805",805,4051,"Dhaulagiri I","DHA1","Dhaulagiri Himal",8167,4,6,2014,"DHA114105",1,"NE Ridge",NA,NA,NA,FALSE,FALSE,FALSE,FALSE,"2014-05-04","2014-05-09",NA,5,8,"2014-05-12",3,6300,2,1,0,0,0,0,FALSE,TRUE,NA,28.69666672,83.49500275,1,0,248,95,339,0,NA,1,2010,5,8,"FALSE",269.461661586055,0.819261082897215,0,0,0,0,0.511522087402948,-0.352095194484624,-0.957304066220546,-0.188668240151843,NA,76.5691731770833,1.12802295895505,0,0,0,0,0.747254176370738,0.782739466273217,-0.345535102421268,0.562997595623162,NA,0.875983273261923,0.0595014352088352,0,0,0,0,0.653198431826699,-0.00611425888668139,-0.63065491004555,-0.818907461427197,NA
"806",806,4052,"Dhaulagiri I","DHA1","Dhaulagiri Himal",8167,4,6,1991,"DHA191306",3,"NE Ridge",NA,NA,NA,FALSE,FALSE,FALSE,FALSE,"1991-09-15","1991-10-02",NA,17,21,"1991-10-06",1,7800,4,6,0,0,3,0,FALSE,TRUE,"None",28.69666672,83.49500275,0,0,41,NA,161,0,NA,1,1990,17,21,"FALSE",273.902893991181,1.02824337737282,0,0,0,0,0.810621844752513,0.514440117686705,0.244860354751821,0.0491964998725459,0.343814012622564,72.4171734434186,0.631790241927676,0,0,0,0,0.670657862091522,0.192940341622099,-0.0797521856174654,-0.55513233137294,0.312017008764091,0.809147528408532,0.100577854900309,0,0,0,0,0.791871776329261,0.575704040766475,0.410579555603954,0.251947833766089,-0.0659154049167749
"807",807,4055,"Dhaulagiri I","DHA1","Dhaulagiri Himal",8167,4,6,1998,"DHA198307",3,"NE Ridge",NA,NA,NA,TRUE,FALSE,FALSE,FALSE,"1998-09-06","1998-09-30",1430,24,28,"1998-10-04",6,8167,3,7,4,0,6,3,TRUE,FALSE,NA,28.69666672,83.49500275,0,0,NA,160,100,0,0,0.741564701520208,1990,24,28,"FALSE",275.379031126527,1.27453669358069,0,3,0,0.103448275862069,0.866804778204356,0.671562729414041,0.408997704533942,-0.337247316201051,-0.0386294126367978,72.5949763155532,1.24235670629302,1,0,0.0344827586206897,0,0.86880374830282,0.700695564996487,0.47917089996659,-0.183580122075416,-0.0724245001049864,0.703968636133207,0.0837347366941265,0,0,0,0,0.456268724275714,-0.0725189560069815,-0.0649497993102563,-0.0889161324026864,0.171937686809171
"808",808,4060,"Dhaulagiri I","DHA1","Dhaulagiri Himal",8167,4,6,2016,"DHA116301",3,"NE Ridge",NA,NA,NA,FALSE,FALSE,FALSE,FALSE,"2016-09-08","2016-09-18",NA,10,32,"2016-10-10",1,6400,2,7,0,0,6,0,FALSE,TRUE,NA,28.69666672,83.49500275,1,0,NA,222,284,0,NA,1,2010,10,32,"FALSE",274.551166572956,1.15822847380004,0,1,0,0.0303030303030303,0.84392538478192,0.55875102656343,0.309824233180233,-0.0705779966485478,0.347547294940933,73.1596901633523,1.75268889098557,3,0,0.0909090909090909,0,0.572748926117929,0.00936730099053842,-0.156649859034487,-0.39021425709887,0.253987018077261,0.683734580206302,0.0912596641558405,2,0,0.0606060606060606,0,0.50546195731849,-0.0220665572417214,-0.420015647153583,-0.313165789903885,0.0179711504964365
"809",809,4062,"Dhaulagiri I","DHA1","Dhaulagiri Himal",8167,4,6,2007,"DHA107106",1,"NE Ridge",NA,NA,NA,TRUE,FALSE,FALSE,FALSE,"2007-04-14","2007-05-01",1900,17,21,"2007-05-05",6,8167,3,9,5,0,0,0,FALSE,TRUE,NA,28.69666672,83.49500275,0,0,5,NA,125,0,0,0.938641804208139,2000,17,21,"FALSE",269.43896854285,1.28382221071823,0,0,0,0,0.848959142236412,0.621715578611565,0.399637602305085,-0.160698656083553,-0.908808358408769,78.2413884943182,5.10172687348369,0,0,0,0,0.985696477187529,0.945383796212649,0.886693411855579,0.668013445056735,0.767801116271265,0.902348625498382,0.0853771322337134,1,0,0.0454545454545455,0,0.58387306277293,0.481828898060174,0.43943492500547,-0.0951632826489799,-0.705383958568494
"810",810,4066,"Dhaulagiri I","DHA1","Dhaulagiri Himal",8167,4,6,2009,"DHA109109",1,"NE Ridge",NA,NA,NA,TRUE,FALSE,FALSE,FALSE,"2009-04-04","2009-05-01",1615,27,31,"2009-05-05",1,8167,3,1,1,0,1,0,FALSE,TRUE,NA,28.69666672,83.49500275,0,0,5,94,125,0,0,1,2000,27,31,"FALSE",267.287443975608,2.51880378938659,0,0,0,0,0.883568258576859,0.758410758085699,0.670449859021717,0.370066849494647,0.49872728474441,75.0438512166341,4.98801968448767,15,0,0.46875,0,0.740981095737282,0.414359270550232,0.242418182588877,0.146209058688858,-0.254187465461666,1.01068221776019,0.0946795373071047,1,4,0.03125,0.125,0.245768606381453,-0.166515543314196,0.110727493551499,-0.262408335797753,-0.0844379833605624
"811",811,4067,"Dhaulagiri I","DHA1","Dhaulagiri Himal",8167,4,6,2014,"DHA114106",1,"NE Ridge",NA,NA,NA,FALSE,FALSE,FALSE,FALSE,"2014-04-16","2014-05-06",NA,20,24,"2014-05-10",4,7300,3,2,0,0,1,0,FALSE,TRUE,NA,28.69666672,83.49500275,1,0,156,NA,278,0,NA,0.806350006299609,2010,20,24,"FALSE",266.42351776123,2.53583694552287,0,0,0,0,0.933847947984769,0.905082434594549,0.889782129834573,0.865969890760422,0.593493907105663,86.8439615885417,11.5485557329867,0,0,0,0,0.978985084054608,0.925220668802834,0.852251391287483,0.68433030623278,0.260522629359059,0.966329883303057,0.0885076582477429,0,0,0,0,0.757238267276884,0.63324821069067,0.485310921631448,0.179500083550485,-0.178659515078375
"812",812,4069,"Dhaulagiri I","DHA1","Dhaulagiri Himal",8167,4,6,1998,"DHA198305",3,"NE Ridge",NA,NA,NA,FALSE,FALSE,FALSE,FALSE,"1998-09-14","1998-10-06",NA,22,26,"1998-10-10",1,7600,4,6,0,0,5,0,TRUE,FALSE,"None",28.69666672,83.49500275,1,0,161,NA,283,0,NA,1,1990,22,26,"FALSE",274.828111813392,1.64442264477093,0,3,0,0.111111111111111,0.92065290630732,0.814970912528861,0.708509809611466,0.414711631115566,0.0775987542780111,72.8457875192901,1.38821855561328,1,0,0.037037037037037,0,0.887391404911375,0.689074470453643,0.52628497722259,0.172016075822563,0.0952697192609638,0.749655589978389,0.113504033697215,0,0,0,0,0.827562933484657,0.651330395947206,0.531851613528352,-0.0187645148223708,-0.215354008531143
"813",813,4070,"Dhaulagiri I","DHA1","Dhaulagiri Himal",8167,4,6,1996,"DHA196306",3,"NE Ridge",NA,NA,NA,TRUE,FALSE,FALSE,FALSE,"1996-10-12","1996-11-05",NA,24,27,"1996-11-08",10,8167,4,8,4,0,3,0,FALSE,TRUE,"Eduard Koblmueller frostbitten toes; Funkl sick above 6100m",28.69666672,83.49500275,0,0,132,345,224,0,0,0.944941413632355,1990,24,27,"FALSE",267.671405042921,1.52234498673363,0,0,0,0,0.618431323958392,0.137797416962912,0.0254573668024255,0.123667708160562,-0.67244296939116,85.9864937918527,11.0287633349797,0,11,0,0.392857142857143,0.924044380684821,0.759157848881575,0.574534738517447,0.216302572555973,-0.587958598126573,0.789398605987721,0.134946908861752,2,0,0.0714285714285714,0,0.366930421131934,0.211583696762256,0.338343605409687,-0.0602362078110745,-0.389952491185242
"814",814,4071,"Dhaulagiri I","DHA1","Dhaulagiri Himal",8167,4,6,2007,"DHA107110",1,"NE Ridge",NA,NA,NA,FALSE,FALSE,FALSE,FALSE,"2007-04-14","2007-05-05",600,21,25,"2007-05-09",4,8120,4,1,0,0,1,0,FALSE,TRUE,"Martinez and Phu Dorchi fall",28.69666672,83.49500275,0,0,125,NA,248,0,NA,0.907143757087061,2000,21,25,"FALSE",269.78115609976,1.4547635495149,0,0,0,0,0.883350217348672,0.724300501490724,0.589867599565482,0.215753060240763,-0.635070610417701,78.0247458433494,4.704654512145,0,0,0,0,0.983490148266492,0.929865033161148,0.834285293416356,0.443213888423265,0.236380863711136,0.893472165910308,0.0812501891485354,1,0,0.0384615384615385,0,0.612770175171727,0.530556452912715,0.493454794742219,-0.0291332606417342,-0.671926089771917
"815",815,4072,"Dhaulagiri I","DHA1","Dhaulagiri Himal",8167,4,6,2002,"DHA102303",3,"N Col-NE Ridge",NA,NA,NA,FALSE,FALSE,FALSE,FALSE,"2002-09-16","2002-10-05",NA,19,21,"2002-10-07",12,7550,1,1,0,0,0,0,FALSE,TRUE,NA,28.69666672,83.49500275,1,0,130,NA,191,0,NA,0,2000,19,21,"FALSE",272.579298135006,0.798423165912298,0,0,0,0,0.587383206160588,-0.0436970865029212,-0.413778077961443,-0.689129050136492,0.338926821961733,74.1509380918561,2.78519156999191,0,0,0,0,0.777991235052073,0.378052209890885,0.0121444214974435,-0.358436505267986,-0.221834599299193,0.819977064187026,0.0988510777114997,0,0,0,0,0.715407557378104,0.545876956452407,0.161505829718137,-0.314481911914039,0.160796101095132
"816",816,4073,"Dhaulagiri I","DHA1","Dhaulagiri Himal",8167,4,6,2021,"DHA121306",3,"NE Ridge",NA,NA,NA,TRUE,FALSE,FALSE,FALSE,"2021-09-18","2021-10-01",600,13,16,"2021-10-04",1,8167,3,1,1,0,1,1,FALSE,TRUE,NA,28.69666672,83.49500275,0,0,10,NA,100,0,0,1,2020,13,16,"FALSE",275.293444689582,0.443384149811739,0,0,0,0,0.229794474546402,-0.0495901297454207,-0.0980247784521291,-0.00579302524245776,-0.505466592873368,74.559752221201,3.23060569495076,0,0,0,0,0.624312643195219,-0.0167915431349663,-0.13696573358208,-0.372576194865668,0.807088801720121,0.607407801701986,0.0690728555375643,5,0,0.294117647058824,0,0.182818125567695,-0.330308078231696,-0.17685482821254,0.0860358821794786,0.135812455730941
"817",817,4074,"Dhaulagiri I","DHA1","Dhaulagiri Himal",8167,4,6,2007,"DHA107303",3,"NE Ridge",NA,NA,NA,FALSE,FALSE,FALSE,FALSE,"2007-09-17","2007-10-04",NA,17,22,"2007-10-09",12,6300,1,3,0,0,0,0,FALSE,TRUE,NA,28.69666672,83.49500275,1,0,100,NA,253,0,NA,0,2000,17,22,"FALSE",273.172863338305,1.87810969233377,0,1,0,0.0434782608695652,0.935875037736787,0.840933895916194,0.753873748982793,0.605375517556789,0.626983045960267,78.011573680933,8.05924619253596,0,4,0,0.173913043478261,0.830547687025689,0.508251442949319,0.239141088200003,-0.255654254790718,-0.61025148696568,0.715010894706491,0.163406347221167,5,0,0.217391304347826,0,0.768135491300796,0.449254802477077,0.241067451657304,-0.0782996686845101,0.0776546232786025
"818",818,4079,"Dhaulagiri I","DHA1","Dhaulagiri Himal",8167,4,6,1991,"DHA191305",3,"NE Ridge",NA,NA,NA,FALSE,FALSE,FALSE,FALSE,"1991-10-05","1991-10-15",NA,10,30,"1991-11-04",10,7100,2,7,0,0,0,0,FALSE,TRUE,NA,28.69666672,83.49500275,0,0,NA,130,101,0,NA,0.915963210280963,1990,10,30,"FALSE",269.302378254552,2.11593086414649,0,0,0,0,0.911009384545967,0.798214061174348,0.710058310981147,0.534089403214936,0.388274801306002,72.5748225386425,1.0768171306475,0,0,0,0,0.852487322199663,0.557151995435303,0.257503054524093,0.0145720095858651,-0.185656578445955,0.878781446164182,0.0816860198091611,0,2,0,0.0645161290322581,0.600955049277611,0.28311130203844,0.0788266802854345,-0.116665512257979,-0.521955453125251
"819",819,4080,"Dhaulagiri I","DHA1","Dhaulagiri Himal",8167,4,6,2002,"DHA102302",3,"NE Ridge",NA,NA,NA,FALSE,FALSE,FALSE,FALSE,"2002-09-16","2002-10-05",NA,19,24,"2002-10-10",4,7600,3,8,0,0,1,0,FALSE,TRUE,NA,28.69666672,83.49500275,1,0,130,NA,283,0,NA,0.902104069547688,2000,19,24,"FALSE",272.072599945068,1.58885025385542,0,0,0,0,0.875564454350573,0.598206329198522,0.151825053819043,-0.510234630233281,0.263410638578592,74.4119986979167,2.77952321956741,0,0,0,0,0.751991368202025,0.300824046776179,-0.0705431433894708,-0.407229233732964,-0.343875236219029,0.832001025204114,0.0984097766306585,0,0,0,0,0.719706325082839,0.543325232359703,0.18282278567923,-0.171875980266205,0.295713691007908
"820",820,4081,"Dhaulagiri I","DHA1","Dhaulagiri Himal",8167,4,6,2002,"DHA102301",3,"NE Ridge",NA,NA,NA,FALSE,FALSE,FALSE,FALSE,"2002-09-16","2002-10-05",NA,19,21,"2002-10-07",4,7550,2,1,0,0,0,0,FALSE,TRUE,NA,28.69666672,83.49500275,1,0,130,NA,191,0,NA,0.894544538238629,2000,19,21,"FALSE",272.579298135006,0.798423165912298,0,0,0,0,0.587383206160588,-0.0436970865029212,-0.413778077961443,-0.689129050136492,0.338926821961733,74.1509380918561,2.78519156999191,0,0,0,0,0.777991235052073,0.378052209890885,0.0121444214974435,-0.358436505267986,-0.221834599299193,0.819977064187026,0.0988510777114997,0,0,0,0,0.715407557378104,0.545876956452407,0.161505829718137,-0.314481911914039,0.160796101095132
"821",821,4082,"Dhaulagiri I","DHA1","Dhaulagiri Himal",8167,4,6,1993,"DHA193101",1,"N Face direct",NA,NA,NA,TRUE,FALSE,FALSE,FALSE,"1993-04-09","1993-05-11",1100,32,32,"1993-05-11",5,8167,6,10,7,0,0,0,TRUE,FALSE,"Sedusov frostbitten feet (serious leg swelling, helicopter called)",28.69666672,83.49500275,0,0,309,247,NA,0,0,0.755953130905884,1990,32,32,"FALSE",268.298369629215,3.38879214926097,0,2,0,0.0606060606060606,0.938816333905852,0.876882966072007,0.801136150643606,0.666719409509613,0.28837933706438,95.7841525607639,8.51140835580261,0,0,0,0,0.971862870412057,0.899557191647667,0.800602494455508,0.564669445118764,NA,0.862699492002093,0.110631316921995,3,0,0.0909090909090909,0,0.53511338712876,0.361131864702416,-0.0350521322025483,-0.163782675218638,-0.237980855401973
"823",823,4088,"Dhaulagiri I","DHA1","Dhaulagiri Himal",8167,4,6,2008,"DHA108301",3,"NE Ridge",NA,NA,NA,FALSE,FALSE,FALSE,FALSE,"2008-09-25","2008-10-05",NA,10,13,"2008-10-08",10,6700,2,1,0,0,1,0,FALSE,TRUE,NA,28.69666672,83.49500275,1,0,131,NA,223,0,NA,0.886829913964262,2000,10,13,"FALSE",272.203186761765,1.14289969918318,0,0,0,0,0.537920587785795,0.0726743054258038,-0.386871725233224,0.237353571066357,-0.875511911532781,73.321783156622,1.40090242437505,0,0,0,0,0.314662824378723,-0.290560890456373,-0.501867344717337,0.0657323693119766,-0.910144512183038,0.850778333281195,0.102814417897039,0,0,0,0,0.402877189978175,0.256434413475406,0.347196898307855,0.208090614560233,-0.0453271073838504
"824",824,4092,"Dhaulagiri I","DHA1","Dhaulagiri Himal",8167,4,6,2009,"DHA109111",1,"NE Ridge",NA,NA,NA,TRUE,FALSE,FALSE,FALSE,"2009-04-06","2009-05-01",1830,25,28,"2009-05-04",1,8167,3,7,2,0,2,2,FALSE,TRUE,"Go's frostbite of four fingers right hand and all fingers of left hand",28.69666672,83.49500275,0,0,5,155,95,0,0,1,2000,25,28,"FALSE",267.276357650757,2.61536715153936,0,0,0,0,0.880837723806584,0.775470309492551,0.702340982225824,0.425849363731007,0.526704572873712,75.0647561961207,5.23959592708711,15,0,0.517241379310345,0,0.742221934218138,0.417462332145417,0.239977335904388,0.319202747431321,-0.258713452213474,1.01032521593799,0.099089143982511,1,4,0.0344827586206897,0.137931034482759,0.246421732671222,-0.16876730899529,0.0830434501618124,-0.24443784683017,-0.132240558797828
"825",825,4093,"Dhaulagiri I","DHA1","Dhaulagiri Himal",8167,4,6,2018,"DHA118301",3,"NE Ridge",NA,NA,NA,FALSE,FALSE,FALSE,FALSE,"2018-09-03","2018-09-19",NA,16,29,"2018-10-02",1,6700,2,6,0,0,3,0,FALSE,TRUE,NA,28.69666672,83.49500275,1,0,NA,68,41,0,NA,1,2010,16,29,"FALSE",275.091473388672,1.73947250103291,0,9,0,0.3,0.930553088633532,0.823962512232827,0.784240348255923,0.673354587667849,0.348337711885784,72.3121202256944,0.984839618828868,3,0,0.1,0,0.70497642011743,0.302448734768499,0.0902057823280515,0.00763027070232578,0.27132254835402,0.795304318599963,0.103696724271405,1,0,0.0333333333333333,0,0.525887030666335,-0.0268667534251991,-0.189789477546751,0.185647916454801,0.0636246759708832
"826",826,4095,"Dhaulagiri I","DHA1","Dhaulagiri Himal",8167,4,6,2007,"DHA107105",1,"NE Ridge",NA,NA,NA,TRUE,FALSE,FALSE,FALSE,"2007-04-01","2007-04-29",1410,28,36,"2007-05-07",1,8167,3,2,2,0,0,0,FALSE,TRUE,NA,28.69666672,83.49500275,0,0,NA,4,186,0,0,1,2000,28,36,"FALSE",268.928534327327,1.4761809945741,0,0,0,0,0.881058845059907,0.73041919597673,0.542972874250014,0.135960467266006,-0.505644421849242,85.8059148015203,11.289733857278,0,0,0,0,0.98537538491658,0.949190861933145,0.903395759659949,0.799521097067973,0.509488051491485,0.907576412527055,0.089024677471474,1,0,0.027027027027027,0,0.657384495458305,0.489083804492099,0.441734524870388,0.124464055504675,-0.742524535529538
"827",827,4105,"Dhaulagiri I","DHA1","Dhaulagiri Himal",8167,4,6,1994,"DHA194302",3,"NE Ridge",NA,NA,NA,TRUE,FALSE,FALSE,FALSE,"1994-09-02","1994-10-01",NA,29,29,"1994-10-01",1,8167,3,10,5,0,10,3,TRUE,FALSE,NA,28.69666672,83.49500275,0,0,10,40,NA,0,0,1,1990,29,29,"FALSE",275.789325968424,1.14560858913328,0,7,0,0.233333333333333,0.896258090037882,0.726575238265547,0.602032962524225,0.460869301347493,0.46471814597503,71.9585828993056,0.577699502473765,12,0,0.4,0,0.792215439822154,0.445705769116719,0.244383088418055,0.148255906136605,-0.580362693068908,0.684275606978603,0.0728411688723501,3,0,0.1,0,0.272014243501559,0.307532804613558,0.28303557091323,0.0231211676870569,0.173058504665599
"828",828,4106,"Dhaulagiri I","DHA1","Dhaulagiri Himal",8167,4,6,1998,"DHA198301",3,"NE Ridge",NA,NA,NA,FALSE,FALSE,FALSE,FALSE,"1998-09-05","1998-10-05",NA,30,34,"1998-10-09",1,7950,3,5,0,0,2,0,FALSE,TRUE,"Gonzalez bad asthma & left BC 1 Oct",28.69666672,83.49500275,1,0,130,129,253,0,NA,1,1990,30,34,"FALSE",275.079743884859,1.49813134037755,0,4,0,0.114285714285714,0.913524307898228,0.797397505049018,0.66675803609409,0.303504332330979,-0.198083696015014,72.7517973400298,1.26623705018343,2,0,0.0571428571428571,0,0.862730990859711,0.669180660011407,0.542550596146283,0.194890715886805,-0.0372864662027708,0.73244462228048,0.107715185917078,0,0,0,0,0.72960536145539,0.405694928045214,0.255434165157382,0.00517751727899172,-0.159431208656869
"829",829,4107,"Dhaulagiri I","DHA1","Dhaulagiri Himal",8167,4,6,2009,"DHA109112",1,"NE Ridge",NA,NA,NA,FALSE,FALSE,FALSE,FALSE,"2009-04-12","2009-05-01",NA,19,19,"2009-05-01",1,8050,3,1,0,1,0,0,FALSE,TRUE,NA,28.69666672,83.49500275,0,0,5,338,NA,1,Inf,1,2000,19,19,"FALSE",267.904009056091,2.07332192815161,0,0,0,0,0.859753861659731,0.623624612739612,0.474049603910516,0.000627331353529599,0.64093448609867,73.172265625,1.92401878099574,14,0,0.7,0,0.947446445434402,0.86030607391096,0.818474205372369,0.762058404007455,0.356372164852414,1.03534690927788,0.0635219984192746,0,3,0,0.15,0.230823395822937,-0.139777150144479,0.225703439191152,-0.384253891349256,0.122197646166885
"830",830,4108,"Dhaulagiri I","DHA1","Dhaulagiri Himal",8167,4,6,1991,"DHA191304",3,"NE Ridge",NA,NA,NA,FALSE,FALSE,FALSE,FALSE,"1991-09-17","1991-10-06",NA,19,20,"1991-10-07",5,8130,4,6,0,0,2,0,FALSE,TRUE,"No serious frostbite",28.69666672,83.49500275,0,0,161,NA,191,0,NA,0.807412309728657,1990,19,20,"FALSE",273.715671599857,0.920364884688898,0,0,0,0,0.741366071712829,0.346446952037018,0.0162148076982178,-0.209463771216973,0.753123442555694,72.3550463479663,0.644743399910909,0,0,0,0,0.678931899211615,0.206931702900767,-0.0637568400246125,-0.465397120097281,0.365091400333159,0.824806438032762,0.084992541069551,0,0,0,0,0.706803900110582,0.38355036986921,0.0548166649403148,-0.0152621506372264,-0.0907178181740559
"831",831,4109,"Dhaulagiri I","DHA1","Dhaulagiri Himal",8167,4,6,2002,"DHA102101",1,"NE Ridge",NA,NA,NA,FALSE,FALSE,FALSE,FALSE,"2002-04-12","2002-05-08",NA,26,42,"2002-05-24",8,7700,4,11,0,0,5,0,TRUE,FALSE,NA,28.69666672,83.49500275,1,0,217,338,NA,0,NA,0.900066181336863,2000,26,42,"FALSE",269.753727461941,2.5290170457253,0,4,0,0.0930232558139535,0.876242447419742,0.700085848043051,0.556958763490043,0.44863939109534,-0.0732976329628763,80.4399754723837,8.13060062752955,2,0,0.0465116279069767,0,0.908220132563907,0.777990026276859,0.656290120104973,0.203277563570609,0.0573014179325174,0.893281978958396,0.114269712935189,4,2,0.0930232558139535,0.0465116279069767,0.726981055883184,0.428732549669648,0.134914192586863,-0.0490264948668453,-0.311224399268755
"833",833,4113,"Dhaulagiri I","DHA1","Dhaulagiri Himal",8167,4,6,2021,"DHA121102",1,"NW Ridge",NA,NA,NA,FALSE,FALSE,FALSE,FALSE,"2021-04-05","2021-05-09",NA,34,40,"2021-05-15",8,6700,3,3,0,0,0,0,FALSE,TRUE,NA,28.69666672,83.49500275,0,1,248,124,NA,0,NA,0.701522170747849,2020,34,40,"FALSE",266.551600463991,2.57970294748939,0,0,0,0,0.915470749466504,0.803915291213828,0.71400099051704,0.541644434509224,0.0967960578732245,77.9229845496697,8.1748363958976,10,0,0.24390243902439,0,0.876557211867359,0.677624524832183,0.467269924894391,0.0641154419349528,-0.225594258584458,0.913413259787512,0.12062649485779,2,0,0.0487804878048781,0,0.7068461872765,0.496838906387237,0.361578084699233,0.576908559703055,0.147677253011775
"834",834,4114,"Dhaulagiri I","DHA1","Dhaulagiri Himal",8167,4,6,2021,"DHA121307",3,"NE Ridge",NA,NA,NA,TRUE,FALSE,FALSE,FALSE,"2021-09-16","2021-10-01",730,15,17,"2021-10-03",5,8167,3,1,1,0,2,2,TRUE,FALSE,NA,28.69666672,83.49500275,0,0,10,NA,69,0,0,0.833884844473858,2020,15,17,"FALSE",275.141338419031,0.674617436890797,0,0,0,0,0.526690947759476,0.160503533111133,0.15778510343262,0.28721004683474,-0.0833313731971906,76.4240134910301,5.93943228318028,0,2,0,0.111111111111111,0.819782616415303,0.553221785071246,0.12232097468137,-0.35459715371853,0.673252667921123,0.601674358032078,0.074256710951709,6,0,0.333333333333333,0,0.147076505880458,-0.421962700538742,-0.205206125757613,0.246705668448914,0.253159275410298
"835",835,4119,"Dhaulagiri I","DHA1","Dhaulagiri Himal",8167,4,6,1993,"DHA193301",3,"NE Ridge",NA,NA,NA,TRUE,FALSE,FALSE,FALSE,"1993-09-02","1993-10-06",1445,34,41,"1993-10-13",1,8167,4,6,2,0,3,0,TRUE,FALSE,"Koseki frostbitten 3 toes but have feeling so will be OK",28.69666672,83.49500275,0,0,161,40,NA,0,0,1,1990,34,41,"FALSE",274.186023681883,1.09760776879589,0,0,0,0,0.834985676530357,0.616147319122606,0.511650294021933,0.36395573423905,0.347787427510262,74.5916321769593,3.20369500910344,0,0,0,0,0.716149918362901,0.38157704932412,0.187393676376981,-0.0819007239046524,0.416851302312755,0.670699217679973,0.087167040092935,5,0,0.119047619047619,0,0.708621947387975,0.521839914412109,0.460621737778085,0.238828693906671,0.211094781396023
"836",836,4120,"Dhaulagiri I","DHA1","Dhaulagiri Himal",8167,4,6,1980,"DHA180301",3,"N Face",NA,NA,NA,FALSE,FALSE,FALSE,FALSE,"1980-09-04","1980-10-05",NA,31,43,"1980-10-17",1,7100,4,17,0,1,5,0,FALSE,TRUE,"Fatal avalanche",28.69666672,83.49500275,0,1,131,100,NA,0.0588235294117647,Inf,1,1980,31,43,"FALSE",272.315277850989,2.9347616436913,0,3,0,0.0681818181818182,0.970584047540445,0.915764113777173,0.856724596764565,0.766340674969501,0.735982168594904,74.7049634528883,3.52296466215768,3,1,0.0681818181818182,0.0227272727272727,0.816824811465836,0.444230350457016,0.125581565150328,-0.183205966916656,-0.192961064625571,0.787603056836244,0.0890829126185133,0,0,0,0,0.738129562846028,0.474700925867137,0.382981045855462,0.227878071241841,0.419665959859992
"837",837,4121,"Dhaulagiri I","DHA1","Dhaulagiri Himal",8167,4,6,1998,"DHA198302",3,"NE Ridge",NA,NA,NA,FALSE,FALSE,FALSE,FALSE,"1998-09-08","1998-10-02",NA,24,31,"1998-10-09",1,8100,3,5,0,1,2,0,FALSE,TRUE,"Tsiantos frostbitten toe",28.69666672,83.49500275,1,0,41,221,253,0.2,Inf,1,1990,24,31,"FALSE",274.939019203186,1.48274688740643,0,3,0,0.09375,0.910012452672531,0.800182759192408,0.67514279814712,0.308217886487449,-0.27401430200797,72.8282903035482,1.29655054977808,1,0,0.03125,0,0.859479175040783,0.661557780587316,0.529489849569992,0.204899663312765,-0.0795446075534687,0.74162874963909,0.107931945986293,0,0,0,0,0.729968351801009,0.444361248924121,0.29505330381693,-0.0861884805630315,-0.13259301590209
"838",838,4124,"Dhaulagiri I","DHA1","Dhaulagiri Himal",8167,4,6,1986,"DHA186303",3,"NE Ridge",NA,NA,NA,FALSE,FALSE,FALSE,FALSE,"1986-09-24","1986-10-05",NA,11,14,"1986-10-08",5,6100,2,5,0,0,2,0,FALSE,TRUE,"None ('We stopped before any accident occurred')",28.69666672,83.49500275,1,0,130,NA,222,0,NA,0.890365448504983,1980,11,14,"FALSE",270.081912909614,1.51017069730723,0,0,0,0,0.859442463183641,0.581225813939965,0.231213989083048,-0.735827189221335,-0.620721621471268,75.8684190538195,3.65371929569974,0,0,0,0,0.747095323794025,0.33739454364838,0.0464356454812389,-0.159432294909587,0.95417608780535,0.811344215147175,0.0837412077373786,0,0,0,0,0.563832707678912,0.104455058389455,0.157789352631584,0.0605104573706713,-0.722313290434682
"839",839,4132,"Dhaulagiri I","DHA1","Dhaulagiri Himal",8167,4,6,2009,"DHA109110",1,"NE Ridge",NA,NA,NA,TRUE,FALSE,FALSE,FALSE,"2009-04-06","2009-05-01",NA,25,29,"2009-05-05",5,8167,3,1,1,0,2,2,FALSE,TRUE,NA,28.69666672,83.49500275,0,0,5,155,125,0,0,0.757475083056478,2000,25,29,"FALSE",267.341626591153,2.5946250777645,0,0,0,0,0.883155695385739,0.779839018197106,0.703867676267118,0.435207122359322,0.530528398118192,75.0169243706597,5.15512698289894,15,0,0.5,0,0.741715635810384,0.41581702773714,0.243848296959578,0.316794763367268,-0.277247745443426,1.00974949657255,0.0974167727310332,1,4,0.0333333333333333,0.133333333333333,0.248333605793411,-0.15846229276906,0.097226707643059,-0.249209892659174,-0.117282449174825
"841",841,4139,"Dhaulagiri I","DHA1","Dhaulagiri Himal",8167,4,6,2007,"DHA107102",1,"NE Ridge",NA,NA,NA,TRUE,FALSE,FALSE,FALSE,"2007-04-01","2007-04-29",1415,28,32,"2007-05-03",1,8167,3,2,2,0,0,0,FALSE,TRUE,"Sellent one frostbitten finger from filming between C2 & C3 on ascent",28.69666672,83.49500275,0,0,NA,4,64,0,0,1,2000,28,32,"FALSE",268.66495664192,1.33666132482091,0,0,0,0,0.840658258191229,0.648968477558182,0.391690324303463,-0.0971675300709099,-0.508325166693516,86.9497242937184,11.4407622554118,0,0,0,0,0.98425637864142,0.945210464532566,0.895536807267263,0.783693986806489,0.476528449687394,0.915321699689221,0.0912265498150231,1,0,0.0303030303030303,0,0.640011839417074,0.501809574032156,0.44139576404742,0.141589792270327,-0.741509094831773
"842",842,4140,"Dhaulagiri I","DHA1","Dhaulagiri Himal",8167,4,6,1995,"DHA195101",1,"NE Ridge",NA,NA,NA,TRUE,FALSE,FALSE,FALSE,"1995-04-01","1995-05-09",NA,38,38,"1995-05-09",11,8167,5,12,8,0,0,0,FALSE,TRUE,"None",28.69666672,83.49500275,0,0,248,4,NA,0,0,0,1990,38,38,"FALSE",264.403858429346,3.11436557037133,2,0,0.0512820512820513,0,0.939309090825214,0.847555033648773,0.792374819721013,0.653699943729278,0.793698819826225,100,0,0,0,0,0,NA,NA,NA,NA,NA,0.964361825843231,0.0710008582226617,0,1,0,0.0256410256410256,0.219275367877756,-0.127328714464708,0.15336654588282,0.017659707246775,0.304998872172543
"843",843,4142,"Dhaulagiri I","DHA1","Dhaulagiri Himal",8167,4,6,1998,"DHA198101",1,"NE Ridge",NA,NA,NA,FALSE,FALSE,FALSE,FALSE,"1998-04-07","1998-05-01",NA,24,25,"1998-05-02",5,7500,3,7,0,1,2,0,FALSE,TRUE,"Papandreou fatal fall",28.69666672,83.49500275,0,0,5,185,36,0.142857142857143,Inf,0.664451827242525,1990,24,25,"FALSE",267.277717932677,3.29593627758866,0,0,0,0,0.945038184205643,0.878517509869536,0.839516372611094,0.665935214802448,0.114650917194782,100,0,0,0,0,0,NA,NA,NA,NA,NA,0.857896342055708,0.106267692861082,2,0,0.0769230769230769,0,0.80124951573141,0.609707661600992,0.39605415795576,0.180277072254157,-0.177264784074947
"845",845,4151,"Dhaulagiri I","DHA1","Dhaulagiri Himal",8167,4,6,2008,"DHA108110",1,"NE Ridge",NA,NA,NA,FALSE,FALSE,FALSE,FALSE,"2008-04-23","2008-05-03",NA,10,12,"2008-05-05",1,6700,2,1,0,0,1,0,FALSE,TRUE,NA,28.69666672,83.49500275,1,0,65,NA,126,0,NA,1,2000,10,12,"FALSE",268.064055809608,0.944417315622298,0,0,0,0,0.503988457909329,-0.162107238677447,-0.425120488828221,0.222240522669791,0.792507782112542,76.3895670572917,0.73948006140253,0,0,0,0,0.643055245884067,0.183899246856223,0.209416932879465,0.0212660099266852,0.0135195287054981,0.990033825654093,0.0571992408748055,0,0,0,0,0.589000463743647,-0.0459899861204063,-0.508883585224302,0.461322758150067,0.644939944699061
"846",846,4152,"Dhaulagiri I","DHA1","Dhaulagiri Himal",8167,4,6,1986,"DHA186302",3,"S Face-SW Ridge",NA,NA,NA,FALSE,FALSE,FALSE,FALSE,"1986-09-16","1986-11-01",NA,46,49,"1986-11-04",1,7550,5,16,0,0,0,0,FALSE,TRUE,"Nothing very serious",28.69666672,83.49500275,1,0,11,NA,101,0,NA,1,1980,46,49,"FALSE",269.056167488098,3.19778848463292,0,0,0,0,0.952381049213445,0.881097758379772,0.809501556302032,0.639032646881723,0.134497732097041,75.3219270833333,3.63834132631976,0,0,0,0,0.795438502249334,0.553857890920633,0.363300306756266,0.0754914185744361,-0.508096296846745,0.833676130959202,0.115648848544873,1,3,0.02,0.06,0.814835145007289,0.622063034351038,0.523780592090789,0.292433612470488,-0.150113392890682
"847",847,4156,"Dhaulagiri I","DHA1","Dhaulagiri Himal",8167,4,6,2021,"DHA121106",1,"NE Ridge",NA,NA,NA,FALSE,FALSE,FALSE,FALSE,"2021-04-26","2021-05-08",NA,12,15,"2021-05-11",1,6500,2,2,0,0,1,0,FALSE,TRUE,NA,28.69666672,83.49500275,0,0,217,NA,309,0,NA,1,2020,12,15,"FALSE",267.927438259125,2.20374963201706,0,0,0,0,0.960628944096069,0.911715677381996,0.851448959726422,0.747687610437733,0.823835709858756,76.1232299804688,3.72910312803282,4,0,0.25,0,0.93705785093464,0.726587259641929,0.525348736763031,0.416487126823286,0.96700923099649,0.824241890521448,0.0794799529770283,1,0,0.0625,0,0.663369997405758,0.38989226226594,0.115767104768,0.0755942200614246,-0.103130387718529
"849",849,4160,"Dhaulagiri I","DHA1","Dhaulagiri Himal",8167,4,6,2012,"DHA112303",3,"NE Ridge",NA,NA,NA,FALSE,FALSE,FALSE,FALSE,"2012-09-25","2012-10-05",NA,10,15,"2012-10-10",4,6600,2,6,0,0,0,0,FALSE,TRUE,NA,28.69666672,83.49500275,1,0,131,NA,284,0,NA,0.770764119601329,2010,10,15,"FALSE",271.787716388702,2.25628046600006,0,0,0,0,0.933693100816556,0.774326088927346,0.58094895049052,0.167859108695578,-0.685325449921041,72.782719930013,1.27297733384605,0,0,0,0,0.655681826961394,0.296537820544519,0.0715949146661595,-0.156106553889929,0.595765721554591,0.867412254731488,0.0761178451818583,0,0,0,0,0.566578638197223,0.0524301911215164,-0.20542548059475,-0.416965579960782,-0.0941631972277494
"850",850,4164,"Dhaulagiri I","DHA1","Dhaulagiri Himal",8167,4,6,2009,"DHA109101",1,"NE Ridge",NA,NA,NA,FALSE,FALSE,FALSE,FALSE,"2009-04-01","2009-04-07",NA,6,14,"2009-04-15",12,6500,2,2,0,1,0,0,FALSE,TRUE,NA,28.69666672,83.49500275,0,0,185,4,NA,0.5,Inf,0,2000,6,14,"FALSE",265.139717271593,1.63540127819305,0,0,0,0,0.522890050870372,0.209106544702138,0.0683233506161369,-0.900484797840383,0.610529697088469,78.4550075954861,5.7568082967807,0,0,0,0,0.585257643564405,0.0395774362636063,-0.270938004198294,-0.389928092055451,0.988382195523153,0.990172210326328,0.113467895457215,1,1,0.0666666666666667,0.0666666666666667,0.0628787622494121,-0.370914218892806,-0.00628459485555076,-0.441705836966132,0.408941776573609
"851",851,4165,"Dhaulagiri I","DHA1","Dhaulagiri Himal",8167,4,6,2005,"DHA105302",3,"NE Ridge",NA,NA,NA,FALSE,FALSE,FALSE,FALSE,"2005-09-01","2005-09-12",NA,11,31,"2005-10-02",4,6900,2,12,0,0,3,0,FALSE,TRUE,NA,28.69666672,83.49500275,0,1,343,9,41,0,NA,0,2000,11,31,"FALSE",275.363840182622,1.27254460461906,0,7,0,0.21875,0.936353809087398,0.829366745368157,0.71617792320705,0.566358844229978,0.113807266741351,72.9379577636719,2.40602334100807,4,0,0.125,0,0.744536221535245,0.392198573799077,0.105963073246153,-0.123943523747625,-0.266955880680047,0.693046978738978,0.10205197962093,4,0,0.125,0,0.670211259615047,0.277913238657946,0.0779272906929022,-0.209511088875836,-0.0400975113982016
"852",852,4166,"Dhaulagiri I","DHA1","Dhaulagiri Himal",8167,4,6,2005,"DHA105301",3,"NE Ridge",NA,NA,NA,TRUE,FALSE,FALSE,FALSE,"2005-09-13","2005-10-06",1410,23,27,"2005-10-10",5,8167,2,5,1,0,0,0,FALSE,TRUE,NA,28.69666672,83.49500275,0,0,161,NA,283,0,0,0.890365448504983,2000,23,27,"FALSE",273.846287681943,1.7489243810868,0,0,0,0,0.94716930204384,0.878976496423545,0.776056052989689,0.754777160506996,0.658777553345797,73.7787620907738,2.6196144714297,0,0,0,0,0.72228378316851,0.314374697808709,-0.0284741358886658,-0.230875687966865,-0.356126777602938,0.727404263943718,0.115762523061308,2,0,0.0714285714285714,0,0.762160773430031,0.362903041881751,0.193891032692973,0.410599195137128,0.157001789152251
"853",853,4167,"Dhaulagiri I","DHA1","Dhaulagiri Himal",8167,4,6,1984,"DHA184302",3,"S Ridge",NA,NA,NA,TRUE,FALSE,FALSE,FALSE,"1984-09-11","1984-10-04",1330,23,23,"1984-10-04",5,8167,1,4,2,0,1,0,FALSE,TRUE,"None",28.69666672,83.49500275,0,0,101,314,NA,0,0,0.850498338870432,1980,23,23,"FALSE",272.589841418796,1.78766108059992,0,0,0,0,0.932692110214872,0.805361667943723,0.665476367724055,0.27500978800142,-0.871433946010292,73.2304823133681,1.33678576792652,1,0,0.0416666666666667,0,0.669561301334941,0.191448076070933,-0.0719412558926779,-0.2975387361483,-0.458226432379302,0.835835618121992,0.130992673823492,1,0,0.0416666666666667,0,0.81131641685724,0.763541123283143,0.622323634457977,0.394667401009123,-0.653364411225671
"854",854,4169,"Dhaulagiri I","DHA1","Dhaulagiri Himal",8167,4,6,2001,"DHA101302",3,"NE Ridge",NA,NA,NA,FALSE,FALSE,FALSE,FALSE,"2001-09-16","2001-10-02",NA,16,23,"2001-10-09",4,8120,3,2,0,0,3,0,FALSE,TRUE,NA,28.69666672,83.49500275,0,0,41,NA,253,0,NA,0.863787375415282,2000,16,23,"FALSE",273.578286912706,0.626920134466187,0,0,0,0,0.560814903582277,-0.0707412179743745,-0.308471276555974,-0.459630501265925,0.269312266987832,72.8062913682726,1.05643812752187,0,0,0,0,0.804438876721306,0.44887808004181,0.134523371082287,-0.243730706794166,-0.647221064872974,0.784204267161103,0.0685827600892195,0,0,0,0,0.59125372587021,-0.00276481338234084,-0.394304535400567,-0.484524117089594,0.538786828195368
"855",855,4170,"Dhaulagiri I","DHA1","Dhaulagiri Himal",8167,4,6,1992,"DHA192302",3,"NE Ridge",NA,NA,NA,FALSE,FALSE,FALSE,FALSE,"1992-09-07","1992-09-28",NA,21,27,"1992-10-04",4,7500,4,5,0,0,3,0,FALSE,TRUE,"None",28.69666672,83.49500275,1,0,NA,191,101,0,NA,0.970099667774086,1990,21,27,"FALSE",274.122478575934,1.55510462550961,0,0,0,0,0.868046475027125,0.64452850925857,0.453219429555097,0.196814649212536,-0.153159395520377,72.4816400437128,0.777762230062778,3,0,0.107142857142857,0,0.756359344665862,0.295748558351398,-0.0896520720348803,-0.226340642982127,0.00770363272712548,0.752717742442749,0.103400301798359,0,0,0,0,0.639919328480767,0.328828950940566,0.00276005550390865,-0.313418719704969,-0.335115416570009
"856",856,4176,"Dhaulagiri I","DHA1","Dhaulagiri Himal",8167,4,6,2006,"DHA106107",1,"NE Ridge",NA,NA,NA,FALSE,FALSE,FALSE,FALSE,"2006-04-17","2006-05-06",NA,19,20,"2006-05-07",5,7600,2,1,0,0,0,0,FALSE,TRUE,NA,28.69666672,83.49500275,1,0,156,NA,186,0,NA,0.823920265780731,2000,19,20,"FALSE",266.332313265119,3.0060581314559,0,0,0,0,0.920840099073613,0.838298456926778,0.809402085499015,0.738064216416153,0.660484633659194,81.8814755394345,9.25427997291495,0,0,0,0,0.900851735190418,0.782639964446788,0.624161962240293,0.33597702497832,-0.598153349799717,0.913379768701591,0.0873537436443283,1,0,0.0476190476190476,0,0.464324670798049,-0.129055104642397,-0.37604290817866,-0.203632334808637,0.365202570515211
"857",857,4177,"Dhaulagiri I","DHA1","Dhaulagiri Himal",8167,4,6,2006,"DHA106105",1,"NE Ridge",NA,NA,NA,TRUE,FALSE,FALSE,FALSE,"2006-04-25","2006-05-02",1630,7,10,"2006-05-05",1,8167,4,2,2,0,0,0,FALSE,TRUE,NA,28.69666672,83.49500275,0,0,36,NA,125,0,0,1,2000,7,10,"FALSE",267.577637585727,1.77654435662927,0,0,0,0,0.70270802974803,0.257260030126507,0.396970960299679,-0.134677451293184,NA,75.9637192234848,0.349694904339873,0,0,0,0,0.890364291070146,0.142777868619181,-0.443130864020009,-0.817478264567277,NA,0.937944200703665,0.0456732681112783,0,0,0,0,0.494213186135711,-0.127511049456139,-0.585877663564693,-0.618256734527155,NA
"858",858,4178,"Dhaulagiri I","DHA1","Dhaulagiri Himal",8167,4,6,2002,"DHA102305",3,"NE Ridge",NA,NA,NA,FALSE,FALSE,FALSE,FALSE,"2002-09-09","2002-10-01",NA,22,30,"2002-10-09",1,6800,2,10,0,0,0,0,FALSE,TRUE,NA,28.69666672,83.49500275,1,0,10,252,253,0,NA,1,2000,22,30,"FALSE",272.69810973957,1.57059988238346,0,0,0,0,0.889471620743072,0.651821813574085,0.307415399950422,-0.0921469461190265,0.366989393065267,74.3270066784274,2.52652975813329,0,0,0,0,0.754481843449468,0.303474560698645,-0.0935263866483567,-0.381841636234151,-0.37894794498871,0.812452407764668,0.0996956523332196,0,0,0,0,0.710407906370047,0.463954550905502,0.190437901836899,-0.135014530624481,0.322412125097863
"859",859,4184,"Dhaulagiri I","DHA1","Dhaulagiri Himal",8167,4,6,2008,"DHA108103",1,"NE Ridge",NA,NA,NA,TRUE,FALSE,FALSE,FALSE,"2008-04-01","2008-01-05",1215,118,92,"2008-05-04",1,8167,3,8,7,0,2,1,FALSE,TRUE,NA,28.69666672,83.49500275,0,0,5,92,125,0,0,1,2000,-87,33,"FALSE",265.777455292496,2.117763632457,0,0,0,0,0.882840345233862,0.750913200925855,0.686234341909429,0.66934531492134,0.595474646616442,77.7365938074448,2.97472532864149,0,0,0,0,0.809061285698546,0.596316590260536,0.511009741169481,0.601190929640061,0.26459006864833,0.996206597104732,0.0712112359029455,0,1,0,0.0294117647058824,0.495906014405427,0.180623494767389,-0.0726718768113855,0.354961250435144,-0.32645202461362
"860",860,4190,"Dhaulagiri I","DHA1","Dhaulagiri Himal",8167,4,6,1993,"DHA193302",3,"NE Ridge",NA,NA,NA,TRUE,FALSE,FALSE,FALSE,"1993-09-03","1993-10-06",1445,33,35,"1993-10-08",1,8167,3,5,1,0,3,0,FALSE,TRUE,"None",28.69666672,83.49500275,0,0,161,68,222,0,0,1,1990,33,35,"FALSE",274.294280617325,1.03933150976943,0,0,0,0,0.803501766169754,0.589252709888816,0.517082853465861,0.250003789182814,0.0748674868827222,75.0057825159143,3.27722499603144,0,0,0,0,0.681772930437084,0.343392295514692,0.186404956945785,-0.131079159632529,0.49533354560432,0.663863130229626,0.089460109829836,5,0,0.138888888888889,0,0.703052203671694,0.510817803535162,0.449286341595486,0.203850721000578,0.0775229950354321
"861",861,4191,"Dhaulagiri I","DHA1","Dhaulagiri Himal",8167,4,6,2021,"DHA121101",1,"NE Ridge",NA,NA,NA,FALSE,FALSE,FALSE,FALSE,"2021-04-04","2021-05-08",NA,34,34,"2021-05-08",4,7800,3,4,0,0,0,0,FALSE,TRUE,NA,28.69666672,83.49500275,0,1,217,94,NA,0,NA,0.750830564784053,2020,34,34,"FALSE",265.791396277291,2.21093463490253,0,0,0,0,0.856648858074448,0.678589927997376,0.527823991452987,0.171325607383475,-0.501548519434867,78.8104910714286,8.5436901779004,4,0,0.114285714285714,0,0.868094726924366,0.655167166487709,0.427602168360034,-0.00394453312544577,-0.310879690957621,0.933613930756654,0.113144057088098,1,0,0.0285714285714286,0,0.676748691018969,0.53907095469684,0.412320050632179,0.596346381863093,0.16559756871256
"862",862,4194,"Dhaulagiri I","DHA1","Dhaulagiri Himal",8167,4,6,2008,"DHA108117",1,"NE Ridge",NA,NA,NA,TRUE,FALSE,FALSE,FALSE,"2008-04-17","2008-05-01",1530,14,20,"2008-05-07",1,8167,3,4,1,1,0,0,FALSE,TRUE,NA,28.69666672,83.49500275,0,0,5,NA,187,0.25,1,1,2000,14,20,"FALSE",267.461477067735,1.63452526347096,0,0,0,0,0.854401445289963,0.654017578383137,0.494643119018051,0.219254370460302,0.678447826076227,76.537113250248,1.07281200166198,0,0,0,0,0.516230355913845,-0.00967414048485397,-0.0987248661674553,-0.235327904844535,-0.0354217773698637,1.00010840335192,0.0643841592112221,0,0,0,0,0.717917680486295,0.487102250995575,0.425034292673351,0.541095143381416,0.699012190480281
"863",863,4195,"Dhaulagiri I","DHA1","Dhaulagiri Himal",8167,4,6,2011,"DHA111104",1,"NE Ridge",NA,NA,NA,FALSE,FALSE,FALSE,FALSE,"2011-04-12","2011-04-23",NA,11,22,"2011-05-04",4,6500,2,2,0,0,0,0,FALSE,TRUE,NA,28.69666672,83.49500275,0,0,NA,338,95,0,NA,0.817275747508306,2010,11,22,"FALSE",265.990389561308,2.61480229194369,0,0,0,0,0.927953631845371,0.770707873790064,0.57988066151524,0.226212375652461,-0.326999051991714,82.071189990942,8.67640130897261,0,0,0,0,0.953581928513279,0.852449064562944,0.792623278944206,0.88246577636739,0.693049223720545,0.948856727625463,0.0811866516216128,0,0,0,0,0.516170541857271,0.276993783900442,0.369982980957844,0.463975085646941,-0.367605290317139
"864",864,4196,"Dhaulagiri I","DHA1","Dhaulagiri Himal",8167,4,6,2005,"DHA105303",3,"NE Ridge",NA,NA,NA,TRUE,FALSE,FALSE,FALSE,"2005-09-13","2005-10-06",1410,23,27,"2005-10-10",4,8167,4,6,5,0,2,2,TRUE,FALSE,NA,28.69666672,83.49500275,0,0,161,NA,283,0,0,0.934462995265387,2000,23,27,"FALSE",273.846287681943,1.7489243810868,0,0,0,0,0.94716930204384,0.878976496423545,0.776056052989689,0.754777160506996,0.658777553345797,73.7787620907738,2.6196144714297,0,0,0,0,0.72228378316851,0.314374697808709,-0.0284741358886658,-0.230875687966865,-0.356126777602938,0.727404263943718,0.115762523061308,2,0,0.0714285714285714,0,0.762160773430031,0.362903041881751,0.193891032692973,0.410599195137128,0.157001789152251
"866",866,4199,"Dhaulagiri I","DHA1","Dhaulagiri Himal",8167,4,6,2000,"DHA100302",3,"NE Ridge",NA,NA,NA,FALSE,FALSE,FALSE,FALSE,"2000-09-10","2000-10-07",NA,27,41,"2000-10-21",1,7600,2,9,0,0,7,0,FALSE,TRUE,"Sherpa killed by avalanche",28.69666672,83.49500275,1,0,192,283,NA,0,NA,1,2000,27,41,"FALSE",272.435453596569,2.41785699513058,0,0,0,0,0.923957090553295,0.779796671117538,0.602870217815018,0.216680724559637,-0.301842827703007,73.1441921657986,1.24945018584708,1,0,0.0238095238095238,0,0.820564290720002,0.506070970080528,0.21531644962818,-0.131044968797959,0.0484854220084171,0.840585477255384,0.101684569112715,0,0,0,0,0.739942123282128,0.559537677274931,0.2715093119576,0.0522381261615083,-0.385312533361549
"867",867,4200,"Dhaulagiri I","DHA1","Dhaulagiri Himal",8167,4,6,1979,"DHA179102",1,"NE Ridge",NA,NA,NA,FALSE,FALSE,FALSE,FALSE,"1979-04-11","1979-05-10",NA,29,29,"1979-05-10",1,7600,5,11,0,2,10,0,FALSE,TRUE,NA,28.69666672,83.49500275,0,0,278,308,NA,0.181818181818182,Inf,1,1970,29,29,"FALSE",268.212240388658,2.15452665370151,0,0,0,0,0.811709569874595,0.561564177237785,0.384106630624755,0.335413347880558,-0.0656021494323956,89.3987521701389,11.1945814195979,0,0,0,0,0.981168270630664,0.935887973916175,0.877708630593001,0.737017219388934,0.393481348807955,0.922700090712288,0.0759716067109151,0,0,0,0,0.451096695234309,0.204737965214113,0.0933491253313983,-0.588927509382373,0.253199173147585
"868",868,4202,"Dhaulagiri I","DHA1","Dhaulagiri Himal",8167,4,6,1997,"DHA197102",1,"NE Ridge",NA,NA,NA,FALSE,FALSE,FALSE,FALSE,"1997-04-10","1997-04-27",NA,17,26,"1997-05-06",1,6900,1,2,0,0,0,0,FALSE,TRUE,"Nothing",28.69666672,83.49500275,1,0,NA,277,156,0,NA,1,1990,17,26,"FALSE",265.688195899681,2.44849338384106,0,0,0,0,0.919421003239657,0.810962167648062,0.730683839062427,0.567672645527104,0.155951475048512,91.715690706983,10.4616365018651,0,0,0,0,0.980047368136962,0.929480347452797,0.8571397472553,0.677252402178843,0.241904509663479,0.858877348390159,0.0862346533280056,1,0,0.037037037037037,0,0.56642382305968,0.367588041409429,0.330583705101653,0.228746067798342,-0.0722274189103148
"869",869,4203,"Dhaulagiri I","DHA1","Dhaulagiri Himal",8167,4,6,1982,"DHA182101",1,"NE Ridge",NA,NA,NA,TRUE,FALSE,FALSE,FALSE,"1982-04-04","1982-05-05",NA,31,41,"1982-05-15",1,8167,5,12,5,0,4,2,FALSE,TRUE,NA,28.69666672,83.49500275,0,0,125,94,NA,0,0,1,1980,31,41,"FALSE",266.199037930322,2.28119262852838,0,0,0,0,0.924227700151602,0.833467635122602,0.794815111308138,0.734898570138146,0.594852550202177,97.063712952629,5.91838337733741,0,0,0,0,0.895854982127536,0.717365426319935,0.592444034035652,0.267167143244373,-0.128344652653307,0.876575365217135,0.113451831070538,5,0,0.119047619047619,0,0.55620389123558,0.329662473887831,0.199274444373333,0.414082389750868,-0.248657834305222
"870",870,4207,"Dhaulagiri I","DHA1","Dhaulagiri Himal",8167,4,6,2001,"DHA101301",3,"NE Ridge",NA,NA,NA,TRUE,FALSE,FALSE,FALSE,"2001-09-10","2001-10-12",1115,32,36,"2001-10-16",6,8167,3,11,4,0,4,0,FALSE,TRUE,NA,28.69666672,83.49500275,0,0,344,282,NA,0,0,0.900401717689431,2000,32,36,"FALSE",273.065884736207,1.74697223628465,0,0,0,0,0.911156040643927,0.764012284617982,0.604300155943889,0.312033428002847,0.536116549260126,73.2099081503378,1.46013109621755,0,0,0,0,0.651416741653159,0.128392347199724,-0.12448795797484,-0.222295119115155,-0.124228934111715,0.792021294085321,0.0886850299002076,0,0,0,0,0.671087716953186,0.244321788792938,-0.0115138816772204,-0.245093675733006,0.0397380321827903
"872",872,4211,"Dhaulagiri I","DHA1","Dhaulagiri Himal",8167,4,6,2008,"DHA108104",1,"NE Ridge",NA,NA,NA,TRUE,FALSE,FALSE,FALSE,"2008-04-05","2008-05-01",1400,26,30,"2008-05-05",1,8167,3,3,2,0,2,0,FALSE,TRUE,NA,28.69666672,83.49500275,0,0,5,125,126,0,0,1,2000,26,30,"FALSE",266.288718520954,1.90931322783807,0,0,0,0,0.853794633423566,0.660274791610369,0.554154355959577,0.529597912877618,0.605423949046043,77.003914125504,1.89000226112285,0,0,0,0,0.639151095652742,0.201787251882244,-0.110742764734442,-0.163916810279993,0.517573931749836,1.00050463187111,0.0701405457352,0,1,0,0.032258064516129,0.436505557310814,0.0465163536286315,-0.203689193419,0.375998229168682,-0.251547163925442
"873",873,4214,"Dhaulagiri I","DHA1","Dhaulagiri Himal",8167,4,6,1995,"DHA195305",3,"NE Ridge",NA,NA,NA,FALSE,FALSE,FALSE,FALSE,"1995-09-16","1995-10-02",NA,16,19,"1995-10-05",4,7400,3,7,0,0,3,0,FALSE,TRUE,"2 sickness: 1 edema and other unknown",28.69666672,83.49500275,0,0,41,NA,130,0,NA,0.872697049452833,1990,16,19,"FALSE",273.734448242188,1.60899676373909,0,0,0,0,0.928675463437938,0.838285921302271,0.788120133906092,0.778010353784393,0.598462471737365,73.2514607747396,1.14952376645472,0,0,0,0,0.723736015876315,0.260851032308512,0.210733201965767,0.0836860234304447,0.81297677136835,0.765376648979305,0.0671781398738594,0,0,0,0,0.529332058685939,0.192729263437496,0.260049793645587,0.56638051146276,-0.0523846783677986
"874",874,4217,"Dhaulagiri I","DHA1","Dhaulagiri Himal",8167,4,6,1976,"DHA176101",1,"NW Ridge","NE Ridge",NA,NA,FALSE,TRUE,FALSE,FALSE,"1976-03-18","1976-05-04",1430,47,53,"1976-05-10",7,8167,5,13,2,0,10,0,FALSE,TRUE,NA,28.69666672,83.49500275,0,0,96,NA,279,0,0,0.616428868264303,1970,47,53,"FALSE",264.82283460358,3.34343291944428,0,0,0,0,0.914566970975509,0.85212107138274,0.866059291894422,0.806749178623699,0.72367011187061,94.4864592375579,9.61243043162798,0,0,0,0,0.986758882143028,0.95304800130003,0.906968136013667,0.793855138511475,0.489669435161363,0.927224272642672,0.115685916011138,1,2,0.0185185185185185,0.037037037037037,0.632630123937315,0.505164591579523,0.375538967900128,-0.0799646918699694,-0.401961311713285
"875",875,4220,"Dhaulagiri I","DHA1","Dhaulagiri Himal",8167,4,6,2005,"DHA105103",1,"NE Ridge",NA,NA,NA,TRUE,FALSE,FALSE,FALSE,"2005-04-08","2005-05-04",1700,26,30,"2005-05-08",4,8167,3,8,1,0,4,3,TRUE,FALSE,"Nothing except Choi Hong-Gweon's stomach problem",28.69666672,83.49500275,0,0,95,216,217,0,0,0.803435378861338,2000,26,30,"FALSE",265.162508482574,2.14540992035623,0,0,0,0,0.859642556109543,0.6825469765852,0.559949601448983,0.303460074689464,0.230875852854062,92.1165338331653,10.2219740558721,0,0,0,0,0.985926801631432,0.957128859699367,0.919780281532881,0.83485123390964,0.453321940736946,0.954638626227508,0.0918742346555178,0,0,0,0,0.642236127538121,0.328783293262462,0.28422086454988,-0.0156344849190308,0.161683306524074
"876",876,4222,"Dhaulagiri I","DHA1","Dhaulagiri Himal",8167,4,6,2008,"DHA108107",1,"W Face (to 4900m)","NE Ridge",NA,NA,FALSE,TRUE,FALSE,FALSE,"2008-03-22","2008-05-01",1230,40,45,"2008-05-06",1,8167,0,2,2,0,0,0,FALSE,TRUE,NA,28.69666672,83.49500275,0,0,5,NA,157,0,0,1,2000,40,45,"FALSE",265.000184625819,2.70244440579992,0,0,0,0,0.931408494039254,0.860382852908408,0.815537327340698,0.806597318484312,0.768976241267337,82.2354081748188,9.15123610724268,0,0,0,0,0.981827308147762,0.953245573752258,0.919249448637867,0.845933844979254,0.718942244652338,1.00492683396867,0.0696264819757195,0,2,0,0.0434782608695652,0.516261550529768,0.268893524224821,0.0681940407872804,0.220605206461803,-0.302635142958313
"877",877,4227,"Dhaulagiri I","DHA1","Dhaulagiri Himal",8167,4,6,1991,"DHA191102",1,"W Face Center (snow slope above SW Pillar)",NA,NA,NA,TRUE,FALSE,FALSE,FALSE,"1991-04-02","1991-05-10",1000,38,45,"1991-05-17",1,8167,6,14,10,0,0,0,FALSE,TRUE,"Dedi broken hand",28.69666672,83.49500275,0,0,278,35,NA,0,0,1,1990,38,45,"FALSE",265.981845302858,2.62087199813923,0,0,0,0,0.905945229434256,0.855425356142478,0.828837577766123,0.73549711086646,0.549642517594371,92.5183547752491,10.4049149774225,0,0,0,0,0.985148796372983,0.956141485565203,0.919992062092893,0.81980405261958,0.581796953588107,0.962881325878543,0.0702319679196254,0,1,0,0.0217391304347826,0.43106120340911,0.264698332003893,0.0219903605553082,0.0123748589835437,-0.441109213516906
"878",878,4230,"Dhaulagiri I","DHA1","Dhaulagiri Himal",8167,4,6,2008,"DHA108109",1,"NE Ridge",NA,NA,NA,TRUE,FALSE,FALSE,FALSE,"2008-04-24","2008-05-01",1400,7,10,"2008-05-04",1,8167,3,2,1,0,1,1,FALSE,TRUE,"Jimenej Zori fell 2 May into a crevasse near C1 about shoulder deep (hurt his right knee), he was pulled out by his Nepali climber Tamang from crevasse; De Pou Rivas got high altitude sickness",28.69666672,83.49500275,0,0,5,NA,96,0,0,1,2000,7,10,"FALSE",267.956528750333,0.981917876401327,0,0,0,0,0.394784360463592,-0.415395865530146,-0.26717995399129,0.408340554604143,NA,76.3019649621212,0.600223058903285,0,0,0,0,0.173373182143308,0.0744047029466406,-0.149022472370782,0.00306206060596488,NA,0.993765961315772,0.0584057528766138,0,0,0,0,0.5407754629905,-0.31279002685909,-0.672028176858117,0.651818518581513,NA
"880",880,4235,"Dhaulagiri I","DHA1","Dhaulagiri Himal",8167,4,6,1997,"DHA197105",1,"NE Ridge",NA,NA,NA,FALSE,FALSE,FALSE,FALSE,"1997-04-11","1997-05-08",NA,27,31,"1997-05-12",6,7800,3,8,0,0,0,0,FALSE,TRUE,NA,28.69666672,83.49500275,1,0,217,308,339,0,NA,0.995513180033651,1990,27,31,"FALSE",266.160467644533,2.28119722783615,0,0,0,0,0.908915343184201,0.819255463905354,0.72984213499944,0.578211402598918,0.046582557492361,88.6351877848307,11.1243625223993,0,0,0,0,0.984460404200337,0.946759226825761,0.89376926714085,0.763212362560558,0.471501038703058,0.869675192462881,0.103706411679188,2,0,0.0625,0,0.584079959253696,0.359312297069738,0.136726874317903,-0.0745495846174904,-0.228569406026099
"882",882,4244,"Dhaulagiri I","DHA1","Dhaulagiri Himal",8167,4,6,1981,"DHA181301",3,"NE Ridge",NA,NA,NA,FALSE,FALSE,FALSE,FALSE,"1981-09-11","1981-09-26",NA,15,29,"1981-10-10",1,6900,3,9,0,0,4,0,FALSE,TRUE,NA,28.69666672,83.49500275,1,0,NA,313,283,0,NA,1,1980,15,29,"FALSE",272.464255862766,1.59501056226288,0,0,0,0,0.865847890032622,0.671543234038316,0.480623432015605,0.0355815428670231,-0.652016097619896,75.7593885633681,5.2541206531378,0,3,0,0.1,0.82253389825025,0.452969388442941,0.110037061614767,-0.288993707825642,-0.339921909717968,0.79300526371953,0.111663564927795,1,0,0.0333333333333333,0,0.611669910480171,0.317010493503129,0.0972517033889527,-0.0283756556607636,-0.269259823933635
"883",883,4246,"Dhaulagiri I","DHA1","Dhaulagiri Himal",8167,4,6,1983,"DHA183303",3,"NE Ridge",NA,NA,NA,TRUE,FALSE,FALSE,FALSE,"1983-11-08","1983-11-11",1400,3,5,"1983-11-13",NA,8167,0,2,2,0,0,0,FALSE,TRUE,NA,28.69666672,83.49500275,0,0,315,223,NA,0,0,NA,1980,3,5,"FALSE",265.478038575914,0.685467606917362,0,0,0,0,-0.251948003941689,0.565063421044111,0.478975913760326,NA,NA,71.8652072482639,0.227759634887428,0,0,0,0,0.999297138729199,0.999670263508138,0.999998952550605,NA,NA,0.901039471085362,0.0602819954020353,0,0,0,0,0.158520079415814,0.276678426537833,-0.741800162433418,NA,NA
"884",884,4251,"Dhaulagiri I","DHA1","Dhaulagiri Himal",8167,4,6,2011,"DHA111303",3,"NE Ridge",NA,NA,NA,FALSE,FALSE,FALSE,FALSE,"2011-09-08","2011-10-02",NA,24,30,"2011-10-08",1,6385,1,6,0,0,5,0,FALSE,TRUE,NA,28.69666672,83.49500275,1,1,41,221,222,0,NA,1,2010,24,30,"FALSE",274.338584407683,2.27684107443085,0,7,0,0.225806451612903,0.960937183706052,0.890329719102068,0.841593620583467,0.792089344230001,0.678837214492103,73.727772702453,3.39803790850252,0,0,0,0,0.733273357386477,0.324095526202315,0.0786824937473895,-0.0655736095422073,-0.202754307430195,0.72506590307545,0.134303191906523,5,0,0.161290322580645,0,0.636327820996108,0.302534943679771,0.257329150633266,0.186673786071088,0.608617904127186
"885",885,4252,"Dhaulagiri I","DHA1","Dhaulagiri Himal",8167,4,6,2008,"DHA108303",3,"NE Ridge",NA,NA,NA,FALSE,FALSE,FALSE,FALSE,"2008-09-16","2008-10-07",NA,21,22,"2008-10-08",1,7100,2,5,0,0,1,0,FALSE,TRUE,NA,28.69666672,83.49500275,1,0,192,NA,223,0,NA,1,2000,21,22,"FALSE",272.852333676988,1.5159630589685,0,0,0,0,0.774170786866187,0.533868865167492,0.228089468904807,-0.0520632393768627,-0.337599565476251,75.2487049932065,4.68729602170269,0,1,0,0.0434782608695652,0.634921315642575,0.302164022538668,-0.0207161614437035,-0.359453991868104,0.614899201211471,0.800657194122179,0.140110765483044,1,1,0.0434782608695652,0.0434782608695652,0.370102634524387,0.028668147574743,-0.0535361345802455,0.0449808768754508,-0.661873676438322
"886",886,4256,"Dhaulagiri I","DHA1","Dhaulagiri Himal",8167,4,6,2009,"DHA109107",1,"NE Ridge",NA,NA,NA,FALSE,FALSE,FALSE,FALSE,"2009-04-03","2009-04-27",NA,24,32,"2009-05-05",5,7250,2,7,0,0,1,0,FALSE,TRUE,NA,28.69666672,83.49500275,1,0,NA,63,125,0,NA,0.953125,2000,24,32,"FALSE",267.240878885443,2.49352462177779,0,0,0,0,0.882829948800701,0.759772598107598,0.673524055289683,0.377701600355346,0.464508944937741,75.0720338147096,4.91213194832108,15,0,0.454545454545455,0,0.741203454136694,0.414237726885417,0.240958673687112,0.147669052952606,-0.226021807626347,1.01206358826382,0.0935256818211963,1,4,0.0303030303030303,0.121212121212121,0.25156223633853,-0.168713630749673,0.104599634211524,-0.240945167541024,-0.0780611516478903
"887",887,4257,"Dhaulagiri I","DHA1","Dhaulagiri Himal",8167,4,6,2009,"DHA109108",1,"NE Ridge",NA,NA,NA,TRUE,FALSE,FALSE,FALSE,"2009-04-12","2009-05-01",1600,19,22,"2009-05-04",1,8167,3,2,1,0,0,0,FALSE,TRUE,"Fojtik got frostbite of all toes of right foot",28.69666672,83.49500275,0,0,5,338,95,0,0,1,2000,19,22,"FALSE",268.165386752806,2.06129425662968,0,0,0,0,0.859224484060877,0.64300157763696,0.518440260677562,0.210907527294192,0.546488734614856,73.2910863903985,1.9078197289202,15,0,0.652173913043478,0,0.832986470034477,0.61090980818775,0.500827648092921,0.229487859126013,-0.37543228949254,1.02117801674182,0.070682445211924,0,3,0,0.130434782608696,0.426949570314886,0.00771133009137533,0.204699158394169,-0.119317223755292,-0.275536924708808
"888",888,4258,"Dhaulagiri I","DHA1","Dhaulagiri Himal",8167,4,6,2007,"DHA107104",1,"NE Ridge",NA,NA,NA,TRUE,FALSE,FALSE,FALSE,"2007-04-07","2007-04-29",1510,22,26,"2007-05-03",1,8167,3,1,1,0,0,0,FALSE,TRUE,"Frostbite on fingers",28.69666672,83.49500275,0,0,NA,185,64,0,0,1,2000,22,26,"FALSE",268.870281078197,1.3801525287396,0,0,0,0,0.860589963623825,0.651929904389457,0.351926614077263,-0.401342649643162,-0.592662294332507,84.0496630256559,10.6329957078022,0,0,0,0,0.97841532155647,0.92427680055792,0.854897738038783,0.698121518290036,0.594198253248139,0.900507741125021,0.0884018586350269,1,0,0.037037037037037,0,0.629789776639878,0.512187022360452,0.451305114695218,0.0539514380974791,-0.710274395523575
"889",889,4259,"Dhaulagiri I","DHA1","Dhaulagiri Himal",8167,4,6,1994,"DHA194305",3,"NE Ridge",NA,NA,NA,TRUE,FALSE,FALSE,FALSE,"1994-09-11","1994-10-03",1230,22,22,"1994-10-03",6,8167,4,8,4,0,0,0,FALSE,TRUE,"Robert Green & Johnson slight frostbite & Henke also frostnip",28.69666672,83.49500275,0,0,69,313,NA,0,0,0.947986577181208,1990,22,22,"FALSE",274.988188812698,1.33584031994501,0,2,0,0.0869565217391304,0.909894924849755,0.731287641860373,0.548754885498619,0.146305854505393,0.167714742773489,72.0762355638587,0.61800132885311,7,0,0.304347826086957,0,0.760172068147353,0.35375456212947,0.130825592931938,0.168174016625787,-0.547225736363353,0.698634675362719,0.0785123407038591,2,0,0.0869565217391304,0,0.709962037629447,0.582829838436764,0.419310910598604,0.302877479187722,0.384562337819557
"890",890,4260,"Dhaulagiri I","DHA1","Dhaulagiri Himal",8167,4,6,2007,"DHA107101",1,"NE Ridge",NA,NA,NA,TRUE,FALSE,FALSE,FALSE,"2007-04-05","2007-04-29",1430,24,27,"2007-05-02",10,8167,3,2,2,0,0,0,FALSE,TRUE,NA,28.69666672,83.49500275,0,0,NA,124,36,0,0,0.908836689038031,2000,24,27,"FALSE",268.755014056251,1.3210232406683,0,0,0,0,0.833141262751715,0.608329144025859,0.318788926417708,-0.382479955126801,-0.57937369830507,85.4677501860119,11.1074963929549,0,0,0,0,0.980714438395292,0.932476537334559,0.870993850520239,0.732460973291651,0.443679231567723,0.900924955460115,0.0866515765523913,1,0,0.0357142857142857,0,0.597350845200375,0.473322210647605,0.457164656273608,0.0534869212104051,-0.673013262283403
"891",891,4261,"Dhaulagiri I","DHA1","Dhaulagiri Himal",8167,4,6,1993,"DHA193304",3,"NE Ridge (variation)",NA,NA,NA,TRUE,FALSE,FALSE,FALSE,"1993-09-03","1993-10-11",NA,38,41,"1993-10-14",1,8167,3,8,1,0,4,1,FALSE,TRUE,"Nothing serious; one slight frostbite",28.69666672,83.49500275,0,0,314,68,NA,0,0,1,1990,38,41,"FALSE",274.099742253621,1.09900105405907,0,0,0,0,0.837048550906222,0.639205891867595,0.550231260798877,0.357106676301835,0.379540030101057,74.5580647786458,3.22535711047017,0,0,0,0,0.720105105578805,0.415625098494175,0.267747295830619,-0.0288986285416842,0.549994734497215,0.673769111242564,0.0870264939035941,5,0,0.119047619047619,0,0.709151824217542,0.524501782854518,0.454679267724128,0.214719318480827,0.198926643674844
"892",892,4263,"Dhaulagiri I","DHA1","Dhaulagiri Himal",8167,4,6,2001,"DHA101306",3,"NE Ridge",NA,NA,NA,TRUE,FALSE,FALSE,FALSE,"2001-09-09","2001-10-12",1300,33,37,"2001-10-16",1,8167,3,3,1,0,1,0,FALSE,TRUE,"Nothing except slight stomach problem for leader",28.69666672,83.49500275,0,0,344,252,NA,0,0,1,2000,33,37,"FALSE",273.144181134408,1.78951956493928,0,0,0,0,0.914310683406512,0.770964058123384,0.613119941770121,0.335444557545595,0.486674945848852,73.1716437088816,1.45945196054302,0,0,0,0,0.661433000307486,0.153921916528161,-0.108286705664223,-0.267113980315669,-0.1069310622678,0.789843577343834,0.0885024244609536,0,0,0,0,0.679093651601898,0.231795081617651,-0.0116347731074503,-0.167374666733375,0.024400377864398
"893",893,4266,"Dhaulagiri I","DHA1","Dhaulagiri Himal",8167,4,6,2008,"DHA108102",1,"NE Ridge",NA,NA,NA,TRUE,FALSE,FALSE,FALSE,"2008-04-12","2008-05-01",1200,19,23,"2008-05-05",1,8167,0,2,2,0,0,0,FALSE,TRUE,NA,28.69666672,83.49500275,0,0,5,339,126,0,0,1,2000,19,23,"FALSE",266.843834082286,1.64237060828912,0,0,0,0,0.821643417404271,0.630682760585082,0.50798031412099,0.47993349027573,0.526654864304869,76.5401373969184,1.08247381046901,0,0,0,0,0.497582629945787,-0.0853094561825892,-0.183369885227321,-0.147795220584539,-0.00722977536591504,1.01583954227061,0.0602672815368542,0,1,0,0.0416666666666667,0.400363661168212,0.132451107445915,-0.209126253355827,0.372767136591285,-0.0488813841185221
"894",894,4270,"Dhaulagiri I","DHA1","Dhaulagiri Himal",8167,4,6,1999,"DHA199301",3,"S Face-SE Ridge-E Face-NE Ridge",NA,NA,NA,FALSE,FALSE,FALSE,FALSE,"1999-09-26","1999-11-02",NA,37,39,"1999-11-04",0,7900,2,7,0,0,0,0,FALSE,TRUE,NA,28.69666672,83.49500275,0,0,42,NA,101,0,NA,0,1990,37,39,"FALSE",269.940049616496,2.74961577449081,0,0,0,0,0.910460055859204,0.784990887649333,0.666927412972253,0.427274615407988,0.193451832798433,74.6292154947917,3.41037366539895,0,0,0,0,0.874907246469869,0.611356834695956,0.330033572046093,-0.164971668590296,-0.36122767553481,0.806847678652806,0.134164462731935,3,0,0.075,0,0.778327613054921,0.548475601394955,0.313265559167993,0.145681256667196,-0.0818891112035187
"895",895,4271,"Dhaulagiri I","DHA1","Dhaulagiri Himal",8167,4,6,2008,"DHA108108",1,"NE Ridge",NA,NA,NA,TRUE,FALSE,FALSE,FALSE,"2008-04-09","2008-05-01",1400,22,26,"2008-05-05",0,8167,1,2,2,0,0,0,FALSE,TRUE,NA,28.69666672,83.49500275,0,0,5,248,126,0,0,0,2000,22,26,"FALSE",266.720438874798,1.63253479014044,0,0,0,0,0.789727065452249,0.529486686553114,0.475715247715477,0.500297538048419,0.409387889518109,76.4947524836034,1.02793091079993,0,0,0,0,0.501338048133457,-0.0755364542195666,-0.163585715559528,-0.135009023875851,0.0192604756684612,1.01107318827928,0.0604223579382161,0,1,0,0.037037037037037,0.409380427945659,-0.060987804255698,-0.331962944887994,0.395587631881726,-0.208384755223
"897",897,4275,"Dhaulagiri I","DHA1","Dhaulagiri Himal",8167,4,6,1995,"DHA195304",3,"NE Ridge",NA,NA,NA,TRUE,FALSE,FALSE,FALSE,"1995-09-12","1995-10-06",NA,24,30,"1995-10-12",1,8167,3,5,4,0,3,2,TRUE,FALSE,"Miyazaki got fever, tried to reach C1, left BC 20th for Marpha & KTM",28.69666672,83.49500275,0,0,161,343,344,0,0,1,1990,24,30,"FALSE",273.394319267683,1.6090551344347,0,0,0,0,0.923983272078473,0.822683889853697,0.740031383259073,0.590043547738805,0.372267227728376,73.6066001974126,1.33961083070257,0,0,0,0,0.821902658361225,0.506174042815305,0.326488353699054,0.429130572460358,0.817781147136436,0.771256306891438,0.0755014947786843,0,0,0,0,0.593268234825071,0.29712508457054,0.395944978967135,0.352857033271149,-0.148850131354997
"898",898,4279,"Dhaulagiri I","DHA1","Dhaulagiri Himal",8167,4,6,1995,"DHA195302",3,"NE Ridge",NA,NA,NA,TRUE,FALSE,FALSE,FALSE,"1995-09-09","1995-10-06",1200,27,30,"1995-10-09",1,8167,3,11,2,0,8,2,TRUE,FALSE,"1 Sherpa slight frostbite to toe",28.69666672,83.49500275,0,0,161,252,253,0,0,1,1990,27,30,"FALSE",273.645752937563,1.6038783482134,0,0,0,0,0.927779081920376,0.827583502350807,0.741780159711691,0.632234253840209,0.390271967926294,73.2747395833333,1.33231400328665,1,0,0.032258064516129,0,0.84275854015763,0.557763376151819,0.334081386753965,0.213714187130263,0.83841132954403,0.772176307010278,0.0773949294479205,0,0,0,0,0.589579621395529,0.272005545354689,0.458081811815834,0.345796098800668,-0.267577663883397
"899",899,4284,"Dhaulagiri I","DHA1","Dhaulagiri Himal",8167,4,6,1996,"DHA196102",1,"NE Ridge",NA,NA,NA,TRUE,FALSE,FALSE,FALSE,"1996-04-06","1996-05-01",1300,25,29,"1996-05-05",1,8167,4,5,1,0,3,1,FALSE,TRUE,"Nothing serious; slight frostbite Hong unwell",28.69666672,83.49500275,0,0,5,156,126,0,0,1,1990,25,29,"FALSE",266.254878340827,2.70045224365433,0,0,0,0,0.926453493259218,0.810001351588775,0.721748306434277,0.539369215952386,0.429526745562809,90.5507188585069,10.2020459231553,0,0,0,0,0.978662561181375,0.936835422582009,0.89121540825196,0.849683934746843,0.702431201214223,0.908563363366591,0.110866383994209,2,0,0.0666666666666667,0,0.687159833169934,0.319533195054738,0.0656770803893142,0.1945303192763,-0.239700588072131
"900",900,4285,"Dhaulagiri I","DHA1","Dhaulagiri Himal",8167,4,6,2012,"DHA112302",3,"NE Ridge",NA,NA,NA,FALSE,FALSE,FALSE,FALSE,"2012-09-11","2012-10-03",NA,22,23,"2012-10-04",1,7650,3,14,0,0,6,0,TRUE,FALSE,NA,28.69666672,83.49500275,1,0,70,314,101,0,NA,1,2010,22,23,"FALSE",274.149138238695,1.98316938866113,0,2,0,0.0833333333333333,0.907042848519806,0.765055617265651,0.595083243724651,0.225494799798327,-0.200826302852803,75.907460530599,7.0935250932573,0,3,0,0.125,0.792413939527008,0.39880880439558,0.0879582368612954,-0.218542762668231,-0.524679104310348,0.721099187534461,0.163877665013168,5,0,0.208333333333333,0,0.768266124843591,0.593807035676542,0.507231646188336,0.397439597846944,-0.298922000119806
"901",901,4288,"Dhaulagiri I","DHA1","Dhaulagiri Himal",8167,4,6,2005,"DHA105104",1,"NE Ridge",NA,NA,NA,FALSE,FALSE,FALSE,FALSE,"2005-04-16","2005-05-06",NA,20,22,"2005-05-08",4,8050,3,1,0,0,1,0,FALSE,TRUE,"Guggemos chest infection",28.69666672,83.49500275,0,0,156,NA,217,0,NA,0.852908277404922,2000,20,22,"FALSE",265.745709681856,2.10857831817536,0,0,0,0,0.888301279368639,0.697917469418219,0.450698107283884,-0.0840880045305844,0.349846825979739,89.3744586447011,10.5841516208674,0,0,0,0,0.982794415997149,0.948220704913055,0.90429391441777,0.809732583625987,0.438562822492452,0.948638800156554,0.0781960948231536,0,0,0,0,0.580296700351571,0.344459889026777,0.48167885333106,0.485613386554,0.333929471917603
"902",902,4290,"Dhaulagiri I","DHA1","Dhaulagiri Himal",8167,4,6,1997,"DHA197104",1,"NE Ridge",NA,NA,NA,FALSE,FALSE,FALSE,FALSE,"1997-04-11","1997-05-04",NA,23,23,"1997-05-04",1,7800,3,4,0,0,0,0,FALSE,TRUE,NA,28.69666672,83.49500275,1,1,95,308,NA,0,NA,1,1990,23,23,"FALSE",265.624860843023,2.36531993051143,0,0,0,0,0.909669087821483,0.809835370177929,0.71222381139928,0.497563572251515,-0.285413032474504,92.4777018229167,10.2357908885074,0,0,0,0,0.977799440494218,0.920248697963841,0.836825515521813,0.634482229929305,NA,0.865146552933199,0.0816944989916714,0,0,0,0,0.514432211465827,0.382311381910283,0.357904237843934,0.170871111329503,-0.608041483072782
"903",903,4292,"Dhaulagiri I","DHA1","Dhaulagiri Himal",8167,4,6,1986,"DHA186101",1,"NE Ridge",NA,NA,NA,TRUE,FALSE,FALSE,FALSE,"1986-04-05","1986-05-03",1200,28,30,"1986-05-05",6,8167,4,15,5,0,5,0,FALSE,TRUE,"Welsh had stomach ulcer problem at BC (evacuated Apr 28)",28.69666672,83.49500275,0,0,64,124,125,0,0,0.922818791946309,1980,28,30,"FALSE",265.400897856682,2.02531890078677,0,0,0,0,0.783621744351829,0.500804421184006,0.278328196582868,-0.102474481375114,0.216265574859914,98.5838688676075,4.38038921780398,0,0,0,0,0.961795544750285,0.841289870329236,0.737748249245308,NA,NA,0.972642042410466,0.0691885511826493,0,1,0,0.032258064516129,0.578217185143399,0.273468199198326,0.260409879575218,0.392535229170681,-0.0060656118857243
"904",904,4295,"Dhaulagiri I","DHA1","Dhaulagiri Himal",8167,4,6,1992,"DHA192304",3,"NE Ridge",NA,NA,NA,FALSE,FALSE,FALSE,FALSE,"1992-09-18","1992-10-03",NA,15,17,"1992-10-05",5,7000,2,4,0,0,3,0,FALSE,TRUE,"Ono sick (chest & old foot injured)",28.69666672,83.49500275,1,0,70,NA,131,0,NA,0.964765100671141,1990,15,17,"FALSE",273.016700885914,1.57465099854296,0,0,0,0,0.843927272333797,0.368836005084144,-0.243844784852712,-0.689514873771259,-0.184796081502593,72.7792290581597,1.00774434117156,0,0,0,0,0.36921217535759,-0.312763600438167,-0.590162640561824,-0.0819276198255181,0.518971020812402,0.7770218489324,0.10662001821035,0,0,0,0,0.628570346935715,0.457591143015643,0.210558203621527,-0.0350965996001676,-0.692057830742192
"905",905,4296,"Dhaulagiri I","DHA1","Dhaulagiri Himal",8167,4,6,2009,"DHA109103",1,"NE Ridge",NA,NA,NA,TRUE,FALSE,FALSE,FALSE,"2009-04-07","2009-05-08",1130,31,38,"2009-05-15",5,8167,3,17,6,0,9,4,TRUE,FALSE,NA,28.69666672,83.49500275,0,0,217,185,NA,0,0,0.936800894854586,2000,31,38,"FALSE",267.572863179394,2.33359791806567,0,0,0,0,0.884438414907692,0.731850887342375,0.659284226661829,0.359264408171505,0.118405206645357,75.8561406583867,5.20638984745339,16,0,0.41025641025641,0,0.760556979139763,0.428378777442045,0.292034374685511,0.126261727327152,-0.284455392335098,0.998838646242274,0.0961826336288744,1,4,0.0256410256410256,0.102564102564103,0.302085825824187,-0.173446609694097,0.0972488245126887,-0.0922771230656445,-0.00318595640924769
"906",906,4297,"Dhaulagiri I","DHA1","Dhaulagiri Himal",8167,4,6,2014,"DHA114108",1,"NE Ridge",NA,NA,NA,FALSE,FALSE,FALSE,FALSE,"2014-04-12","2014-05-12",NA,30,32,"2014-05-14",0,7400,3,5,0,0,4,0,FALSE,TRUE,NA,28.69666672,83.49500275,1,0,339,338,NA,0,NA,0,2010,30,32,"FALSE",266.227913654212,2.71959595320826,0,0,0,0,0.943766005325656,0.899060550396311,0.873559604360326,0.80623892511425,0.671785578129384,87.5426111702967,11.329154117688,0,0,0,0,0.980776937873178,0.934527816495525,0.872950368777889,0.733121047360846,0.353518752878159,0.965463026805133,0.0879713813571767,0,1,0,0.0303030303030303,0.71916999085366,0.559211593111646,0.519685446338965,0.274649648735666,0.076603385614375
"907",907,4300,"Dhaulagiri I","DHA1","Dhaulagiri Himal",8167,4,6,2017,"DHA117303",3,"NE Ridge",NA,NA,NA,TRUE,FALSE,FALSE,FALSE,"2017-09-10","2017-10-01",830,21,23,"2017-10-03",1,8167,3,3,1,0,2,2,TRUE,FALSE,NA,28.69666672,83.49500275,0,0,10,282,69,0,0,1,2010,21,23,"FALSE",275.712744500902,0.687132548367184,0,2,0,0.0833333333333333,0.661888645353314,0.212653216814643,0.13518290700077,-0.141840095440934,0.354673589994795,72.1083645290799,0.972790652908914,2,0,0.0833333333333333,0,0.496641998150121,0.0617779675759073,-0.0845533314450694,-0.175138520229208,-0.152979250475833,0.740256453653376,0.101751032296552,2,0,0.0833333333333333,0,0.460846140390081,-0.0607623760278927,-0.238094704651598,-0.40443474483811,0.027359180660246
"908",908,4304,"Dhaulagiri I","DHA1","Dhaulagiri Himal",8167,4,6,2001,"DHA101305",3,"NE Ridge",NA,NA,NA,FALSE,FALSE,FALSE,FALSE,"2001-09-03","2001-10-02",NA,29,29,"2001-10-02",5,8000,3,5,0,0,4,0,FALSE,TRUE,NA,28.69666672,83.49500275,0,0,41,68,NA,0,NA,0.97175615212528,2000,29,29,"FALSE",274.341848415799,0.95384109108063,0,0,0,0,0.900696223293415,0.704283458027222,0.532789146706625,0.462909395009452,0.195905308145447,72.7607394748264,1.42983993847611,0,0,0,0,0.631126766223789,0.103526528478158,-0.075381699497061,-0.0678351532414556,-0.337805620012305,0.744620682567567,0.0868563685753856,1,0,0.0333333333333333,0,0.478913926230476,-0.104863886835962,-0.0870606449185559,-0.289910737056646,0.416147431342373
"909",909,4305,"Dhaulagiri I","DHA1","Dhaulagiri Himal",8167,4,6,1995,"DHA195303",3,"NE Ridge",NA,NA,NA,FALSE,FALSE,FALSE,FALSE,"1995-09-11","1995-10-08",NA,27,31,"1995-10-12",1,7700,3,6,0,0,0,0,FALSE,TRUE,"None",28.69666672,83.49500275,1,0,222,313,344,0,NA,1,1990,27,31,"FALSE",273.441276232402,1.605023059354,0,0,0,0,0.925736595943838,0.826648100703267,0.744403392457329,0.597124468363752,0.393974674007282,73.5513051350911,1.35444071183155,0,0,0,0,0.831917802331579,0.530270079750276,0.331973752236862,0.413050427334037,0.829219194495504,0.76957688515883,0.0748788624102779,0,0,0,0,0.593961273953298,0.295725467250146,0.410348514964014,0.359891690270821,-0.13636520582179
"910",910,4307,"Dhaulagiri I","DHA1","Dhaulagiri Himal",8167,4,6,2013,"DHA113101",1,"NE Ridge",NA,NA,NA,FALSE,FALSE,FALSE,FALSE,"2013-04-12","2013-04-22",NA,10,26,"2013-05-08",2,6700,2,4,0,0,0,0,FALSE,TRUE,NA,28.69666672,83.49500275,1,0,NA,338,217,0,NA,0.986717002237136,2010,10,26,"FALSE",267.226634178633,2.00695933815662,0,0,0,0,0.912141964936557,0.796662525660186,0.675770376392017,0.517138061213149,0.349130211660699,85.7437307098765,10.6783227759019,0,0,0,0,0.98937807000152,0.96376162217478,0.927596796692676,0.815963600647474,0.460203581176049,0.950328991014025,0.095621402459964,1,1,0.037037037037037,0.037037037037037,0.56824149478114,0.288112381408977,0.0661921257269811,-0.152099455978714,-0.302958108657786
"911",911,4309,"Dhaulagiri I","DHA1","Dhaulagiri Himal",8167,4,6,1997,"DHA197301",3,"N Face-NW Ridge",NA,NA,NA,FALSE,FALSE,FALSE,FALSE,"1997-09-08","1997-10-18",NA,40,57,"1997-11-04",4,7500,4,8,0,0,0,0,FALSE,TRUE,NA,28.69666672,83.49500275,1,0,NA,221,101,0,NA,0.852908277404922,1990,40,57,"FALSE",268.548854784034,5.01759167343654,3,0,0.0517241379310345,0,0.982320662838308,0.957675997198383,0.942687749976264,0.914335526482637,0.85310349506069,75.3637316473599,3.36908535088063,0,0,0,0,0.88496490958662,0.711077063822072,0.595979161052434,0.353271694424901,0.276243845299349,0.838113396648165,0.125031868388215,0,1,0,0.0172413793103448,0.790660776362881,0.671558771504136,0.652124427892865,0.516906072746707,0.50457466857312
"912",912,4311,"Dhaulagiri I","DHA1","Dhaulagiri Himal",8167,4,6,1993,"DHA193303",3,"NE Ridge",NA,NA,NA,TRUE,FALSE,FALSE,FALSE,"1993-09-03","1993-10-11",835,38,42,"1993-10-15",1,8167,5,6,1,0,3,1,TRUE,FALSE,"1 member altitude problem early in Sep (descended to Marpha)",28.69666672,83.49500275,0,0,314,68,NA,0,0,1,1990,38,42,"FALSE",274.060217007186,1.11634342141752,0,0,0,0,0.846528119597829,0.660224520670687,0.575566646998729,0.378750063564854,0.412942811694413,74.4954919149709,3.21303599995894,0,0,0,0,0.724938087492668,0.426387614099307,0.281181287148462,-0.00725580049401128,0.553688580732999,0.674916318901458,0.0863126772323201,5,0,0.116279069767442,0,0.71163438325765,0.529147218883327,0.460017243127621,0.222779820016797,0.202944670525526
"913",913,4315,"Dhaulagiri I","DHA1","Dhaulagiri Himal",8167,4,6,2012,"DHA112301",3,"NE Ridge",NA,NA,NA,FALSE,FALSE,FALSE,FALSE,"2012-09-11","2012-10-01",NA,20,30,"2012-10-11",5,7580,3,6,0,0,6,0,FALSE,TRUE,NA,28.69666672,83.49500275,1,1,10,314,315,0,NA,0.950782997762864,2010,20,30,"FALSE",272.994712419407,2.81868664148273,0,2,0,0.0645161290322581,0.959968339331993,0.882458001236934,0.775672668812032,0.525282815210979,0.103158060499888,75.2762333039314,6.33302606095705,0,3,0,0.0967741935483871,0.798659641295052,0.416371103814472,0.118556089272544,-0.156962705389315,-0.472872634400556,0.768627249957017,0.171071689984507,5,0,0.161290322580645,0,0.82097249818071,0.673501832542341,0.598099479016956,0.484410923316342,0.169847211533983
"914",914,4318,"Dhaulagiri I","DHA1","Dhaulagiri Himal",8167,4,6,1999,"DHA199101",1,"NE Ridge",NA,NA,NA,TRUE,FALSE,FALSE,FALSE,"1999-04-30","1999-05-04",NA,4,7,"1999-05-07",0,8167,2,2,2,0,0,0,FALSE,TRUE,NA,28.69666672,83.49500275,0,0,95,NA,186,0,0,0,1990,4,7,"FALSE",271.425980250041,1.19137133516951,0,0,0,0,0.782631145016757,0.508756117533318,0.0689444751742013,0.932537718560534,NA,72.9486389160156,1.2804347788255,5,0,0.625,0,0.772455836270024,0.510174289873762,0.348084749205517,-0.555579086226255,NA,1.01291266066191,0.032955470262221,0,0,0,0,0.428774507211165,0.198872013377881,0.771160234801042,0.138781129561322,NA
"915",915,4319,"Dhaulagiri I","DHA1","Dhaulagiri Himal",8167,4,6,2008,"DHA108302",3,"NE Ridge",NA,NA,NA,FALSE,FALSE,FALSE,FALSE,"2008-09-02","2008-10-03",NA,31,35,"2008-10-07",5,6600,2,5,0,0,3,0,FALSE,TRUE,NA,28.69666672,83.49500275,0,0,70,40,192,0,NA,0.978747203579418,2000,31,35,"FALSE",273.763529848169,1.6114807652528,0,0,0,0,0.879221056384057,0.718039810674037,0.579801116388883,0.444785217951286,0.0777402135012709,74.2175066912616,3.96505484105273,0,1,0,0.0277777777777778,0.678240209962321,0.388127050405951,0.113159660805837,-0.161729746637042,-0.0135611513046006,0.765286803479054,0.123878533384803,1,1,0.0277777777777778,0.0277777777777778,0.478633246936377,0.186689805675246,0.126048152953759,0.0877545236926672,-0.172529268565042
"916",916,4320,"Dhaulagiri I","DHA1","Dhaulagiri Himal",8167,4,6,2006,"DHA106305",3,"NE Ridge",NA,NA,NA,FALSE,FALSE,FALSE,FALSE,"2006-09-27","2006-10-09",NA,12,14,"2006-10-11",11,8050,0,2,0,0,0,0,FALSE,TRUE,NA,28.69666672,83.49500275,1,0,253,NA,314,0,NA,0,2000,12,14,"FALSE",271.994478437636,0.841888930834156,0,0,0,0,0.421985103294146,-0.0850033578455544,-0.204395157106172,-0.452151897919024,0.604201018729388,72.5179958767361,0.960518976525743,1,0,0.0666666666666667,0,0.670711535944684,0.00486453508616398,-0.237918481607825,-0.501355390218028,-0.409760404519283,0.857921689635916,0.0848309141376146,0,0,0,0,0.818850472666293,0.595690092295841,0.458280734160399,-0.0171359490888534,-0.900897606330074
"917",917,4322,"Dhaulagiri I","DHA1","Dhaulagiri Himal",8167,4,6,1996,"DHA196101",1,"NE Ridge",NA,NA,NA,TRUE,FALSE,FALSE,FALSE,"1996-04-05","1996-05-05",1205,30,32,"1996-05-07",1,8167,0,1,1,0,0,0,FALSE,TRUE,"None",28.69666672,83.49500275,0,0,126,125,187,0,0,1,1990,30,32,"FALSE",266.304225517042,2.76009648849578,0,0,0,0,0.93258894825777,0.829460975095022,0.754320752108078,0.591015217228451,0.511732968983934,89.9471151949179,10.4983651537121,0,0,0,0,0.981568407987309,0.945266952897486,0.905309442419636,0.862345703609301,0.706084219838228,0.913909138620036,0.107580670392907,2,0,0.0606060606060606,0,0.684741927646279,0.346181938144606,0.119774293684042,0.265869148306121,-0.261809734916906
"918",918,4323,"Dhaulagiri I","DHA1","Dhaulagiri Himal",8167,4,6,2006,"DHA106303",3,"NE Ridge",NA,NA,NA,FALSE,FALSE,FALSE,FALSE,"2006-09-06","2006-09-30",NA,24,29,"2006-10-05",5,7400,3,6,0,0,2,0,FALSE,TRUE,NA,28.69666672,83.49500275,1,0,NA,160,130,0,NA,0.734060402684564,2000,24,29,"FALSE",274.194896740384,2.33120908510107,0,5,0,0.166666666666667,0.913380459899668,0.797169244651519,0.676290750406644,0.586329538479824,0.663021525551903,73.2482014973958,2.83610530333188,4,0,0.133333333333333,0,0.783344160082782,0.507581730714778,0.18864783882161,-0.223367221628024,-0.118517455890882,0.766852606585729,0.135777012545794,3,0,0.1,0,0.718513380676155,0.440396483113736,0.355911048985525,0.496644995548786,-0.0254975242798813
"919",919,4326,"Dhaulagiri I","DHA1","Dhaulagiri Himal",8167,4,6,2008,"DHA108105",1,"NE Ridge",NA,NA,NA,TRUE,FALSE,FALSE,FALSE,"2008-04-09","2008-05-01",1515,22,27,"2008-05-06",1,8167,3,2,1,0,3,0,FALSE,TRUE,"Minor frostbite in right toe Sklowdowska suffered from high fever for four days in BC",28.69666672,83.49500275,0,0,5,248,157,0,0,1,2000,22,27,"FALSE",266.804578236171,1.66273387726684,0,0,0,0,0.805506410832779,0.575943884545146,0.519905079028584,0.524533728640856,0.420845173039841,76.4975091843378,1.00882102140963,0,0,0,0,0.484015719172084,-0.0700394230514356,-0.163692577946049,-0.134911306113335,0.00614817626666108,1.00848734406028,0.0608512019707821,0,1,0,0.0357142857142857,0.446434301984967,0.0723895468505809,-0.22342103789474,0.356869398705698,-0.249847552079378
"920",920,4328,"Dhaulagiri I","DHA1","Dhaulagiri Himal",8167,4,6,2017,"DHA117304",3,"NE Ridge",NA,NA,NA,TRUE,FALSE,FALSE,FALSE,"2017-09-07","2017-10-08",1415,31,33,"2017-10-10",4,8167,3,3,2,0,0,0,FALSE,TRUE,NA,28.69666672,83.49500275,0,0,222,190,283,0,0,0.952181208053691,2010,31,33,"FALSE",275.435892815683,0.978354645575275,0,3,0,0.0882352941176471,0.768842023635801,0.472026073831146,0.461402522994437,0.329372986550072,0.486635826218035,72.0352136948529,0.837887231164196,3,0,0.0882352941176471,0,0.514703352996338,0.098756570796162,-0.0442415750444425,-0.120520299899923,-0.0924047495248355,0.757299004723207,0.0982507112298436,2,0,0.0588235294117647,0,0.428231987199984,-0.0434355737401584,-0.132106578656099,-0.263038786500219,0.130467514629168
"921",921,4330,"Dhaulagiri I","DHA1","Dhaulagiri Himal",8167,4,6,2012,"DHA112106",1,"NE Ridge",NA,NA,NA,FALSE,FALSE,FALSE,FALSE,"2012-04-13","2012-05-10",600,27,29,"2012-05-12",5,7000,2,2,0,0,1,0,FALSE,TRUE,NA,28.69666672,83.49500275,1,0,279,NA,340,0,NA,0.964765100671141,2010,27,29,"FALSE",265.717221366035,2.03611210588327,0,0,0,0,0.849799072041986,0.674003372507438,0.469498852101301,-0.0980134872360558,-0.681265146841957,85.3972195095486,10.2144855742336,0,0,0,0,0.983765693976421,0.94122102648505,0.882502740025092,0.745373735355077,0.770599611106089,0.985699154088016,0.0879174109633024,1,0,0.0333333333333333,0,0.444830218346953,0.346477589638179,0.0629387483040097,-0.186348216385214,0.0458024746865126
"922",922,4331,"Dhaulagiri I","DHA1","Dhaulagiri Himal",8167,4,6,2006,"DHA106102",1,"NE Ridge",NA,NA,NA,FALSE,FALSE,FALSE,FALSE,"2006-04-17","2006-05-03",NA,16,20,"2006-05-07",1,7800,2,5,0,0,0,0,FALSE,TRUE,NA,28.69666672,83.49500275,1,0,64,NA,186,0,NA,1,2000,16,20,"FALSE",266.332313265119,3.0060581314559,0,0,0,0,0.920840099073613,0.838298456926778,0.809402085499015,0.738064216416153,0.660484633659194,81.8814755394345,9.25427997291495,0,0,0,0,0.900851735190418,0.782639964446788,0.624161962240293,0.33597702497832,-0.598153349799717,0.913379768701591,0.0873537436443283,1,0,0.0476190476190476,0,0.464324670798049,-0.129055104642397,-0.37604290817866,-0.203632334808637,0.365202570515211
"923",923,4335,"Dhaulagiri I","DHA1","Dhaulagiri Himal",8167,4,6,1990,"DHA190302",3,"NE Ridge",NA,NA,NA,TRUE,FALSE,FALSE,FALSE,"1990-09-01","1990-10-05",1330,34,34,"1990-10-05",1,8167,4,5,2,0,1,0,FALSE,TRUE,"Nothing serious",28.69666672,83.49500275,0,0,130,9,NA,0,0,1,1990,34,34,"FALSE",275.21951272147,1.86587256315539,0,7,0,0.2,0.964734938982943,0.917990378942298,0.877929838431988,0.827499201761188,0.867230671513696,72.6586495535714,1.14291021702245,6,0,0.171428571428571,0,0.839960943165676,0.629108707747636,0.500541855846829,0.555184491513533,0.233585944518294,0.690462733374576,0.0825988648328714,4,0,0.114285714285714,0,0.630697815147966,0.233425834820903,0.103337195879192,0.138894998171102,-0.058161403128429
"924",924,4346,"Dhaulagiri I","DHA1","Dhaulagiri Himal",8167,4,6,2019,"DHA119306",3,"NE Ridge",NA,NA,NA,FALSE,FALSE,FALSE,FALSE,"2019-09-18","2019-10-03",NA,15,24,"2019-10-12",5,7870,3,1,0,0,1,0,TRUE,FALSE,NA,28.69666672,83.49500275,0,0,69,NA,344,0,NA,0.936800894854586,2010,15,24,"FALSE",272.071188049316,1.21832575175247,0,0,0,0,0.643833865523147,0.170763771663614,-0.148071625942887,-0.0570828568003996,-0.0464534313120798,77.657177734375,5.41675030137361,0,2,0,0.08,0.675756878579969,0.399724716242505,0.149079145136149,-0.13468032382731,0.491992760650225,0.694593776879417,0.175660238240145,7,0,0.28,0,0.771499898604228,0.488417175829939,0.370785429468209,0.281536733364182,-0.220721824696267
"925",925,4347,"Dhaulagiri I","DHA1","Dhaulagiri Himal",8167,4,6,1995,"DHA195301",3,"NE Ridge",NA,NA,NA,TRUE,FALSE,FALSE,FALSE,"1995-09-08","1995-10-04",NA,26,38,"1995-10-16",0,8167,3,7,2,1,2,2,TRUE,FALSE,"Tawamaya's fatal fall; Gurung frostbitten toes that will heal",28.69666672,83.49500275,0,0,100,221,NA,0.142857142857143,0.5,0,1990,26,38,"FALSE",273.463599571815,1.56445404075425,0,0,0,0,0.920733349251697,0.833236783474525,0.763859372994523,0.633746670279511,0.366889664111172,73.4396096254006,1.40226593661515,1,0,0.0256410256410256,0,0.755338392238291,0.475501174323498,0.319943730078765,0.440094680536655,0.591628636778431,0.770009734465036,0.0735670371857786,0,0,0,0,0.459542070360469,0.23639032810579,0.394312839555201,0.26766633689326,-0.11945289680047
"926",926,4351,"Dhaulagiri I","DHA1","Dhaulagiri Himal",8167,4,6,2008,"DHA108106",1,"NE Ridge",NA,NA,NA,TRUE,FALSE,FALSE,FALSE,"2008-04-14","2008-05-01",1545,17,21,"2008-05-05",5,8167,3,4,1,1,1,0,FALSE,TRUE,NA,28.69666672,83.49500275,0,0,5,NA,126,0.25,1,0.964765100671141,2000,17,21,"FALSE",267.031052300424,1.56226023583217,0,0,0,0,0.827778607200491,0.620711931537912,0.45960829732155,0.361908651837993,0.612577941891313,76.5673125295928,1.12794195298345,0,0,0,0,0.493353271638864,-0.0991852730835294,-0.174457540667578,-0.226163336710967,-0.0380444753289748,1.01172981047686,0.0577719167576468,0,0,0,0,0.443247849587147,0.0816898130382677,-0.0242676169217393,0.393351188079678,-0.027308448380281
"927",927,4354,"Dhaulagiri I","DHA1","Dhaulagiri Himal",8167,4,6,2017,"DHA117102",1,"NE Ridge",NA,NA,NA,TRUE,FALSE,FALSE,FALSE,"2017-04-07","2017-04-30",1215,23,25,"2017-05-02",5,8167,3,4,3,0,3,2,TRUE,FALSE,NA,28.69666672,83.49500275,0,0,NA,185,36,0,0,0,2010,23,25,"FALSE",267.572183902447,2.51530328105261,0,0,0,0,0.889213383057444,0.773701124199259,0.592214891891737,0.0963655235775784,-0.895816610584162,78.1838159805689,2.83199825888479,0,0,0,0,0.874836768837977,0.648543448927601,0.380013461164774,-0.0377164111211329,-0.555113772407086,0.949710836072556,0.103458426925943,0,1,0,0.0384615384615385,0.585918663156826,0.356654347775325,0.205501205886046,-0.18151730147561,-0.518365125019616
"929",929,4363,"Dhaulagiri I","DHA1","Dhaulagiri Himal",8167,4,6,2019,"DHA119301",3,"NE Ridge",NA,NA,NA,TRUE,FALSE,FALSE,FALSE,"2019-09-15","2019-10-03",NA,18,27,"2019-10-12",5,8167,4,12,4,0,5,4,TRUE,FALSE,NA,28.69666672,83.49500275,0,0,69,NA,344,0,0,0.936800894854586,2010,18,27,"FALSE",272.52825046721,1.7898954821927,0,1,0,0.0357142857142857,0.836750602934928,0.458830925662466,-0.0112881978693615,-0.269299744931373,0.438653182002006,77.0229753766741,5.43683025514287,0,2,0,0.0714285714285714,0.651925146241206,0.208362480327623,-0.100364133203191,-0.211972735711024,0.0421775091804226,0.696801851971933,0.166370751551763,7,0,0.25,0,0.674359451648204,0.411487244947591,0.35496194962118,0.26048860703194,-0.384482468920003
"930",930,4366,"Dhaulagiri I","DHA1","Dhaulagiri Himal",8167,4,6,2014,"DHA114102",1,"NE Ridge",NA,NA,NA,FALSE,FALSE,FALSE,FALSE,"2014-04-06","2014-05-05",NA,29,30,"2014-05-06",7,7500,3,2,0,0,2,0,FALSE,TRUE,NA,28.69666672,83.49500275,1,0,125,155,156,0,NA,0.852908277404922,2010,29,30,"FALSE",265.152629954841,2.23808255149413,0,0,0,0,0.883314896604066,0.765933197515822,0.636002342657095,0.407925918398348,0.163607744408959,92.4601236979167,10.8021058100842,0,0,0,0,0.980885839336645,0.930928387318793,0.862536902152518,0.702438848020561,0.25202862111646,0.984932285985396,0.0842119516429292,0,1,0,0.032258064516129,0.691105331631694,0.489383351792628,0.462834918992496,0.0829631956458978,-0.273379880445457
"931",931,4374,"Dhaulagiri I","DHA1","Dhaulagiri Himal",8167,4,6,2014,"DHA114101",1,"NE Ridge",NA,NA,NA,FALSE,FALSE,FALSE,FALSE,"2014-04-06","2014-05-03",NA,27,30,"2014-05-06",5,7500,3,6,0,0,0,0,FALSE,TRUE,NA,28.69666672,83.49500275,1,0,64,155,156,0,NA,0.97175615212528,2010,27,30,"FALSE",265.152629954841,2.23808255149413,0,0,0,0,0.883314896604066,0.765933197515822,0.636002342657095,0.407925918398348,0.163607744408959,92.4601236979167,10.8021058100842,0,0,0,0,0.980885839336645,0.930928387318793,0.862536902152518,0.702438848020561,0.25202862111646,0.984932285985396,0.0842119516429292,0,1,0,0.032258064516129,0.691105331631694,0.489383351792628,0.462834918992496,0.0829631956458978,-0.273379880445457
"932",932,4376,"Dhaulagiri I","DHA1","Dhaulagiri Himal",8167,4,6,2014,"DHA114103",1,"NE Ridge",NA,NA,NA,FALSE,FALSE,FALSE,FALSE,"2014-04-15","2014-05-06",NA,21,25,"2014-05-10",1,7250,3,1,0,0,1,0,FALSE,TRUE,NA,28.69666672,83.49500275,1,0,156,NA,278,0,NA,1,2010,21,25,"FALSE",266.349954654009,2.51275746005338,0,0,0,0,0.934728411615884,0.898144340213599,0.891278353678115,0.848360268383748,0.568378477085091,87.3499630659054,11.605660205677,0,0,0,0,0.979900516985026,0.928549638646765,0.858960011185068,0.699164849111299,0.288270364959053,0.965815618367715,0.0867590774776685,0,0,0,0,0.736403614157776,0.588813129635788,0.485432376472045,0.165275061501908,-0.250890556829895
"933",933,4379,"Dhaulagiri I","DHA1","Dhaulagiri Himal",8167,4,6,2006,"DHA106301",3,"NE Ridge",NA,NA,NA,FALSE,FALSE,FALSE,FALSE,"2006-09-28","2006-10-06",NA,8,14,"2006-10-12",1,7250,3,4,0,0,0,0,FALSE,TRUE,NA,28.69666672,83.49500275,1,0,161,NA,344,0,NA,1,2000,8,14,"FALSE",272.081432851156,0.794365160734433,0,0,0,0,0.364937998959743,0.00802917795618064,-0.0654971582374672,-0.494630064629527,0.194086163516282,72.3644097222222,0.589972999153076,1,0,0.0666666666666667,0,0.629220606021825,0.139456580916131,-0.126661800776546,-0.135211939981723,-0.839851409847454,0.843243448710934,0.0951826893692162,0,0,0,0,0.843246469792474,0.639581400316876,0.539359057535101,0.266417311367641,-0.761519490183517
"934",934,4383,"Dhaulagiri I","DHA1","Dhaulagiri Himal",8167,4,6,1997,"DHA197307",3,"NE Ridge",NA,NA,NA,FALSE,FALSE,FALSE,FALSE,"1997-10-08","1997-10-15",NA,7,27,"1997-11-04",10,7000,2,7,0,0,0,0,FALSE,TRUE,"Nothing",28.69666672,83.49500275,1,0,NA,222,101,0,NA,0.936800894854586,1990,7,27,"FALSE",264.436520758129,1.79495581397971,3,0,0.107142857142857,0,0.785806346916409,0.54947889240339,0.507376163167046,0.423357187718216,0.150218493233402,77.0061558314732,3.56461571471005,0,0,0,0,0.812205389995231,0.548809222862709,0.413296255287198,0.1480094051147,0.137398844761103,0.924504368095394,0.0901268185779076,0,1,0,0.0357142857142857,0.366085073737895,0.0460449495072094,0.115976660600772,-0.206179793121359,-0.0103585047675654
"935",935,4385,"Dhaulagiri I","DHA1","Dhaulagiri Himal",8167,4,6,2012,"DHA112107",1,"NE Ridge",NA,NA,NA,FALSE,FALSE,FALSE,FALSE,"2012-04-27","2012-05-08",NA,11,15,"2012-05-12",5,6600,2,6,0,0,2,0,FALSE,TRUE,NA,28.69666672,83.49500275,1,0,218,NA,340,0,NA,0.852908277404922,2010,11,15,"FALSE",265.817631165187,2.65904419192831,0,0,0,0,0.925339688226658,0.810721809270029,0.62750434184702,0.14734838369129,-0.481071166477744,77.6593221028646,1.87708792735883,0,0,0,0,0.878622200580305,0.627610708406932,0.399063918209647,0.130235940955308,-0.289217335249899,0.967188135867443,0.0662573182699982,0,0,0,0,0.631486975551223,0.624249075019618,0.27837075286525,-0.143772582953961,0.00959257900047362
"936",936,4387,"Dhaulagiri I","DHA1","Dhaulagiri Himal",8167,4,6,1983,"DHA183301",3,"NE Ridge",NA,NA,NA,FALSE,FALSE,FALSE,FALSE,"1983-09-27","1983-11-03",NA,37,40,"1983-11-06",5,7700,3,15,0,1,4,0,FALSE,TRUE,"Chin died from altitude sickness",28.69666672,83.49500275,1,0,70,NA,162,0.0666666666666667,Inf,0.964765100671141,1980,37,40,"FALSE",268.040315829641,4.59331114658486,1,0,0.024390243902439,0,0.955647610606661,0.889942145281607,0.840866389213156,0.774811395436231,0.706202779846891,78.184540539253,7.99046293076482,0,6,0,0.146341463414634,0.905786322786141,0.706926401250031,0.468812061260711,0.0293011521095897,-0.267590187667783,0.811144539422428,0.119625595273448,0,1,0,0.024390243902439,0.575097056884641,0.247675118540982,0.0958825538766803,0.285448179668862,0.344764693360069
"937",937,4389,"Dhaulagiri I","DHA1","Dhaulagiri Himal",8167,4,6,1992,"DHA192101",1,"NE Ridge",NA,NA,NA,TRUE,FALSE,FALSE,FALSE,"1992-04-10","1992-04-30",945,20,32,"1992-05-12",4,8167,5,12,5,1,0,0,FALSE,TRUE,"Baessler bronchitis; Smetanin slight frostbitten toes",28.69666672,83.49500275,0,0,NA,278,340,0.0833333333333333,0.2,0.866890380313199,1990,20,32,"FALSE",266.760368732491,1.72034489710555,0,0,0,0,0.712215903926341,0.473067726282587,0.377983678818276,0.25751504824534,0.416971515040598,84.6237891611427,10.6294879659077,0,0,0,0,0.983797831910305,0.945482942391516,0.896563968660091,0.786192290993569,0.525730477110685,0.944946398007898,0.0833928884146693,1,0,0.0303030303030303,0,0.3961734795852,0.317366583005603,0.164257933934192,0.125457808494628,-0.236542875208043
"938",938,4395,"Dhaulagiri I","DHA1","Dhaulagiri Himal",8167,4,6,1987,"DHA187101",1,"NE Ridge",NA,NA,NA,FALSE,FALSE,FALSE,FALSE,"1987-03-30","1987-05-10",NA,41,42,"1987-05-11",1,7955,4,9,0,0,7,0,TRUE,FALSE,"Ang Phurba hit by avalanche but not injured; 1 member slight frostbitten finger",28.69666672,83.49500275,1,0,278,NA,309,0,NA,1,1980,41,42,"FALSE",265.583313801492,2.20428584482851,0,0,0,0,0.825863420098241,0.541250806959477,0.265902373336846,-0.0879270618513491,-0.507245232887892,92.3852141624273,9.49993073105642,0,0,0,0,0.928446088732447,0.77245883689098,0.579733336831596,0.272745646545095,0.206496538227291,0.911726309986906,0.117328549965067,3,1,0.0697674418604651,0.0232558139534884,0.471207922461497,0.191597864407551,0.240350528997468,0.222482206102623,-0.234269778094143
"939",939,4570,"Everest","EVER","Khumbu Himal",8849,12,2,2017,"EVER17133",1,"S Col-SE Ridge",NA,NA,NA,FALSE,FALSE,FALSE,FALSE,"2017-04-20","2017-05-09",NA,19,22,"2017-05-12",4,8100,4,1,0,0,1,0,TRUE,FALSE,NA,27.98805618,86.92805481,0,0,248,NA,339,0,NA,0.957224050254263,2010,19,22,"FALSE",264.360478332077,1.97010665782204,0,0,0,0,0.858612537002127,0.643508752058293,0.465689862942589,-0.157315032023751,-0.86100468900629,81.4120810688406,1.29397023689338,0,0,0,0,0.749804675711556,0.345628127564011,0.00605260670876138,-0.419313160800881,-0.176236607571267,1.03725748196313,0.254929735617216,1,2,0.0434782608695652,0.0869565217391304,0.739749997496964,0.360929488176,0.200411161542876,-0.0497691274056619,-0.540128493733041
"940",940,4571,"Everest","EVER","Khumbu Himal",8849,12,2,1988,"EVER88101",1,"N Col-NE Ridge (up), SE Ridge-S Col (down)","N Col-NE Ridge","S Col-SE Ridge (up), NE Ridge-N Col (down)",NA,TRUE,TRUE,TRUE,TRUE,"1988-03-06","1988-05-05",925,60,73,"1988-05-18",10,8849,7,99,14,1,99,0,TRUE,FALSE,"No accidents, frostbite or serious illness except doctor who died",27.98805618,86.92805481,0,0,126,155,NA,0.0101010101010101,0.0714285714285714,0.822614418187257,1980,60,73,"FALSE",260.691871806308,3.90834528639189,2,0,0.027027027027027,0,0.915198068157847,0.826221095425894,0.781449801689779,0.753073179216327,0.760446171231711,96.665382179054,6.71015877903667,0,0,0,0,0.984237341564908,0.954777330268794,0.923233473602758,0.833851998527503,0.561441740817648,1.02002791267636,0.210835773602364,2,3,0.027027027027027,0.0405405405405405,0.50201782246079,0.189873081789217,0.0561598220161588,0.0618538296098825,-0.0509074859233578
"941",941,4588,"Everest","EVER","Khumbu Himal",8849,12,2,1993,"EVER93309",3,"N Col-NE Ridge",NA,NA,NA,FALSE,FALSE,FALSE,FALSE,"1993-09-01","1993-09-11",NA,10,12,"1993-09-13",1,7000,0,7,0,0,3,0,FALSE,TRUE,NA,27.98805618,86.92805481,1,0,313,9,NA,0,NA,1,1990,10,12,"FALSE",270.277861766326,0.264618464774392,0,0,0,0,0.304006820444706,0.250502672520495,-0.550626113109635,-0.804635556336184,0.238453779405034,88.5673828125,2.53418023848454,0,0,0,0,0.726356528227741,0.295263216218319,-0.0675794418875666,-0.542995090334657,0.995429591528156,0.95549411831244,0.211193762978656,1,1,0.0769230769230769,0.0769230769230769,0.401749122721232,-0.349664867288385,-0.559904012671851,-0.688848168162306,-0.0782550267680173
"942",942,4590,"Everest","EVER","Khumbu Himal",8849,12,2,1994,"EVER94308",3,"N Col-NE Ridge",NA,NA,NA,FALSE,FALSE,FALSE,FALSE,"1994-09-04","1994-09-25",NA,21,33,"1994-10-07",1,8300,2,5,0,0,3,0,FALSE,TRUE,"Nothing very serious",27.98805618,86.92805481,1,0,NA,99,191,0,NA,1,1990,21,33,"FALSE",270.038705526614,1.99633388453119,0,7,0,0.205882352941176,0.957195258977816,0.877108019855408,0.781759018319538,0.601020242254263,0.333364400257586,83.796506395527,3.646489815348,1,0,0.0294117647058824,0,0.851375553304484,0.613700539435673,0.496283809471564,0.421958907619955,-0.164686897257378,0.898638076709137,0.185023398704379,1,0,0.0294117647058824,0,0.753198312810131,0.543272894958891,0.356438687923418,0.0771540205160912,-0.505753130759852
"943",943,4603,"Everest","EVER","Khumbu Himal",8849,12,2,2015,"EVER15122",1,"S Col-SE Ridge",NA,NA,NA,FALSE,FALSE,FALSE,FALSE,"2015-04-11","2015-04-23",NA,12,20,"2015-05-01",4,6400,0,7,0,0,14,0,FALSE,TRUE,NA,27.98805618,86.92805481,0,0,NA,308,5,0,NA,0.854909623839766,2010,12,20,"FALSE",259.73943135095,1.30909282172611,0,0,0,0,0.470421794884944,0.198122904526664,0.116075352950773,-0.165696795352222,-0.15239577163966,100,0,0,0,0,0,NA,NA,NA,NA,NA,0.735719123871692,0.118637528139559,7,0,0.333333333333333,0,0.184682587948215,-0.0182602263171188,-0.343808507019498,0.177792736601938,0.0718517945000619
"945",945,4608,"Everest","EVER","Khumbu Himal",8849,12,2,1994,"EVER94310",3,"S Col-SE Ridge",NA,NA,NA,FALSE,FALSE,FALSE,FALSE,"1994-09-15","1994-10-06",NA,21,24,"1994-10-09",4,7900,3,6,0,0,4,0,TRUE,FALSE,"Nothing",27.98805618,86.92805481,0,0,161,NA,253,0,NA,0.891548607718613,1990,21,24,"FALSE",268.998813832601,1.99420641712311,0,0,0,0,0.948680360113224,0.858008808703208,0.753164222922826,0.54658823102645,-0.227329287785201,83.013623046875,4.02897112924291,2,0,0.08,0,0.866305016547548,0.651114349440441,0.558011119486559,0.568512937444737,0.327058552770129,0.926630942157277,0.184746358089507,1,0,0.04,0,0.823619425717731,0.732121660701142,0.610984973326098,0.356219164560255,-0.565354351731488
"946",946,4616,"Everest","EVER","Khumbu Himal",8849,12,2,2010,"EVER10113",1,"N Col-NE Ridge",NA,NA,NA,FALSE,FALSE,FALSE,FALSE,"2010-04-07","2010-04-11",NA,4,5,"2010-04-12",1,5700,0,1,0,0,1,0,FALSE,TRUE,NA,27.98805618,86.92805481,0,0,308,185,338,0,NA,1,2010,4,5,"FALSE",264.09504699707,1.06507217991269,0,0,0,0,-0.367282525948102,-0.739582481718209,0.962670469190048,NA,NA,80.2691921657986,0.204544813699751,0,0,0,0,0.464939826727155,0.370364981342708,0.975236363654308,NA,NA,1.27266695699914,0.173171028110164,0,1,0,0.166666666666667,0.685204633256005,-0.633490319284152,-0.925850878223339,NA,NA
"947",947,4622,"Everest","EVER","Khumbu Himal",8849,12,2,2010,"EVER10115",1,"S Col-SE Ridge",NA,NA,NA,TRUE,FALSE,FALSE,FALSE,"2010-04-07","2010-05-07",600,30,33,"2010-05-10",4,8849,2,1,1,0,1,1,TRUE,FALSE,NA,27.98805618,86.92805481,0,0,186,185,278,0,0,0.983023937469467,2010,30,33,"FALSE",265.047416799209,1.61938587288933,0,0,0,0,0.749709152237893,0.46192334780908,0.318752613105883,-0.210637843474464,-0.0844998870965545,81.9060824525123,2.24836604749092,0,0,0,0,0.881899163012815,0.680354149664003,0.528940851914628,0.477305454769454,0.162310319147541,1.1572358301062,0.244615175843533,1,7,0.0294117647058824,0.205882352941176,0.682054654284038,0.390911009314868,0.0784019983462498,-0.228992093116425,-0.326768810831538
"949",949,4629,"Everest","EVER","Khumbu Himal",8849,12,2,2013,"EVER13146",1,"S Col-SE Ridge",NA,NA,NA,FALSE,FALSE,FALSE,FALSE,"2013-04-10","2013-05-10",NA,30,33,"2013-05-13",1,8400,3,1,0,0,2,0,TRUE,FALSE,NA,27.98805618,86.92805481,0,0,278,277,NA,0,NA,1,2010,30,33,"FALSE",262.04344738231,2.04599099326502,0,0,0,0,0.856094378845849,0.660393300942778,0.471689569070902,0.170031428255995,0.390257374945104,86.8073179955576,7.75110945888663,1,0,0.0294117647058824,0,0.909279532558088,0.709289994578595,0.472521389382238,0.0529777185168306,0.152835163797097,1.04688547777409,0.185653148738513,0,0,0,0,0.592925388905056,0.201649215200964,0.152496681761174,-0.051627330335974,0.167884373748848
"951",951,4647,"Everest","EVER","Khumbu Himal",8849,12,2,2015,"EVER15140",1,"S Col-SE Ridge",NA,NA,NA,FALSE,FALSE,FALSE,FALSE,"2015-04-09","2015-04-09",NA,0,18,"2015-04-27",1,5350,0,4,0,0,5,0,FALSE,TRUE,NA,27.98805618,86.92805481,0,0,247,247,NA,0,NA,1,2010,0,18,"FALSE",259.023146679527,1.52573632466405,0,0,0,0,0.578053098679596,0.301847336372721,-0.236249125963023,-0.180223490686361,-0.197862728507052,100,0,0,0,0,0,NA,NA,NA,NA,NA,0.749699887603013,0.13151825543484,7,0,0.368421052631579,0,0.350033985927255,0.0226659038706593,-0.330330875456499,0.125587243640885,0.145668378285795
"952",952,4651,"Everest","EVER","Khumbu Himal",8849,12,2,2000,"EVER00302",3,"S Col-SE Ridge",NA,NA,NA,TRUE,FALSE,FALSE,FALSE,"2000-09-03","2000-10-04",1345,31,35,"2000-10-08",1,8849,4,14,3,0,8,0,TRUE,FALSE,"Nawang Wangchu dizzy and back pain, vomitting so sent home",27.98805618,86.92805481,0,0,101,69,223,0,0,1,2000,31,35,"FALSE",267.788994471232,3.21838520435643,0,3,0,0.0833333333333333,0.947729377815796,0.853680760831808,0.747467750961838,0.517272742189739,-0.00395707779137663,89.9579784252025,7.18402879969343,0,0,0,0,0.851017371319729,0.600950964896779,0.427113815957196,0.0599564556409449,-0.639795845856906,0.758966382654745,0.141168868223316,4,0,0.111111111111111,0,0.658990774086709,0.40112286358575,0.282952099765405,-0.230610717495319,-0.438608582582399
"953",953,4661,"Everest","EVER","Khumbu Himal",8849,12,2,2000,"EVER00304",3,"N Col-NE Ridge",NA,NA,NA,FALSE,FALSE,FALSE,FALSE,"2000-09-03","2000-10-05",NA,32,38,"2000-10-11",1,8500,4,14,0,0,4,0,TRUE,FALSE,NA,27.98805618,86.92805481,1,0,131,69,315,0,NA,1,2000,32,38,"FALSE",267.6755564763,3.11766597228361,0,3,0,0.0769230769230769,0.947224954089828,0.850292988648159,0.740849241631459,0.509309544550643,0.0126791014471123,89.212882278312,7.37393201461014,0,0,0,0,0.870208047521905,0.653324852687987,0.503996984066511,0.199735772524619,-0.452766583359999,0.784113683363635,0.161820715543167,4,0,0.102564102564103,0,0.740211597411005,0.474511063383527,0.259107672624564,-0.41469222074454,-0.437267569613229
"954",954,4675,"Everest","EVER","Khumbu Himal",8849,12,2,2011,"EVER11192",1,"S Col-SE Ridge",NA,NA,NA,FALSE,FALSE,FALSE,FALSE,"2011-04-08","2011-05-12",1330,34,37,"2011-05-15",1,8750,4,2,0,0,3,0,TRUE,FALSE,NA,27.98805618,86.92805481,1,0,339,216,NA,0,NA,1,2010,34,37,"FALSE",263.093636228327,2.63920021104829,0,0,0,0,0.92307039506323,0.806865580398585,0.721037586453301,0.635979525552802,0.570491239764648,82.6180634080318,2.22171213641738,0,0,0,0,0.795439588546866,0.426789359057132,0.0849368154095689,-0.276033987544927,-0.147359870404175,0.924965320639486,0.234249093050688,6,1,0.157894736842105,0.0263157894736842,0.640580631498141,0.230058662942522,0.0554843814550709,0.0775036814351579,-0.049775795922683
"955",955,4676,"Everest","EVER","Khumbu Himal",8849,12,2,2017,"EVER17131",1,"S Col-SE Ridge",NA,NA,NA,FALSE,FALSE,FALSE,FALSE,"2017-04-17","2017-05-08",NA,21,23,"2017-05-10",4,7100,3,2,0,0,2,0,FALSE,TRUE,NA,27.98805618,86.92805481,0,0,217,NA,278,0,NA,0.87933561309233,2010,21,23,"FALSE",264.271907488505,1.87763069804458,0,0,0,0,0.806718907774981,0.628413812787719,0.423645613467065,-0.155154593097892,-0.731654800814316,81.1384650336371,1.18117809599418,0,0,0,0,0.735605240756464,0.0173650481501191,-0.27918268246395,-0.405018406994532,-0.170572550952996,1.05389255789873,0.238910871953174,0,2,0,0.0833333333333333,0.707686568841153,0.404848000821716,0.169999068299143,-0.321831956545786,-0.510660174158535
"956",956,4728,"Everest","EVER","Khumbu Himal",8849,12,2,2016,"EVER16141",1,"SW Face (Bonington rte)",NA,NA,NA,FALSE,FALSE,FALSE,FALSE,"2016-04-16","2016-05-09",NA,23,24,"2016-05-10",4,7200,0,2,0,0,4,0,FALSE,TRUE,"Pal got visual problem at C3",27.98805618,86.92805481,0,1,249,NA,279,0,NA,0.977039570102589,2010,23,24,"FALSE",263.091075642904,1.61857488824946,0,0,0,0,0.860205940256762,0.614003272947663,0.371201994205372,0.120717744890611,-0.85860155762103,80.78607421875,0.865460004496865,6,0,0.24,0,0.860436341649602,0.717905007654008,0.693679524080176,0.601836068480863,-0.681168894742422,1.10420725431833,0.288364473766411,2,3,0.08,0.12,0.78801114426801,0.574252935769641,0.439934579802829,0.379811552974107,-0.515062876560198
"957",957,4737,"Everest","EVER","Khumbu Himal",8849,12,2,2016,"EVER16302",3,"N Face (Hornbein Couloir)",NA,NA,NA,FALSE,FALSE,FALSE,FALSE,"2016-09-03","2016-10-07",NA,34,34,"2016-10-07",1,7400,3,1,0,0,0,0,FALSE,TRUE,NA,27.98805618,86.92805481,1,0,192,69,NA,0,NA,1,2010,34,34,"FALSE",270.071880522228,0.92018187356475,0,1,0,0.0285714285714286,0.901036359029357,0.791954730422635,0.750607952883571,0.75807741337226,0.730335637320154,87.9144461495536,5.99440223574023,0,0,0,0,0.726328239377029,0.26909494402383,-0.0491063271582673,-0.442483203134666,0.060926210053435,0.799182195941124,0.191531263905437,4,0,0.114285714285714,0,0.582684557735128,0.235028980931249,-0.00821090874725931,-0.239708182783712,-0.1684859984951
"962",962,4750,"Everest","EVER","Khumbu Himal",8849,12,2,2007,"EVER07301",3,"S Col-SE Ridge",NA,NA,NA,FALSE,FALSE,FALSE,FALSE,"2007-09-22","2007-11-06",NA,45,50,"2007-11-11",1,8000,4,16,0,0,12,0,TRUE,FALSE,"Only serious health problems were Petraranamuree's blood cloth and perhaps Chancharoen's lung problem",27.98805618,86.92805481,1,0,162,NA,315,0,NA,1,2000,45,50,"FALSE",266.073663424822,3.44651401890353,0,0,0,0,0.945702498874612,0.822877735681018,0.645320806209024,0.278876601109553,-0.0252171933356935,84.4832037632762,6.81889218321089,0,0,0,0,0.953726821267115,0.862170065147397,0.770699871743803,0.613783861172833,0.249051094246963,1.0295588152942,0.198053211595384,0,6,0,0.117647058823529,0.533448865674039,0.0623741311888607,-0.0674893589366032,-0.161171485469938,0.0150520974662742
"963",963,4751,"Everest","EVER","Khumbu Himal",8849,12,2,2011,"EVER11303",3,"Geneva Spur-SE Ridge",NA,NA,NA,FALSE,FALSE,FALSE,FALSE,"2011-09-07","2011-10-03",NA,26,39,"2011-10-16",5,7800,2,3,0,0,0,0,FALSE,TRUE,NA,27.98805618,86.92805481,0,0,69,190,NA,0,NA,0.92818759159746,2010,26,39,"FALSE",268.405631701152,2.50182892489881,0,6,0,0.15,0.958671987802617,0.895806463281886,0.852201287940746,0.826609181644301,0.618995368820296,92.1939107259115,8.05854205611934,0,0,0,0,0.956698921112524,0.865626310302277,0.744067688274173,0.436108878795275,-0.410830224472165,0.778981728198957,0.196302445484253,6,1,0.15,0.025,0.514943198085007,-0.128197805327466,-0.466337968543367,0.102456738952908,-0.114845197762588
"965",965,4790,"Everest","EVER","Khumbu Himal",8849,12,2,1996,"EVER96116",1,"S Col-SE Ridge",NA,NA,NA,FALSE,FALSE,FALSE,FALSE,"1996-04-09","1996-05-10",NA,31,44,"1996-05-23",1,7900,4,10,0,0,8,0,TRUE,FALSE,"None",27.98805618,86.92805481,1,0,279,248,NA,0,NA,1,1990,31,44,"FALSE",263.14519599632,2.94781534895088,0,0,0,0,0.931807497786446,0.817929178358954,0.711441411022006,0.447691468893145,0.276346900173721,96.519212962963,6.99262452611495,0,0,0,0,0.985087299596789,0.944104242673259,0.883638305439215,0.729311349657938,0.349549372972232,0.934148360377718,0.169537154741883,3,0,0.0666666666666667,0,0.616181640780267,0.509342830761967,0.201849726626534,-0.0813669513734326,-0.457248357655935
"966",966,4803,"Everest","EVER","Khumbu Himal",8849,12,2,1983,"EVER83102",1,"S Col-SE Ridge",NA,NA,NA,TRUE,FALSE,FALSE,FALSE,"1983-04-01","1983-05-07",1600,36,55,"1983-05-26",4,8849,0,16,6,0,22,2,TRUE,FALSE,"Hixson apparently had stroke leaving S Col in descent and seriously affected; Nielson and Jamieson frostbite",27.98805618,86.92805481,0,0,186,4,NA,0,0,0.92818759159746,1980,36,55,"FALSE",261.317644970758,3.83196963528945,0,0,0,0,0.938315221437466,0.873176198408657,0.828332181831813,0.759484691364676,0.729365070426535,85.3237755185082,5.83655774047668,0,0,0,0,0.851405346470293,0.662767530956209,0.519748096736807,0.382191146891847,0.0486132567073628,1.02723508134575,0.169458554576394,0,2,0,0.0357142857142857,0.696987961885891,0.524225155327743,0.457740234066958,0.390572898836147,0.0338728262216652
"968",968,4814,"Everest","EVER","Khumbu Himal",8849,12,2,1993,"EVER93102",1,"N Col-NE Ridge",NA,NA,NA,TRUE,FALSE,FALSE,FALSE,"1993-03-08","1993-05-05",NA,58,58,"1993-05-05",1,8849,4,16,2,0,14,4,TRUE,FALSE,"Frostbite to all six summiters",27.98805618,86.92805481,0,0,125,215,NA,0,0,1,1990,58,58,"FALSE",258.366332512117,5.03539412594408,7,0,0.11864406779661,0,0.964127203824163,0.905911346131708,0.857613233661071,0.821621323931453,0.731261413493795,99.5682683395127,2.3087520463897,0,0,0,0,0.910940546044776,0.858967592758438,NA,NA,NA,0.933772454531047,0.244819134450222,5,4,0.0847457627118644,0.0677966101694915,0.811906190959357,0.715945097052245,0.635609623987589,0.418061534209727,0.0265491510483625
"969",969,4816,"Everest","EVER","Khumbu Himal",8849,12,2,2005,"EVER05186",1,"S Col-SE Ridge",NA,NA,NA,FALSE,FALSE,FALSE,FALSE,"2005-04-08","2005-04-24",NA,16,23,"2005-05-01",4,6000,1,2,0,1,2,0,FALSE,TRUE,NA,27.98805618,86.92805481,0,0,NA,216,5,0.5,Inf,0.915974596971177,2000,16,23,"FALSE",260.4112967915,2.27076834069912,0,0,0,0,0.845349209394686,0.62032852138407,0.374169113495657,0.0172814768989302,0.401493703495194,96.5269232855903,6.11714158980888,0,0,0,0,0.961477749910496,0.869293007204528,0.751993553974654,0.450697021837887,NA,1.09423440874053,0.162906664977098,0,2,0,0.0833333333333333,0.726962129884402,0.531866117013536,0.34667748562548,0.368983023349981,0.369053649098159
"970",970,4829,"Everest","EVER","Khumbu Himal",8849,12,2,1996,"EVER96106",1,"S Col-SE Ridge",NA,NA,NA,FALSE,FALSE,FALSE,FALSE,"1996-04-04","1996-05-09",NA,35,39,"1996-05-13",1,8800,4,7,0,0,10,0,TRUE,FALSE,"One member frostbitten toe; Niklevic cough and kidney problem at BC only",27.98805618,86.92805481,0,0,249,95,NA,0,NA,1,1990,35,39,"FALSE",261.861465756098,3.56304942970418,0,0,0,0,0.951441288015605,0.882553077928398,0.819587603773295,0.672968886833607,0.452236754173268,99.9999308268229,0.000437489585146244,0,0,0,0,NA,NA,NA,NA,NA,0.942977814234595,0.164490751459132,2,0,0.05,0,0.590605554112797,0.512948134566491,0.163132692539261,-0.206809964691205,-0.310134774919726
"971",971,4831,"Everest","EVER","Khumbu Himal",8849,12,2,1991,"EVER91114",1,"S Col-SE Ridge",NA,NA,NA,FALSE,FALSE,FALSE,FALSE,"1991-04-11","1991-05-01",NA,20,24,"1991-05-05",1,8200,2,3,0,0,2,0,FALSE,TRUE,"None",27.98805618,86.92805481,0,0,5,308,125,0,NA,1,1990,20,24,"FALSE",261.565526885986,2.89108385764809,0,0,0,0,0.885512256738235,0.739992316928582,0.671463187614682,0.64365083591004,0.203101459310975,80.4760709635417,0.527077207186267,5,0,0.2,0,0.638794875846053,0.179568180959439,-0.141758135522143,-0.511664052905352,0.248329845808992,1.11072280405247,0.18890607577132,0,2,0,0.08,0.583127196436014,0.206658763892353,-0.0672207263037044,-0.489631004748198,-0.333460306643651
"972",972,4832,"Everest","EVER","Khumbu Himal",8849,12,2,2021,"EVER21147",1,"S Col-SE Ridge",NA,NA,NA,FALSE,FALSE,FALSE,FALSE,"2021-04-20","2021-05-06",NA,16,18,"2021-05-08",1,6600,2,2,0,0,0,0,FALSE,TRUE,NA,27.98805618,86.92805481,0,0,156,NA,217,0,NA,1,2020,16,18,"FALSE",261.753467994824,2.60394414964674,0,0,0,0,0.879578505970534,0.767268056173422,0.627183663509103,0.315102018470228,-0.843161486168299,84.5562337239583,5.15333628055453,0,0,0,0,0.721261192648988,0.258931551263511,0.0520610231832131,-0.267382900075308,-0.342296069497361,0.893711546950509,0.207351104558475,2,0,0.105263157894737,0,0.690857978358404,0.463834749392019,0.410921073948552,-0.109624051223174,-0.621128310627214
"974",974,4839,"Everest","EVER","Khumbu Himal",8849,12,2,2015,"EVER15115",1,"S Col-SE Ridge",NA,NA,NA,FALSE,FALSE,FALSE,FALSE,"2015-04-10","2015-04-23",NA,13,22,"2015-05-02",1,6400,1,1,0,0,0,0,FALSE,TRUE,NA,27.98805618,86.92805481,0,1,NA,277,36,0,NA,1,2010,13,22,"FALSE",259.656950881516,1.39617642614951,0,0,0,0,0.590405629982099,0.217872751896089,0.162008080135014,-0.183926899451732,-0.114377345385058,100,0,0,0,0,0,NA,NA,NA,NA,NA,0.751468828968034,0.125096333086625,7,0,0.304347826086957,0,0.219815533019657,-0.104511642909778,-0.151071206741034,0.0288247569236911,0.159628961486849
"978",978,4890,"Everest","EVER","Khumbu Himal",8849,12,2,2001,"EVER01138",1,"N Col-NE Ridge",NA,NA,NA,FALSE,FALSE,FALSE,FALSE,"2001-04-05","2001-05-05",NA,30,39,"2001-05-14",14,8300,2,5,0,0,1,0,FALSE,TRUE,NA,27.98805618,86.92805481,1,0,125,124,NA,0,NA,0.92818759159746,2000,30,39,"FALSE",262.498326873779,3.34450779039382,0,0,0,0,0.945287880715393,0.909034130100687,0.859023045827361,0.791091670290144,0.676295728516141,84.6339070638021,5.28092380234395,0,0,0,0,0.762266984251141,0.472569414202853,0.309852843333429,0.0806003015247107,-0.528327659075696,1.04585308159643,0.166677910138671,1,1,0.025,0.025,0.39467935968698,0.135092908625719,0.141883404112623,0.0597029669125336,-0.0371103044776107
"980",980,4912,"Everest","EVER","Khumbu Himal",8849,12,2,1994,"EVER94307",3,"N Col-NE Ridge",NA,NA,NA,FALSE,FALSE,FALSE,FALSE,"1994-09-03","1994-09-04",NA,1,1,"1994-09-04",5,7500,2,8,0,0,6,0,FALSE,TRUE,"Besson sick (altitude? psychology?) & left early; nothing serious",27.98805618,86.92805481,1,0,99,68,NA,0,NA,0.903761602344895,1990,1,1,"FALSE",271.352066040039,0.447876014511926,0,1,0,0.5,NA,NA,NA,NA,NA,87.3828938802083,0.326277298936176,0,0,0,0,NA,NA,NA,NA,NA,0.925833405873632,0.0298708238254703,0,0,0,0,NA,NA,NA,NA,NA
"983",983,4923,"Everest","EVER","Khumbu Himal",8849,12,2,1994,"EVER94105",1,"E Face-S Col (Venables rte)",NA,NA,NA,FALSE,FALSE,FALSE,FALSE,"1994-03-26","1994-05-05",NA,40,44,"1994-05-09",1,7375,2,6,0,0,4,0,FALSE,TRUE,"Wind blast of avalanche knocked people & things about in BC on 25 April",27.98805618,86.92805481,1,0,125,NA,248,0,NA,1,1990,40,44,"FALSE",260.831417620624,3.01083058589552,0,0,0,0,0.88324736823192,0.668246267372566,0.504072925718759,0.572291649410422,0.115091601312191,92.4962547019676,9.11320129762139,3,0,0.0666666666666667,0,0.989178983973945,0.962888160181,0.926884830693472,0.837509408075341,0.603945425279367,1.01830981440785,0.163670763188895,1,0,0.0222222222222222,0,0.596649977882935,0.268080650955161,0.0230042909320146,0.129872613632029,-0.105606911650842
"984",984,4933,"Everest","EVER","Khumbu Himal",8849,12,2,1995,"EVER95106",1,"N Col-NE Ridge",NA,NA,NA,TRUE,FALSE,FALSE,FALSE,"1995-04-04","1995-05-11",1800,37,37,"1995-05-11",1,8849,3,23,7,0,2,1,TRUE,FALSE,"Nothing serious",27.98805618,86.92805481,0,0,309,94,NA,0,0,1,1990,37,37,"FALSE",261.053844819989,3.94886300781987,1,0,0.0263157894736842,0,0.944017294566471,0.852753553787032,0.746556201434162,0.588546235833433,0.816747521212416,99.5474660773026,2.12098680638851,0,0,0,0,0.925054282578216,NA,NA,NA,NA,0.940470392462266,0.138397997709283,2,0,0.0526315789473684,0,0.633169342495566,0.335459912221174,0.163610322859267,-0.224310041913822,-0.0871234370659854
"985",985,4934,"Everest","EVER","Khumbu Himal",8849,12,2,2003,"EVER03301",3,"S Col-SE Ridge",NA,NA,NA,FALSE,FALSE,FALSE,FALSE,"2003-09-11","2003-11-02",NA,52,55,"2003-11-05",1,8748,4,5,0,0,6,0,TRUE,FALSE,"Burger's frostbitten toes; Nima Tashi mild concussion in avalanche",27.98805618,86.92805481,1,0,42,313,131,0,NA,1,2000,52,55,"FALSE",265.374317963918,4.63757177893376,0,4,0,0.0714285714285714,0.980101246540678,0.944358687595021,0.911145236937184,0.89041418301381,0.917781555051434,92.8540896461124,7.04853923796796,0,0,0,0,0.894607863782967,0.728252273260417,0.595465329970804,0.454378334710323,0.246578097622382,0.880675659246909,0.209449531387367,4,3,0.0714285714285714,0.0535714285714286,0.576087193692962,0.164060745676439,0.00625103704091856,-0.0118947029554716,-0.0995457766321684
"987",987,4951,"Everest","EVER","Khumbu Himal",8849,12,2,1991,"EVER91111",1,"N Face (Great Couloir)",NA,NA,NA,TRUE,FALSE,FALSE,FALSE,"1991-04-04","1991-05-07",1525,33,47,"1991-05-21",1,8849,4,8,2,0,0,0,TRUE,FALSE,"2 serious frostbite cases (De Stefani and De Marchi); 1 cerebral edema (De Stefani)",27.98805618,86.92805481,0,0,186,94,NA,0,0,1,1990,33,47,"FALSE",262.924447165595,3.43971555802713,0,0,0,0,0.937701749421144,0.863469797074476,0.809260951414909,0.761774308439563,0.654503384710042,80.660403781467,0.638031556790288,7,0,0.145833333333333,0,0.642724885906986,0.327769104839224,0.253577525877819,-0.293320820748647,-0.134415194095755,1.05586555050003,0.189742300673626,0,2,0,0.0416666666666667,0.683888324300608,0.379546869628045,0.137354907969807,-0.178708345452539,-0.408497162070954
"988",988,4963,"Everest","EVER","Khumbu Himal",8849,12,2,2005,"EVER05170",1,"S Col-SE Ridge",NA,NA,NA,FALSE,FALSE,FALSE,FALSE,"2005-04-05","2005-05-02",NA,27,45,"2005-05-20",1,7400,3,7,0,0,0,0,FALSE,TRUE,"2 chest infections and 1 incipient altitude sickness",27.98805618,86.92805481,1,0,36,124,NA,0,NA,1,2000,27,45,"FALSE",261.657569429149,2.33269342083173,0,0,0,0,0.865327481268782,0.673724500312115,0.483289699708283,0.225845575697746,0.419793044867452,90.4685748556386,8.9912072048103,0,0,0,0,0.988488038675123,0.963511712287413,0.935273529337018,0.875776254423414,0.708327901970151,1.07910487176366,0.18997343139169,0,4,0,0.0869565217391304,0.69533053186556,0.416092680990808,0.217734369080205,0.0349673936171995,-0.197283445452386
"990",990,4980,"Everest","EVER","Khumbu Himal",8849,12,2,1993,"EVER93112",1,"S Col-SE Ridge",NA,NA,NA,TRUE,FALSE,FALSE,FALSE,"1993-04-01","1993-05-10",NA,39,45,"1993-05-16",1,8849,4,11,4,0,9,3,TRUE,FALSE,"Chirstine Allen exhaustion; Ball bleeding sinuses",27.98805618,86.92805481,0,0,278,4,NA,0,0,1,1990,39,45,"FALSE",262.012040691099,4.65386227390749,0,0,0,0,0.973253423182256,0.943016534274625,0.919566275071778,0.875754772877314,0.701812146250452,95.1875866876132,7.81688879205514,0,0,0,0,0.97926623968727,0.930368361065364,0.87017147096961,0.755762240306624,0.41854251434719,0.876626544910908,0.190838753547197,4,1,0.0869565217391304,0.0217391304347826,0.759662150035974,0.574535547819698,0.371866956239118,0.157507872987446,-0.197976696152574
"992",992,4998,"Everest","EVER","Khumbu Himal",8849,12,2,2018,"EVER18151",1,"S Col-SE Ridge",NA,NA,NA,TRUE,FALSE,FALSE,FALSE,"2018-04-07","2018-04-07",1130,0,44,"2018-05-21",4,8849,3,3,2,0,3,1,TRUE,FALSE,NA,27.98805618,86.92805481,0,0,185,185,NA,0,0,0.781631656082071,2010,0,44,"FALSE",263.120373111301,2.29486768411249,0,1,0,0.0222222222222222,0.885611040784041,0.785054912934575,0.702134163313737,0.601861697964805,0.086751316269421,82.5209581163194,3.23181658881882,4,0,0.0888888888888889,0,0.786679454046663,0.479014925145497,0.340020595798969,0.214392370090313,-0.310556439387278,0.924061800499767,0.214151394499598,4,0,0.0888888888888889,0,0.66120006054676,0.331135225029277,0.11005064311278,-0.102553720735467,-0.32483623550072
"993",993,5002,"Everest","EVER","Khumbu Himal",8849,12,2,1997,"EVER97108",1,"N Col-NE Ridge",NA,NA,NA,TRUE,FALSE,FALSE,FALSE,"1997-04-05","1997-05-02",1800,27,49,"1997-05-24",1,8849,3,27,13,3,0,0,TRUE,FALSE,"Frolov serious frostbite; Ovsharenko mild frostbite; 3 dead on summit attempt",27.98805618,86.92805481,0,0,36,124,NA,0.111111111111111,0.230769230769231,1,1990,27,49,"FALSE",262.862689539591,3.62255791721386,0,0,0,0,0.968527532344592,0.918727136066431,0.867746331228159,0.777528633184423,0.76371280432788,82.29654296875,3.61667994402565,6,0,0.12,0,0.975509564880492,0.925182593366871,0.868980388839517,0.777443989416316,0.463000315801571,1.02148600338348,0.215383765674005,2,2,0.04,0.04,0.695542496506579,0.520780127125015,0.467818195220303,0.282956980497753,0.0844850502863665
"994",994,5013,"Everest","EVER","Khumbu Himal",8849,12,2,2017,"EVER17154",1,"S Col-SE Ridge",NA,NA,NA,FALSE,FALSE,FALSE,FALSE,"2017-04-17","2017-05-03",NA,16,17,"2017-05-04",4,6100,1,1,0,0,0,0,FALSE,TRUE,NA,27.98805618,86.92805481,0,0,64,NA,95,0,NA,0.92818759159746,2010,16,17,"FALSE",263.951645745171,2.01646640384193,0,0,0,0,0.802308867037047,0.650025990344052,0.487934055096998,0.0282705481710808,0.217119999945315,80.8883599175347,0.649287494674096,0,0,0,0,0.577941585943902,0.0185928326293994,-0.24362665542515,-0.594896025153665,0.140665092622167,1.10144189069642,0.239942256814626,0,2,0,0.111111111111111,0.728014892904707,0.521723096862504,0.354744898740543,-0.347747123832913,0.59305742848169
"995",995,5018,"Everest","EVER","Khumbu Himal",8849,12,2,2015,"EVER15301",3,"S Col-SE Ridge",NA,NA,NA,FALSE,FALSE,FALSE,FALSE,"2015-09-07","2015-10-08",NA,31,34,"2015-10-11",1,8150,3,2,0,0,5,0,FALSE,TRUE,NA,27.98805618,86.92805481,1,0,222,190,314,0,NA,1,2010,31,34,"FALSE",269.222400483631,1.88952828806642,0,0,0,0,0.934523274735877,0.849771873988084,0.775597359271593,0.719388316567587,0.384768300644632,82.9460123697917,4.692897885831,5,0,0.142857142857143,0,0.774597595533759,0.397472146898544,0.128166306918767,-0.0207712304748296,-0.100781439465272,0.815113282399571,0.133709818579402,2,0,0.0571428571428571,0,0.271826463830252,0.150544502800998,-0.158739121311156,-0.186921070968395,0.0556184128875054
"996",996,5037,"Everest","EVER","Khumbu Himal",8849,12,2,1997,"EVER97306",3,"N Col-NE Ridge",NA,NA,NA,FALSE,FALSE,FALSE,FALSE,"1997-09-01","1997-09-27",NA,26,32,"1997-10-03",1,7600,1,2,0,0,0,0,FALSE,TRUE,"Gel stomach trouble from KTM food",27.98805618,86.92805481,1,0,NA,9,69,0,NA,1,1990,26,32,"FALSE",269.135886105624,3.12168379814516,0,5,0,0.151515151515152,0.97875570638963,0.935083887563485,0.901567054947959,0.892371001591496,0.867156265461907,84.5657527422664,2.82074067515312,0,0,0,0,0.785455390253761,0.54389172733751,0.454522939596636,0.433512418549155,-0.0600742167916137,0.922690507022574,0.177081340072074,1,1,0.0303030303030303,0.0303030303030303,0.570479111298871,0.110747651816327,-0.159337819241323,0.0229759241004428,-0.294858078487508
"997",997,5039,"Everest","EVER","Khumbu Himal",8849,12,2,2014,"EVER14113",1,"S Col-SE Ridge",NA,NA,NA,FALSE,FALSE,FALSE,FALSE,"2014-04-12","2014-04-12",NA,0,7,"2014-04-19",4,5350,0,7,0,0,12,0,FALSE,TRUE,NA,27.98805618,86.92805481,0,1,338,338,NA,0,NA,0.92818759159746,2010,0,7,"FALSE",259.301653146744,1.50433729790548,0,0,0,0,0.783574318662103,0.844173320852191,0.874534694623027,0.867778798294631,NA,100,0,0,0,0,0,NA,NA,NA,NA,NA,1.1746303497083,0.142056465038354,0,1,0,0.125,-0.143955569551553,-0.178693652680235,-0.00239165345183905,0.620638621901644,NA
"998",998,5043,"Everest","EVER","Khumbu Himal",8849,12,2,1980,"EVER80103",1,"N Col-NE Ridge","N Face (Japanese & Hornbein Couloirs)",NA,NA,TRUE,TRUE,FALSE,FALSE,"1980-03-05","1980-05-03",1655,59,59,"1980-05-03",1,8849,7,27,3,1,22,0,TRUE,FALSE,"Akira Ube died in avalanche",27.98805618,86.92805481,0,0,65,124,NA,0.037037037037037,0.333333333333333,1,1980,59,59,"FALSE",258.658809799618,4.13298322218227,5,0,0.0833333333333333,0,0.947190589143639,0.891270970131296,0.83648089487742,0.778678349799071,0.703015733654936,97.6293986002604,5.94659159368178,0,0,0,0,0.977445534462657,0.918032538015149,0.838428910051953,0.644555634845052,NA,1.01413011333575,0.154059855703856,0,1,0,0.0166666666666667,0.510352129159092,0.163299554127187,0.0297414721620601,-0.176825181612752,-0.168023299531084
"999",999,5052,"Everest","EVER","Khumbu Himal",8849,12,2,2006,"EVER06140",1,"N Col-NE Ridge",NA,NA,NA,FALSE,FALSE,FALSE,FALSE,"2006-04-09","2006-05-02",NA,23,44,"2006-05-23",1,7600,3,1,0,0,0,0,FALSE,TRUE,NA,27.98805618,86.92805481,1,0,36,247,NA,0,NA,1,2000,23,44,"FALSE",262.734110613222,3.53436025170031,0,0,0,0,0.947110131386938,0.878549130975756,0.823496034900481,0.792692425921352,0.632175358565829,91.6962004484954,8.53887601742586,0,0,0,0,0.957148238564997,0.904211008630625,0.841884365634256,0.700926229208073,0.518524114802943,0.943533377243047,0.200183962131941,4,0,0.0888888888888889,0,0.625704612417245,0.308864092596496,0.168575601973258,0.110534151257751,-0.199292248691392
"1003",1003,5076,"Everest","EVER","Khumbu Himal",8849,12,2,2005,"EVER05117",1,"N Col-NE Ridge",NA,NA,NA,FALSE,FALSE,FALSE,FALSE,"2005-04-03","2005-04-25",NA,22,36,"2005-05-09",4,7300,1,1,0,0,0,0,FALSE,TRUE,"Rampini got blood clot in one leg",27.98805618,86.92805481,0,0,NA,63,248,0,NA,0.915974596971177,2000,22,36,"FALSE",260.827886650154,2.70866844518052,0,0,0,0,0.832076385351416,0.53139933164444,0.341272593015894,0.211534828973249,0.386222324595155,93.9507891680743,7.94883281728588,0,0,0,0,0.982331657059753,0.94358496751776,0.899516626109728,0.80669221069697,0.518530361779509,1.03313062917397,0.175435072570543,0,2,0,0.0540540540540541,0.611664326850332,0.422621988814019,0.264792316238492,0.126016710315494,0.203715381101492
"1004",1004,5089,"Everest","EVER","Khumbu Himal",8849,12,2,2011,"EVER11152",1,"S Col-SE Ridge",NA,NA,NA,TRUE,FALSE,FALSE,FALSE,"2011-04-09","2011-05-05",400,26,35,"2011-05-14",5,8849,4,9,9,0,14,14,TRUE,FALSE,NA,27.98805618,86.92805481,0,0,125,247,NA,0,0,0.940400586223742,2010,26,35,"FALSE",263.140378793081,2.47175972065804,0,0,0,0,0.908730296815687,0.766579885943353,0.68305726352832,0.587221814979533,0.571548281877877,82.7291824905961,2.22733987313614,0,0,0,0,0.784232786228021,0.40697985584366,0.0639746275420181,-0.270194263967564,-0.186655802561081,0.91783638138264,0.233630682327949,6,1,0.166666666666667,0.0277777777777778,0.654208494410928,0.257966735310579,0.0734439531874026,0.0384718436364512,-0.146105840132834
"1006",1006,5115,"Everest","EVER","Khumbu Himal",8849,12,2,2000,"EVER00301",3,"S Col-SE Ridge",NA,NA,NA,TRUE,FALSE,FALSE,FALSE,"2000-09-19","2000-10-07",645,18,22,"2000-10-11",1,8849,4,8,5,0,4,2,TRUE,FALSE,"Lacen frostbitten fingers and toes but membrane will heal (left early)",27.98805618,86.92805481,0,0,192,NA,315,0,0,1,2000,18,22,"FALSE",265.630971383357,2.39965371965918,0,0,0,0,0.870703641977736,0.613478664274517,0.328900713912182,-0.10773205729574,-0.784903830437452,88.4200032552083,8.47357261227312,0,0,0,0,0.928566692095342,0.789815440942764,0.694578901702847,0.442770561722684,-0.27684420180872,0.781779028323648,0.177050105149749,4,0,0.173913043478261,0,0.774647386057575,0.541323355985148,0.255828036856748,-0.553114145186881,-0.310527399458124
"1009",1009,5136,"Everest","EVER","Khumbu Himal",8849,12,2,1996,"EVER96107",1,"N Col-NE Ridge",NA,NA,NA,TRUE,FALSE,FALSE,FALSE,"1996-04-04","1996-05-11",1245,37,44,"1996-05-18",6,8849,3,16,4,0,14,6,TRUE,FALSE,"Nothing",27.98805618,86.92805481,0,0,310,95,NA,0,0,0.781631656082071,1990,37,44,"FALSE",262.186963215581,3.48460991938676,0,0,0,0,0.95334016828906,0.880158661067643,0.816339231563602,0.680400535766438,0.491238637001138,98.6292552806713,4.28240067360549,0,0,0,0,0.971629236954582,0.888141335021658,0.758085238066284,0.59204043841091,NA,0.952588591876598,0.157804948015397,2,0,0.0444444444444444,0,0.592601571663528,0.517500963380159,0.21979525268641,-0.0455798861196742,-0.282645039717968
"1010",1010,5139,"Everest","EVER","Khumbu Himal",8849,12,2,1990,"EVER90108",1,"S Col-SE Ridge",NA,NA,NA,TRUE,FALSE,FALSE,FALSE,"1990-04-01","1990-05-10",845,39,39,"1990-05-10",4,8849,4,10,6,0,9,1,TRUE,FALSE,"Van Snik serious snowblindness",27.98805618,86.92805481,0,0,278,4,NA,0,0,0.867122618466048,1990,39,39,"FALSE",261.274148972829,3.39818321150058,0,0,0,0,0.934882067643767,0.836433982821909,0.763219186877232,0.742688754080988,0.60648258963332,83.4969685872396,4.93757738471286,3,0,0.075,0,0.892505799688799,0.695652377687368,0.530656727501428,0.354715737521167,-0.332067383056411,0.998015259431832,0.173364391307819,1,0,0.025,0,0.453056284839275,0.251991647830214,-0.0397581634634828,-0.0461289277873283,-0.224913701166298
"1012",1012,5153,"Everest","EVER","Khumbu Himal",8849,12,2,1995,"EVER95304",3,"N Col-NE Ridge",NA,NA,NA,FALSE,FALSE,FALSE,FALSE,"1995-09-01","1995-10-09",NA,38,38,"1995-10-09",10,8750,3,11,0,0,3,0,TRUE,FALSE,"Nothing serious",27.98805618,86.92805481,0,0,253,9,NA,0,NA,0.977039570102589,1990,38,38,"FALSE",269.166809603699,2.55153588708796,0,3,0,0.0769230769230769,0.948671819678516,0.888152897998112,0.87207385946949,0.824655175594447,0.580165813787695,88.5793811765491,6.66536857314689,0,0,0,0,0.914404268178047,0.735626123780502,0.547874252802546,0.217580737346838,0.020537928944695,0.887771752853084,0.148603105776473,1,0,0.0256410256410256,0,0.555286043385512,0.36349238307233,0.27795673801642,0.414988088340994,0.432589517281885
"1013",1013,5159,"Everest","EVER","Khumbu Himal",8849,12,2,2007,"EVER07118",1,"N Col-NE Ridge",NA,NA,NA,FALSE,FALSE,FALSE,FALSE,"2007-04-05","2007-04-28",NA,23,35,"2007-05-10",14,7000,1,1,0,0,2,0,FALSE,TRUE,NA,27.98805618,86.92805481,1,0,NA,124,278,0,NA,0.696140693698095,2000,23,35,"FALSE",263.677380826738,2.15760487310497,0,0,0,0,0.949321313881562,0.874495037233336,0.772230002433595,0.536496276961932,-0.00512042857948001,84.9912923177083,5.14509539842579,0,0,0,0,0.942332481967909,0.80244376107898,0.594389800946511,0.0481047260472125,-0.326913299151713,0.984493727924231,0.219302273231463,1,1,0.0277777777777778,0.0277777777777778,0.627798369470213,0.495366327811301,0.305470939772975,-0.105071359074968,-0.474398095705664
"1015",1015,5176,"Everest","EVER","Khumbu Himal",8849,12,2,2006,"EVER06141",1,"N Col-NE Ridge",NA,NA,NA,FALSE,FALSE,FALSE,FALSE,"2006-04-10","2006-05-05",NA,25,38,"2006-05-18",1,8600,0,1,0,0,0,0,FALSE,TRUE,NA,27.98805618,86.92805481,1,0,125,277,NA,0,NA,1,2000,25,38,"FALSE",262.08869120606,3.26099178241414,0,0,0,0,0.941567129566954,0.856336173269677,0.80474566102599,0.793800750085561,0.585192353307906,92.6366957966079,8.41273144860785,0,0,0,0,0.949943236781693,0.888715045060716,0.815726852767203,0.652038877380124,0.415901664521139,0.946237675221128,0.211924288776107,4,0,0.102564102564103,0,0.671675038493077,0.375152604043333,0.208933771583916,0.109679236073873,-0.180286479390722
"1020",1020,5204,"Everest","EVER","Khumbu Himal",8849,12,2,2004,"EVER04302",3,"N Col-NE Ridge",NA,NA,NA,FALSE,FALSE,FALSE,FALSE,"2004-09-03","2004-10-07",NA,34,37,"2004-10-10",1,8500,3,2,0,0,0,0,TRUE,FALSE,"Shalygin throat infection",27.98805618,86.92805481,1,0,192,69,284,0,NA,1,2000,34,37,"FALSE",269.389898300171,2.26710833983013,0,7,0,0.184210526315789,0.960031437362718,0.890180792767171,0.812386716594132,0.593635657010882,-0.0649617916244268,86.5804229200932,5.21037318382943,0,0,0,0,0.808229653451484,0.502374729122318,0.174730426749899,-0.0275988309572147,0.439968358603773,0.840002806815218,0.207046967851389,3,1,0.0789473684210526,0.0263157894736842,0.312377786365801,-0.0319371911852333,-0.0772870273709695,-0.158879705947542,0.0967958938348543
"1021",1021,5207,"Everest","EVER","Khumbu Himal",8849,12,2,2011,"EVER11119",1,"S Col-SE Ridge",NA,NA,NA,TRUE,FALSE,FALSE,FALSE,"2011-04-09","2011-05-12",800,33,38,"2011-05-17",1,8849,4,4,1,0,6,2,TRUE,FALSE,NA,27.98805618,86.92805481,0,0,339,247,NA,0,0,1,2010,33,38,"FALSE",263.503807573237,2.70114501198066,0,0,0,0,0.925513606227441,0.807820188897045,0.744951369372978,0.665286601213227,0.680277520040758,82.5333825787927,2.24592751671721,1,0,0.0256410256410256,0,0.805650681235173,0.46252519409519,0.130833003516918,-0.247832715802253,-0.136989084105923,0.912206157747354,0.225205236429115,6,1,0.153846153846154,0.0256410256410256,0.6386084480352,0.247614112641534,0.0582036821500202,0.044272184909636,-0.131713325280348
"1022",1022,5211,"Everest","EVER","Khumbu Himal",8849,12,2,2002,"EVER02127",1,"N Col-NE Ridge",NA,NA,NA,FALSE,FALSE,FALSE,FALSE,"2002-04-09","2002-05-10",NA,31,36,"2002-05-15",1,7500,1,3,0,0,1,0,FALSE,TRUE,NA,27.98805618,86.92805481,0,0,278,247,NA,0,NA,1,2000,31,36,"FALSE",263.629209484066,3.54287739762083,0,2,0,0.0540540540540541,0.934421996076055,0.798934617823125,0.631431220252192,0.25604225424266,-0.495490275622331,87.8337996199324,7.56798784990799,0,0,0,0,0.899736977344872,0.722818007373208,0.543260223964722,0.151817696066232,-0.549257692443656,0.970607466790595,0.223347837098163,1,3,0.027027027027027,0.0810810810810811,0.593092906853857,0.345953087328757,0.185951059695299,-0.150754342112513,-0.0634663556430684
"1023",1023,5223,"Everest","EVER","Khumbu Himal",8849,12,2,1996,"EVER96101",1,"S Col-SE Ridge",NA,NA,NA,TRUE,FALSE,FALSE,FALSE,"1996-04-01","1996-05-10",1500,39,49,"1996-05-20",1,8849,4,5,1,1,7,2,TRUE,FALSE,"Gau badly frostbitten during bivouac at 8300m; Chen fatal fall",27.98805618,86.92805481,0,0,279,4,NA,0.2,1,1,1990,39,49,"FALSE",261.685807762146,4.03488200508449,1,0,0.02,0,0.967102060239571,0.915322661901304,0.859833135754667,0.75403910260353,0.686833503059242,98.0259098307292,5.31122450079635,0,0,0,0,0.977563794217212,0.917857739959287,0.828068822015864,0.581846024709629,NA,0.952240068618106,0.151011956632779,2,0,0.04,0,0.586051587083078,0.504577277942605,0.20757187429252,-0.0570321505966889,-0.267048479703677
"1024",1024,5224,"Everest","EVER","Khumbu Himal",8849,12,2,1990,"EVER90109",1,"S Col-SE Ridge",NA,NA,NA,FALSE,FALSE,FALSE,FALSE,"1990-04-01","1990-05-08",NA,37,37,"1990-05-08",1,8500,4,3,0,0,4,0,TRUE,FALSE,"None",27.98805618,86.92805481,0,0,217,4,NA,0,NA,1,1990,37,37,"FALSE",260.938138694094,3.13862493679503,0,0,0,0,0.920434456850448,0.810520272299227,0.72930294397931,0.717477464379155,0.623325511221834,83.4987664473684,5.06842758015575,3,0,0.0789473684210526,0,0.893124274984822,0.696765852245215,0.532046519470398,0.349853431357502,-0.317524581067194,1.01725860280953,0.154311121010746,0,0,0,0,0.288118985082641,0.100686865965596,-0.194205138272009,-0.0164819380104885,-0.169218531637466
"1025",1025,5241,"Everest","EVER","Khumbu Himal",8849,12,2,1997,"EVER97310",3,"S Col-SE Ridge",NA,NA,NA,FALSE,FALSE,FALSE,FALSE,"1997-09-07","1997-10-06",NA,29,38,"1997-10-15",1,7900,3,10,0,0,5,0,FALSE,TRUE,"Nothing serious",27.98805618,86.92805481,1,0,161,190,NA,0,NA,1,1990,29,38,"FALSE",266.436979391636,3.9874312573476,0,0,0,0,0.98436422185434,0.962189106047757,0.941112219648984,0.901354681792777,0.773338948087712,83.7799166165865,2.62051615092133,0,0,0,0,0.898512812103221,0.782315925149818,0.71114548104528,0.545198319189611,0.20361651646816,0.927585344854688,0.173591635397556,1,1,0.0256410256410256,0.0256410256410256,0.458927920907169,0.0911231057137778,-0.135426124885783,-0.00701580334804768,-0.343247778110009
"1026",1026,5244,"Everest","EVER","Khumbu Himal",8849,12,2,1991,"EVER91103",1,"S Col-SE Ridge",NA,NA,NA,TRUE,FALSE,FALSE,FALSE,"1991-03-10","1991-05-08",900,59,59,"1991-05-08",1,8849,2,13,3,0,0,0,TRUE,FALSE,"Lhakpa Gyalu broke leg April 2-3 in icefall collapse at 3:30 pm",27.98805618,86.92805481,0,0,217,276,NA,0,0,1,1990,59,59,"FALSE",260.11852162679,3.38363585293847,0,0,0,0,0.905425191912263,0.788054441043248,0.693724197329333,0.537677330819833,0.459532800960952,87.5454847547743,9.08666396192697,5,0,0.0833333333333333,0,0.990354358909734,0.967470422162858,0.937723241878585,0.866606318846318,0.697914329359622,1.02065655117668,0.166510223221988,0,2,0,0.0333333333333333,0.561672933774361,0.356159859905093,0.178765984987121,0.0882606283494962,-0.0261207983523949
"1027",1027,5247,"Everest","EVER","Khumbu Himal",8849,12,2,2006,"EVER06303",3,"S Col-SE Ridge",NA,NA,NA,FALSE,FALSE,FALSE,FALSE,"2006-09-02","2006-10-08",NA,36,56,"2006-10-28",1,8400,4,3,0,0,4,0,TRUE,FALSE,"Kim suffered from headache and vomit at C1 on 23 Oct",27.98805618,86.92805481,1,1,222,40,NA,0,NA,1,2000,36,56,"FALSE",266.495700635408,4.37623559280437,0,5,0,0.087719298245614,0.98087100518475,0.952020499385263,0.928628627640372,0.887377842754177,0.869779750930337,87.2790513066521,6.85216299654716,0,0,0,0,0.93860110054487,0.814055113618181,0.666012513840344,0.375728608882498,-0.20556569181141,0.822002003701169,0.1783390351325,5,0,0.087719298245614,0,0.571483011275132,0.214788020187723,-0.0561814280645903,-0.483228114422546,0.448125879638909
"1030",1030,5276,"Everest","EVER","Khumbu Himal",8849,12,2,2012,"EVER12187",1,"S Col-SE Ridge",NA,NA,NA,FALSE,FALSE,FALSE,FALSE,"2012-04-19","2012-05-01",NA,12,22,"2012-05-11",1,6200,0,1,0,0,2,0,TRUE,FALSE,"Chest infection at BC",27.98805618,86.92805481,0,0,5,NA,310,0,NA,1,2010,12,22,"FALSE",261.223561991816,2.47708596843141,0,0,0,0,0.895092380777257,0.698915793440107,0.429243654078182,-0.184483566215926,-0.765008574518671,83.5750785495924,5.46970687305045,0,0,0,0,0.961616525150856,0.891606327403216,0.736328382451488,-0.0317309329312882,-0.557447330028724,1.13073904355668,0.241933652871752,0,5,0,0.217391304347826,0.832487519460156,0.609986347692366,0.391946511509097,0.0799345137332661,-0.633304797694811
"1034",1034,5295,"Everest","EVER","Khumbu Himal",8849,12,2,1995,"EVER95109",1,"S Col-SE Ridge",NA,NA,NA,FALSE,FALSE,FALSE,FALSE,"1995-04-10","1995-05-12",NA,32,32,"1995-05-12",12,8500,4,11,0,0,15,0,TRUE,FALSE,"Berg's fall & Sherpa's death only",27.98805618,86.92805481,1,0,339,277,NA,0,NA,0,1990,32,32,"FALSE",262.252786732683,3.39563007762318,0,0,0,0,0.930498243595914,0.834086581188704,0.760095357922022,0.568046271497051,0.666072907840007,98.9847128511679,3.56269668246941,0,0,0,0,0.936746506204241,0.770137968394813,NA,NA,NA,0.9162851848356,0.139259285553626,3,0,0.0909090909090909,0,0.655337887193997,0.495347666100028,0.420403030355585,-0.033668471975778,-0.176842774594018
"1036",1036,5298,"Everest","EVER","Khumbu Himal",8849,12,2,2019,"EVER19304",3,"S Col-SE Ridge",NA,NA,NA,FALSE,FALSE,FALSE,FALSE,"2019-09-07","2019-09-11",NA,4,18,"2019-09-25",1,6000,0,1,0,0,0,0,FALSE,TRUE,NA,27.98805618,86.92805481,0,1,313,190,NA,0,NA,1,2010,4,18,"FALSE",270.600061583937,1.58901013046189,0,9,0,0.473684210526316,0.931682155423536,0.794739320326459,0.684529109791069,0.576343194492153,-0.416370925509341,87.9911638226425,5.77274365902795,0,0,0,0,0.621828384051402,0.0255663075657793,-0.381349443048168,-0.00204910104860176,-0.755209295011767,0.864483085399229,0.257985343333882,2,2,0.105263157894737,0.105263157894737,0.757982289644406,0.380031246760827,0.0999010439967231,-0.141577592858679,-0.457879408807924
"1037",1037,5309,"Everest","EVER","Khumbu Himal",8849,12,2,1991,"EVER91101",1,"S Col-SE Ridge",NA,NA,NA,TRUE,FALSE,FALSE,FALSE,"1991-03-10","1991-05-08",1000,59,59,"1991-05-08",4,8849,4,4,1,0,0,0,TRUE,FALSE,"Matous altitude illness",27.98805618,86.92805481,0,0,217,276,NA,0,0,0.867122618466048,1990,59,59,"FALSE",260.11852162679,3.38363585293847,0,0,0,0,0.905425191912263,0.788054441043248,0.693724197329333,0.537677330819833,0.459532800960952,87.5454847547743,9.08666396192697,5,0,0.0833333333333333,0,0.990354358909734,0.967470422162858,0.937723241878585,0.866606318846318,0.697914329359622,1.02065655117668,0.166510223221988,0,2,0,0.0333333333333333,0.561672933774361,0.356159859905093,0.178765984987121,0.0882606283494962,-0.0261207983523949
"1038",1038,5313,"Everest","EVER","Khumbu Himal",8849,12,2,2009,"EVER09152",1,"S Col-SE Ridge",NA,NA,NA,TRUE,FALSE,FALSE,FALSE,"2009-04-05","2009-05-05",400,30,50,"2009-05-25",1,8849,4,20,9,0,42,11,TRUE,FALSE,NA,27.98805618,86.92805481,0,0,125,124,NA,0,0,1,2000,30,50,"FALSE",265.691633000093,2.80306710001348,0,4,0,0.0784313725490196,0.901524028402596,0.743977571568286,0.609336966420558,0.271244679354287,-0.40962263852024,81.2846759472018,2.63297479967571,12,0,0.235294117647059,0,0.711970626238883,0.477882366431756,0.335977792532045,0.00427922954818421,0.407194227825691,1.22569587503208,0.234550306889771,0,16,0,0.313725490196078,0.53077955164219,0.145363071958713,-0.105536589267128,-0.164560625882087,-0.283525414130082
"1040",1040,5320,"Everest","EVER","Khumbu Himal",8849,12,2,1999,"EVER99124",1,"S Col-SE Ridge",NA,NA,NA,FALSE,FALSE,FALSE,FALSE,"1999-04-08","1999-05-12",NA,34,36,"1999-05-14",1,8650,2,1,0,0,0,0,FALSE,TRUE,"3 toes frostbitten but will heal; temporarily strained stomach muscle",27.98805618,86.92805481,0,0,339,216,NA,0,NA,1,1990,34,36,"FALSE",267.2837150505,1.97605170152389,0,4,0,0.108108108108108,0.802331551452081,0.460015200810543,0.150089675823667,0.115294002124064,-0.0566474821342352,81.0030858495214,1.98165697724887,20,0,0.540540540540541,0,0.916582830771124,0.818734943056375,0.751863739676355,0.22372773600395,-0.145002485953536,1.11079842134691,0.160757740814884,0,2,0,0.0540540540540541,0.309425257470156,-0.0691073946026922,-0.103154569782525,-0.150924902808998,-0.135296155304198
"1041",1041,5321,"Everest","EVER","Khumbu Himal",8849,12,2,1999,"EVER99123",1,"S Col-SE Ridge",NA,NA,NA,FALSE,FALSE,FALSE,FALSE,"1999-03-10","1999-05-06",NA,57,81,"1999-05-30",8,8400,4,2,0,0,0,0,TRUE,FALSE,NA,27.98805618,86.92805481,0,0,156,276,NA,0,NA,0.830483634587201,1990,57,81,"FALSE",265.153391644238,4.56309170633004,0,14,0,0.170731707317073,0.955034012896267,0.877119793240055,0.797903223667557,0.677084826993159,0.69975071024735,81.6465290348704,2.42138755282588,30,0,0.365853658536585,0,0.943608763894276,0.874472946472854,0.841611174438462,0.753492119303369,0.525194032948988,1.16532924573588,0.221312371683324,0,11,0,0.134146341463415,0.614161944303606,0.313330923634089,0.286032326100535,0.265560611261877,0.286367751927835
"1042",1042,5338,"Everest","EVER","Khumbu Himal",8849,12,2,1996,"EVER96110",1,"N Col-NE Ridge",NA,NA,NA,TRUE,FALSE,FALSE,FALSE,"1996-04-05","1996-05-10",1010,35,52,"1996-05-27",1,8849,6,33,8,3,13,0,TRUE,FALSE,"3 died on summit attempt",27.98805618,86.92805481,0,0,279,125,NA,0.0909090909090909,0.375,1,1990,35,52,"FALSE",263.164959457685,3.6723892708804,0,3,0,0.0566037735849057,0.957134340048047,0.888328571754126,0.809849541704618,0.627774708993345,0.461146514894789,95.5420106132076,7.88003935444589,2,0,0.0377358490566038,0,0.989375311527089,0.960790786517045,0.920178959498623,0.819941707844784,0.503386600050704,0.924210996056869,0.166614449534985,5,0,0.0943396226415094,0,0.650157050287933,0.551900369235084,0.301069820393622,-0.0428664106883892,-0.458141845128309
"1043",1043,5351,"Everest","EVER","Khumbu Himal",8849,12,2,2007,"EVER07102",1,"N Col-NE Ridge",NA,NA,NA,TRUE,FALSE,FALSE,FALSE,"2007-04-11","2007-04-30",1530,19,23,"2007-05-04",7,8849,2,2,2,0,0,0,TRUE,FALSE,"Pivtsov pulmonary edema and slight frostbite one toe",27.98805618,86.92805481,0,0,NA,308,95,0,0,0.915974596971177,2000,19,23,"FALSE",263.528433773253,1.57434061152843,0,0,0,0,0.892459668001456,0.678065537274678,0.296688078556062,-0.419870926189264,-0.0893136288257699,82.5681287977431,1.84224871015668,0,0,0,0,0.695758630823613,0.0973981389451494,-0.290439224276425,-0.218550568974963,-0.136280093749139,0.970566242009098,0.252825054469934,1,1,0.0416666666666667,0.0416666666666667,0.595721520084002,0.437847656138545,0.219729226332848,-0.183303047516741,-0.51188677518502
"1044",1044,5352,"Everest","EVER","Khumbu Himal",8849,12,2,2002,"EVER02305",3,"S Col-SE Ridge",NA,NA,NA,FALSE,FALSE,FALSE,FALSE,"2002-09-03","2002-10-04",NA,31,35,"2002-10-08",1,8400,4,6,0,0,4,0,TRUE,FALSE,NA,27.98805618,86.92805481,1,1,100,68,222,0,NA,1,2000,31,35,"FALSE",268.190724443506,1.60980874414767,0,0,0,0,0.863806852815674,0.650142424489993,0.455302517501748,0.308333083634471,0.807389539856377,91.5646136248553,6.39857459470058,0,0,0,0,0.941803695577287,0.856051302796621,0.787802349944233,0.646011060641046,0.185148964687048,0.983765710286859,0.132457468615873,0,0,0,0,0.622759986216953,0.182585582483459,-0.00737224243909136,0.00572737062614048,-0.215469149386679
"1045",1045,5374,"Everest","EVER","Khumbu Himal",8849,12,2,1997,"EVER97103",1,"N Col-NE Ridge",NA,NA,NA,FALSE,FALSE,FALSE,FALSE,"1997-03-25","1997-05-08",NA,44,48,"1997-05-12",14,8600,3,10,0,0,12,0,TRUE,FALSE,"Sudarto and Rudi altitude sickness and left BC 2nd April; Rudi also had frostbite",27.98805618,86.92805481,0,0,217,NA,339,0,NA,0.966762543943752,1990,44,48,"FALSE",261.075975573793,3.47393585808899,0,0,0,0,0.885637186146543,0.73029818736227,0.670417841624684,0.6382302172109,0.459933296326842,84.1240749229379,5.13278316276991,0,0,0,0,0.858432285573531,0.665562380132159,0.54056645845254,0.480481907552059,-0.040482048326751,0.980935656621902,0.188757041810801,2,1,0.0408163265306122,0.0204081632653061,0.517299247385609,0.292399672260252,0.290655260839123,-0.054779424152692,-0.332122315211445
"1046",1046,5382,"Everest","EVER","Khumbu Himal",8849,12,2,2021,"EVER21131",1,"S Col-SE Ridge",NA,NA,NA,TRUE,FALSE,FALSE,FALSE,"2021-04-12","2021-05-12",700,30,30,"2021-05-12",12,8849,4,8,3,0,8,5,TRUE,FALSE,NA,27.98805618,86.92805481,0,0,339,338,NA,0,0,0,2020,30,30,"FALSE",261.639329212968,2.333061968167,0,0,0,0,0.875807289014667,0.75264666132287,0.626786532603772,0.387025670132549,-0.0967726719920295,83.3860073294691,4.34966438216766,0,0,0,0,0.745145072188962,0.328156062448099,0.0212144862511504,-0.170484013359969,-0.302697501767679,0.943339559277927,0.195648788994982,2,0,0.0645161290322581,0,0.687933951137507,0.485954094681992,0.494721668250123,0.106797129141392,-0.400431449638252
"1048",1048,5399,"Everest","EVER","Khumbu Himal",8849,12,2,2006,"EVER06162",1,"N Col-NE Ridge",NA,NA,NA,FALSE,FALSE,FALSE,FALSE,"2006-04-09","2006-04-22",NA,13,25,"2006-05-04",1,7100,0,1,0,0,0,0,FALSE,TRUE,NA,27.98805618,86.92805481,1,0,NA,247,95,0,NA,1,2000,13,25,"FALSE",260.210930579748,2.22799368796367,0,0,0,0,0.818970951579169,0.559821745398327,0.383764659031696,0.263088559459166,-0.510989773488781,98.2483911758814,4.20394008558395,0,0,0,0,0.83492367604082,0.391971477156026,-0.142446532963452,-0.15832287744895,-0.169908064934282,1.01061206208138,0.2026669935112,0,0,0,0,0.626933415613611,0.381607766202998,0.294626339510671,0.194517610446124,-0.425290638433633
"1049",1049,5411,"Everest","EVER","Khumbu Himal",8849,12,2,2011,"EVER11101",1,"S Col-SE Ridge",NA,NA,NA,TRUE,FALSE,FALSE,FALSE,"2011-04-11","2011-05-06",1045,25,44,"2011-05-25",10,8849,0,25,18,0,25,20,TRUE,FALSE,NA,27.98805618,86.92805481,0,0,156,308,NA,0,0,0.940261110378478,2010,25,44,"FALSE",264.475940704346,2.76781386404221,0,1,0,0.0222222222222222,0.933061680581174,0.840923905053507,0.800196988009908,0.722142954653062,0.74905688025378,82.6508463541667,2.23095141724348,1,0,0.0222222222222222,0,0.782453740837049,0.37416930797684,0.00639062837246584,-0.325043491837714,-0.0925516290685728,0.920654106306598,0.231818787212182,7,1,0.155555555555556,0.0222222222222222,0.594243959097542,0.152388416936783,-0.025627809130855,0.0390453659390935,-0.0898892197459513
"1051",1051,5426,"Everest","EVER","Khumbu Himal",8849,12,2,1996,"EVER96113",1,"S Col-SE Ridge",NA,NA,NA,TRUE,FALSE,FALSE,FALSE,"1996-04-07","1996-05-10",NA,33,39,"1996-05-16",6,8849,4,12,9,1,10,4,TRUE,FALSE,"Fischer died of cerebral edema; Fox and Madsen altitude sickness; Kruse altitude sickness 2nd time in C1 about 6 May and left night after 10th; Nielson frostbitten fingers",27.98805618,86.92805481,0,0,279,186,NA,0.0833333333333333,0.111111111111111,0.98567405412024,1990,33,39,"FALSE",262.539324919383,3.2123144426606,0,0,0,0,0.943365580942931,0.854721335643238,0.767708692667856,0.560723488486908,0.363420741420417,99.3203857421875,2.66340807142941,0,0,0,0,0.949170091172129,0.79587261341459,0.795344167740491,NA,NA,0.951889068474976,0.166504342222861,2,0,0.05,0,0.593840970321617,0.51538863656215,0.222306651163698,-0.0844624089536494,-0.289494921374548
"1052",1052,5427,"Everest","EVER","Khumbu Himal",8849,12,2,1996,"EVER96115",1,"S Col-SE Ridge",NA,NA,NA,TRUE,FALSE,FALSE,FALSE,"1996-09-04","1996-10-05",NA,31,31,"1996-10-05",4,8849,0,13,6,4,9,2,TRUE,FALSE,"Tenzin fell into crevasse between C1 & C2 climb; Weathers had snow[-blind] problem from arrival at C1 on 16th April to S Col)",27.98805618,86.92805481,0,0,279,248,NA,0.307692307692308,0.666666666666667,0.986898493939023,1990,31,31,"FALSE",269.643039981524,1.23190700167978,0,0,0,0,0.862399870421152,0.62353295373165,0.374170578166369,-0.04000038329543,-0.238457809149568,85.447265625,3.87684197586507,0,0,0,0,0.757127222542783,0.185127857168832,-0.0731812610554514,-0.225000539940747,-0.210545454004166,0.876902020035161,0.215782594567095,1,1,0.03125,0.03125,0.73411638230687,0.315651518552184,0.0117564300367974,-0.211701385017929,-0.011419162560293
"1056",1056,5450,"Everest","EVER","Khumbu Himal",8849,12,2,1997,"EVER97309",3,"N Col-NE Ridge",NA,NA,NA,FALSE,FALSE,FALSE,FALSE,"1997-09-01","1997-09-08",NA,7,13,"1997-09-14",1,7000,0,13,0,1,3,0,FALSE,TRUE,"Nothing except fatal avalanche which killed Choi",27.98805618,86.92805481,0,0,221,9,NA,0.0769230769230769,Inf,1,1990,7,13,"FALSE",271.416349138532,0.807453914893922,0,5,0,0.357142857142857,0.815478885897897,0.509476823845964,0.212691203990358,-0.0852874603033387,-0.605123398088109,86.7257661365327,2.55089186342266,0,0,0,0,0.493743374348063,0.0305558730676944,-0.118543204844093,0.149456202854742,-0.469484111661351,0.895719252476017,0.118073061543269,0,0,0,0,0.680373637942359,0.16293401832877,-0.0522626693684836,-0.56136833285737,-0.931203093615041
"1057",1057,5459,"Everest","EVER","Khumbu Himal",8849,12,2,2009,"EVER09302",3,"S Col-SE Ridge",NA,NA,NA,FALSE,FALSE,FALSE,FALSE,"2009-09-02","2009-10-01",NA,29,34,"2009-10-06",4,7200,3,28,0,0,5,0,FALSE,TRUE,NA,27.98805618,86.92805481,1,0,10,40,161,0,NA,0.930574262275009,2000,29,34,"FALSE",269.931689416795,0.909240690139406,0,0,0,0,0.809022094744576,0.618077255777831,0.609948352725072,0.332925600769192,-0.271195862361811,87.1191243489583,5.18412863159413,0,0,0,0,0.894842895202148,0.664738803710536,0.406581478839818,0.0663475435720147,-0.564625958054616,0.926039076913633,0.217365672057372,1,2,0.0285714285714286,0.0571428571428571,0.618276999414982,0.43385207401273,0.336937128030634,0.05233212658935,-0.0148071259162889
"1058",1058,5462,"Everest","EVER","Khumbu Himal",8849,12,2,1986,"EVER86304",3,"W Ridge from N (7170m)","N Face",NA,NA,FALSE,FALSE,FALSE,FALSE,"1986-09-08","1986-10-12",NA,34,48,"1986-10-26",1,7170,3,11,0,0,8,0,TRUE,FALSE,NA,27.98805618,86.92805481,1,0,344,221,NA,0,NA,1,1980,34,48,"FALSE",264.497451133469,4.23052150267687,0,0,0,0,0.977485135332433,0.950187975465909,0.926388227800772,0.901738052705757,0.852693635714048,92.5285312367134,7.68459714873553,0,0,0,0,0.899739905989642,0.708241492943071,0.501590430565074,0.130028623412435,-0.37510063696498,0.82542928663536,0.183021989402465,5,1,0.102040816326531,0.0204081632653061,0.593654899804964,0.482145990857021,0.20062007269678,0.0081302768347958,0.0101415947053815
"1062",1062,5478,"Everest","EVER","Khumbu Himal",8849,12,2,1990,"EVER90310",3,"W Cwm-W Ridge (to 7500m)","S Col-SE Ridge",NA,NA,FALSE,TRUE,FALSE,FALSE,"1990-09-05","1990-10-07",1310,32,32,"1990-10-07",1,8849,4,14,3,0,10,1,TRUE,FALSE,"Jamnik ill in Kathmandu; Sterni suffered recurrence of last year's vertebrae problem",27.98805618,86.92805481,0,0,191,129,NA,0,0,1,1990,32,32,"FALSE",269.787115000715,1.69994063549106,0,6,0,0.181818181818182,0.932662033206817,0.822170011446337,0.724328868334379,0.55012386934632,0.500792095413577,85.7110854640152,3.86115624918087,0,0,0,0,0.756204810753442,0.398258110032126,0.19072401909831,-0.0632561545815217,-0.230102634490385,0.871495948215569,0.14310443890001,1,0,0.0303030303030303,0,0.405824780925531,0.0660063411395944,0.149561805690959,0.234282934689171,-0.111071369202789
"1064",1064,5483,"Everest","EVER","Khumbu Himal",8849,12,2,1990,"EVER90311",3,"S Col-SE Ridge",NA,NA,NA,FALSE,FALSE,FALSE,FALSE,"1990-09-10","1990-10-06",NA,26,27,"1990-10-07",1,8500,3,2,0,0,2,0,TRUE,FALSE,"1 Sherpa bad headache; 1 member psychosomatic illness",27.98805618,86.92805481,1,0,161,282,191,0,NA,1,1990,26,27,"FALSE",269.423386800857,1.55084853898016,0,3,0,0.107142857142857,0.914532568368355,0.785692102109313,0.665375548599296,0.398889997510984,0.590855265912603,85.8569132486979,4.10556780559363,0,0,0,0,0.748946040354145,0.447095332815051,0.276300709065648,0.000541786767720362,-0.1565092927651,0.865783876048152,0.148384835782919,1,0,0.0357142857142857,0,0.432232082442006,0.128111873936938,0.175545586057831,0.244903829524364,-0.0990939291617575
"1065",1065,5485,"Everest","EVER","Khumbu Himal",8849,12,2,2015,"EVER15160",1,"S Col-SE Ridge",NA,NA,NA,FALSE,FALSE,FALSE,FALSE,"2015-04-12","2015-04-24",NA,12,19,"2015-05-01",7,6100,1,4,0,0,5,0,FALSE,TRUE,NA,27.98805618,86.92805481,0,0,NA,338,5,0,NA,0.97281743602302,2010,12,19,"FALSE",259.874799728394,1.18272987797869,0,0,0,0,0.503461110731493,0.189996611377429,0.0980952473460077,-0.219801026349266,-0.468761969797504,100,0,0,0,0,0,NA,NA,NA,NA,NA,0.730516676236946,0.119236555653157,7,0,0.35,0,0.235007090217835,-0.059402769026753,-0.291336649189722,0.160455167596039,-0.00746841803953863
"1066",1066,5489,"Everest","EVER","Khumbu Himal",8849,12,2,2011,"EVER11112",1,"S Col-SE Ridge",NA,NA,NA,TRUE,FALSE,FALSE,FALSE,"2011-04-14","2011-05-09",1039,25,28,"2011-05-12",4,8849,3,2,1,0,1,1,TRUE,FALSE,NA,27.98805618,86.92805481,0,0,248,NA,339,0,0,0.893841067711522,2010,25,28,"FALSE",263.458476801028,2.12092591332867,0,0,0,0,0.862671272801866,0.643806641755334,0.530468281067616,0.454057719455543,0.346368917217997,82.9506218570402,2.35465406130537,0,0,0,0,0.788915748972637,0.429732742953195,0.0927435749706026,-0.360336953743941,-0.25640710755653,0.897247070843486,0.250426900581307,6,1,0.206896551724138,0.0344827586206897,0.669479061679741,0.27663792812527,0.0875194097695293,0.00833915788233904,-0.194848248448673
"1067",1067,5497,"Everest","EVER","Khumbu Himal",8849,12,2,1995,"EVER95101",1,"S Col-SE Ridge",NA,NA,NA,TRUE,FALSE,FALSE,FALSE,"1995-03-21","1995-05-07",1330,47,51,"1995-05-11",1,8849,4,12,0,0,8,1,TRUE,FALSE,"Mauduit very serious altitude sickness; Ulrich broken arm; Popinska bronchitis",27.98805618,86.92805481,0,0,186,NA,309,0,NA,1,1990,47,51,"FALSE",260.054183580937,4.21466055442581,2,0,0.0384615384615385,0,0.946934845505798,0.861101575668401,0.755888622644051,0.541419296790562,0.398703229160738,99.6693021334135,1.81789996411211,0,0,0,0,0.925454239057488,NA,NA,NA,NA,0.948204203778173,0.148491515445403,2,1,0.0384615384615385,0.0192307692307692,0.41872134880944,0.0114114549940688,0.0837206959668764,-0.0458318153825624,0.0385332802397421
"1071",1071,5540,"Everest","EVER","Khumbu Himal",8849,12,2,2019,"EVER19303",3,"Geneva Spur-SE Ridge",NA,NA,NA,FALSE,FALSE,FALSE,FALSE,"2019-09-05","2019-10-04",NA,29,31,"2019-10-06",4,8300,2,2,0,0,0,0,FALSE,TRUE,NA,27.98805618,86.92805481,1,0,100,129,161,0,NA,0.930574262275009,2010,29,31,"FALSE",269.783691287041,1.90786138758574,0,11,0,0.34375,0.966141246710749,0.910565204514573,0.863334952717326,0.818286019634177,0.67789432660184,89.5303014119466,6.48197295561418,0,0,0,0,0.751115020238115,0.331390139197837,0.0252678332018806,-0.0275150689941857,-0.0135890239192271,0.807408453463349,0.226417635630556,3,2,0.09375,0.0625,0.705026063386347,0.290697249012776,0.137184550532175,0.084094638291127,0.0132741538192426
"1072",1072,5541,"Everest","EVER","Khumbu Himal",8849,12,2,2009,"EVER09301",3,"N Col-NE Ridge (to 7500m)","N Face (to 7200m)",NA,NA,FALSE,FALSE,FALSE,FALSE,"2009-09-05","2009-09-18",NA,13,35,"2009-10-10",1,7500,0,4,0,0,0,0,FALSE,TRUE,NA,27.98805618,86.92805481,1,0,NA,129,283,0,NA,1,2000,13,35,"FALSE",269.406536490829,1.72287878411332,0,0,0,0,0.900905635248141,0.640184032046037,0.370816036236081,0.307527297858777,0.299502697431511,88.6423091182002,6.51349890870127,0,0,0,0,0.92788452056133,0.801929094757557,0.645746961857776,0.242664602981725,-0.291736881487464,0.9379900579189,0.226474090263124,1,3,0.0277777777777778,0.0833333333333333,0.6331443056364,0.491194338411945,0.389426189067126,-0.0439483182055649,-0.255084003333421
"1073",1073,5543,"Everest","EVER","Khumbu Himal",8849,12,2,2007,"EVER07155",1,"N Col-NE Ridge",NA,NA,NA,FALSE,FALSE,FALSE,FALSE,"2007-04-06","2007-05-07",NA,31,33,"2007-05-09",5,7600,1,1,0,0,0,0,FALSE,TRUE,"Alder's right-hand inflammation",27.98805618,86.92805481,0,0,186,155,248,0,NA,0.869352271335864,2000,31,33,"FALSE",263.623030812133,2.10863573835428,0,0,0,0,0.945891944450609,0.860581821712549,0.749171334985186,0.482762326141683,-0.0731420731781444,84.5525883693321,4.58821494507026,0,0,0,0,0.926163099097497,0.730616413784399,0.427659027149258,-0.0613158656244854,-0.214061250310177,0.982088056466372,0.22465352122355,1,1,0.0294117647058824,0.0294117647058824,0.634211782773193,0.491482610774352,0.295783234602394,-0.126633573595411,-0.486306749472567
"1076",1076,5552,"Everest","EVER","Khumbu Himal",8849,12,2,1991,"EVER91107",1,"W Cwm-W Ridge (to 7400m)","S Col-SE Ridge (to 7900m)",NA,NA,FALSE,FALSE,FALSE,FALSE,"1991-03-26","1991-05-01",NA,36,45,"1991-05-10",5,7900,4,6,0,0,2,0,FALSE,TRUE,"Coulton frostbite that will heal",27.98805618,86.92805481,1,0,5,NA,278,0,NA,0.66119750214277,1990,36,45,"FALSE",261.586167611938,2.80902133071127,0,0,0,0,0.905322970481794,0.804185973093351,0.73077787299881,0.655012408820917,0.288215572867033,82.8953751273777,5.77742597040125,5,0,0.108695652173913,0,0.97219986346599,0.904252763804088,0.817215024042462,0.659262469739219,0.580921093715162,1.05986906023859,0.178069175132252,0,2,0,0.0434782608695652,0.623592587404527,0.35785622880654,0.17688106471437,-0.0368090481615989,-0.211700016786104
"1078",1078,5558,"Everest","EVER","Khumbu Himal",8849,12,2,1991,"EVER91112",1,"S Col-SE Ridge",NA,NA,NA,FALSE,FALSE,FALSE,FALSE,"1991-04-07","1991-05-06",NA,29,36,"1991-05-13",5,7900,2,6,0,0,0,0,FALSE,TRUE,"None",27.98805618,86.92805481,1,0,156,185,NA,0,NA,0.979551855026325,1990,29,36,"FALSE",262.118999034435,3.09387903396163,0,0,0,0,0.918758088435509,0.821348267155393,0.748675067308026,0.728125104929183,0.480409774266523,80.5684913429054,0.625449242658312,7,0,0.189189189189189,0,0.706247180404704,0.429451318867343,0.161363510302155,-0.401564322763747,0.00376141641221745,1.10886682420691,0.17728453370866,0,2,0,0.0540540540540541,0.578621300750602,0.18333644693951,-0.0944133428030611,-0.25495660540499,-0.415640738289102
"1080",1080,5580,"Everest","EVER","Khumbu Himal",8849,12,2,2005,"EVER05173",1,"S Col-SE Ridge",NA,NA,NA,FALSE,FALSE,FALSE,FALSE,"2005-04-08","2005-05-11",NA,33,36,"2005-05-14",4,6900,2,1,0,0,1,0,FALSE,TRUE,"Bad cough by Zubani",27.98805618,86.92805481,1,0,309,216,NA,0,NA,0.955063058650667,2000,33,36,"FALSE",261.349727424415,2.39701411489866,0,0,0,0,0.85330544587021,0.655366231646489,0.473199342486756,0.203019108125256,0.301978896189299,91.2917326506194,8.75381751625165,0,0,0,0,0.985213483392308,0.953082766642526,0.917040109558497,0.842324003577269,0.632636137156653,1.08235427501402,0.199039755250292,0,4,0,0.108108108108108,0.702875970093625,0.489158780590251,0.310624782508531,0.0235305873184219,-0.148383045356128
"1082",1082,5604,"Everest","EVER","Khumbu Himal",8849,12,2,1990,"EVER90308",3,"S Col-SE Ridge",NA,NA,NA,FALSE,FALSE,FALSE,FALSE,"1990-09-01","1990-10-08",NA,37,38,"1990-10-09",4,8750,4,11,0,0,12,0,TRUE,FALSE,"Dutrievoz cracked rib in icefall; Meurisse had stroke at Lukla on return",27.98805618,86.92805481,1,0,222,9,253,0,NA,0.832619076772377,1990,37,38,"FALSE",269.944653437688,1.83673322871604,0,10,0,0.256410256410256,0.940993093999007,0.839030659566589,0.753453409726626,0.646501009318396,0.655438556358343,85.4329698350694,3.72825162677854,0,0,0,0,0.768482659122542,0.440750682017102,0.238128692095357,0.0389985124114199,-0.165208350034646,0.878900560332217,0.157240354319184,1,0,0.0256410256410256,0,0.513097873009647,0.132883116581006,0.103312629182117,0.282074583974307,0.0795451390189501
"1083",1083,5606,"Everest","EVER","Khumbu Himal",8849,12,2,1997,"EVER97307",3,"N Col-NE Ridge",NA,NA,NA,FALSE,FALSE,FALSE,FALSE,"1997-09-01","1997-09-16",NA,15,37,"1997-10-08",1,7000,1,15,0,0,0,0,TRUE,FALSE,"Redley throat trouble, Bell cerebral edema, Mead anal abcess.",27.98805618,86.92805481,1,0,NA,9,222,0,NA,1,1990,15,37,"FALSE",268.219537902297,3.75868515364013,0,5,0,0.131578947368421,0.986095986888368,0.957751473323218,0.93055269991715,0.895731468884681,0.900665356179003,84.4329320004112,2.64895504162127,0,0,0,0,0.786966981503403,0.549846228555171,0.464921584483984,0.450262218026018,-0.00921593285381857,0.910294311921619,0.170422075605079,1,1,0.0263157894736842,0.0263157894736842,0.566686179266015,0.114311956008129,-0.151916024982451,-0.0829369186971954,-0.290018324962688
"1084",1084,5607,"Everest","EVER","Khumbu Himal",8849,12,2,1997,"EVER97311",3,"S Col-SE Ridge",NA,NA,NA,FALSE,FALSE,FALSE,FALSE,"1997-09-07","1997-10-10",NA,33,36,"1997-10-13",1,7900,3,9,0,0,8,0,FALSE,TRUE,"Nothing serious; slight frostbite to Pelle and Kami",27.98805618,86.92805481,1,0,283,190,NA,0,NA,1,1990,33,36,"FALSE",266.674291851284,3.95552442982819,0,0,0,0,0.983568687844726,0.963606073796852,0.940145387057238,0.903160608271985,0.775844696924319,83.957422754786,2.57233423755979,0,0,0,0,0.88885504670484,0.762760711747421,0.687998138912492,0.529896031165821,0.177664998248132,0.92556405779212,0.178071858099191,1,1,0.027027027027027,0.027027027027027,0.460816226282365,0.0940494907421287,-0.150418677800578,0.0114293320342594,-0.343499674786303
"1085",1085,5612,"Everest","EVER","Khumbu Himal",8849,12,2,1999,"EVER99132",1,"S Col-SE Ridge",NA,NA,NA,FALSE,FALSE,FALSE,FALSE,"1999-04-05","1999-05-05",NA,30,33,"1999-05-08",1,8748,4,1,0,0,3,0,TRUE,FALSE,"Arbin snowblindness after returning to South Col",27.98805618,86.92805481,0,0,125,124,217,0,NA,1,1990,30,33,"FALSE",267.003777541366,2.60857468282045,0,4,0,0.117647058823529,0.89379421672557,0.713551689989285,0.54345290658062,0.309057262895938,0.598111478225042,80.2484011182598,0.546471778171756,22,0,0.647058823529412,0,0.558674827301608,0.0718468662654411,-0.11002710724352,-0.210142144665682,0.286604799243638,1.09390899556237,0.157679376160783,0,1,0,0.0294117647058824,0.257639207489164,-0.0349193496110491,0.131862767958399,-0.457397447350931,0.0130015975239397
"1090",1090,5656,"Everest","EVER","Khumbu Himal",8849,12,2,2014,"EVER14115",1,"S Col-SE Ridge",NA,NA,NA,FALSE,FALSE,FALSE,FALSE,"2014-04-11","2014-04-11",NA,0,15,"2014-04-26",1,5800,0,8,0,0,23,0,FALSE,TRUE,NA,27.98805618,86.92805481,0,0,308,308,NA,0,NA,1,2010,0,15,"FALSE",260.095256487529,1.64423680032903,0,0,0,0,0.839472417064106,0.709453932552,0.749219974614513,0.468316411714332,0.734835631647443,100,0,0,0,0,0,NA,NA,NA,NA,NA,1.14180652968197,0.11951048144936,0,1,0,0.0625,-0.0236658288910604,-0.161666190252442,-0.0170203746899072,-0.46914790894138,-0.100586561580041
"1091",1091,5665,"Everest","EVER","Khumbu Himal",8849,12,2,2011,"EVER11142",1,"S Col-SE Ridge",NA,NA,NA,TRUE,FALSE,FALSE,FALSE,"2011-04-11","2011-05-05",1600,24,43,"2011-05-24",1,8849,4,28,17,1,55,20,TRUE,FALSE,NA,27.98805618,86.92805481,0,0,125,308,NA,0.0357142857142857,0.0588235294117647,1,2010,24,43,"FALSE",264.359368382078,2.68574396289614,0,0,0,0,0.93273110512044,0.843128714275731,0.79366476269802,0.711131776801897,0.72958883517607,82.6887632427794,2.24202835320712,1,0,0.0227272727272727,0,0.780017732888692,0.365248679905349,0.00207239041411342,-0.308784488136738,-0.123550061635314,0.929485742718641,0.226711688499796,6,1,0.136363636363636,0.0227272727272727,0.589411080022781,0.216248829232579,0.0493191787740102,0.04960212068874,-0.106980517357635
"1092",1092,5668,"Everest","EVER","Khumbu Himal",8849,12,2,2007,"EVER07156",1,"N Col-NE Ridge",NA,NA,NA,TRUE,FALSE,FALSE,FALSE,"2007-04-10","2007-05-08",1030,28,41,"2007-05-21",4,8849,3,3,3,0,9,9,TRUE,FALSE,NA,27.98805618,86.92805481,0,0,217,277,NA,0,0,0.893841067711522,2000,28,41,"FALSE",265.114372662136,2.66516825896486,0,3,0,0.0714285714285714,0.961869625323485,0.889150966255182,0.798591471572888,0.639884874500197,0.566536424011726,83.7538500589038,2.05301372888135,0,0,0,0,0.816971458544275,0.557845614249459,0.413092494468857,0.288035237268605,0.256832018298913,0.943192229521736,0.227069557673213,3,1,0.0714285714285714,0.0238095238095238,0.622038208195112,0.423979100869602,0.216344309244705,-0.246054733708702,-0.271373800391376
"1096",1096,5718,"Everest","EVER","Khumbu Himal",8849,12,2,1990,"EVER90307",3,"S Pillar (to 7700m)","S Col-SE Ridge",NA,NA,FALSE,TRUE,FALSE,FALSE,"1990-09-01","1990-10-04",1230,33,39,"1990-10-10",6,8849,4,11,5,0,16,2,TRUE,FALSE,"Nelson pulmonary edema; Williams cerebral edema",27.98805618,86.92805481,0,0,100,9,283,0,0,0.67876256363399,1990,33,39,"FALSE",269.865992800395,1.88004960226739,0,10,0,0.25,0.943462982589369,0.844138561884924,0.75173049645224,0.649518084108106,0.687903397639352,85.3062316894531,3.7664248065165,0,0,0,0,0.778948468282772,0.46499135935605,0.271466380895511,0.0719985070560547,-0.0831432085503285,0.89061310542915,0.171982310862488,1,1,0.025,0.025,0.584637536537649,0.246063102606714,0.166319417834896,0.29309698279351,0.16668483135766
"1097",1097,5723,"Everest","EVER","Khumbu Himal",8849,12,2,2004,"EVER04112",1,"N Col-NE Ridge",NA,NA,NA,FALSE,FALSE,FALSE,FALSE,"2004-04-22","2004-05-03",NA,11,13,"2004-05-05",1,7000,1,1,0,0,1,0,FALSE,TRUE,NA,27.98805618,86.92805481,0,0,65,NA,126,0,NA,1,2000,11,13,"FALSE",262.746986525399,0.95134305055352,0,0,0,0,0.358681500305948,-0.363447674568276,-0.493060399915793,-0.352813048583305,-0.163118626987379,84.6028238932292,3.15382201021643,0,0,0,0,0.847196257692055,0.509178236762498,0.0783201034615751,-0.772334379168378,-0.979276881558515,1.12276560451751,0.338926203472533,2,4,0.142857142857143,0.285714285714286,0.766997007075382,0.488947818847772,0.108021888733765,-0.694673325257082,0.721174346969256
"1098",1098,5728,"Everest","EVER","Khumbu Himal",8849,12,2,1994,"EVER94306",3,"S Col-SE Ridge",NA,NA,NA,FALSE,FALSE,FALSE,FALSE,"1994-09-02","1994-10-11",NA,39,40,"1994-10-12",12,7900,4,9,0,0,10,0,TRUE,FALSE,"Nothing",27.98805618,86.92805481,1,0,314,40,344,0,NA,0,1990,39,40,"FALSE",269.771866185878,2.12623737665561,0,9,0,0.219512195121951,0.958792153100737,0.887068418608983,0.815164319377024,0.674674595880943,0.479793239522979,83.4617016800051,3.60768164709875,5,0,0.121951219512195,0,0.873549255539713,0.667824437749275,0.553285884949,0.480484710236664,0.0751301906644917,0.918918711806678,0.184862714328538,1,0,0.024390243902439,0,0.728549906755993,0.498723474002458,0.39718690970444,0.233193967407601,-0.222497442101596
"1100",1100,5731,"Everest","EVER","Khumbu Himal",8849,12,2,1997,"EVER97308",3,"N Col-NE Ridge",NA,NA,NA,FALSE,FALSE,FALSE,FALSE,"1997-09-01","1997-10-04",NA,33,37,"1997-10-08",4,7800,1,2,0,0,3,0,FALSE,TRUE,NA,27.98805618,86.92805481,1,0,100,9,222,0,NA,0.929377789446049,1990,33,37,"FALSE",268.219537902297,3.75868515364013,0,5,0,0.131578947368421,0.986095986888368,0.957751473323218,0.93055269991715,0.895731468884681,0.900665356179003,84.4329320004112,2.64895504162127,0,0,0,0,0.786966981503403,0.549846228555171,0.464921584483984,0.450262218026018,-0.00921593285381857,0.910294311921619,0.170422075605079,1,1,0.0263157894736842,0.0263157894736842,0.566686179266015,0.114311956008129,-0.151916024982451,-0.0829369186971954,-0.290018324962688
"1103",1103,5737,"Everest","EVER","Khumbu Himal",8849,12,2,1997,"EVER97114",1,"N Col-NE Ridge",NA,NA,NA,TRUE,FALSE,FALSE,FALSE,"1997-04-09","1997-05-08",1030,29,33,"1997-05-12",1,8849,3,5,3,0,2,0,TRUE,FALSE,"Cook pulmonary edema at BC & left early",27.98805618,86.92805481,0,0,217,247,339,0,0,1,1990,29,33,"FALSE",262.614074258243,2.42450709045925,0,0,0,0,0.925684089049145,0.81068174321848,0.730847292908359,0.628449100895449,0.459448907477504,81.8610600490196,1.6519140922035,0,0,0,0,0.870452461556274,0.695875247402981,0.546930368608994,0.259851263736366,0.333671534119904,0.967003349284234,0.201658951093055,2,1,0.0588235294117647,0.0294117647058824,0.636793648568136,0.44537718159045,0.21686816231867,-0.0397805499813584,-0.188384858165393
"1105",1105,5742,"Everest","EVER","Khumbu Himal",8849,12,2,1991,"EVER91307",3,"Khumbutse-W Ridge (to 7699m)","S Col-SE Ridge (to 6700m)",NA,NA,FALSE,FALSE,FALSE,FALSE,"1991-09-02","1991-10-02",NA,30,44,"1991-10-16",2,7600,3,7,0,0,0,0,FALSE,TRUE,"None",27.98805618,86.92805481,1,0,41,40,NA,0,NA,1,1990,30,44,"FALSE",269.147897819236,1.7458141730165,0,7,0,0.155555555555556,0.914211585293562,0.81175633341584,0.720511255195856,0.51409591974026,0.378974431024183,83.9771538628472,6.45562573978803,9,0,0.2,0,0.942096790228642,0.830900383256625,0.696897601962772,0.389810462169305,0.0362684245935518,0.895974840382416,0.23988161613839,7,2,0.155555555555556,0.0444444444444444,0.714651950699149,0.473591734644323,0.425164415035977,0.210927848298131,-0.0645659003530746
"1106",1106,5744,"Everest","EVER","Khumbu Himal",8849,12,2,1983,"EVER83305",3,"S Pillar-SE Ridge",NA,NA,NA,TRUE,FALSE,FALSE,FALSE,"1983-09-05","1983-10-08",1630,33,33,"1983-10-08",11,8849,0,5,2,0,10,0,FALSE,TRUE,NA,27.98805618,86.92805481,0,0,222,129,NA,0,0,0,1980,33,33,"FALSE",269.926129434623,1.63686915906434,0,5,0,0.147058823529412,0.90277737978141,0.76643619157958,0.638410136830094,0.561445628325091,0.367344605280695,87.0148830039828,4.44681774563177,0,0,0,0,0.756597312675503,0.316833865394305,-0.068104384074651,-0.389697127871128,0.00122110025997587,0.928133298411175,0.18590587838101,1,2,0.0294117647058824,0.0588235294117647,0.500597196177567,0.0326488473820601,-0.124962177753507,-0.577689316357934,-0.067494707519135
"1107",1107,5751,"Everest","EVER","Khumbu Himal",8849,12,2,1992,"EVER92311",3,"N Col-NE Ridge",NA,NA,NA,FALSE,FALSE,FALSE,FALSE,"1992-09-11","1992-10-02",NA,21,35,"1992-10-16",2,8000,5,20,0,0,0,0,TRUE,FALSE,"1 member altitude sickness but later went to C3; Allinson altitude sickness; Bertulis severe chest pains at Rongbuk on descent from ABC",27.98805618,86.92805481,1,0,41,314,NA,0,NA,1,1990,21,35,"FALSE",268.516593050074,1.78045301492401,0,1,0,0.0277777777777778,0.842059142736327,0.641967706179237,0.448699909848774,0.192186324175659,0.356125601867446,82.4341701931424,2.89921348219905,1,0,0.0277777777777778,0,0.779166119805547,0.524666024612563,0.353881600739292,-0.181777812803703,-0.440936298779692,0.921367325077462,0.190369787185967,1,1,0.0277777777777778,0.0277777777777778,0.566614520128554,0.135191294655125,-0.102362679539771,-0.212018972310984,-0.0615001583763733
"1108",1108,5771,"Everest","EVER","Khumbu Himal",8849,12,2,2014,"EVER14110",1,"S Col-SE Ridge",NA,NA,NA,FALSE,FALSE,FALSE,FALSE,"2014-04-11","2014-04-12",NA,1,14,"2014-04-25",10,6400,0,10,0,0,12,0,FALSE,TRUE,NA,27.98805618,86.92805481,0,0,338,308,NA,0,NA,0.832615561297732,2010,1,14,"FALSE",259.913401963976,1.5263322886804,0,0,0,0,0.79848392103065,0.688704628406772,0.748118483783094,0.397853739589132,0.556109902795014,100,0,0,0,0,0,NA,NA,NA,NA,NA,1.14664529081418,0.122072010777355,0,1,0,0.0666666666666667,-0.0620622846987689,-0.159233957883305,0.0530441792854575,-0.587850127610689,0.386777063060932
"1109",1109,5806,"Everest","EVER","Khumbu Himal",8849,12,2,2014,"EVER14107",1,"S Col-SE Ridge",NA,NA,NA,FALSE,FALSE,FALSE,FALSE,"2014-04-12","2014-04-12",NA,0,15,"2014-04-27",NA,5350,0,12,0,0,1,0,FALSE,TRUE,NA,27.98805618,86.92805481,0,0,338,338,NA,0,NA,NA,2010,0,15,"FALSE",260.337173779805,1.62714952542672,0,0,0,0,0.84561462462852,0.70254121772344,0.746227267638543,0.458165591542107,0.775207831161576,100,0,0,0,0,0,NA,NA,NA,NA,NA,1.15013592069014,0.113335729820728,0,1,0,0.0625,-0.0370753127926801,-0.245618802194907,-0.00340695083364568,-0.318642785600331,-0.349593234649774
"1110",1110,5808,"Everest","EVER","Khumbu Himal",8849,12,2,1989,"EVER89310",3,"N Face (Japanese Couloir)",NA,NA,NA,FALSE,FALSE,FALSE,FALSE,"1989-09-01","1989-09-25",NA,24,36,"1989-10-07",1,7500,2,4,0,0,0,0,FALSE,TRUE,"None",27.98805618,86.92805481,1,0,NA,9,191,0,NA,1.02096945752925,1980,24,36,"FALSE",270.055916726052,2.11772092896175,0,9,0,0.243243243243243,0.970126625652712,0.942725787827373,0.915823206478073,0.853971457217182,0.787306749350097,89.2664959881757,5.8711787103782,0,0,0,0,0.821979811064473,0.450320770733799,0.0706491095553014,-0.330248021464565,-0.119167577183421,0.944332604250561,0.179746354291337,2,1,0.0540540540540541,0.027027027027027,0.616522714742589,0.223784674036762,0.0191783301043592,-0.214191890433974,-0.200071761085706
"1111",1111,5814,"Everest","EVER","Khumbu Himal",8849,12,2,2014,"EVER14114",1,"S Col-SE Ridge",NA,NA,NA,FALSE,FALSE,FALSE,FALSE,"2014-04-12","2014-04-18",NA,6,22,"2014-05-04",1,5800,0,8,0,0,24,0,FALSE,TRUE,NA,27.98805618,86.92805481,0,1,NA,338,95,0,NA,1,2010,6,22,"FALSE",261.36394182841,2.11882116434907,0,0,0,0,0.919009333927137,0.834796407528792,0.857093965594082,0.797061912271149,0.729647324827269,98.5046315953351,3.59645693551092,0,0,0,0,0.964374705300157,0.865590935303123,0.687808817702492,NA,NA,1.05504253293319,0.189857288787946,1,1,0.0434782608695652,0.0434782608695652,0.577245449019703,0.383354571324937,0.402084135149895,0.312992564341986,-0.0149648103200543
"1113",1113,5825,"Everest","EVER","Khumbu Himal",8849,12,2,2009,"EVER09178",1,"S Col-SE Ridge",NA,NA,NA,FALSE,FALSE,FALSE,FALSE,"2009-03-12","2009-05-07",NA,56,58,"2009-05-09",1,7000,1,1,0,0,1,0,FALSE,TRUE,NA,27.98805618,86.92805481,0,0,186,337,248,0,NA,1,2000,56,58,"FALSE",262.740724994638,3.91134546427292,0,0,0,0,0.942797469285084,0.872526898724237,0.835685342189319,0.763504571266132,0.736997386891691,81.0467687919315,1.40592819007405,12,0,0.203389830508475,0,0.840385057899252,0.644951025355478,0.537357513385982,0.39101687763079,0.54018206409338,1.20926497465805,0.217204419675159,0,15,0,0.254237288135593,0.458945865483097,-0.0239385780482193,-0.124305933076832,-0.0549901589040357,0.127287901167163
"1114",1114,5846,"Everest","EVER","Khumbu Himal",8849,12,2,1999,"EVER99121",1,"S Col-SE Ridge",NA,NA,NA,FALSE,FALSE,FALSE,FALSE,"1999-04-10","1999-05-12",NA,32,51,"1999-05-31",1,7850,3,4,0,0,0,0,FALSE,TRUE,"Howkins and Model flu",27.98805618,86.92805481,0,0,339,277,NA,0,NA,1,1990,32,51,"FALSE",268.128150255252,2.15970307421159,0,14,0,0.269230769230769,0.869662977511903,0.686939246904352,0.532518602300808,0.263121613450753,-0.512239218332751,82.3714067508013,2.76130328236181,20,0,0.384615384615385,0,0.938220898490466,0.848911404842065,0.80708580379283,0.747226307592445,0.45731927726394,1.08200824656649,0.185537956806,0,3,0,0.0576923076923077,0.486420745576583,0.10842212954163,0.0272741753995529,0.00453698746685439,-0.0257917201945964
"1115",1115,5849,"Everest","EVER","Khumbu Himal",8849,12,2,1990,"EVER90309",3,"S Col-SE Ridge",NA,NA,NA,TRUE,FALSE,FALSE,FALSE,"1990-04-09","1990-05-10",NA,31,31,"1990-05-10",1,8849,4,18,4,0,15,3,TRUE,FALSE,"Only Batard frostbite nose and finger which will heal",27.98805618,86.92805481,0,0,130,99,NA,0,0,1,1990,31,31,"FALSE",262.525249818961,2.4666027376375,0,0,0,0,0.882314813400855,0.687721929680157,0.554948076228226,0.628489906940876,0.371532240719355,81.4884567260742,1.69790125595325,3,0,0.09375,0,0.764086553772386,0.419825770243465,0.277184860666228,0.286582643792993,-0.0547880834645734,1.00591317846943,0.180091102409745,1,0,0.03125,0,0.484058687858586,0.336025290705734,0.0271311246852661,-0.0494662379264659,-0.149499568804656
"1116",1116,5853,"Everest","EVER","Khumbu Himal",8849,12,2,2014,"EVER14112",1,"S Col-SE Ridge",NA,NA,NA,FALSE,FALSE,FALSE,FALSE,"2014-04-05","2014-04-05",NA,0,13,"2014-04-18",4,5350,0,7,0,0,7,0,FALSE,TRUE,NA,27.98805618,86.92805481,0,0,124,124,NA,0,NA,0.949259803367612,2010,0,13,"FALSE",259.868767692929,2.02374844956378,0,0,0,0,0.813663850134124,0.549544970648664,0.0563253195594196,-0.761272414126797,-0.901070556417164,100,0,0,0,0,0,NA,NA,NA,NA,NA,1.0851889242424,0.16738619025056,0,1,0,0.0714285714285714,0.371651395419841,0.209067169166984,0.109908121255875,0.136174982182744,-0.334895713368958
"1117",1117,5858,"Everest","EVER","Khumbu Himal",8849,12,2,1986,"EVER86104",1,"S Col-SE Ridge",NA,NA,NA,FALSE,FALSE,FALSE,FALSE,"1986-04-07","1986-05-10",NA,33,33,"1986-05-10",4,8600,4,5,0,0,7,0,TRUE,FALSE,"Miss Nagao sick in C3 with 'cold' (had reached South Col twice before her illness)",27.98805618,86.92805481,1,0,278,185,NA,0,NA,0.858854107808792,1980,33,33,"FALSE",262.058212729061,1.91505717528523,0,0,0,0,0.776313540654938,0.360984276140424,0.0549331480334184,-0.138990907455347,0.483425166070591,99.9783744064032,0.126097795960496,0,0,0,0,NA,NA,NA,NA,NA,0.966950270616191,0.163627652242786,2,0,0.0588235294117647,0,0.504631549769794,-0.0315087581605717,-0.153232555350843,-0.575313868266877,0.216317100464765
"1118",1118,5868,"Everest","EVER","Khumbu Himal",8849,12,2,2013,"EVER13179",1,"S Col-SE Ridge",NA,NA,NA,TRUE,FALSE,FALSE,FALSE,"2013-04-09","2013-05-10",1214,31,46,"2013-05-25",1,8849,4,14,12,0,13,12,TRUE,FALSE,NA,27.98805618,86.92805481,0,0,278,247,NA,0,0,1,2010,31,46,"FALSE",263.84806296166,3.70023201276402,0,7,0,0.148936170212766,0.956011997726648,0.890981126727114,0.844026063589922,0.728210959408532,0.606966887049972,85.6600073415337,7.34571585549944,1,0,0.0212765957446809,0,0.925555851947096,0.767059526140836,0.576904890445512,0.193775390270818,0.263151406610064,1.01711453163776,0.198093491157073,1,0,0.0212765957446809,0,0.619580414511837,0.328578532320226,0.30257238769339,-0.011752817449976,-0.0538399232073037
"1119",1119,5905,"Everest","EVER","Khumbu Himal",8849,12,2,2010,"EVER10180",1,"S Col-SE Ridge",NA,NA,NA,TRUE,FALSE,FALSE,FALSE,"2010-04-11","2010-05-05",637,24,44,"2010-05-25",1,8849,0,28,20,0,42,21,TRUE,FALSE,NA,27.98805618,86.92805481,0,0,125,308,NA,0,0,1,2010,24,44,"FALSE",265.836535531503,1.99201227834315,0,1,0,0.0222222222222222,0.851940811618298,0.598384797841465,0.386092512711006,0.0463771584377026,-0.00530931425504016,81.5661241319444,2.06386981511282,3,0,0.0666666666666667,0,0.882277386428289,0.675379902762035,0.464479213806882,0.137006761379938,-0.283243765604204,1.18691979693021,0.274651802416128,1,12,0.0222222222222222,0.266666666666667,0.656702110809647,0.265796452258651,-0.0110277270374339,-0.157407717945923,-0.362268121090553
"1124",1124,5984,"Everest","EVER","Khumbu Himal",8849,12,2,2007,"EVER07151",1,"N Col-NE Ridge",NA,NA,NA,TRUE,FALSE,FALSE,FALSE,"2007-04-07","2007-05-02",700,25,47,"2007-05-24",4,8849,2,14,12,0,13,12,TRUE,FALSE,NA,27.98805618,86.92805481,0,0,36,185,NA,0,0,0.93795909142276,2000,25,47,"FALSE",265.145004007551,2.97035435015247,0,5,0,0.104166666666667,0.966411450145178,0.917488976430688,0.859636423458889,0.757725615387761,0.60567428822808,84.1601986355252,3.27127140514187,0,0,0,0,0.864258159934389,0.545312473258344,0.263453810514088,-0.0557145318937928,0.0545545936368956,0.972985737515681,0.22840629091972,3,1,0.0625,0.0208333333333333,0.661434045034325,0.477550667591759,0.268066142785295,-0.269887624905985,-0.272189003255301
"1125",1125,5990,"Everest","EVER","Khumbu Himal",8849,12,2,1990,"EVER90103",1,"N Col-NE Ridge",NA,NA,NA,TRUE,FALSE,FALSE,FALSE,"1990-03-09","1990-05-07",1313,59,59,"1990-05-07",12,8849,7,39,20,0,7,0,TRUE,FALSE,"Woods pneumonia thrombophlebitis; Whittaker badly torn muscle",27.98805618,86.92805481,0,0,186,246,NA,0,0,0.791049836139677,1990,59,59,"FALSE",258.605538029141,3.90107279418124,2,0,0.0333333333333333,0,0.952826626837325,0.876180078562792,0.811664573454778,0.72810965052756,0.606883772091765,88.585888671875,8.07052544757417,3,0,0.05,0,0.951850845811958,0.864743239839717,0.797063253653061,0.743659217472762,0.760523045939666,1.00969588035374,0.151661678505607,0,0,0,0,0.355387688253257,0.185386803742798,-0.105385839630926,-0.0415737458237574,0.0688287962506858
"1126",1126,5993,"Everest","EVER","Khumbu Himal",8849,12,2,1993,"EVER93106",1,"S Pillar-SE Ridge",NA,NA,NA,FALSE,FALSE,FALSE,FALSE,"1993-03-23","1993-05-08",NA,46,49,"1993-05-11",8,8600,4,13,0,0,9,0,TRUE,FALSE,"Ang Kami hurt his back while pulling out frozen rope; Jin & Yu Han both have frostbitten toes but not serious, will not lose any parts of their toes",27.98805618,86.92805481,1,0,217,NA,309,0,NA,0.892756243643349,1990,46,49,"FALSE",260.251376063029,5.40195424585791,5,0,0.1,0,0.975405945403566,0.948031632473111,0.919395315022359,0.883410917789899,0.77784754337103,97.390654296875,6.09493759588708,0,0,0,0,0.969875454251635,0.895490091499138,0.798370303893286,0.590745928282665,NA,0.889418967138255,0.186870897847167,4,2,0.08,0.04,0.694523990738674,0.534829187675697,0.437142501211742,0.309921988550381,0.013998601437063
"1128",1128,6008,"Everest","EVER","Khumbu Himal",8849,12,2,1992,"EVER92314",3,"S Col-SE Ridge",NA,NA,NA,FALSE,FALSE,FALSE,FALSE,"1992-10-04","1992-10-07",NA,3,6,"1992-10-10",1,7300,1,1,0,0,2,0,FALSE,TRUE,"Iman Gurung sick (flu?)",27.98805618,86.92805481,0,0,192,101,284,0,NA,1,1990,3,6,"FALSE",266.193665822347,1.76443555473484,0,0,0,0,0.702636274763486,0.632181635950433,0.0136765743965052,-1,NA,80.2679385230655,0.277866465360043,0,0,0,0,0.996585600991788,0.988559368699802,0.999912067843418,1,NA,0.946357198778453,0.157396589344934,0,0,0,0,0.832313000288256,0.506342420508782,-0.409038084343409,-1,NA
"1129",1129,6026,"Everest","EVER","Khumbu Himal",8849,12,2,2013,"EVER13105",1,"S Col-SE Ridge",NA,NA,NA,TRUE,FALSE,FALSE,FALSE,"2013-04-12","2013-05-11",805,29,30,"2013-05-12",1,8849,4,1,1,0,1,1,TRUE,FALSE,NA,27.98805618,86.92805481,0,0,309,338,339,0,0,1,2010,29,30,"FALSE",262.131714892644,2.0178014823511,0,0,0,0,0.861703542379852,0.630227512401202,0.391893025013353,0.0567701931542463,0.359530369686291,86.1631095640121,7.25837492494731,1,0,0.032258064516129,0,0.888743853229703,0.674866739368956,0.456009262063513,0.021088565160818,0.033255210807701,1.02144742915617,0.173757155594675,0,0,0,0,0.535572181527846,0.089133581616181,0.12804046896148,0.0364532266637395,0.00214297426075798
"1130",1130,6039,"Everest","EVER","Khumbu Himal",8849,12,2,1999,"EVER99301",3,"S Col-SE Ridge",NA,NA,NA,FALSE,FALSE,FALSE,FALSE,"1999-09-07","1999-09-28",NA,21,35,"1999-10-12",1,7500,3,9,0,0,7,0,FALSE,TRUE,"1 Sherpa ulcer",27.98805618,86.92805481,1,1,NA,190,344,0,NA,1,1990,21,35,"FALSE",269.301349604571,1.79326321368858,0,2,0,0.0555555555555556,0.97397392455107,0.939853074336231,0.921565720146807,0.876649083194949,0.860807001127351,84.5582659686053,2.06709072964375,0,0,0,0,0.852143763943731,0.55289082398028,0.264407010454896,-0.099933657233325,0.313536133248232,0.881634006413509,0.240807484451902,4,2,0.111111111111111,0.0555555555555556,0.86834828638908,0.6922522197156,0.63928556049975,0.486289276619893,-0.0779547651147177
"1131",1131,6046,"Everest","EVER","Khumbu Himal",8849,12,2,2011,"EVER11105",1,"S Col-SE Ridge",NA,NA,NA,TRUE,FALSE,FALSE,FALSE,"2011-04-19","2011-05-06",630,17,19,"2011-05-08",4,8849,4,2,2,0,2,2,TRUE,FALSE,NA,27.98805618,86.92805481,0,0,156,NA,217,0,0,0.791049836139677,2010,17,19,"FALSE",263.31238044103,2.05035444118536,0,0,0,0,0.868835647301628,0.697492197626994,0.645452574861077,0.572293307423397,0.295446558223415,83.4080078125,2.6373002653034,0,0,0,0,0.776451905462462,0.345773216495752,-0.126357864690604,-0.642456055823636,0.107130708969981,0.894549342405438,0.284827351794205,6,1,0.3,0.05,0.780327672474928,0.387392421787422,-0.00555898551472151,-0.178058136589829,-0.289112928077112
"1138",1138,6084,"Everest","EVER","Khumbu Himal",8849,12,2,2006,"EVER06153",1,"N Col-NE Ridge",NA,NA,NA,TRUE,FALSE,FALSE,FALSE,"2006-04-05","2006-05-11",720,36,38,"2006-05-13",4,8849,3,2,1,0,0,0,TRUE,FALSE,NA,27.98805618,86.92805481,0,0,309,124,NA,0,0,0.954910159340038,2000,36,38,"FALSE",261.378655881963,3.11718987935845,0,0,0,0,0.916351497118243,0.804372147282432,0.724223869527432,0.720666410636779,0.423644250822517,94.8685730502137,7.66848830642086,0,0,0,0,0.943101128914951,0.877565758195209,0.79504776105025,0.608213381820918,0.100549388833975,0.968551773193992,0.185955370988195,1,0,0.0256410256410256,0,0.65449261090988,0.351041752870117,0.198370090798628,0.0500262478074059,-0.401201747601289
"1139",1139,6089,"Everest","EVER","Khumbu Himal",8849,12,2,2001,"EVER01114",1,"S Col-SE Ridge",NA,NA,NA,FALSE,FALSE,FALSE,FALSE,"2001-04-09","2001-05-10",NA,31,38,"2001-05-17",1,7360,3,5,0,0,3,0,TRUE,FALSE,NA,27.98805618,86.92805481,1,0,278,247,NA,0,NA,1,2000,31,38,"FALSE",263.317923244248,3.04805551724165,0,0,0,0,0.938784885436616,0.898991071291495,0.849429133912541,0.808099169444973,0.589625244665785,85.1348094451122,5.16317745944312,0,0,0,0,0.737262215476683,0.419346422851032,0.244169761811828,0.021090646144961,-0.528159393271653,1.05119507216694,0.170888857065622,1,1,0.0256410256410256,0.0256410256410256,0.390389260796944,0.0267051867173023,-0.0439244559413651,0.080716039708347,-0.212268673271679
"1140",1140,6123,"Everest","EVER","Khumbu Himal",8849,12,2,1999,"EVER99112",1,"S Col-SE Ridge",NA,NA,NA,TRUE,FALSE,FALSE,FALSE,"1999-04-14","1999-05-05",NA,21,26,"1999-05-10",1,8849,4,6,2,0,6,3,TRUE,FALSE,NA,27.98805618,86.92805481,0,0,125,NA,278,0,0,1,1990,21,26,"FALSE",267.874304877387,1.64523410476748,0,4,0,0.148148148148148,0.829264755249011,0.529544775874046,0.1505158734471,-0.422213208284487,-0.322270418083665,80.2913501880787,0.754024950984473,18,0,0.666666666666667,0,0.850328383119913,0.634269617473722,0.654725976577454,-0.182251711370101,0.00406328353755332,1.11306642383835,0.160345814289811,0,1,0,0.037037037037037,0.445871059586521,0.0130245404497083,-0.175126482247697,-0.318517331147291,-0.285544235763119
"1143",1143,6145,"Everest","EVER","Khumbu Himal",8849,12,2,2014,"EVER14116",1,"S Col-SE Ridge",NA,NA,NA,FALSE,FALSE,FALSE,FALSE,"2014-03-10","2014-04-10",NA,31,53,"2014-05-02",1,5350,0,22,0,0,20,0,FALSE,TRUE,NA,27.98805618,86.92805481,0,0,277,276,36,0,NA,1,2010,31,53,"FALSE",258.734274828876,3.29514449028734,3,0,0.0555555555555556,0,0.910242288507923,0.771663406299605,0.62806309402004,0.403634357175267,0.684950086855959,99.7837275752315,1.15646720516302,0,0,0,0,0.86767065898258,NA,NA,NA,NA,1.0044891211443,0.174823080885591,2,1,0.037037037037037,0.0185185185185185,0.623129717522453,0.394005228073899,0.305783457921177,0.253500058795815,0.0263517771580592
"1144",1144,6148,"Everest","EVER","Khumbu Himal",8849,12,2,2010,"EVER10179",1,"S Col-SE Ridge",NA,NA,NA,TRUE,FALSE,FALSE,FALSE,"2010-04-09","2010-05-05",1125,26,46,"2010-05-25",1,8849,4,25,16,0,23,17,TRUE,FALSE,NA,27.98805618,86.92805481,0,0,125,247,NA,0,0,1,2010,26,46,"FALSE",265.742079011092,2.01306926614515,0,1,0,0.0212765957446809,0.837570408994627,0.602324349176145,0.423776418274968,0.0807433799110831,0.00751343537682473,81.5093569924645,2.03677734264603,3,0,0.0638297872340425,0,0.884433893134827,0.680142717546589,0.472031680670662,0.153261395665354,-0.286158912727686,1.19671285985066,0.272852977956729,1,13,0.0212765957446809,0.276595744680851,0.664633096374482,0.279278922358807,0.0217688235859188,-0.183088772935746,-0.340294912568311
"1148",1148,6177,"Everest","EVER","Khumbu Himal",8849,12,2,2006,"EVER06166",1,"N Col-NE Ridge",NA,NA,NA,FALSE,FALSE,FALSE,FALSE,"2006-04-19","2006-05-07",NA,18,22,"2006-05-11",1,6850,2,2,0,0,2,0,FALSE,TRUE,NA,27.98805618,86.92805481,0,0,186,NA,309,0,NA,1,2000,18,22,"FALSE",262.246046923209,3.25301868016271,0,0,0,0,0.935671859531358,0.856100367223391,0.827393306056941,0.862579752842859,0.655740286866298,93.0200336843297,8.67610080604935,0,0,0,0,0.952335588260323,0.871723372449309,0.77529822913632,0.546019369487164,NA,0.891833771549015,0.156644229851995,1,0,0.0434782608695652,0,0.346766718645104,-0.186142587202827,-0.553824989127211,-0.309533224646798,-0.596674471595933
"1153",1153,6273,"Everest","EVER","Khumbu Himal",8849,12,2,2011,"EVER11135",1,"S Col-SE Ridge",NA,NA,NA,TRUE,FALSE,FALSE,FALSE,"2011-04-08","2011-05-12",800,34,38,"2011-05-16",4,8849,4,5,3,0,7,3,TRUE,FALSE,NA,27.98805618,86.92805481,0,0,339,216,NA,0,0,0.966210871284891,2010,34,38,"FALSE",263.223833067804,2.7282184301852,0,0,0,0,0.926265681320649,0.816187062633053,0.745415006730507,0.662341200766131,0.622757050714951,82.5514093382746,2.23145194639927,1,0,0.0256410256410256,0,0.802811286226008,0.447192580997598,0.111318886953498,-0.274270816628672,-0.12746747609221,0.923686884289567,0.231284159416038,6,1,0.153846153846154,0.0256410256410256,0.640937387474006,0.223766890291896,0.0531513065711551,0.0773781496882051,-0.0488600911515234
"1155",1155,6280,"Everest","EVER","Khumbu Himal",8849,12,2,2011,"EVER11148",1,"S Col-SE Ridge",NA,NA,NA,FALSE,FALSE,FALSE,FALSE,"2011-04-15","2011-05-03",NA,18,20,"2011-05-05",8,6700,2,2,0,0,1,0,FALSE,TRUE,NA,27.98805618,86.92805481,0,0,64,NA,125,0,NA,0.98316193920217,2010,18,20,"FALSE",262.859200311086,1.8477278079721,0,0,0,0,0.80489904042635,0.517966072543239,0.372644579239986,0.0500363989874063,-0.306617562773895,83.2073373945933,2.69424675109088,0,0,0,0,0.801203097242419,0.458138279328539,0.103585850926186,-0.400242639725471,-0.0914373169586623,0.883578949710232,0.275062449184411,6,1,0.285714285714286,0.0476190476190476,0.792728937622362,0.511294572460256,0.285237878536875,-0.109279175081952,0.45444522505749
"1156",1156,6292,"Everest","EVER","Khumbu Himal",8849,12,2,2010,"EVER10304",3,"S Col-SE Ridge",NA,NA,NA,FALSE,FALSE,FALSE,FALSE,"2010-09-04","2010-10-01",1300,27,29,"2010-10-03",14,7750,3,1,0,0,0,0,FALSE,TRUE,NA,27.98805618,86.92805481,1,1,10,99,69,0,NA,0.60458808904961,2010,27,29,"FALSE",269.839398871528,1.6605446495765,0,5,0,0.166666666666667,0.858407119231542,0.662548647383476,0.466275095175294,0.40162343440307,0.544839405868405,88.9302218967014,6.6068593552959,0,0,0,0,0.753575970206772,0.313989370554847,0.0184092935273596,-0.00960565785712315,-0.212325550896538,0.893515712516311,0.143787011000294,0,0,0,0,0.206228704747735,-0.410732943296105,-0.068667771826359,-0.404083162376523,0.0923067075155686
"1157",1157,6294,"Everest","EVER","Khumbu Himal",8849,12,2,1999,"EVER99120",1,"S Col-SE Ridge",NA,NA,NA,TRUE,FALSE,FALSE,FALSE,"1999-04-10","1999-05-05",NA,25,30,"1999-05-10",1,8849,4,2,1,0,2,2,TRUE,FALSE,"Voyer slightly snowblinded on return to S Col",27.98805618,86.92805481,0,0,125,277,278,0,0,1,1990,25,30,"FALSE",267.761071646085,1.64250011138143,0,4,0,0.129032258064516,0.745821256449008,0.400247698433346,0.138613537021152,-0.0209858843476678,-0.311543653950495,80.2965652301747,0.718899651217276,20,0,0.645161290322581,0,0.719903684639514,0.433844506493032,0.392647650514141,-0.174598412051803,-0.0618586187062532,1.0989114745337,0.161204494577072,0,1,0,0.032258064516129,0.38508391307819,-0.0496509960588399,-0.0982897957276079,-0.443985165165523,-0.203187945652745
"1158",1158,6300,"Everest","EVER","Khumbu Himal",8849,12,2,2012,"EVER12104",1,"S Col-SE Ridge",NA,NA,NA,FALSE,FALSE,FALSE,FALSE,"2012-04-07","2012-05-12",NA,35,39,"2012-05-16",7,7350,2,1,0,0,0,0,FALSE,TRUE,"Altitude sickness",27.98805618,86.92805481,0,0,340,186,NA,0,NA,0.892756243643349,2010,35,39,"FALSE",261.347886721293,2.4997436693636,0,0,0,0,0.907120914113874,0.778461669877553,0.646748219893423,0.3396068179415,-0.567549945245928,88.1285847981771,8.93197489646234,0,0,0,0,0.986276740871105,0.951679760419183,0.905682920235398,0.793664783122192,0.474148593316358,1.14730208715178,0.240014269865079,0,7,0,0.175,0.721785254071972,0.4835182965122,0.267152288213883,-0.197780426942916,-0.320052561863751
"1159",1159,6314,"Everest","EVER","Khumbu Himal",8849,12,2,2000,"EVER00145",1,"N Col-NE Ridge",NA,NA,NA,FALSE,FALSE,FALSE,FALSE,"2000-04-08","2000-05-11",NA,33,52,"2000-05-30",1,7900,0,11,0,0,0,0,FALSE,TRUE,NA,27.98805618,86.92805481,0,0,310,217,NA,0,NA,1,2000,33,52,"FALSE",265.03330816113,3.81279317000059,0,13,0,0.245283018867925,0.971593669700481,0.928167546159018,0.895584613499329,0.856970578288368,0.684939364349599,92.5782908313679,8.18819796898929,0,0,0,0,0.951398255322157,0.879339270157014,0.828293580408164,0.749337521579642,0.393893482443147,0.911013089122862,0.186874259002227,5,0,0.0943396226415094,0,0.48744833413241,0.11142355039192,-0.0750565768965863,0.174254433242862,-0.322906290925128
"1161",1161,6327,"Everest","EVER","Khumbu Himal",8849,12,2,2006,"EVER06190",1,"N Col-NE Ridge",NA,NA,NA,FALSE,FALSE,FALSE,FALSE,"2006-04-10","2006-04-12",NA,2,3,"2006-04-13",1,5800,0,2,0,0,0,0,FALSE,TRUE,NA,27.98805618,86.92805481,0,0,338,277,NA,0,NA,1,2000,2,3,"FALSE",259.278756936391,1.27353464058631,0,0,0,0,0.855309852149915,1,NA,NA,NA,100,0,0,0,0,0,NA,NA,NA,NA,NA,1.30728054836827,0.0570931969336582,0,0,0,0,-0.738730337164484,-1,NA,NA,NA
"1162",1162,6337,"Everest","EVER","Khumbu Himal",8849,12,2,1987,"EVER87307",3,"S Col-SE Ridge",NA,NA,NA,FALSE,FALSE,FALSE,FALSE,"1987-09-06","1987-10-09",NA,33,56,"1987-11-01",1,8075,4,13,0,0,10,0,TRUE,FALSE,"1 Gurung only serious illness (he returned to expedition later)",27.98805618,86.92805481,1,0,253,160,11,0,NA,1,1980,33,56,"FALSE",265.831708562304,5.08111490913067,5,3,0.087719298245614,0.0526315789473684,0.97630369121825,0.937418112236114,0.890175103776981,0.805952774673271,0.631552014752646,88.3962445175439,8.55201563231724,1,0,0.0175438596491228,0,0.949062356674,0.849495891268028,0.734104904186241,0.509239856708117,0.123104200966095,0.881877140742637,0.250765306631148,5,2,0.087719298245614,0.0350877192982456,0.606765975839468,0.151516683401871,-0.0367879443487609,0.0644989722922616,-0.260670415645758
"1165",1165,6361,"Everest","EVER","Khumbu Himal",8849,12,2,2012,"EVER12170",1,"S Col-SE Ridge",NA,NA,NA,FALSE,FALSE,FALSE,FALSE,"2012-04-12","2012-05-05",NA,23,44,"2012-05-26",1,7900,2,4,0,0,0,0,FALSE,TRUE,NA,27.98805618,86.92805481,0,0,126,339,NA,0,NA,1,2010,23,44,"FALSE",263.067700251827,3.80735437171512,0,3,0,0.0666666666666667,0.958857483847007,0.903659652968953,0.852141100096767,0.731283834188911,0.487814051611182,85.1721553096065,7.62939401210453,1,0,0.0222222222222222,0,0.982966894015643,0.939533491646102,0.881427195530064,0.736978019072975,0.215370027747957,1.1389766648782,0.241297837431265,0,7,0,0.155555555555556,0.651183428706489,0.231570370795351,0.0280776885487425,-0.202530124270523,-0.287944817618498
"1166",1166,6367,"Everest","EVER","Khumbu Himal",8849,12,2,1981,"EVER81302",3,"W Cwm-W Ridge",NA,NA,NA,FALSE,FALSE,FALSE,FALSE,"1981-09-13","1981-10-05",NA,22,29,"1981-10-12",1,7770,4,2,0,0,2,0,FALSE,TRUE,NA,27.98805618,86.92805481,1,0,130,NA,344,0,NA,1,1980,22,29,"FALSE",268.235817464193,1.11211880120861,0,0,0,0,0.732251874714252,0.324187647100803,0.112644894648503,-0.296559516674165,0.508876981513425,84.1840793185764,4.19128780905387,0,0,0,0,0.884514307790991,0.694777198697082,0.432649250983799,-0.154517350095768,-0.541898952102171,0.969096910187404,0.181144259663563,0,1,0,0.0333333333333333,0.550090916376963,0.228687507360707,0.0698402384990852,-0.077838125393566,0.435372930085132
"1167",1167,6375,"Everest","EVER","Khumbu Himal",8849,12,2,1992,"EVER92309",3,"S Col-SE Ridge",NA,NA,NA,TRUE,FALSE,FALSE,FALSE,"1992-09-06","1992-10-01",1300,25,29,"1992-10-05",14,8849,4,5,1,0,3,0,TRUE,FALSE,"Rouit edema at BC (evacuated by helicopter)",27.98805618,86.92805481,0,0,10,161,131,0,0,0.728895920442988,1990,25,29,"FALSE",269.448808712429,1.86848551472451,0,4,0,0.133333333333333,0.925225075811488,0.780632695818658,0.636146052813074,0.54197156983263,0.536613469875862,82.673388671875,2.72359493242149,1,0,0.0333333333333333,0,0.866176835333716,0.585797487460568,0.332495228644565,-0.00155935977173181,-0.560432345829153,0.918083190326366,0.190473264156983,1,1,0.0333333333333333,0.0333333333333333,0.569230266220142,0.235136592271866,0.113238983499012,-0.236484307091749,-0.0284595918464214
"1169",1169,6387,"Everest","EVER","Khumbu Himal",8849,12,2,2006,"EVER06101",1,"N Col-NE Ridge (up); SE Ridge-S Col (down)",NA,NA,NA,TRUE,FALSE,FALSE,FALSE,"2006-04-07","2006-05-11",1100,34,39,"2006-05-16",1,8849,3,12,3,0,6,4,TRUE,FALSE,NA,27.98805618,86.92805481,0,0,309,185,NA,0,0,1,2000,34,39,"FALSE",261.79699455897,3.13519289004918,0,0,0,0,0.916535255557842,0.81602081788503,0.768975162911701,0.724116983584097,0.452773936170907,93.791845703125,8.01890054656612,0,0,0,0,0.946358596533506,0.881596608606675,0.810872758676971,0.637374558867202,0.321813892438323,0.952982849129954,0.200490966981025,3,0,0.075,0,0.671716891647928,0.343773027443443,0.19471353866348,0.0718293910883198,-0.256036931508444
"1172",1172,6423,"Everest","EVER","Khumbu Himal",8849,12,2,1992,"EVER92310",3,"S Col-SE Ridge",NA,NA,NA,TRUE,FALSE,FALSE,FALSE,"1992-09-07","1992-09-28",1400,21,24,"1992-10-01",1,8849,4,20,8,0,10,1,TRUE,FALSE,"Moro cerebral edema 7600m on Sep 22",27.98805618,86.92805481,0,0,NA,191,10,0,0,1,1990,21,24,"FALSE",269.905897521973,1.1301513302266,0,3,0,0.12,0.866199529848509,0.74900959163252,0.656192205602709,0.439031001016184,0.509527201619045,82.9482975260417,2.90081664927357,1,0,0.04,0,0.861744292359562,0.585792804000505,0.349653993327342,0.00608770161661391,-0.769391707698156,0.892055432961576,0.188060957349033,1,1,0.04,0.04,0.557234639677975,0.295789275713519,0.271561445009359,-0.0966360487499585,0.0563878031030498
"1174",1174,6432,"Everest","EVER","Khumbu Himal",8849,12,2,1991,"EVER91308",3,"S Col-SE Ridge",NA,NA,NA,FALSE,FALSE,FALSE,FALSE,"1991-09-07","1991-10-08",NA,31,34,"1991-10-11",1,8200,4,4,0,0,0,0,FALSE,TRUE,"None",27.98805618,86.92805481,0,0,222,190,314,0,NA,1,1990,31,34,"FALSE",269.171163831438,1.19753511034413,0,2,0,0.0571428571428571,0.823280931327562,0.579507787272287,0.308190714579966,0.0664276711083687,0.274000513266773,84.3490234375,7.15978815661257,8,0,0.228571428571429,0,0.939526825692818,0.826519806692501,0.735021983779772,0.485895503861138,0.15947938795568,0.886806554809332,0.237577409596882,6,1,0.171428571428571,0.0285714285714286,0.74893089672137,0.499592444267518,0.406550700393437,0.0108512061586761,-0.266714439392652
"1176",1176,6453,"Everest","EVER","Khumbu Himal",8849,12,2,2012,"EVER12166",1,"S Col-SE Ridge",NA,NA,NA,FALSE,FALSE,FALSE,FALSE,"2012-04-09","2012-04-29",NA,20,28,"2012-05-07",1,7250,2,30,0,0,30,0,FALSE,TRUE,NA,27.98805618,86.92805481,0,1,NA,248,187,0,NA,1,2010,20,28,"FALSE",260.280025657566,1.45366327422137,0,0,0,0,0.710225324071884,0.356984902901341,0.0778173526392609,-0.248120813203312,-0.286849947431271,89.4975389502514,9.11123845069283,0,0,0,0,0.982397842239488,0.937583535430482,0.876944776975902,0.732930016274707,0.308704514096138,1.1647047299122,0.22057431073854,0,5,0,0.172413793103448,0.712006307357557,0.305013741072422,0.0396146526149598,-0.314285608033548,0.0654234723903603
"1177",1177,6456,"Everest","EVER","Khumbu Himal",8849,12,2,1999,"EVER99119",1,"S Col-SE Ridge",NA,NA,NA,TRUE,FALSE,FALSE,FALSE,"1999-04-04","1999-05-05",NA,31,31,"1999-05-05",1,8849,0,7,2,0,10,5,TRUE,FALSE,"Gyalzen slightly snowblinded",27.98805618,86.92805481,0,0,125,94,NA,0,0,1,1990,31,31,"FALSE",266.679222007593,2.77505219192688,0,4,0,0.125,0.904599135995128,0.739611500696589,0.592916377040372,0.410924581972667,0.640752075210235,80.2161814371745,0.55282257350689,23,0,0.71875,0,0.560515517416998,0.0887647916774972,-0.0900630298339689,-0.133172636062352,0.70797594689773,1.10964130025831,0.147356158820641,0,1,0,0.03125,0.182788491883575,-0.0850461922822035,0.178088564903847,-0.428912103441951,0.0293829483397464
"1178",1178,6461,"Everest","EVER","Khumbu Himal",8849,12,2,2011,"EVER11302",3,"S Col-SE Ridge",NA,NA,NA,FALSE,FALSE,FALSE,FALSE,"2011-09-06","2011-10-06",NA,30,33,"2011-10-09",1,7300,3,2,0,0,3,0,FALSE,TRUE,NA,27.98805618,86.92805481,0,1,161,160,253,0,NA,1,2010,30,33,"FALSE",268.882431105071,2.58596533847565,0,7,0,0.205882352941176,0.971156824246696,0.93097756869541,0.902135180905782,0.905335672208002,0.838868141783513,94.2033212699142,6.99425463373028,0,0,0,0,0.93580806381955,0.82032634495278,0.721951533162275,0.551772596191268,0.0791476454625917,0.760290570745246,0.169977429265139,5,0,0.147058823529412,0,0.433626295923126,-0.10710927337536,-0.37479420173322,0.107669902279315,0.0559004505070869
"1179",1179,6466,"Everest","EVER","Khumbu Himal",8849,12,2,2021,"EVER21118",1,"S Col-SE Ridge",NA,NA,NA,FALSE,FALSE,FALSE,FALSE,"2021-05-01","2021-05-07",NA,6,19,"2021-05-20",1,7100,3,9,0,0,14,0,FALSE,TRUE,NA,27.98805618,86.92805481,0,0,186,5,NA,0,NA,1,2020,6,19,"FALSE",265.02162659963,2.19674013058665,0,0,0,0,0.878725591837588,0.661232390737336,0.328915933731939,-0.256219202662094,-0.443123173901402,83.204736328125,4.03112351402286,0,0,0,0,0.509114575472731,-0.0226419747949382,-0.448806739289896,-0.169901557937139,-0.595710030575243,0.988024561047144,0.220593823905838,2,1,0.1,0.05,0.792819450768446,0.58579576564705,0.488980084401349,0.601551517391997,0.406007679978283
"1181",1181,6473,"Everest","EVER","Khumbu Himal",8849,12,2,1983,"EVER83306",3,"S Col-SE Ridge",NA,NA,NA,TRUE,FALSE,FALSE,FALSE,"1983-09-10","1983-10-08",1630,28,28,"1983-10-08",1,8849,0,5,3,2,2,0,TRUE,FALSE,"Two fatalities in descent from summit",27.98805618,86.92805481,0,0,222,282,NA,0.4,0.666666666666667,1,1980,28,28,"FALSE",269.655393315458,1.61933659576137,0,3,0,0.103448275862069,0.885946387442071,0.72735096309864,0.579805588048117,0.469314464192967,0.197593670458353,86.6722678699713,4.47055419386579,0,0,0,0,0.788783987069234,0.401604500654019,0.0356145828179772,-0.343573361192721,-0.101074365043121,0.945537071193989,0.193760846551093,1,2,0.0344827586206897,0.0689655172413793,0.522092780240161,0.0377648268301832,-0.195630272163735,-0.624984576687051,0.0388816761438843
"1185",1185,6514,"Everest","EVER","Khumbu Himal",8849,12,2,2006,"EVER06181",1,"N Col-NE Ridge",NA,NA,NA,FALSE,FALSE,FALSE,FALSE,"2006-04-09","2006-05-06",NA,27,48,"2006-05-27",1,7700,2,1,0,0,2,0,FALSE,TRUE,NA,27.98805618,86.92805481,0,0,156,247,NA,0,NA,1,2000,27,48,"FALSE",263.415958002311,4.09857698270971,0,4,0,0.0816326530612245,0.96266137828575,0.913319309425858,0.872204602684216,0.836009970965312,0.68157484417068,91.17118575946,8.37633293103582,0,0,0,0,0.958262070926968,0.906304168876323,0.846797572221021,0.711506147238746,0.525692736408637,0.932375591915924,0.201559606172611,5,0,0.102040816326531,0,0.602989933542992,0.282935054161444,0.163172269428831,0.0973179440144643,-0.167594628138572
"1186",1186,6515,"Everest","EVER","Khumbu Himal",8849,12,2,2006,"EVER06182",1,"N Col-NE Ridge",NA,NA,NA,FALSE,FALSE,FALSE,FALSE,"2006-04-11","2006-04-29",NA,18,21,"2006-05-02",1,7100,1,1,0,0,1,0,FALSE,TRUE,NA,27.98805618,86.92805481,1,0,NA,308,36,0,NA,1,2000,18,21,"FALSE",259.847560564677,2.18681135362332,0,0,0,0,0.822480165793246,0.509529287579063,0.37171185805347,0.500606054997042,-0.420255095871123,99.2556374289773,1.91302870538645,0,0,0,0,0.264721893557639,-0.0898008080038838,-0.150326150106064,-0.171116602939733,-0.13626097467289,0.995794737602614,0.210089168892976,0,0,0,0,0.656199268702107,0.380915719148759,0.29185986425479,0.217554780037901,-0.268587821440487
"1189",1189,6524,"Everest","EVER","Khumbu Himal",8849,12,2,1999,"EVER99118",1,"S Col-SE Ridge",NA,NA,NA,TRUE,FALSE,FALSE,FALSE,"1999-04-05","1999-05-12",830,37,41,"1999-05-16",1,8849,4,19,9,1,26,7,TRUE,FALSE,"Smith toes both feet frostbitten but will heal; Everett avalanches; Tinker altitude; Matthews disappeared (fell?)",27.98805618,86.92805481,0,0,339,124,NA,0.0526315789473684,0.111111111111111,1,1990,37,41,"FALSE",266.777377703833,2.42296371084241,0,4,0,0.0952380952380952,0.874234452927881,0.664111490787087,0.476832745618955,0.1795789875173,0.208316033256394,81.1807493179564,2.18293974491445,22,0,0.523809523809524,0,0.918136064981056,0.818656952616482,0.801122514212105,0.531570110736668,-0.14105867306514,1.09505805604126,0.176170032986581,0,2,0,0.0476190476190476,0.24507702392736,-0.259152260312298,-0.0180029205965043,-0.202943418110094,0.179690318990633
"1190",1190,6530,"Everest","EVER","Khumbu Himal",8849,12,2,2016,"EVER16101",1,"S Col-SE Ridge",NA,NA,NA,TRUE,FALSE,FALSE,FALSE,"2016-04-10","2016-05-11",NA,31,44,"2016-05-24",1,8849,4,17,11,0,24,10,TRUE,FALSE,NA,27.98805618,86.92805481,0,0,310,278,NA,0,0,1,2010,31,44,"FALSE",264.170179381194,2.57266006120915,0,0,0,0,0.938779392415823,0.866980409858057,0.790360932987657,0.696532509912087,0.55030941937343,81.221533203125,1.35346127064165,6,0,0.133333333333333,0,0.859252447931383,0.650895127926629,0.497523210698966,0.00483909901313385,0.50470852094877,1.10730516409764,0.251367290934627,2,4,0.0444444444444444,0.0888888888888889,0.671291454115115,0.514528443873698,0.352018271273798,0.252842464736163,-0.0304552851934178
"1191",1191,6533,"Everest","EVER","Khumbu Himal",8849,12,2,1999,"EVER99110",1,"N Col-NE Ridge",NA,NA,NA,FALSE,FALSE,FALSE,FALSE,"1999-04-11","1999-05-07",NA,26,49,"1999-05-30",1,8300,2,1,0,0,0,0,FALSE,TRUE,NA,27.98805618,86.92805481,0,0,186,308,NA,0,NA,1,1990,26,49,"FALSE",268.194101664225,2.1441944004037,0,14,0,0.28,0.892092226714783,0.716404214762762,0.550946674827992,0.218029251913064,-0.521985474958957,82.4061539713542,2.80991864940265,20,0,0.4,0,0.943732871523797,0.87636303881027,0.848467567737085,0.754447870998751,0.485851656485988,1.08216597132481,0.18055132329447,0,3,0,0.06,0.474263833938873,0.0640673240557063,-0.0100422463406418,0.0545505824527236,-0.00477694708777468
"1193",1193,6543,"Everest","EVER","Khumbu Himal",8849,12,2,1989,"EVER89311",3,"N Col-N Ridge-N Face",NA,NA,NA,FALSE,FALSE,FALSE,FALSE,"1989-09-02","1989-09-07",NA,5,32,"1989-10-04",1,7800,2,6,0,0,1,0,FALSE,TRUE,"None",27.98805618,86.92805481,1,0,190,40,100,0,NA,1,1980,5,32,"FALSE",270.36593196368,1.78246089152168,0,8,0,0.242424242424242,0.969394961038433,0.926288418331443,0.878239015388578,0.773225157030268,0.738599641002092,89.8251090001578,5.92473042007511,0,0,0,0,0.820158627939082,0.488321670574094,0.168710048360024,-0.175241154934702,-0.238410165369726,0.9552604773008,0.187473726408105,2,1,0.0606060606060606,0.0303030303030303,0.603320450119426,0.187249768955595,-0.0457083905176673,-0.295627577179711,-0.154973180807687
"1194",1194,6545,"Everest","EVER","Khumbu Himal",8849,12,2,1998,"EVER98308",3,"N Col-NE Ridge",NA,NA,NA,FALSE,FALSE,FALSE,FALSE,"1998-09-02","1998-09-24",NA,22,39,"1998-10-11",5,7000,0,1,0,0,3,0,FALSE,TRUE,"Keepa rope burns on hands",27.98805618,86.92805481,1,0,NA,40,314,0,NA,0.791049836139677,1990,22,39,"FALSE",270.088108825684,1.18969208459999,0,5,0,0.125,0.893892413459535,0.746852605648563,0.62747122870099,0.441306129248619,-0.249020825707981,84.5564086914062,2.66014989566185,0,0,0,0,0.837740376059867,0.536493265814885,0.313402968680661,-0.105776022885203,-0.246376681740144,0.803689546891012,0.166062255047181,5,0,0.125,0,0.746973160406155,0.434115774904286,0.0659125650175856,-0.444690227829261,0.329705121846639
"1195",1195,6558,"Everest","EVER","Khumbu Himal",8849,12,2,2014,"EVER14151",1,"S Col-SE Ridge",NA,NA,NA,FALSE,FALSE,FALSE,FALSE,"2014-04-09","2014-04-09",NA,0,18,"2014-04-27",1,5350,0,4,0,0,6,0,FALSE,TRUE,NA,27.98805618,86.92805481,0,0,247,247,NA,0,NA,1,2010,0,18,"FALSE",260.031506688971,1.67683209031961,0,0,0,0,0.836971714906582,0.751422736552283,0.703457681585222,0.507837384812136,0.676584254022035,100,0,0,0,0,0,NA,NA,NA,NA,NA,1.14111991459861,0.109283565957159,0,1,0,0.0526315789473684,-0.0277865334964138,-0.126165136363437,-0.0171654948041584,-0.441930150594506,-0.0968632191766394
"1196",1196,6560,"Everest","EVER","Khumbu Himal",8849,12,2,1990,"EVER90107",1,"S Col-SE Ridge",NA,NA,NA,TRUE,FALSE,FALSE,FALSE,"1990-04-01","1990-05-10",715,39,47,"1990-05-18",1,8849,4,10,6,0,18,3,TRUE,FALSE,"Manning slight frostbite; Browning serious pulmonary edema in descent from top",27.98805618,86.92805481,0,0,278,4,NA,0,0,1,1990,39,47,"FALSE",262.59997982449,4.33009539242658,0,3,0,0.0625,0.963944896591404,0.914994667974109,0.882684576458433,0.871113684605727,0.768756419065796,83.5210401746962,4.63630584017947,3,0,0.0625,0,0.855284882468129,0.657098472813679,0.486663767309579,0.315809326284435,-0.317751929119886,1.00567404833717,0.187968648031035,2,1,0.0416666666666667,0.0208333333333333,0.360500041397632,0.0365158764113992,-0.0294343509353884,-0.182559370757291,-0.121410270756742
"1199",1199,6583,"Everest","EVER","Khumbu Himal",8849,12,2,2011,"EVER11301",3,"S Col-SE Ridge",NA,NA,NA,FALSE,FALSE,FALSE,FALSE,"2011-09-11","2011-10-06",NA,25,27,"2011-10-08",1,7700,3,1,0,0,1,0,FALSE,TRUE,NA,27.98805618,86.92805481,1,0,161,313,222,0,NA,1,2010,25,27,"FALSE",268.508691061111,2.38394885166115,0,4,0,0.142857142857143,0.960238686119945,0.906219182190884,0.863487198261315,0.876340114272113,0.763675076917229,96.1780104864211,6.05123126274576,0,0,0,0,0.909299097382632,0.78107195081018,0.650006875986488,0.319248118123173,-0.240670251660217,0.752516580244152,0.174180978241368,5,0,0.178571428571429,0,0.40645263472447,-0.111128915179501,-0.289963897168633,0.0112767069901889,0.100638805707585
"1200",1200,6587,"Everest","EVER","Khumbu Himal",8849,12,2,1999,"EVER99128",1,"S Col-SE Ridge",NA,NA,NA,TRUE,FALSE,FALSE,FALSE,"1999-04-03","1999-05-12",1000,39,45,"1999-05-18",1,8849,4,5,4,0,4,2,TRUE,FALSE,"Mursagulow developed recurrence of liver trouble; Sarkisov & Chewang snowblind",27.98805618,86.92805481,0,0,339,63,NA,0,0,1,1990,39,45,"FALSE",266.540276859118,2.5316810725461,0,4,0,0.0869565217391304,0.895530701818776,0.728906088131324,0.587325492598623,0.356814294579875,0.228525760291034,81.3420763983243,2.32456535379785,23,0,0.5,0,0.934152195218926,0.854277296466266,0.81181058635558,0.634581619781851,-0.0273427860828043,1.09510290017346,0.18201731782124,0,2,0,0.0434782608695652,0.324533574226937,-0.0818948963891589,-0.0780039201561933,-0.14299532649056,0.223824048403007
"1201",1201,6592,"Everest","EVER","Khumbu Himal",8849,12,2,2012,"EVER12153",1,"S Col-SE Ridge",NA,NA,NA,FALSE,FALSE,FALSE,FALSE,"2012-05-04","2012-05-04",NA,0,1,"2012-05-05",1,5350,0,2,0,0,0,0,FALSE,TRUE,NA,27.98805618,86.92805481,0,0,96,96,126,0,NA,1,2010,0,1,"FALSE",259.517820676168,0.516732051469534,0,0,0,0,NA,NA,NA,NA,NA,81.3712565104167,1.2116569323457,0,0,0,0,NA,NA,NA,NA,NA,0.9255184481016,0.0873818284039661,0,0,0,0,NA,NA,NA,NA,NA
"1202",1202,6595,"Everest","EVER","Khumbu Himal",8849,12,2,1990,"EVER90102",1,"W Ridge from N",NA,NA,NA,FALSE,FALSE,FALSE,FALSE,"1990-03-08","1990-05-12",NA,65,66,"1990-05-13",14,7800,4,13,0,0,6,0,TRUE,FALSE,"Gordon and Habeler pneumonia and other illness",27.98805618,86.92805481,0,0,339,215,NA,0,NA,0.734546276415414,1990,65,66,"FALSE",259.344630568775,4.59997255626722,2,0,0.0298507462686567,0,0.96817884019595,0.917470885133747,0.87203965937843,0.811315141598329,0.70489268672148,88.3484955593128,7.88183442740191,3,0,0.0447761194029851,0,0.95452099609009,0.871585329431526,0.805592678541153,0.757405642311193,0.757246494012492,0.98642484185698,0.166853942800848,1,0,0.0149253731343284,0,0.498377979517135,0.274916283399027,0.0473392654924082,-0.0364290511495299,-0.0542074366614559
"1203",1203,6596,"Everest","EVER","Khumbu Himal",8849,12,2,1991,"EVER91309",3,"S Col-SE Ridge",NA,NA,NA,FALSE,FALSE,FALSE,FALSE,"1991-09-11","1991-10-05",NA,24,31,"1991-10-12",1,8750,4,8,0,0,6,0,TRUE,FALSE,"None",27.98805618,86.92805481,1,0,130,313,344,0,NA,1,1990,24,31,"FALSE",268.860100269318,1.23302134350333,0,0,0,0,0.852844408018924,0.695346247673229,0.542935131068545,0.244944612108115,0.11681532317029,83.0149485270182,6.19355902620024,8,0,0.25,0,0.970684588221884,0.907167148531789,0.896174625389428,0.891232385393137,0.171843931854291,0.924233101655797,0.226888834129553,4,1,0.125,0.03125,0.810071517307838,0.568887381775561,0.407905102504098,0.107165288964494,-0.35373809315447
"1204",1204,6605,"Everest","EVER","Khumbu Himal",8849,12,2,1993,"EVER93116",1,"S Col-SE Ridge",NA,NA,NA,TRUE,FALSE,FALSE,FALSE,"1993-04-08","1993-05-10",1230,32,39,"1993-05-17",1,8849,4,1,1,0,0,0,TRUE,FALSE,"Fell into crevasse into crevasse descending from Col below to his chest",27.98805618,86.92805481,0,0,278,216,NA,0,0,1,1990,32,39,"FALSE",263.451426728567,3.55855209070246,0,0,0,0,0.952818369473095,0.896876113038181,0.840484106253127,0.757258093522332,0.468637925907434,94.0332194010417,8.30538297284618,0,0,0,0,0.978844203275266,0.929106020156614,0.86834435706035,0.753517491184407,0.433251236249845,0.869389454593411,0.20330194505933,4,1,0.1,0.025,0.770020976529744,0.563595168808843,0.381735034792412,0.188951202866921,-0.284545417814308
"1205",1205,6607,"Everest","EVER","Khumbu Himal",8849,12,2,1951,"EVER51101",1,"N Col",NA,NA,NA,FALSE,FALSE,FALSE,FALSE,"1951-05-03","1951-05-07",NA,4,11,"1951-05-14",1,6800,3,1,0,0,3,0,FALSE,TRUE,NA,27.98805618,86.92805481,0,0,186,64,NA,0,NA,1,1950,4,11,"FALSE",263.551645914714,2.08873663029153,0,0,0,0,0.916172794695314,0.843893257901526,0.82094524554081,0.703405701138935,-1,100,0,0,0,0,0,NA,NA,NA,NA,NA,0.734407897343305,0.139140388582741,4,0,0.333333333333333,0,0.490336999732478,-0.133873209918066,-0.456434797233904,-0.424058259279927,-1
"1206",1206,6615,"Everest","EVER","Khumbu Himal",8849,12,2,2010,"EVER10165",1,"S Col-SE Ridge",NA,NA,NA,TRUE,FALSE,FALSE,FALSE,"2010-04-08","2010-05-07",742,29,48,"2010-05-26",14,8849,0,19,10,0,20,9,TRUE,FALSE,NA,27.98805618,86.92805481,0,0,186,216,NA,0,0,0.632839868911741,2010,29,48,"FALSE",265.770887621406,1.99395449518051,0,1,0,0.0204081632653061,0.839375933337975,0.60412461442407,0.443033653565265,0.110694784269793,0.0265842779152053,81.5065037733844,2.01237941421626,3,0,0.0612244897959184,0,0.881971918692364,0.683695627846605,0.466122745226319,0.149942091148906,-0.283601003257096,1.18872000510111,0.271025738569244,1,13,0.0204081632653061,0.26530612244898,0.661029166143141,0.282390473356214,0.0311236335467448,-0.168277622013704,-0.316253420595393
"1207",1207,6616,"Everest","EVER","Khumbu Himal",8849,12,2,1992,"EVER92114",1,"S Col-SE Ridge",NA,NA,NA,FALSE,FALSE,FALSE,FALSE,"1992-04-04","1992-05-09",NA,35,37,"1992-05-11",1,7900,3,8,0,0,5,0,TRUE,FALSE,"Perez heart attack Apr 19 only",27.98805618,86.92805481,0,0,249,95,310,0,NA,1,1990,35,37,"FALSE",263.137422277216,1.58151329654829,0,0,0,0,0.652210816540078,0.251309934580069,-0.0870880135712249,-0.460841901859085,0.149268113812328,81.9921982079221,2.50831185705946,7,0,0.184210526315789,0,0.773823931412429,0.525077376780441,0.342579848272398,0.126889791804301,0.0194781367098103,1.15030239859466,0.219613430608278,1,4,0.0263157894736842,0.105263157894737,0.598237967719865,0.473053906773489,0.432605637476858,0.189600210858669,0.109211879328166
"1208",1208,6640,"Everest","EVER","Khumbu Himal",8849,12,2,2015,"EVER15133",1,"S Col-SE Ridge",NA,NA,NA,FALSE,FALSE,FALSE,FALSE,"2015-04-09","2015-04-15",NA,6,23,"2015-05-02",1,5800,0,5,0,0,5,0,FALSE,TRUE,NA,27.98805618,86.92805481,0,0,NA,247,36,0,NA,1,2010,6,23,"FALSE",259.466008318795,1.65516571942111,0,0,0,0,0.681673067204436,0.430841626081895,0.172667117608988,-0.0991629708898033,-0.0857300181375643,100,0,0,0,0,0,NA,NA,NA,NA,NA,0.758693842608018,0.127363719142208,7,0,0.291666666666667,0,0.272543551557307,-0.0456796331491346,-0.203376438967615,-0.0850331102485292,0.0745879856722996
"1209",1209,6656,"Everest","EVER","Khumbu Himal",8849,12,2,1984,"EVER84104",1,"N Face (Hornbein Couloir)",NA,NA,NA,FALSE,FALSE,FALSE,FALSE,"1984-03-18","1984-04-02",NA,15,16,"1984-04-03",4,6860,0,14,0,1,0,0,FALSE,TRUE,"Avalanche from N Col destroyed ABC killing Swierzy and injuring 4 others",27.98805618,86.92805481,0,1,35,NA,64,0.0714285714285714,Inf,0.904056955588202,1980,15,16,"FALSE",260.628356260412,2.82727401839178,0,0,0,0,0.783701582781325,0.457143385627858,0.202174522968043,0.132355504131332,-0.848612488915475,80.6259717754289,0.41419266155461,0,0,0,0,0.781333482013076,0.459898652589018,0.0215710368565473,-0.672145647487002,-0.641453053764506,1.09509989719879,0.198388766041159,0,2,0,0.117647058823529,0.519088134821559,0.0435734833321479,-0.353862151641082,-0.430433737058438,-0.616227589110225
"1211",1211,6670,"Everest","EVER","Khumbu Himal",8849,12,2,2009,"EVER09168",1,"S Col-SE Ridge",NA,NA,NA,TRUE,FALSE,FALSE,FALSE,"2009-04-07","2009-05-05",1238,28,50,"2009-05-27",1,8849,4,37,28,0,26,25,TRUE,FALSE,NA,27.98805618,86.92805481,0,0,125,185,NA,0,0,1,2000,28,50,"FALSE",265.86410630918,2.79579734925252,0,4,0,0.0784313725490196,0.903256825534116,0.746878428817414,0.618467646256261,0.25546194020315,-0.387942236745506,82.0611835554534,4.5034256951927,12,0,0.235294117647059,0,0.90372584754427,0.751245133673337,0.567726277633528,0.208693132815519,0.353958505771124,1.22544727432006,0.241456684884386,0,17,0,0.333333333333333,0.486158353155326,0.18254891944665,-0.0781452903635783,-0.190282094717767,-0.263563087730851
"1214",1214,6684,"Everest","EVER","Khumbu Himal",8849,12,2,2011,"EVER11126",1,"S Col-SE Ridge",NA,NA,NA,TRUE,FALSE,FALSE,FALSE,"2011-04-11","2011-05-12",730,31,33,"2011-05-14",1,8849,4,4,1,0,2,1,TRUE,FALSE,NA,27.98805618,86.92805481,0,0,339,308,NA,0,0,1,2010,31,33,"FALSE",263.405445098877,2.27447225061233,0,0,0,0,0.893826474647834,0.738404259640451,0.641399877579269,0.485591713686735,0.528687573995396,82.8046300551471,2.26544870155742,0,0,0,0,0.785439851459013,0.399808793461605,0.0700679526459801,-0.267975920955388,-0.242762796920358,0.916386808874892,0.238987953236653,6,1,0.176470588235294,0.0294117647058824,0.664179837359349,0.273986333446592,0.0722445725216718,0.0373613586542177,-0.176969549300349
"1217",1217,6707,"Everest","EVER","Khumbu Himal",8849,12,2,1992,"EVER92306",3,"S Col-SE Ridge",NA,NA,NA,TRUE,FALSE,FALSE,FALSE,"1992-09-01","1992-10-04",907,33,39,"1992-10-10",1,8849,4,11,1,0,9,1,TRUE,FALSE,"None",27.98805618,86.92805481,0,0,101,9,284,0,0,1,1990,33,39,"FALSE",269.434107112885,2.08145226722892,0,8,0,0.2,0.915954701671479,0.803469474645231,0.688627636247943,0.568590396144722,0.70783816357794,82.2393391927083,2.50562376237597,1,0,0.025,0,0.881123353930408,0.632614086902026,0.400147263045719,0.047443609379048,-0.354878859351766,0.9023551385999,0.173705898305529,1,1,0.025,0.025,0.557310207110672,0.190138152412826,0.0567987095718166,-0.267962049045148,0.0531843019738869
"1218",1218,6713,"Everest","EVER","Khumbu Himal",8849,12,2,1985,"EVER85101",1,"Lho La-W Ridge",NA,NA,NA,FALSE,FALSE,FALSE,FALSE,"1985-03-12","1985-05-10",NA,59,59,"1985-05-10",10,8600,5,21,0,0,12,0,TRUE,FALSE,"Climbers knocked down by high winds but no one hurt; no serious frostbites or illnesses",27.98805618,86.92805481,0,0,278,337,NA,0,NA,0.723245564470562,1980,59,59,"FALSE",262.813839181264,2.91986196625217,0,0,0,0,0.852870109604348,0.642075639116038,0.466008963324661,0.34477234895079,0.547140645452195,81.0614922417535,1.06214916319908,8,0,0.133333333333333,0,0.684003575265708,0.206099931924486,-0.0952161045374397,-0.067770345981805,-0.137306964249837,1.20381026087099,0.281563890502928,1,15,0.0166666666666667,0.25,0.690813834425539,0.373549247682519,0.0643763686100478,-0.11488097382084,0.303755137581924
"1220",1220,6722,"Everest","EVER","Khumbu Himal",8849,12,2,1992,"EVER92307",3,"S Col-SE Ridge",NA,NA,NA,TRUE,FALSE,FALSE,FALSE,"1992-09-02","1992-10-09",730,37,41,"1992-10-13",1,8849,4,15,3,0,6,2,TRUE,FALSE,"Pasang Kazi fell below summit for 200m, self-arrested, broke ribs only",27.98805618,86.92805481,0,0,254,40,NA,0,0,1,1990,37,41,"FALSE",269.264301754179,1.99568804067917,0,7,0,0.166666666666667,0.912098779958301,0.801154872918852,0.680744683645402,0.528034770428976,0.627196496896105,82.2888338603671,2.47797940755947,1,0,0.0238095238095238,0,0.866531458078286,0.597996062042776,0.365776358237219,0.0285951847778798,-0.360840489372466,0.926645599908228,0.175867513874298,1,1,0.0238095238095238,0.0238095238095238,0.572622649700807,0.190254991503098,-0.000965086211490288,-0.260135301810599,-0.0117666978292054
"1221",1221,6733,"Everest","EVER","Khumbu Himal",8849,12,2,1992,"EVER92308",3,"S Col-SE Ridge",NA,NA,NA,TRUE,FALSE,FALSE,FALSE,"1992-09-04","1992-10-07",930,33,33,"1992-10-07",1,8849,4,9,2,0,6,0,TRUE,FALSE,"1 member serious altitude sickness; nothing else",27.98805618,86.92805481,0,0,192,100,NA,0,0,1,1990,33,33,"FALSE",269.360224630318,2.07450627173118,0,6,0,0.176470588235294,0.925466017266448,0.812537061296935,0.741668268430789,0.632166777818925,0.646074436668608,82.4604013480392,2.63125833398826,1,0,0.0294117647058824,0,0.872554445137251,0.60482102516435,0.354804627147547,-0.00697541898613156,-0.354886972340666,0.91770156002138,0.179166117354464,1,1,0.0294117647058824,0.0294117647058824,0.557137660411348,0.206220220906774,0.0861545676797926,-0.223270117601622,-0.0210045641690542
"1226",1226,6782,"Everest","EVER","Khumbu Himal",8849,12,2,2015,"EVER15123",1,"S Col-SE Ridge",NA,NA,NA,FALSE,FALSE,FALSE,FALSE,"2015-04-10","2015-04-12",NA,2,26,"2015-05-06",4,6100,0,15,0,0,17,0,FALSE,TRUE,NA,27.98805618,86.92805481,0,0,338,277,156,0,NA,0.926658379477907,2010,2,26,"FALSE",259.684371006342,1.29208849641433,0,0,0,0,0.578168958012757,0.171784592526352,0.120631566073075,-0.171656133903892,-0.0502375400819222,100,0,0,0,0,0,NA,NA,NA,NA,NA,0.767002639492641,0.128830961726476,7,0,0.259259259259259,0,0.349742463190803,0.0270520732207863,-0.161203542716615,0.0913392828490756,0.0407314053079396
"1228",1228,6790,"Everest","EVER","Khumbu Himal",8849,12,2,1999,"EVER99113",1,"S Col-SE Ridge",NA,NA,NA,TRUE,FALSE,FALSE,FALSE,"1999-04-04","1999-05-12",905,38,42,"1999-05-16",1,8849,0,5,1,0,4,2,TRUE,FALSE,"Dunne stomach trouble, Flynn slight frostbite",27.98805618,86.92805481,0,0,339,94,NA,0,0,1,1990,38,42,"FALSE",266.660473269086,2.5136903394081,0,4,0,0.0930232558139535,0.88678791447674,0.703904047094512,0.535509949357756,0.287535080323115,0.266376232081495,81.1544369246609,2.16368640922179,23,0,0.534883720930233,0,0.918631903947998,0.819708726195567,0.802261771143769,0.519276307445979,-0.134627206485481,1.09705527840259,0.174552151416561,0,2,0,0.0465116279069767,0.252768670468854,-0.247739431064533,-0.0334619941392703,-0.193041834068785,0.188826742686751
"1230",1230,6814,"Everest","EVER","Khumbu Himal",8849,12,2,1993,"EVER93115",1,"S Col-SE Ridge",NA,NA,NA,TRUE,FALSE,FALSE,FALSE,"1993-04-06","1993-05-10",1130,34,34,"1993-05-10",1,8849,4,17,2,0,14,2,TRUE,FALSE,"Pinju Sherpa bad back Apr 8, did not climb again; Taylor frostbite, etc.",27.98805618,86.92805481,0,0,278,155,NA,0,0,1,1990,34,34,"FALSE",262.757668831235,4.06708213537403,0,0,0,0,0.969083380986834,0.932959615592096,0.906378226095403,0.875336222386469,0.755960360648658,96.7666899181548,6.63205084991722,0,0,0,0,0.963647057830932,0.873981807822615,0.756408032917267,0.504002604733477,NA,0.823026465289626,0.150081368095652,4,0,0.114285714285714,0,0.720349749589724,0.400292388926717,0.25010799791558,0.261101817925246,-0.373569971800498
"1231",1231,6818,"Everest","EVER","Khumbu Himal",8849,12,2,1993,"EVER93114",1,"W Cwm-W Ridge (to 6800m)","S Col-SE Ridge",NA,NA,FALSE,TRUE,FALSE,FALSE,"1993-04-03","1993-05-10",NA,37,37,"1993-05-10",14,8849,4,10,4,0,0,0,TRUE,FALSE,"None",27.98805618,86.92805481,0,0,278,63,NA,0,0,0.988812295174596,1990,37,37,"FALSE",262.07470940707,4.56100369674546,0,0,0,0,0.974286664187629,0.94605714211856,0.930721711269758,0.906144663631738,0.813959309763693,97.0219512404057,6.41860937497694,0,0,0,0,0.964232432350297,0.87585975134956,0.759684602197377,0.508818910298041,NA,0.830911928344229,0.147419526484016,4,0,0.105263157894737,0,0.720556067700846,0.443174736394144,0.284927715923354,0.270742022326993,-0.286954345341683
"1350",1350,8124,"Lhotse","LHOT","Khumbu Himal",8516,12,2,2021,"LHOT21113",1,"W Face",NA,NA,NA,FALSE,FALSE,FALSE,FALSE,"2021-05-01","2021-05-07",NA,6,19,"2021-05-20",1,7100,3,3,0,0,3,0,FALSE,TRUE,NA,27.96194458,86.9366684,0,0,186,5,NA,0,NA,1,2020,6,19,"FALSE",265.02162659963,2.19674013058665,0,0,0,0,0.878725591837588,0.661232390737336,0.328915933731939,-0.256219202662094,-0.443123173901402,83.204736328125,4.03112351402286,0,0,0,0,0.509114575472731,-0.0226419747949382,-0.448806739289896,-0.169901557937139,-0.595710030575243,0.988024561047144,0.220593823905838,2,1,0.1,0.05,0.792819450768446,0.58579576564705,0.488980084401349,0.601551517391997,0.406007679978283
"1351",1351,8130,"Lhotse","LHOT","Khumbu Himal",8516,12,2,1991,"LHOT91301",3,"W Face",NA,NA,NA,FALSE,FALSE,FALSE,FALSE,"1991-10-01","1991-10-10",NA,9,13,"1991-10-14",4,7600,3,2,0,0,2,0,FALSE,TRUE,"None",27.96194458,86.9366684,1,0,283,10,NA,0,NA,0.729722144260455,1990,9,13,"FALSE",267.683277675084,1.36260566571013,0,0,0,0,0.822833753448693,0.729767715031473,0.845905277541757,0.57384818994737,-0.678819491826474,80.0215134393601,0.0313552422235902,8,0,0.571428571428571,0,0.474421545847923,-0.296878559618929,-0.66972770381902,0.213043292280661,-0.874819638301202,1.06466053800773,0.202095829602881,0,1,0,0.0714285714285714,0.5708338872345,0.307651800258848,0.202233979306242,-0.178832764710695,-0.51552202469444
"1352",1352,8149,"Lhotse","LHOT","Khumbu Himal",8516,12,2,1994,"LHOT94101",1,"W Face",NA,NA,NA,TRUE,FALSE,FALSE,FALSE,"1994-04-12","1994-05-09",1730,27,27,"1994-05-09",0,8516,4,7,5,0,0,0,TRUE,FALSE,"Reuterward frostnipped fingers, nose & cheek",27.96194458,86.9366684,0,0,248,338,NA,0,0,0,1990,27,27,"FALSE",261.62491496404,3.21981182895525,0,0,0,0,0.937199975608622,0.817052693023823,0.722989364216566,0.675378316026907,0.368749801695552,87.9404093424479,8.85239792461565,3,0,0.107142857142857,0,0.982385755852481,0.939452042371992,0.880340910532843,0.73151274096911,0.463866421639435,1.02162480115568,0.1871278471693,1,0,0.0357142857142857,0,0.601444149024532,0.337523329934149,0.0895670661458921,0.0961747009248922,-0.0816970891619411
"1353",1353,8157,"Lhotse","LHOT","Khumbu Himal",8516,12,2,2000,"LHOT00301",3,"W Face",NA,NA,NA,TRUE,FALSE,FALSE,FALSE,"2000-09-15","2000-10-02",1445,17,21,"2000-10-06",1,8516,2,1,1,0,0,0,FALSE,TRUE,NA,27.96194458,86.9366684,0,0,41,NA,162,0,0,1,2000,17,21,"FALSE",266.16077226581,3.01852360775126,0,0,0,0,0.911650606288908,0.719585566599459,0.473754605466479,-0.0707669007987931,-0.853228449086072,89.719482421875,7.747675808512,0,0,0,0,0.907353877091975,0.705501298632154,0.475628536118936,-0.126737190529038,-0.85157360935024,0.71341707138223,0.133997085137971,4,0,0.181818181818182,0,0.621014469450402,0.431613753315047,0.390042898557738,-0.243591817186397,-0.606820889629004
"1354",1354,8158,"Lhotse","LHOT","Khumbu Himal",8516,12,2,2000,"LHOT00303",3,"E section of S Face of Lhotse & Lhotse Shar",NA,NA,NA,FALSE,FALSE,FALSE,FALSE,"2000-09-01","2000-10-03",NA,32,36,"2000-10-07",4,7000,2,21,0,1,2,0,FALSE,TRUE,"Kurbanov serious intestinal problem; Bondarev killed by avalanche",27.96194458,86.9366684,1,0,70,9,192,0.0476190476190476,Inf,0.982318271119843,2000,32,36,"FALSE",267.953547640964,3.23830711486919,0,3,0,0.0810810810810811,0.950942736945755,0.860170067355266,0.75920385248745,0.544397420457074,0.065092409335251,90.7519927153716,7.26163702747161,0,0,0,0,0.858669689037738,0.613077995957929,0.408111117138684,0.00963836750942372,-0.549802223065211,0.750173080561783,0.139913088545516,5,0,0.135135135135135,0,0.662018186464827,0.429461643684932,0.314273351557597,-0.215028089281657,-0.468041365434592
"1355",1355,8163,"Lhotse","LHOT","Khumbu Himal",8516,12,2,2015,"LHOT15111",1,"W Face",NA,NA,NA,FALSE,FALSE,FALSE,FALSE,"2015-04-11","2015-04-23",NA,12,20,"2015-05-01",1,6400,2,4,0,0,4,0,FALSE,TRUE,NA,27.96194458,86.9366684,0,0,NA,308,5,0,NA,1,2010,12,20,"FALSE",259.73943135095,1.30909282172611,0,0,0,0,0.470421794884944,0.198122904526664,0.116075352950773,-0.165696795352222,-0.15239577163966,100,0,0,0,0,0,NA,NA,NA,NA,NA,0.735719123871692,0.118637528139559,7,0,0.333333333333333,0,0.184682587948215,-0.0182602263171188,-0.343808507019498,0.177792736601938,0.0718517945000619
"1356",1356,8172,"Lhotse","LHOT","Khumbu Himal",8516,12,2,1995,"LHOT95102",1,"W Face",NA,NA,NA,TRUE,FALSE,FALSE,FALSE,"1995-04-10","1995-05-10",NA,30,32,"1995-05-12",1,8516,1,4,2,0,15,2,TRUE,FALSE,"None on Lhotse",27.96194458,86.9366684,0,0,278,277,339,0,0,1,1990,30,32,"FALSE",262.252786732683,3.39563007762318,0,0,0,0,0.930498243595914,0.834086581188704,0.760095357922022,0.568046271497051,0.666072907840007,98.9847128511679,3.56269668246941,0,0,0,0,0.936746506204241,0.770137968394813,NA,NA,NA,0.9162851848356,0.139259285553626,3,0,0.0909090909090909,0,0.655337887193997,0.495347666100028,0.420403030355585,-0.033668471975778,-0.176842774594018
"1357",1357,8179,"Lhotse","LHOT","Khumbu Himal",8516,12,2,1995,"LHOT95101",1,"W Face",NA,NA,NA,TRUE,FALSE,FALSE,FALSE,"1995-04-10","1995-05-06",1100,26,26,"1995-05-06",1,8516,3,2,2,0,0,0,FALSE,TRUE,"Groom frostbitten fingers which will heal",27.96194458,86.9366684,0,0,156,277,NA,0,0,1,1990,26,26,"FALSE",261.274785595176,2.87820892277415,0,0,0,0,0.8979091109603,0.774099161798833,0.691095161187937,0.507429499823065,0.395407804248938,100,0,0,0,0,0,NA,NA,NA,NA,NA,0.965990004567852,0.0872013887656039,0,0,0,0,0.00683509143457624,-0.226095749755422,0.00588215663130545,-0.139310544409309,-0.203444469697246
"1358",1358,8200,"Lhotse","LHOT","Khumbu Himal",8516,12,2,2001,"LHOT01108",1,"W Face",NA,NA,NA,TRUE,FALSE,FALSE,FALSE,"2001-04-11","2001-04-29",1545,18,21,"2001-05-02",1,8516,3,6,2,0,2,1,TRUE,FALSE,"Tek Bahadur frostbitten toes on 29 April; Oh same frosbitten fingers from biv",27.96194458,86.9366684,0,0,NA,308,36,0,0,1,2000,18,21,"FALSE",261.545104749275,2.22567367986881,0,0,0,0,0.86073201548528,0.718535640073157,0.590684152357921,0.363287969766601,-0.759271703592889,86.0150960286458,6.35979404537721,0,0,0,0,0.741929637676179,0.418932108065694,0.259168274023435,0.169560677613076,-0.68412839480732,1.06347478942531,0.149763880309361,0,0,0,0,0.287501947135185,0.208244587509003,-0.178361728490045,-0.140732203034403,-0.268567470445918
"1360",1360,8224,"Lhotse","LHOT","Khumbu Himal",8516,12,2,2003,"LHOT03108",1,"W Face",NA,NA,NA,FALSE,FALSE,FALSE,FALSE,"2003-04-05","2003-05-12",NA,37,48,"2003-05-23",1,8200,3,1,0,0,0,0,FALSE,TRUE,NA,27.96194458,86.9366684,0,0,339,124,NA,0,NA,1,2000,37,48,"FALSE",263.243411122536,2.73015272806159,0,0,0,0,0.919766477836283,0.758487590567987,0.573225760752526,0.299296321702181,-0.231923943052772,84.8518830383716,7.37631125965182,7,0,0.142857142857143,0,0.981025084741271,0.940828643316628,0.886652147353853,0.73612198270772,0.0668403955635353,1.14084758935184,0.234823407754794,0,6,0,0.122448979591837,0.712986282835844,0.447756631101342,0.199668477179861,-0.0857616152791596,0.0121085616853247
"1361",1361,8226,"Lhotse","LHOT","Khumbu Himal",8516,12,2,1979,"LHOT79101",1,"W Face",NA,NA,NA,TRUE,FALSE,FALSE,FALSE,"1979-03-07","1979-05-04",1700,58,58,"1979-05-04",6,8516,4,11,4,0,16,0,TRUE,FALSE,NA,27.96194458,86.9366684,0,0,95,184,NA,0,0,0.831520049735779,1970,58,58,"FALSE",258.386209951282,4.94436482960493,11,0,0.186440677966102,0,0.957737700717674,0.912759729596104,0.893444407169979,0.887808337566585,0.846074341581442,98.0057973053496,5.4840676840555,1,0,0.0169491525423729,0,0.978140860519098,0.934660954706498,0.877461780069989,0.683878265095843,NA,0.984518666758326,0.22923359707115,3,2,0.0508474576271186,0.0338983050847458,0.521200340248554,0.204322052444691,0.236307249882023,0.335486267681643,0.14298181473957
"1362",1362,8229,"Lhotse","LHOT","Khumbu Himal",8516,12,2,2002,"LHOT02301",3,"W Face",NA,NA,NA,TRUE,FALSE,FALSE,FALSE,"2002-09-01","2002-10-03",920,32,43,"2002-10-14",13,8516,4,6,6,0,5,2,TRUE,FALSE,"Nothing",27.96194458,86.9366684,0,0,69,9,NA,0,0,0,2000,32,43,"FALSE",267.60134566914,2.43752923563255,0,0,0,0,0.950597877526894,0.877582685408406,0.801266311365457,0.65625903050145,0.779274061823635,90.772490530303,6.13234878000345,0,0,0,0,0.940686796781488,0.839801790601634,0.737078080858714,0.51315655272354,-0.0825274491866412,0.952419168436627,0.152869419431135,1,0,0.0227272727272727,0,0.623627133474804,0.193810338358121,0.0665024940251395,0.156505563341929,0.23324013021089
"1363",1363,8242,"Lhotse","LHOT","Khumbu Himal",8516,12,2,1979,"LHOT79301",3,"W Face",NA,NA,NA,TRUE,FALSE,FALSE,FALSE,"1979-09-03","1979-10-04",1250,31,39,"1979-10-12",1,8516,4,22,8,0,0,0,TRUE,FALSE,NA,27.96194458,86.9366684,0,0,100,68,344,0,0,1,1970,31,39,"FALSE",268.195005162557,1.90264360233296,0,0,0,0,0.911903630623262,0.72142557489687,0.544246298072898,0.257148985468709,-0.575250941154621,82.4787353515625,2.1299887937141,0,0,0,0,0.769906218831481,0.257424360250062,-0.164394218023979,-0.449427421372157,0.134260054420667,0.961332316367278,0.189595354311866,1,0,0.025,0,0.459764706730809,-0.233023463931901,-0.596338608018197,-0.166034222916219,-0.0395281529104461
"1367",1367,8319,"Lhotse","LHOT","Khumbu Himal",8516,12,2,2015,"LHOT15106",1,"W Face",NA,NA,NA,FALSE,FALSE,FALSE,FALSE,"2015-04-10","2015-04-19",NA,9,26,"2015-05-06",10,5040,0,3,0,0,2,0,FALSE,TRUE,NA,27.96194458,86.9366684,0,1,NA,277,156,0,NA,0.967334922192626,2010,9,26,"FALSE",259.684371006342,1.29208849641433,0,0,0,0,0.578168958012757,0.171784592526352,0.120631566073075,-0.171656133903892,-0.0502375400819222,100,0,0,0,0,0,NA,NA,NA,NA,NA,0.767002639492641,0.128830961726476,7,0,0.259259259259259,0,0.349742463190803,0.0270520732207863,-0.161203542716615,0.0913392828490756,0.0407314053079396
"1368",1368,8323,"Lhotse","LHOT","Khumbu Himal",8516,12,2,2013,"LHOT13119",1,"W Face",NA,NA,NA,FALSE,FALSE,FALSE,FALSE,"2013-04-12","2013-05-05",NA,23,40,"2013-05-22",9,7100,3,2,0,0,0,0,FALSE,TRUE,NA,27.96194458,86.9366684,0,0,125,338,NA,0,NA,0.96969696969697,2010,23,40,"FALSE",263.520194200965,3.23007639037661,0,4,0,0.0975609756097561,0.948287878777174,0.859264390809354,0.763283545051902,0.591003289635079,0.493748217395384,84.9145567358994,6.68809688632191,1,0,0.024390243902439,0,0.899361086161723,0.710379962017757,0.521207793446815,0.154313946104748,0.189098791445093,1.01557015495915,0.19186282722084,1,0,0.024390243902439,0,0.6322601892899,0.326594316305288,0.212392425191433,-0.0848361538767389,-0.0504371312252266
"1369",1369,8331,"Lhotse","LHOT","Khumbu Himal",8516,12,2,2010,"LHOT10101",1,"W Face",NA,NA,NA,FALSE,FALSE,FALSE,FALSE,"2010-04-30","2010-05-07",NA,7,8,"2010-05-08",4,6400,1,1,0,0,0,0,FALSE,TRUE,NA,27.96194458,86.9366684,0,0,186,NA,217,0,NA,0.990733169801036,2010,7,8,"FALSE",266.321591553865,0.755514898828046,0,0,0,0,0.180503886733914,-0.686946616375209,-0.54100873097393,0.952222922108826,NA,84.7253870081018,2.23293774184033,0,0,0,0,0.828208504596773,0.666050248583504,0.499696552242417,-0.452074769475611,NA,0.937824804432151,0.20898269433563,1,0,0.111111111111111,0,0.465252241390634,-0.36001917743488,-0.920145083936094,0.735689178078072,NA
"1372",1372,8357,"Lhotse","LHOT","Khumbu Himal",8516,12,2,2013,"LHOT13116",1,"W Face",NA,NA,NA,FALSE,FALSE,FALSE,FALSE,"2013-04-12","2013-05-02",NA,20,24,"2013-05-06",7,7500,3,1,0,0,1,0,TRUE,FALSE,NA,27.96194458,86.9366684,0,0,36,338,156,0,NA,0.961781827385472,2010,20,24,"FALSE",261.683940124512,1.97648135530295,0,0,0,0,0.851230952201115,0.601609794129224,0.376289268660347,0.0959464948099021,0.0438849562161444,87.572880859375,7.42623860085622,0,0,0,0,0.867088888742326,0.610181562829975,0.343027124594974,-0.222767849914365,-0.28431579172321,0.996010271567339,0.168168944733116,0,0,0,0,0.492937555720894,0.0878886996116448,0.104768064851868,-0.0390726289849879,-0.395352803741451
"1374",1374,8384,"Lhotse","LHOT","Khumbu Himal",8516,12,2,2006,"LHOT06113",1,"W Face",NA,NA,NA,FALSE,FALSE,FALSE,FALSE,"2006-04-05","2006-05-12",NA,37,47,"2006-05-22",4,7900,4,7,0,0,2,0,TRUE,FALSE,"None",27.96194458,86.9366684,0,0,339,124,NA,0,NA,0.941765665036105,2000,37,47,"FALSE",262.295094410578,3.44885104513903,0,0,0,0,0.93892426762902,0.860254524964472,0.798975892309286,0.786955572200833,0.644424653685598,92.5475853814019,8.49358073221495,0,0,0,0,0.959446930686593,0.909405818656381,0.851308897029289,0.718606120137173,0.537238916163569,0.941586717138337,0.194026142303319,4,0,0.0833333333333333,0,0.625213872793146,0.295217062095356,0.1464311678721,0.0617257772993613,-0.224368259323362
"1375",1375,8402,"Lhotse","LHOT","Khumbu Himal",8516,12,2,1997,"LHOT97303",3,"W Face",NA,NA,NA,FALSE,FALSE,FALSE,FALSE,"1997-09-09","1997-10-06",NA,27,35,"1997-10-14",7,7800,4,5,0,0,0,0,FALSE,TRUE,"Nothing serious: slight frostbite by 2 men to C4",27.96194458,86.9366684,1,0,161,252,NA,0,NA,0.856044723969252,1990,27,35,"FALSE",266.320693740138,3.93032084837614,0,0,0,0,0.983147035373512,0.958555286042484,0.936962343519421,0.892184299966184,0.76573107340189,83.6719043872975,2.51994436151683,0,0,0,0,0.88799535642134,0.742878598986766,0.656117835593822,0.485198793120433,0.0753119082043059,0.919886510709906,0.177534230938129,1,1,0.0277777777777778,0.0277777777777778,0.445212055896847,0.0800682152018619,-0.159442785759218,0.027571511211015,-0.335282070780595
"1376",1376,8424,"Lhotse","LHOT","Khumbu Himal",8516,12,2,2006,"LHOT06114",1,"W Face",NA,NA,NA,FALSE,FALSE,FALSE,FALSE,"2006-04-11","2006-05-02",NA,21,40,"2006-05-21",10,6400,2,1,0,0,1,0,TRUE,FALSE,"Chest pain and frostbite",27.96194458,86.9366684,0,0,36,308,NA,0,NA,0.984160260889821,2000,21,40,"FALSE",262.491924549506,3.42640087226795,0,0,0,0,0.947159687714219,0.872544951133875,0.833820026974838,0.821460856313862,0.688858800443312,91.6614106961382,8.59498093703697,0,0,0,0,0.95361507795748,0.897474993321271,0.831349003196385,0.677341235729173,0.477629167227833,0.9371023269531,0.201015715883035,4,0,0.0975609756097561,0,0.617394297138055,0.25459120267975,0.0713931025056914,0.0255480570440607,-0.205355125420237
"1377",1377,8433,"Lhotse","LHOT","Khumbu Himal",8516,12,2,2000,"LHOT00304",3,"W Face",NA,NA,NA,TRUE,FALSE,FALSE,FALSE,"2000-09-03","2000-10-05",925,32,35,"2000-10-08",1,8516,3,3,2,0,8,1,TRUE,FALSE,NA,27.96194458,86.9366684,0,0,131,69,223,0,0,1,2000,32,35,"FALSE",267.788994471232,3.21838520435643,0,3,0,0.0833333333333333,0.947729377815796,0.853680760831808,0.747467750961838,0.517272742189739,-0.00395707779137663,89.9579784252025,7.18402879969343,0,0,0,0,0.851017371319729,0.600950964896779,0.427113815957196,0.0599564556409449,-0.639795845856906,0.758966382654745,0.141168868223316,4,0,0.111111111111111,0,0.658990774086709,0.40112286358575,0.282952099765405,-0.230610717495319,-0.438608582582399
"1378",1378,8435,"Lhotse","LHOT","Khumbu Himal",8516,12,2,2018,"LHOT18301",3,"W Face",NA,NA,NA,TRUE,FALSE,FALSE,FALSE,"2018-09-08","2018-09-29",1800,21,26,"2018-10-04",1,8516,3,4,4,0,7,3,TRUE,FALSE,NA,27.96194458,86.9366684,0,0,NA,221,100,0,0,1,2010,21,26,"FALSE",269.07428571913,1.56971439857144,0,2,0,0.0740740740740741,0.890490860674574,0.720207854378527,0.524366046748419,0.516755516351922,0.239905370096169,81.1523708767361,1.94094894088364,0,0,0,0,0.669999175407202,0.246188710521771,-0.0261361822460702,-0.157706618660794,-0.213724385043555,0.90987750242302,0.154033495622793,0,0,0,0,0.561923676809081,0.0477543149668312,-0.191685412859003,-0.348585053913604,0.26668498523865
"1381",1381,8448,"Lhotse","LHOT","Khumbu Himal",8516,12,2,2015,"LHOT15108",1,"W Face",NA,NA,NA,FALSE,FALSE,FALSE,FALSE,"2015-04-12","2015-04-24",NA,12,19,"2015-05-01",6,6100,1,2,0,0,0,0,FALSE,TRUE,NA,27.96194458,86.9366684,0,0,NA,338,5,0,NA,1,2010,12,19,"FALSE",259.874799728394,1.18272987797869,0,0,0,0,0.503461110731493,0.189996611377429,0.0980952473460077,-0.219801026349266,-0.468761969797504,100,0,0,0,0,0,NA,NA,NA,NA,NA,0.730516676236946,0.119236555653157,7,0,0.35,0,0.235007090217835,-0.059402769026753,-0.291336649189722,0.160455167596039,-0.00746841803953863
"1382",1382,8456,"Lhotse","LHOT","Khumbu Himal",8516,12,2,2002,"LHOT02303",3,"W Face",NA,NA,NA,TRUE,FALSE,FALSE,FALSE,"2002-09-03","2002-10-05",830,32,35,"2002-10-08",1,8516,4,8,4,0,4,3,TRUE,FALSE,NA,27.96194458,86.9366684,0,0,130,68,222,0,0,1,2000,32,35,"FALSE",268.190724443506,1.60980874414767,0,0,0,0,0.863806852815674,0.650142424489993,0.455302517501748,0.308333083634471,0.807389539856377,91.5646136248553,6.39857459470058,0,0,0,0,0.941803695577287,0.856051302796621,0.787802349944233,0.646011060641046,0.185148964687048,0.983765710286859,0.132457468615873,0,0,0,0,0.622759986216953,0.182585582483459,-0.00737224243909136,0.00572737062614048,-0.215469149386679
"1383",1383,8467,"Lhotse","LHOT","Khumbu Himal",8516,12,2,2010,"LHOT10304",3,"W Face",NA,NA,NA,FALSE,FALSE,FALSE,FALSE,"2010-09-04","2010-09-27",6400,23,30,"2010-10-04",4,6400,2,2,0,0,3,0,FALSE,TRUE,NA,27.96194458,86.9366684,1,1,NA,99,100,0,NA,0.931749359422315,2010,23,30,"FALSE",269.710683186849,1.78300153320602,0,5,0,0.161290322580645,0.868727022795832,0.678444502122167,0.494513662084986,0.406743080171631,0.653595588902841,88.6463478662634,6.68533389411792,0,0,0,0,0.768000518549175,0.356281819381321,0.0829957725576865,0.0681560310456806,-0.25208322417694,0.898913422383431,0.144529378123445,0,0,0,0,0.268101090656887,-0.324595769065665,-0.0716824949322356,-0.427941858405944,0.0775394033080009
"1384",1384,8469,"Lhotse","LHOT","Khumbu Himal",8516,12,2,1990,"LHOT90302",3,"S Face (new line)",NA,NA,NA,FALSE,FALSE,FALSE,FALSE,"1990-09-10","1990-10-09",NA,29,40,"1990-10-20",1,7600,0,2,0,0,0,0,FALSE,TRUE,"None",27.96194458,86.9366684,1,0,253,282,NA,0,NA,1,1990,29,40,"FALSE",267.943143953153,2.76573441168542,0,3,0,0.0731707317073171,0.95635816853664,0.890138534438567,0.833476865317573,0.722235476231771,0.591999996623574,84.5040253429878,4.04898114211876,0,0,0,0,0.808485773815968,0.569202883148755,0.428966998208599,0.258187834427791,0.279644534386983,0.947911563175842,0.192311750204335,1,2,0.024390243902439,0.0487804878048781,0.642318496410471,0.356594284893927,0.327473781550536,0.457967984871988,0.438022979948686
"1385",1385,8475,"Lhotse","LHOT","Khumbu Himal",8516,12,2,2010,"LHOT10301",3,"W Face",NA,NA,NA,FALSE,FALSE,FALSE,FALSE,"2010-09-12","2010-10-09",NA,27,30,"2010-10-12",1,8100,4,5,0,0,0,0,FALSE,TRUE,NA,27.96194458,86.9366684,1,0,253,343,344,0,NA,1,2010,27,30,"FALSE",268.348589497228,2.08594717119855,0,1,0,0.032258064516129,0.912519360833801,0.768411461873468,0.599225547741063,0.491634695263719,0.80042261348606,86.2156601772513,6.85839761746254,0,0,0,0,0.894059444607478,0.679899744604251,0.508661427452018,0.476777436833767,-0.0286852711913379,0.934495054106676,0.160111808173353,0,0,0,0,0.481785964859019,-0.0435439796659858,-0.176655589108958,-0.315426140842569,-0.0391863730089433
"1386",1386,8493,"Lhotse","LHOT","Khumbu Himal",8516,12,2,2009,"LHOT09301",3,"S Face (Russian 1990 rte)",NA,NA,NA,FALSE,FALSE,FALSE,FALSE,"2009-09-07","2009-11-05",NA,59,62,"2009-11-08",1,7600,3,19,0,0,10,0,FALSE,TRUE,NA,27.96194458,86.9366684,1,0,131,190,223,0,NA,1,2000,59,62,"FALSE",265.274867335325,4.86262198752607,1,0,0.0158730158730159,0,0.984816530641578,0.961609742215641,0.93981495768818,0.90373067299493,0.869949500602095,93.7434288711144,7.52845337190937,0,0,0,0,0.982382183312993,0.943584730771984,0.895484963821813,0.787477905152273,0.574284992137143,0.896392576195743,0.170042087678476,1,2,0.0158730158730159,0.0317460317460317,0.581485204029276,0.529280391125313,0.343633880452533,-0.0578537118576719,-0.288142452091751
"1387",1387,8500,"Lhotse","LHOT","Khumbu Himal",8516,12,2,1983,"LHOT83301",3,"W Face",NA,NA,NA,TRUE,FALSE,FALSE,FALSE,"1983-09-11","1983-10-09",NA,28,28,"1983-10-09",1,8516,4,13,7,0,14,2,TRUE,FALSE,NA,27.96194458,86.9366684,0,0,253,313,NA,0,0,1,1980,28,28,"FALSE",269.589787538024,1.60130521014634,0,3,0,0.103448275862069,0.883792390578775,0.719638988208595,0.565585812203476,0.42396899906324,0.134355618329355,86.4758665589081,4.50032316785918,0,0,0,0,0.803867997567776,0.442270623017333,0.0718485682951682,-0.356655264847395,-0.0601790922576185,0.943330715148517,0.193446847981638,1,2,0.0344827586206897,0.0689655172413793,0.519861722659686,0.0409288051281516,-0.18310454197983,-0.625157893193417,0.0175517420535118
"1388",1388,8507,"Lhotse","LHOT","Khumbu Himal",8516,12,2,2019,"LHOT19301",3,"W Face",NA,NA,NA,FALSE,FALSE,FALSE,FALSE,"2019-09-07","2019-09-11",NA,4,18,"2019-09-25",1,6000,0,10,0,0,0,0,FALSE,TRUE,NA,27.96194458,86.9366684,0,1,313,190,NA,0,NA,1,2010,4,18,"FALSE",270.600061583937,1.58901013046189,0,9,0,0.473684210526316,0.931682155423536,0.794739320326459,0.684529109791069,0.576343194492153,-0.416370925509341,87.9911638226425,5.77274365902795,0,0,0,0,0.621828384051402,0.0255663075657793,-0.381349443048168,-0.00204910104860176,-0.755209295011767,0.864483085399229,0.257985343333882,2,2,0.105263157894737,0.105263157894737,0.757982289644406,0.380031246760827,0.0999010439967231,-0.141577592858679,-0.457879408807924
"1389",1389,8511,"Lhotse","LHOT","Khumbu Himal",8516,12,2,1996,"LHOT96301",3,"W Face",NA,NA,NA,FALSE,FALSE,FALSE,FALSE,"1996-09-11","1996-09-24",NA,13,23,"1996-10-04",1,7450,3,11,0,0,0,0,FALSE,TRUE,"Potocek altitude sickness",27.96194458,86.9366684,1,0,NA,314,101,0,NA,1,1990,13,23,"FALSE",269.43521838718,1.1130516547522,0,0,0,0,0.817881887957433,0.477329300666034,0.110621939978924,-0.448324099643001,-0.0461265710341075,84.6421237521701,3.01235408523984,0,0,0,0,0.643654899328701,0.359041558126686,0.0228140683899171,-0.101435837389422,-0.437672434406822,0.844427066399705,0.219006034836844,1,0,0.0416666666666667,0,0.688498750634867,0.23932232493606,-0.0907730153563385,-0.115534132858899,0.245330806475117
"1390",1390,8513,"Lhotse","LHOT","Khumbu Himal",8516,12,2,1996,"LHOT96102",1,"W Face",NA,NA,NA,TRUE,FALSE,FALSE,FALSE,"1996-05-03","1996-05-10",1400,7,7,"1996-05-10",1,8516,3,11,4,0,0,0,FALSE,TRUE,"Nothing serious",27.96194458,86.9366684,0,0,279,65,NA,0,0,1,1990,7,7,"FALSE",265.533248265584,0.913269840952067,0,0,0,0,0.717308877877355,-0.10747589202575,0.0111900773851481,-0.117637472564471,NA,100,0,0,0,0,0,NA,NA,NA,NA,NA,0.957803094137672,0.125876907150289,0,0,0,0,0.469270589721774,-0.649893028647785,-0.423468054340236,0.991419242106792,NA
"1391",1391,8523,"Lhotse","LHOT","Khumbu Himal",8516,12,2,2014,"LHOT14301",3,"S Face",NA,NA,NA,FALSE,FALSE,FALSE,FALSE,"2014-09-02","2014-11-02",NA,61,66,"2014-11-07",1,7900,3,7,0,0,4,0,FALSE,TRUE,"Hong fell down 15-20m while tackling an overhang at 6500m, injuring his left knee (it was fine after 2-3 days of medication)",27.96194458,86.9366684,1,0,42,40,192,0,NA,1,2010,61,66,"FALSE",265.06451060167,5.07782012953171,0,4,0,0.0597014925373134,0.973634069747125,0.939315081047672,0.905280709632704,0.84738814478745,0.743365454292007,91.0904510649876,7.12766783488841,0,0,0,0,0.932657245767329,0.78835058773789,0.630346862068426,0.343052453683252,0.0357548964509804,0.874512521360813,0.235019025851041,3,2,0.0447761194029851,0.0298507462686567,0.427975119985319,0.0770506359126355,0.0529683543831273,0.00188870800524954,-0.325227031929707
"1392",1392,8533,"Lhotse","LHOT","Khumbu Himal",8516,12,2,2006,"LHOT06115",1,"W Face",NA,NA,NA,FALSE,FALSE,FALSE,FALSE,"2006-04-10","2006-05-12",NA,32,41,"2006-05-21",1,7200,3,1,0,0,0,0,FALSE,TRUE,NA,27.96194458,86.9366684,0,0,339,277,NA,0,NA,1,2000,32,41,"FALSE",262.440944444566,3.40044597409712,0,0,0,0,0.94762893802832,0.87138990950855,0.82775222981557,0.813094160578214,0.649034745041008,91.8599485367064,8.58646756975675,0,0,0,0,0.95465372486735,0.899778491240769,0.835174230333874,0.684896643038776,0.489571612342972,0.945962499295562,0.206685473981912,4,0,0.0952380952380952,0,0.646458399888112,0.31021553968999,0.175529763210215,0.0996067522347048,-0.212075871469177
"1393",1393,8537,"Lhotse","LHOT","Khumbu Himal",8516,12,2,1994,"LHOT94302",3,"W Face",NA,NA,NA,TRUE,FALSE,FALSE,FALSE,"1994-09-04","1994-10-11",1330,37,37,"1994-10-11",8,8516,4,6,1,0,1,0,FALSE,TRUE,"Lakes & McNab frostbite",27.96194458,86.9366684,0,0,314,99,NA,0,0,0.966689960400652,1990,37,37,"FALSE",269.732765833537,2.10798870395677,0,7,0,0.184210526315789,0.95909619322275,0.882617107798206,0.799905051069461,0.640227561283955,0.402334675672861,83.3983368455318,3.63915179639586,4,0,0.105263157894737,0,0.867087760685219,0.654903980043013,0.54785156261138,0.488809135034062,0.0158800391845174,0.912155070594837,0.184371711674289,1,0,0.0263157894736842,0,0.710514526698406,0.544924717635178,0.387972767376531,0.179257828399701,-0.391279387167347
"1394",1394,8545,"Lhotse","LHOT","Khumbu Himal",8516,12,2,1985,"LHOT85302",3,"S Face",NA,NA,NA,FALSE,FALSE,FALSE,FALSE,"1985-10-07","1985-11-01",NA,25,25,"1985-11-01",4,8050,3,5,0,0,0,0,FALSE,TRUE,"Fauquet hit on hip Oct 24 by falling stone",27.96194458,86.9366684,0,0,11,191,NA,0,NA,0.98998369438621,1980,25,25,"FALSE",262.748952792241,4.13734935602507,0,0,0,0,0.942805882526513,0.847298479806277,0.731559666287996,0.558803196335906,-0.0675444088730343,94.5897028996394,7.24622954581042,0,0,0,0,0.926378277641222,0.787158706576621,0.679023353782883,0.522279395679058,NA,0.914671558010283,0.28355602769318,2,2,0.0769230769230769,0.0769230769230769,0.764630809896478,0.486453819448403,0.205867993611881,-0.0966940895295889,0.164067906986783
"1395",1395,8559,"Lhotse","LHOT","Khumbu Himal",8516,12,2,2006,"LHOT06301",3,"W Face",NA,NA,NA,FALSE,FALSE,FALSE,FALSE,"2006-09-02","2006-10-08",NA,36,56,"2006-10-28",5,7900,4,7,0,0,4,0,FALSE,TRUE,NA,27.96194458,86.9366684,1,1,222,40,NA,0,NA,0.927007299270073,2000,36,56,"FALSE",266.495700635408,4.37623559280437,0,5,0,0.087719298245614,0.98087100518475,0.952020499385263,0.928628627640372,0.887377842754177,0.869779750930337,87.2790513066521,6.85216299654716,0,0,0,0,0.93860110054487,0.814055113618181,0.666012513840344,0.375728608882498,-0.20556569181141,0.822002003701169,0.1783390351325,5,0,0.087719298245614,0,0.571483011275132,0.214788020187723,-0.0561814280645903,-0.483228114422546,0.448125879638909
"1396",1396,8581,"Lhotse","LHOT","Khumbu Himal",8516,12,2,2013,"LHOT13103",1,"W Face",NA,NA,NA,FALSE,FALSE,FALSE,FALSE,"2013-03-16","2013-05-07",NA,52,55,"2013-05-10",1,5100,0,2,0,0,0,0,FALSE,TRUE,NA,27.96194458,86.9366684,0,0,186,NA,278,0,NA,1,2010,52,55,"FALSE",260.162730432692,2.86261727145379,0,0,0,0,0.882369136773284,0.723470331005895,0.672835124502003,0.545085325209836,0.564736013198144,93.0448186965216,8.55833236574247,1,0,0.0178571428571429,0,0.955945015770037,0.863161856652994,0.755954326283536,0.526832191105722,0.394269401935203,1.02481558378291,0.155956301996496,0,0,0,0,0.549695264412933,0.189117645763871,0.20780454864692,0.138266346541484,-0.145186444911232
"1397",1397,8585,"Lhotse","LHOT","Khumbu Himal",8516,12,2,1987,"LHOT87301",3,"S Face",NA,NA,NA,FALSE,FALSE,FALSE,FALSE,"1987-09-06","1987-10-29",NA,53,56,"1987-11-01",NA,8300,6,13,0,1,0,0,FALSE,TRUE,"Jakiel killed by avalanche on Sep 15; Fiut broken leg from same avalanche",27.96194458,86.9366684,1,0,NA,160,11,0.0769230769230769,Inf,NA,1980,53,56,"FALSE",265.831708562304,5.08111490913067,5,3,0.087719298245614,0.0526315789473684,0.97630369121825,0.937418112236114,0.890175103776981,0.805952774673271,0.631552014752646,88.3962445175439,8.55201563231724,1,0,0.0175438596491228,0,0.949062356674,0.849495891268028,0.734104904186241,0.509239856708117,0.123104200966095,0.881877140742637,0.250765306631148,5,2,0.087719298245614,0.0350877192982456,0.606765975839468,0.151516683401871,-0.0367879443487609,0.0644989722922616,-0.260670415645758
"1398",1398,8588,"Lhotse","LHOT","Khumbu Himal",8516,12,2,2006,"LHOT06110",1,"W Face",NA,NA,NA,TRUE,FALSE,FALSE,FALSE,"2006-04-02","2006-05-11",1330,39,45,"2006-05-17",1,8516,4,12,11,0,6,4,TRUE,FALSE,NA,27.96194458,86.9366684,0,0,309,35,NA,0,0,1,2000,39,45,"FALSE",261.435058538465,3.27266324393866,0,0,0,0,0.928089969538312,0.844125311849661,0.771829083804255,0.718891568735341,0.577815398537035,94.1840944151947,7.97547192836729,0,0,0,0,0.952881996531697,0.895293574979664,0.827402984360235,0.680295820427265,0.420898211427825,0.947468757016642,0.196728249148526,4,0,0.0869565217391304,0,0.689905947472637,0.393290838425982,0.187862034433364,0.0245789916953758,-0.105455832226948
"1417",1417,8751,"Makalu","MAKA","Makalu Himal",8485,14,2,1995,"MAKA95104",1,"Makalu La-NW Ridge",NA,NA,NA,TRUE,FALSE,FALSE,FALSE,"1995-04-09","1995-05-07",1300,28,28,"1995-05-07",8,8485,3,3,2,0,4,0,FALSE,TRUE,"None",27.88916588,87.09083557,0,0,186,247,NA,0,0,0.864812508648125,1990,28,28,"FALSE",263.37717560516,2.27703918807381,0,0,0,0,0.877926722455551,0.790840949075322,0.746708770585565,0.636871934704707,0.328791189223033,99.86328125,0,0,0,0,0,NA,NA,NA,NA,NA,1.01183270895955,0.0831252778465145,0,0,0,0,0.437181424946009,0.219476420848739,0.21147723652076,0.0478665674168444,0.329714955700691
"1418",1418,8752,"Makalu","MAKA","Makalu Himal",8485,14,2,2009,"MAKA09103",1,"Makalu La-NW Ridge",NA,NA,NA,FALSE,FALSE,FALSE,FALSE,"2009-04-07","2009-05-09",NA,32,49,"2009-05-26",1,7600,3,1,0,0,1,0,TRUE,FALSE,NA,27.88916588,87.09083557,1,0,248,185,NA,0,NA,1,2000,32,49,"FALSE",267.066050059001,2.7124380397799,0,5,0,0.1,0.921420609863337,0.788287305916201,0.656739010374684,0.299207534422685,-0.414798926708062,99.86328125,0,0,0,0,0,NA,NA,NA,NA,NA,0.945075741667542,0.099203419552934,5,0,0.1,0,0.28989808948037,-0.154917143358447,-0.141393682474423,0.247134983736329,-0.015336285014502
"1419",1419,8758,"Makalu","MAKA","Makalu Himal",8485,14,2,2012,"MAKA12301",3,"Makalu La-NW Ridge",NA,NA,NA,FALSE,FALSE,FALSE,FALSE,"2012-09-07","2012-09-28",NA,21,32,"2012-10-09",0,7900,4,8,0,0,4,0,FALSE,TRUE,NA,27.88916588,87.09083557,1,0,NA,191,254,0,NA,0,2010,21,32,"FALSE",270.954349903145,2.10390202403336,0,4,0,0.121212121212121,0.942792618812646,0.880892770834214,0.777778607189678,0.574991876263642,0.6092665456852,93.5702138573232,12.1534881601622,0,0,0,0,0.93533464165247,0.836857969218627,0.687917123605783,0.389256938402535,NA,0.802107908215574,0.122015328879335,8,0,0.242424242424242,0,0.602626156281863,0.436565211440605,0.227534114728568,-0.104171810935121,-0.321993411296932
"1420",1420,8763,"Makalu","MAKA","Makalu Himal",8485,14,2,2009,"MAKA09108",1,"Makalu La-NW Ridge",NA,NA,NA,TRUE,FALSE,FALSE,FALSE,"2009-04-05","2009-05-01",1030,26,30,"2009-05-05",4,8485,3,9,2,0,1,1,TRUE,FALSE,NA,27.88916588,87.09083557,0,0,5,124,125,0,0,0.77487200774872,2000,26,30,"FALSE",266.470411239132,2.52575168745204,0,0,0,0,0.891361792963445,0.737096685037648,0.595565005061128,0.299983705778819,-0.138273958252987,99.86328125,0,0,0,0,0,NA,NA,NA,NA,NA,0.944548918308277,0.0974827298236686,2,0,0.0645161290322581,0,0.20582201024092,-0.132855707273241,-0.162723157874903,0.0659175695350963,-0.0458359556225194
"1422",1422,8765,"Makalu","MAKA","Makalu Himal",8485,14,2,1991,"MAKA91305",3,"Makalu La-NW Ridge",NA,NA,NA,TRUE,FALSE,FALSE,FALSE,"1991-09-10","1991-10-05",1055,25,35,"1991-10-15",12,8485,4,6,5,1,2,1,TRUE,FALSE,"Death of Ishizaka; 2 serious frostbite",27.88916588,87.09083557,0,0,130,282,NA,0.166666666666667,0.2,0.80254600802546,1990,25,35,"FALSE",270.352521189937,1.73807378382199,0,0,0,0,0.915423951988453,0.795807696438409,0.704779624170851,0.472932526247023,0.128810757738519,83.8064145688657,13.4820055909685,0,0,0,0,0.906092471778919,0.672235182706632,0.343506324944116,-0.362953420122747,-0.495518447336782,0.903117932460872,0.0884177055138299,1,0,0.0277777777777778,0,0.631587062543851,0.5172733901118,0.456316533444906,0.219573538023182,0.319964521022487
"1423",1423,8771,"Makalu","MAKA","Makalu Himal",8485,14,2,1992,"MAKA92302",3,"Makalu La-NW Ridge",NA,NA,NA,FALSE,FALSE,FALSE,FALSE,"1992-09-05","1992-09-20",NA,15,29,"1992-10-04",5,7400,3,3,0,0,2,0,FALSE,TRUE,"None",27.88916588,87.09083557,1,0,NA,130,101,0,NA,0.88556800885568,1990,15,29,"FALSE",271.753775956896,1.56191239904094,0,4,0,0.133333333333333,0.885601848816693,0.775231759646728,0.67374980025903,0.539406894482652,0.373374379993954,74.6237901475694,9.75530697130484,0,0,0,0,0.83661460987472,0.483112948087664,0.110007571488169,-0.370331652898599,0.138220774551329,0.903383205002817,0.0997506060579282,0,0,0,0,0.379364692781712,0.216495793272519,0.416868844028173,0.223229861934661,0.0494294598996817
"1424",1424,8772,"Makalu","MAKA","Makalu Himal",8485,14,2,1990,"MAKA90102",1,"Makalu La-NW Ridge",NA,NA,NA,TRUE,FALSE,FALSE,FALSE,"1990-04-07","1990-05-06",NA,29,29,"1990-05-06",8,8485,4,4,1,0,3,1,TRUE,FALSE,"None",27.88916588,87.09083557,0,0,156,185,NA,0,0,0.94091600940916,1990,29,29,"FALSE",263.3242667728,1.96464978671276,0,0,0,0,0.858130687150816,0.639962179285875,0.418926356179458,0.467962527664402,0.426349942037442,99.86328125,0,0,0,0,0,NA,NA,NA,NA,NA,1.03286245669781,0.165869071744072,2,0,0.0666666666666667,0,0.835241671459661,0.709124726025716,0.683013160674773,0.746581372612486,0.698627628703823
"1425",1425,8775,"Makalu","MAKA","Makalu Himal",8485,14,2,2009,"MAKA09104",1,"Makalu La-NW Ridge",NA,NA,NA,TRUE,FALSE,FALSE,FALSE,"2009-04-12","2009-05-02",1025,20,23,"2009-05-05",6,8485,3,2,2,0,3,3,TRUE,FALSE,NA,27.88916588,87.09083557,0,0,36,338,125,0,0,0.87173100871731,2000,20,23,"FALSE",267.602440357208,1.26228805502839,0,0,0,0,0.674725266190075,0.0608546367929857,-0.37957387872142,-0.16293026855553,-0.0847560216374227,99.86328125,0,0,0,0,0,NA,NA,NA,NA,NA,0.921184835891378,0.0842913522365844,2,0,0.0833333333333333,0,0.1463743679574,-0.435313348510734,-0.327053110232176,0.231706390758595,-0.168024367093958
"1426",1426,8787,"Makalu","MAKA","Makalu Himal",8485,14,2,2001,"MAKA01105",1,"Makalu La-NW Ridge",NA,NA,NA,TRUE,FALSE,FALSE,FALSE,"2001-04-12","2001-05-12",1350,30,36,"2001-05-18",4,8485,4,9,2,0,4,1,TRUE,FALSE,"Kerr torn knee ligament (left BC 22 April from KTM and home)",27.88916588,87.09083557,0,0,339,338,NA,0,0,0.85789400857894,2000,30,36,"FALSE",265.334561047253,2.74191822836761,0,0,0,0,0.932609575038239,0.928494458147129,0.903186578883031,0.857877574527974,0.693736937564917,99.86328125,0,0,0,0,0,NA,NA,NA,NA,NA,0.937671619132141,0.126116627765513,3,0,0.0810810810810811,0,0.238125932489617,0.39940746046344,0.1619400453483,0.0578679290154346,-0.0907702404156539
"1427",1427,8789,"Makalu","MAKA","Makalu Himal",8485,14,2,1995,"MAKA95301",3,"SE Ridge",NA,NA,NA,TRUE,FALSE,FALSE,FALSE,"1995-09-03","1995-10-09",NA,36,36,"1995-10-09",4,8485,2,17,4,0,0,0,FALSE,TRUE,"Slight frostbite by summiters",27.88916588,87.09083557,0,0,253,68,NA,0,0,0.877265808772658,1990,36,36,"FALSE",271.238937515396,2.3975758307418,0,3,0,0.0810810810810811,0.948816564773503,0.901393630440743,0.897843651433513,0.862627892779772,0.711191822793197,78.2979615357545,15.4790155999105,10,0,0.27027027027027,0,0.97083840594344,0.923649257601997,0.872567292580657,0.736935430283952,0.559554570473485,0.838633054040388,0.111767916802141,4,0,0.108108108108108,0,0.556354311334682,0.230375981913749,0.253737169709051,0.0604766231893493,-0.0840815727696101
"1428",1428,8793,"Makalu","MAKA","Makalu Himal",8485,14,2,1993,"MAKA93301",3,"W Pillar",NA,NA,NA,FALSE,FALSE,FALSE,FALSE,"1993-09-02","1993-10-02",NA,30,35,"1993-10-07",10,6795,2,4,0,0,0,0,FALSE,TRUE,"Gutsch virus & down to yak hut 24th Sept",27.88916588,87.09083557,1,0,41,40,191,0,NA,0.92707900927079,1990,30,35,"FALSE",271.646467314826,1.26271396421076,0,0,0,0,0.879330783303166,0.812221380623569,0.800295396940867,0.658245887226083,0.478987321425549,75.6328554506655,9.03704255223762,0,0,0,0,0.880980864288565,0.672547127307283,0.523255113872994,0.374762804759666,0.187730684240795,0.879725542613082,0.0851467980859345,1,0,0.0277777777777778,0,0.32985298591518,-0.0528769581001239,-0.132824857209711,-0.0456061433942695,-0.130674853321217
"1431",1431,8797,"Makalu","MAKA","Makalu Himal",8485,14,2,2001,"MAKA01301",3,"Makalu La-NW Ridge",NA,NA,NA,FALSE,FALSE,FALSE,FALSE,"2001-10-10","2001-10-28",NA,18,22,"2001-11-01",4,7950,2,6,0,0,1,0,FALSE,TRUE,"Schmid lung infection",27.88916588,87.09083557,1,0,NA,283,11,0,NA,0.929909784871617,2000,18,22,"FALSE",264.899978361268,1.47166501757182,0,0,0,0,0.682595256007458,0.32971318830519,-0.0893729401621319,-0.0768934950231498,0.0612417886497357,99.86328125,0,0,0,0,0,NA,NA,NA,NA,NA,0.919998969332257,0.0754569040817917,0,0,0,0,-0.100360531160668,-0.0138574876634048,-0.127454799355492,-0.410558545236831,0.000182688730234046
"1432",1432,8809,"Makalu","MAKA","Makalu Himal",8485,14,2,2001,"MAKA01108",1,"Makalu La-NW Ridge",NA,NA,NA,TRUE,FALSE,FALSE,FALSE,"2001-04-03","2001-05-12",1355,39,45,"2001-05-18",1,8485,4,7,3,0,0,0,TRUE,FALSE,NA,27.88916588,87.09083557,0,0,339,63,NA,0,0,1,2000,39,45,"FALSE",264.326845404031,3.25759476571581,0,0,0,0,0.957394281207031,0.949298893708038,0.930085909236908,0.89596383499154,0.787506850969216,99.86328125,0,0,0,0,0,NA,NA,NA,NA,NA,0.965220985098061,0.132957689398925,3,0,0.0652173913043478,0,0.394715026341588,0.3949564759452,0.193390202574701,0.139012159707026,-0.121583309069649
"1434",1434,8826,"Makalu","MAKA","Makalu Himal",8485,14,2,2001,"MAKA01104",1,"Makalu La-NW Ridge",NA,NA,NA,FALSE,FALSE,FALSE,FALSE,"2001-04-02","2001-05-01",NA,29,41,"2001-05-13",1,8330,4,8,0,0,3,0,FALSE,TRUE,NA,27.88916588,87.09083557,1,0,5,35,NA,0,NA,1,2000,29,41,"FALSE",263.658621636648,3.20089914720223,0,0,0,0,0.951174921523389,0.942815733612445,0.917548854227804,0.870952297647569,0.740335149247269,99.86328125,0,0,0,0,0,NA,NA,NA,NA,NA,0.979977425851946,0.134134757241524,2,0,0.0476190476190476,0,0.377257873959393,0.409484190025796,0.200562259717158,0.0690023468457188,-0.196892462404081
"1435",1435,8831,"Makalu","MAKA","Makalu Himal",8485,14,2,1995,"MAKA95102",1,"Makalu La-NW Ridge",NA,NA,NA,TRUE,FALSE,FALSE,FALSE,"1995-04-06","1995-05-08",1030,32,32,"1995-05-08",4,8485,4,5,5,0,0,0,FALSE,TRUE,"Kitchen boy altitude sickness",27.88916588,87.09083557,0,0,217,155,NA,0,0,0.974208339303625,1990,32,32,"FALSE",263.132779998009,2.58449175133026,0,0,0,0,0.895652767078513,0.791056025225042,0.727799773400602,0.67206789203035,0.609263227342279,99.86328125,0,0,0,0,0,NA,NA,NA,NA,NA,1.01752209032426,0.0859206983061761,0,0,0,0,0.54600567297496,0.404396049598918,0.374758966483346,0.164445573260125,0.369085574195344
"1436",1436,8832,"Makalu","MAKA","Makalu Himal",8485,14,2,2009,"MAKA09109",1,"Makalu La-NW Ridge",NA,NA,NA,TRUE,FALSE,FALSE,FALSE,"2009-04-07","2009-05-01",1030,24,27,"2009-05-04",1,8485,3,3,2,0,2,2,TRUE,FALSE,NA,27.88916588,87.09083557,0,0,5,185,95,0,0,1,2000,24,27,"FALSE",266.57179083143,2.60567892225517,0,0,0,0,0.899187763470522,0.74156121723649,0.613237555786649,0.297059112176109,-0.0987976423313213,99.86328125,0,0,0,0,0,NA,NA,NA,NA,NA,0.943574829809779,0.0999860711178121,2,0,0.0714285714285714,0,0.305571247481053,-0.205543005074154,-0.135060796008477,0.0502155678079348,0.0835323400554318
"1438",1438,8848,"Makalu","MAKA","Makalu Himal",8485,14,2,2008,"MAKA08303",3,"Makalu La-NW Ridge",NA,NA,NA,FALSE,FALSE,FALSE,FALSE,"2008-10-17","2008-11-01",NA,15,19,"2008-11-05",1,7300,1,1,0,0,1,0,FALSE,TRUE,NA,27.88916588,87.09083557,0,0,11,NA,132,0,NA,1,2000,15,19,"FALSE",263.917460187276,1.71080126295242,0,0,0,0,0.717595752604655,0.461927452876817,0.419523576568212,0.0512041992659895,-0.0484057459306049,99.6671101888021,0.315222308293102,0,0,0,0,0.91335170566757,0.743313223741053,0.57174766491993,0.354110463674824,NA,0.97679842349784,0.113717203770504,0,1,0,0.05,0.297633115278628,-0.0975957132359034,-0.00491873887159912,0.082349695982367,0.278390691138207
"1440",1440,8853,"Makalu","MAKA","Makalu Himal",8485,14,2,1995,"MAKA95302",3,"Makalu La-NW Ridge",NA,NA,NA,FALSE,FALSE,FALSE,FALSE,"1995-09-08","1995-09-26",NA,18,33,"1995-10-11",1,6850,2,7,0,0,2,0,FALSE,TRUE,NA,27.88916588,87.09083557,1,0,NA,221,314,0,NA,1,1990,18,33,"FALSE",270.675934436275,2.41436003710312,0,1,0,0.0294117647058824,0.945806606695451,0.893516227717102,0.876025678314322,0.815525797230854,0.590775703867585,81.6863822189032,15.6448926342238,5,0,0.147058823529412,0,0.968948175263348,0.918782346516067,0.864459467301732,0.719464616560224,0.522576120356094,0.821065013254373,0.10671573528473,4,0,0.117647058823529,0,0.581443784556087,0.220733025409012,0.100695989874547,-0.00130632810425215,-0.0257746189507021
"1441",1441,8859,"Makalu","MAKA","Makalu Himal",8485,14,2,1998,"MAKA98304",3,"Makalu La-NW Ridge",NA,NA,NA,FALSE,FALSE,FALSE,FALSE,"1998-09-01","1998-10-08",NA,37,43,"1998-10-14",1,8300,0,7,0,0,4,0,TRUE,FALSE,NA,27.88916588,87.09083557,0,0,222,9,NA,0,NA,1,1990,37,43,"FALSE",271.901630228216,1.38673175587569,0,2,0,0.0454545454545455,0.918305946970538,0.805406174781609,0.751296433757995,0.607947310193616,0.231051301413222,72.4528642134233,10.1647254293411,14,0,0.318181818181818,0,0.789499495684994,0.541524146997057,0.428681837225553,0.30689829583814,-0.191114584094657,0.863145107988525,0.136447698824246,5,0,0.113636363636364,0,0.661992999758355,0.441748840179352,0.349519735649962,0.0107142048592204,-0.393600490001571
"1442",1442,8875,"Makalu","MAKA","Makalu Himal",8485,14,2,2015,"MAKA15109",1,"Makalu La-NW Ridge",NA,NA,NA,FALSE,FALSE,FALSE,FALSE,"2015-04-18","2015-05-01",NA,13,17,"2015-05-05",1,6550,2,9,0,0,0,0,FALSE,TRUE,NA,27.88916588,87.09083557,0,0,5,NA,125,0,NA,1,2010,13,17,"FALSE",262.418989746659,1.20364582302221,0,0,0,0,0.639084087485672,0.377568462765234,0.349888261156267,-0.156919064855595,-0.111014957288235,99.86328125,0,0,0,0,0,NA,NA,NA,NA,NA,1.05296742392261,0.143992048252742,1,1,0.0555555555555556,0.0555555555555556,0.619187646803319,0.361844195687293,0.262166996081482,-0.615010577360511,-0.0741947364703494
"1443",1443,8880,"Makalu","MAKA","Makalu Himal",8485,14,2,1975,"MAKA75301",3,"S Face",NA,NA,NA,TRUE,FALSE,FALSE,FALSE,"1975-09-05","1975-10-06",1640,31,31,"1975-10-06",14,8485,5,21,7,0,11,0,TRUE,FALSE,NA,27.88916588,87.09083557,0,0,161,129,NA,0,0,0.833724753405355,1970,31,31,"FALSE",271.147944529851,0.935943062259338,0,0,0,0,0.820655474505104,0.699005423503603,0.543499066957108,0.395095352991879,0.174987957259164,99.86328125,0,0,0,0,0,NA,NA,NA,NA,NA,0.77411498794009,0.0848507146854209,9,0,0.28125,0,0.224602776822913,-0.202923495510159,-0.265940814453641,-0.112085426543036,-0.408967945396411
"1444",1444,8882,"Makalu","MAKA","Makalu Himal",8485,14,2,1969,"MAKA69101",1,"S Col (recon)",NA,NA,NA,FALSE,FALSE,FALSE,FALSE,"1969-04-06","1969-04-28",NA,22,33,"1969-05-09",5,6650,4,5,0,0,2,0,FALSE,TRUE,NA,27.88916588,87.09083557,0,0,NA,155,248,0,NA,0.857209957726632,1960,22,33,"FALSE",263.648823831596,1.8514715899813,0,0,0,0,0.797698307214775,0.496981658215358,0.36260358368306,-0.062214040900938,-0.448762436061194,99.86328125,0,0,0,0,0,NA,NA,NA,NA,NA,0.92819734239047,0.098533278739409,1,0,0.0294117647058824,0,0.419827349224083,-0.0709014600690351,-0.0443675418567658,0.007171911453588,-0.409093575276542
"1445",1445,8896,"Makalu","MAKA","Makalu Himal",8485,14,2,1999,"MAKA99301",3,"Makalu La-NW Ridge",NA,NA,NA,FALSE,FALSE,FALSE,FALSE,"1999-10-09","1999-10-11",NA,2,21,"1999-10-30",4,7200,1,10,0,0,5,0,FALSE,TRUE,"Only fatal accident (Sange Sherpa fell to his death)",27.88916588,87.09083557,0,1,314,253,NA,0,NA,0.968764678252701,1990,2,21,"FALSE",264.940225052111,2.61003876028525,0,0,0,0,0.792812327702954,0.500385336318426,0.339408570612296,-0.0488401083455866,0.792238384624947,99.86328125,0,0,0,0,0,NA,NA,NA,NA,NA,0.969590761012255,0.237632255936924,2,4,0.0909090909090909,0.181818181818182,0.741967009275078,0.481003501038217,0.324947015458468,-0.169808397064972,-0.488626952229052
"1446",1446,8900,"Makalu","MAKA","Makalu Himal",8485,14,2,1978,"MAKA78101",1,"Makalu La-NW Ridge",NA,NA,NA,TRUE,FALSE,FALSE,FALSE,"1978-04-01","1978-05-01",1445,30,54,"1978-05-25",1,8485,4,8,7,0,0,0,TRUE,FALSE,NA,27.88916588,87.09083557,0,0,5,4,NA,0,0,1,1970,30,54,"FALSE",265.651508712769,4.19697091585092,0,7,0,0.127272727272727,0.968470459833694,0.933878786543116,0.898879904158078,0.844865832780297,0.736167919703036,99.86328125,0,0,0,0,0,NA,NA,NA,NA,NA,0.923482948613218,0.14457101034399,6,0,0.109090909090909,0,0.724187199135993,0.550199105727982,0.491184278914584,0.311158685643836,0.105358012149699
"1447",1447,8905,"Makalu","MAKA","Makalu Himal",8485,14,2,1997,"MAKA97301",3,"Makalu La-NW side",NA,NA,NA,FALSE,FALSE,FALSE,FALSE,"1997-09-03","1997-10-07",NA,34,40,"1997-10-13",5,7800,3,8,0,0,0,0,FALSE,TRUE,NA,27.88916588,87.09083557,1,0,191,68,NA,0,NA,0.97463597933302,1990,34,40,"FALSE",268.875434596364,4.52379623372547,0,4,0,0.0975609756097561,0.985290574875051,0.968056167449901,0.946998795178667,0.917126507254631,0.79382300104767,91.9060396023882,10.6562387320162,0,0,0,0,0.898161245248001,0.738460911226379,0.592983570858952,0.346146712512043,0.126702569696868,0.888941747957686,0.0926094317885055,2,0,0.0487804878048781,0,0.439749930044138,0.114734721711032,-0.00993262789391977,-0.122846430856127,-0.476204590843256
"1448",1448,8911,"Makalu","MAKA","Makalu Himal",8485,14,2,1988,"MAKA88102",1,"Makalu La-NW Ridge",NA,NA,NA,FALSE,FALSE,FALSE,FALSE,"1988-04-07","1988-05-03",NA,26,29,"1988-05-06",1,8300,4,9,0,0,1,0,FALSE,TRUE,"Ducoli frostbitten fingers and toes (will lose a little of toe); Giacomelli altitude sickness",27.88916588,87.09083557,0,0,65,186,157,0,NA,1,1980,26,29,"FALSE",264.659203550551,1.19159501148249,0,0,0,0,0.650887474240899,0.634399700939027,0.498287870709137,0.339213493383521,0.0874923572905923,99.86328125,0,0,0,0,0,NA,NA,NA,NA,NA,0.943483964554038,0.0899701094000035,0,0,0,0,-0.207361200068938,-0.0470942614042241,-0.177445034570324,-0.132945103632945,0.144015706321828
"1449",1449,8915,"Makalu","MAKA","Makalu Himal",8485,14,2,1987,"MAKA87102",1,"Makalu La-NW Ridge",NA,NA,NA,TRUE,FALSE,FALSE,FALSE,"1987-04-03","1987-05-12",1115,39,39,"1987-05-12",11,8485,4,9,3,0,4,3,TRUE,FALSE,"Moti Lal snowblindness on summit; Neptune frostbitten fingers; Porzak fell into crevasse",27.88916588,87.09083557,0,0,339,63,NA,0,0,0,1980,39,39,"FALSE",262.810924847921,1.66682403366968,0,0,0,0,0.745331440289909,0.372307412219185,0.0524999047024547,-0.277977790163403,-0.197291297135339,99.86328125,0,0,0,0,0,NA,NA,NA,NA,NA,1.00508918178329,0.0980551499568788,1,0,0.025,0,0.355547746439427,0.148273970542895,0.126515634803911,0.0374154040936191,-0.142165897410325
"1450",1450,8939,"Makalu","MAKA","Makalu Himal",8485,14,2,2011,"MAKA11301",3,"Makalu La-NW Ridge",NA,NA,NA,TRUE,FALSE,FALSE,FALSE,"2011-09-01","2011-09-30",1430,29,34,"2011-10-05",6,8485,0,8,3,0,0,0,FALSE,TRUE,"2 members frostbite; hands fingers amputated (Maciej Stanczak 10 fingers, Tomasz Wolfart 4 fingers)",27.88916588,87.09083557,0,0,NA,9,130,0,0,0.992249882573978,2010,29,34,"FALSE",271.937833150228,1.93464347111615,0,9,0,0.257142857142857,0.952995969740491,0.894834300211152,0.843077797376651,0.794528920769209,0.555709829538439,99.86328125,0,0,0,0,0,NA,NA,NA,NA,NA,0.767387988379022,0.140902529339867,9,0,0.257142857142857,0,0.690289638608969,0.330602634526229,0.115193605098507,0.368680977508884,0.193398929331558
"1451",1451,8945,"Makalu","MAKA","Makalu Himal",8485,14,2,1984,"MAKA84301",3,"SE Buttress (to 6800m)","NW side-N Ridge (to 7900m)",NA,NA,FALSE,FALSE,FALSE,FALSE,"1984-09-07","1984-10-10",NA,33,39,"1984-10-16",1,7900,2,11,0,0,5,0,FALSE,TRUE,"Nardi left early due to altitude sickness; nothing else",27.88916588,87.09083557,1,0,284,191,NA,0,NA,1,1980,33,39,"FALSE",269.747849114736,1.70634228992624,0,0,0,0,0.885425072086139,0.716234302381319,0.575234020813698,0.351184970989838,-0.516461983508566,85.1844889322917,13.3054569376839,2,0,0.05,0,0.888978599232856,0.623264486060792,0.29050570189751,-0.31972236789546,-0.351177610957842,0.894634906497695,0.0883695192223345,1,0,0.025,0,0.728147458959042,0.461583643995401,0.218012178414373,-0.107209325700775,-0.141201070479206
"1452",1452,8955,"Makalu","MAKA","Makalu Himal",8485,14,2,1989,"MAKA89304",3,"S Face up; NW Ridge down",NA,NA,NA,TRUE,FALSE,FALSE,FALSE,"1989-09-07","1989-10-06",1445,29,29,"1989-10-06",4,8485,1,5,1,0,0,0,FALSE,TRUE,"None",27.88916588,87.09083557,0,0,161,190,NA,0,0,0.845467355565993,1980,29,29,"FALSE",271.653641086154,1.68492618343873,0,2,0,0.0666666666666667,0.957123721012825,0.943660873426722,0.90741098076997,0.852305191834926,0.816457861207041,99.86328125,0,0,0,0,0,NA,NA,NA,NA,NA,0.849190371304988,0.133819320093059,3,0,0.1,0,0.565742976321391,0.270315529215509,0.0853489266298969,-0.0247700852252194,-0.223830667973686
"1453",1453,8959,"Makalu","MAKA","Makalu Himal",8485,14,2,1995,"MAKA95103",1,"Makalu La-NW Ridge",NA,NA,NA,TRUE,FALSE,FALSE,FALSE,"1995-04-08","1995-05-08",1800,30,30,"1995-05-08",1,8485,4,7,2,1,7,0,FALSE,TRUE,"Hume fatal fall",27.88916588,87.09083557,0,0,217,216,NA,0.142857142857143,0.5,1,1990,30,30,"FALSE",263.429478573543,2.3693303067807,0,0,0,0,0.882916398809018,0.792972153526668,0.741278549525249,0.640562251288652,0.469969934053897,99.86328125,0,0,0,0,0,NA,NA,NA,NA,NA,1.01254699857292,0.0854586978461153,0,0,0,0,0.517536748413848,0.344405817382004,0.31935735826423,0.133980603538311,0.366896978516612
"1455",1455,8967,"Makalu","MAKA","Makalu Himal",8485,14,2,2017,"MAKA17107",1,"Makalu La-NW Ridge",NA,NA,NA,FALSE,FALSE,FALSE,FALSE,"2017-04-05","2017-05-09",NA,34,48,"2017-05-23",12,7450,3,6,0,0,4,0,TRUE,FALSE,NA,27.88916588,87.09083557,1,0,248,124,NA,0,NA,0,2010,34,48,"FALSE",265.653067997524,2.66432138999388,0,0,0,0,0.941602278344411,0.867580889640596,0.790549983110128,0.566179540832576,0.0129572006173256,99.86328125,0,0,0,0,0,NA,NA,NA,NA,NA,0.978057235843007,0.104827399101482,2,0,0.0408163265306122,0,0.41140352998773,0.153726499649353,0.301744301442366,0.00607048400172223,0.117309656011275
"1456",1456,8981,"Makalu","MAKA","Makalu Himal",8485,14,2,2017,"MAKA17109",1,"Makalu La-NW Ridge",NA,NA,NA,FALSE,FALSE,FALSE,FALSE,"2017-04-16","2017-05-10",NA,24,26,"2017-05-12",1,8445,3,1,0,0,1,0,FALSE,TRUE,NA,27.88916588,87.09083557,0,0,278,NA,339,0,NA,1,2010,24,26,"FALSE",265.823823716905,1.75051080008096,0,0,0,0,0.804714016479978,0.52915600053553,0.396981814829381,-0.259047184772002,-0.560075633133854,99.86328125,0,0,0,0,0,NA,NA,NA,NA,NA,0.973575377586334,0.111514073073022,1,0,0.037037037037037,0,0.451869266342932,0.107554986414896,0.213595873103908,-0.357706753343553,-0.0743447802328221
"1457",1457,8983,"Makalu","MAKA","Makalu Himal",8485,14,2,2017,"MAKA17102",1,"Makalu La-NW Ridge",NA,NA,NA,TRUE,FALSE,FALSE,FALSE,"2017-05-08","2017-05-11",1018,3,5,"2017-05-13",1,8485,3,2,2,0,1,1,TRUE,FALSE,NA,27.88916588,87.09083557,0,0,309,217,NA,0,0,1,2010,3,5,"FALSE",267.895361158583,0.842246322093914,0,0,0,0,0.536229729349869,-0.0238756084714216,0.123835637467956,NA,NA,99.86328125,0,0,0,0,0,NA,NA,NA,NA,NA,0.862089373622328,0.0848523897708547,1,0,0.166666666666667,0,-0.0432184472272634,-0.555236381247223,0.791318451400207,NA,NA
"1459",1459,8993,"Makalu","MAKA","Makalu Himal",8485,14,2,2016,"MAKA16106",1,"Makalu La-NW Ridge",NA,NA,NA,TRUE,FALSE,FALSE,FALSE,"2016-04-10","2016-05-12",1000,32,36,"2016-05-16",6,8485,3,2,2,0,0,0,FALSE,TRUE,"Meroi suffered superficial frostbite",27.88916588,87.09083557,0,0,340,278,NA,0,0,0.915922968529826,2010,32,36,"FALSE",265.455439971374,1.92209514028644,0,0,0,0,0.919915734843039,0.808308781719315,0.703919161918745,0.488499050877538,0.0548026441326009,99.86328125,0,0,0,0,0,NA,NA,NA,NA,NA,1.03471262380289,0.114608539082367,0,0,0,0,0.74436113282502,0.667053981329701,0.524597547189951,0.380958525744729,0.18556647810421
"1460",1460,8995,"Makalu","MAKA","Makalu Himal",8485,14,2,2017,"MAKA17303",3,"NW Ridge",NA,NA,NA,FALSE,FALSE,FALSE,FALSE,"2017-09-14","2017-10-01",NA,17,20,"2017-10-04",1,8400,4,1,0,0,1,0,FALSE,TRUE,NA,27.88916588,87.09083557,0,0,10,NA,100,0,NA,1,2010,17,20,"FALSE",272.29946088034,0.678942565440219,0,0,0,0,0.653584015544426,0.285431535637067,0.188112188162441,0.162518641506456,0.394777084509206,66.8509657118056,10.08968343293,14,0,0.666666666666667,0,0.651270832139824,0.293538147421104,-0.121676262165321,-0.375963558219657,0.315868285939235,0.790158408279757,0.0906489909044089,4,0,0.19047619047619,0,0.37414895120877,0.140662294181107,0.114862571403288,-0.441000219194697,0.070880905602419
"1461",1461,8996,"Makalu","MAKA","Makalu Himal",8485,14,2,1991,"MAKA91103",1,"Makalu La-NW Ridge",NA,NA,NA,FALSE,FALSE,FALSE,FALSE,"1991-04-05","1991-04-27",NA,22,27,"1991-05-02",14,7400,3,6,0,0,3,0,FALSE,TRUE,"None",27.88916588,87.09083557,0,0,NA,124,36,0,NA,0.628229215594176,1990,22,27,"FALSE",262.892624355498,2.13712862752334,0,0,0,0,0.852604363934689,0.650108628505036,0.485336404525026,0.212888187540548,0.107593732754263,99.86328125,0,0,0,0,0,NA,NA,NA,NA,NA,1.00601953885492,0.0898478887995848,0,0,0,0,0.370522676792758,0.154829841021346,0.232272892484409,-0.205066223447017,-0.0443466401231934
"1462",1462,9006,"Makalu","MAKA","Makalu Himal",8485,14,2,2017,"MAKA17302",3,"NW Ridge",NA,NA,NA,FALSE,FALSE,FALSE,FALSE,"2017-09-14","2017-10-01",NA,17,20,"2017-10-04",1,8300,4,1,0,0,2,0,TRUE,FALSE,NA,27.88916588,87.09083557,1,0,10,NA,100,0,NA,1,2010,17,20,"FALSE",272.29946088034,0.678942565440219,0,0,0,0,0.653584015544426,0.285431535637067,0.188112188162441,0.162518641506456,0.394777084509206,66.8509657118056,10.08968343293,14,0,0.666666666666667,0,0.651270832139824,0.293538147421104,-0.121676262165321,-0.375963558219657,0.315868285939235,0.790158408279757,0.0906489909044089,4,0,0.19047619047619,0,0.37414895120877,0.140662294181107,0.114862571403288,-0.441000219194697,0.070880905602419
"1464",1464,9012,"Makalu","MAKA","Makalu Himal",8485,14,2,1984,"MAKA84302",3,"W Face-NW Ridge up; variation down",NA,NA,NA,TRUE,FALSE,FALSE,FALSE,"1984-09-11","1984-09-29",1900,18,20,"1984-10-01",7,8485,2,3,1,0,2,0,FALSE,TRUE,"Petrini left BC Sep 26, slightly ill; Nottaris slight frostbite left fingers but healing; LO died of edema on Sept 13 at BC",27.88916588,87.09083557,0,0,NA,314,10,0,0,0.957022076092062,1980,18,20,"FALSE",269.791375780862,1.93926223833185,0,0,0,0,0.931054166943607,0.827181429793662,0.71472658580539,0.424932313419567,-0.794424271936684,85.9604802207341,11.3785956417942,0,0,0,0,0.858894607726317,0.566642518496003,0.255110415483626,-0.240392137713964,0.427817628059326,0.897589625108166,0.0933111285188591,1,0,0.0476190476190476,0,0.714366376642061,0.406419974985657,0.194109732329265,-0.0554715306280649,-0.686411449965697
"1465",1465,9013,"Makalu","MAKA","Makalu Himal",8485,14,2,1985,"MAKA85101",1,"Makalu La-NW Ridge-N Face",NA,NA,NA,FALSE,FALSE,FALSE,FALSE,"1985-04-11","1985-05-10",NA,29,31,"1985-05-12",1,8430,4,4,0,0,0,0,FALSE,TRUE,"2 frostbite cases",27.88916588,87.09083557,1,0,278,308,339,0,NA,1,1980,29,31,"FALSE",266.154380877813,1.67931072201062,0,0,0,0,0.799103427237531,0.415668877819573,-0.0582660642607121,-0.622735171214835,0.274620890428689,99.86328125,0,0,0,0,0,NA,NA,NA,NA,NA,0.94165761653239,0.0857897009510906,2,0,0.0625,0,0.300717809397789,-0.223440715667445,-0.213946847675895,-0.0630230173465563,0.218629838972541
"1466",1466,9028,"Makalu","MAKA","Makalu Himal",8485,14,2,2017,"MAKA17104",1,"Makalu La-NW Ridge",NA,NA,NA,FALSE,FALSE,FALSE,FALSE,"2017-04-21","2017-05-10",NA,19,21,"2017-05-12",1,8445,3,4,0,0,2,0,TRUE,FALSE,NA,27.88916588,87.09083557,0,0,278,NA,339,0,NA,1,2010,19,21,"FALSE",265.959292325107,1.70114518813833,0,0,0,0,0.854892431465869,0.650599664072101,0.465248372304753,-0.21657093264109,-0.837205234203538,99.86328125,0,0,0,0,0,NA,NA,NA,NA,NA,0.95508180387815,0.0960689343529076,1,0,0.0454545454545455,0,0.317188925097826,0.09244517212403,0.349253111991593,-0.24269881227255,-0.307014563643392
"1467",1467,9030,"Makalu","MAKA","Makalu Himal",8485,14,2,1991,"MAKA91102",1,"W Face (new rte)",NA,NA,NA,FALSE,FALSE,FALSE,FALSE,"1991-04-03","1991-05-07",NA,34,34,"1991-05-07",1,7300,3,7,0,0,6,0,TRUE,FALSE,"1 Sherpa pulmonary edema; 2 members start of frostbite; Negri arrived at BC late because had had ski accident (he reached C2 and then Knee swelled up and had to stop)",27.88916588,87.09083557,1,0,186,63,NA,0,NA,1,1990,34,34,"FALSE",263.429575565883,2.45038431365675,0,0,0,0,0.894083169139028,0.770304985026686,0.685899059642556,0.579505692323546,0.334456161488252,99.86328125,0,0,0,0,0,NA,NA,NA,NA,NA,1.01586101705322,0.0936365873447552,0,0,0,0,0.258184656241392,0.0120915315868228,0.0281513159378955,-0.362177575054341,0.027116000909624
"1468",1468,9031,"Makalu","MAKA","Makalu Himal",8485,14,2,2008,"MAKA08305",3,"Makalu La (to 7400m)","W Face (to 6300m)","W Face (to 6550m)",NA,FALSE,FALSE,FALSE,FALSE,"2008-10-04","2008-10-16",NA,12,32,"2008-11-05",1,7400,1,5,0,0,2,0,FALSE,TRUE,NA,27.88916588,87.09083557,1,0,NA,101,132,0,NA,1,2000,12,32,"FALSE",264.963265582769,2.21605185632361,0,0,0,0,0.870774306304819,0.746207137699321,0.665434193582567,0.345903501186442,-0.183033752340192,97.182708431976,6.19229802976511,0,0,0,0,0.914105908064098,0.857756982461144,0.69834002674697,0.155772698972977,0.39300001141599,0.963744956943927,0.104653030382628,0,1,0,0.0303030303030303,0.20991795644668,-0.016639441547733,0.0321307671110828,0.212575681506562,0.369210629800757
"1469",1469,9033,"Makalu","MAKA","Makalu Himal",8485,14,2,2017,"MAKA17108",1,"Makalu La-NW Ridge",NA,NA,NA,FALSE,FALSE,FALSE,FALSE,"2017-04-12","2017-05-10",900,28,33,"2017-05-15",1,8460,3,4,0,0,4,0,TRUE,FALSE,NA,27.88916588,87.09083557,0,0,278,338,NA,0,NA,1,2010,28,33,"FALSE",265.661754271563,2.24796722005394,0,0,0,0,0.902333754848571,0.763980520705423,0.635496244182353,0.0569475126656991,-0.521119772806054,99.86328125,0,0,0,0,0,NA,NA,NA,NA,NA,0.960612586715227,0.108058871508501,2,0,0.0588235294117647,0,0.357375239674373,0.0463656218018972,0.201017380517941,-0.143387601344784,-0.0775134228095796
"1470",1470,9044,"Makalu","MAKA","Makalu Himal",8485,14,2,2019,"MAKA19301",3,"Makalu La-NW Ridge","SW Face",NA,NA,FALSE,FALSE,FALSE,FALSE,"2019-09-17","2019-10-06",NA,19,22,"2019-10-09",1,7200,2,4,0,0,3,0,FALSE,TRUE,NA,27.88916588,87.09083557,0,1,161,NA,253,0,NA,1,2010,19,22,"FALSE",270.406973078631,0.971914508288631,0,0,0,0,0.781231342961606,0.39566202855154,0.398886936834871,0.417872198550464,0.64803509039851,98.2384440104167,2.80783646010686,0,0,0,0,-0.0208123027630349,-0.169379616422128,-0.179573333981813,-0.253298448234234,0.90433419754707,0.747901155861351,0.117858697190808,7,0,0.304347826086957,0,0.687200582642654,0.34664824591043,0.152102335791405,-0.16577854522383,-0.481973448156916
"1471",1471,9052,"Makalu","MAKA","Makalu Himal",8485,14,2,2017,"MAKA17301",3,"NW Ridge",NA,NA,NA,FALSE,FALSE,FALSE,FALSE,"2017-09-18","2017-10-01",NA,13,16,"2017-10-04",1,8100,4,4,0,0,4,0,FALSE,TRUE,NA,27.88916588,87.09083557,1,0,10,NA,100,0,NA,1,2010,13,16,"FALSE",272.212954203288,0.727924076546433,0,0,0,0,0.624291723359208,0.201168089472304,0.0823365590967533,0.169433299523501,0.443527898372022,67.6026252297794,11.0384104988456,11,0,0.647058823529412,0,0.644327088749701,0.28335877783933,-0.113722482705489,-0.332067557904518,0.375801298210488,0.797167908657695,0.0979794172904401,4,0,0.235294117647059,0,0.368875673614555,0.139364650893039,0.0633541794131206,-0.587059652800274,0.121368871801302
"1472",1472,9062,"Makalu","MAKA","Makalu Himal",8485,14,2,1996,"MAKA96302",3,"Makalu La-NW Ridge",NA,NA,NA,FALSE,FALSE,FALSE,FALSE,"1996-10-07","1996-11-11",NA,35,39,"1996-11-15",8,7800,3,7,0,0,2,0,FALSE,TRUE,"Nothing serious",27.88916588,87.09083557,1,0,316,192,NA,0,NA,0.939408172851104,1990,35,39,"FALSE",264.964358313878,1.45499427961317,0,0,0,0,0.686995749811507,0.351115391219484,0.233724197675387,-0.035306015660789,-0.115272292598767,99.86328125,0,0,0,0,0,NA,NA,NA,NA,NA,0.957557323074876,0.128577203480417,1,0,0.025,0,0.476132795281006,0.32653315776034,0.369680988601573,0.0433263930044213,0.0714828813383217
"1473",1473,9088,"Makalu","MAKA","Makalu Himal",8485,14,2,2008,"MAKA08119",1,"Makalu La-NW Ridge",NA,NA,NA,TRUE,FALSE,FALSE,FALSE,"2008-04-12","2008-05-05",1000,23,26,"2008-05-08",1,8485,3,6,3,0,3,3,TRUE,FALSE,NA,27.88916588,87.09083557,0,0,126,339,218,0,0,1,2000,23,26,"FALSE",265.364120977896,1.75950838080272,0,0,0,0,0.840932903590214,0.622372241188293,0.499964365979258,0.305976230598036,0.133822110533767,99.86328125,0,0,0,0,0,NA,NA,NA,NA,NA,0.974589667112128,0.102685400924505,1,0,0.037037037037037,0,0.521770614089488,0.279168127011969,0.272828147862184,0.199381961672359,0.178405944705723
"1474",1474,9096,"Makalu","MAKA","Makalu Himal",8485,14,2,2014,"MAKA14111",1,"Makalu La-NW Ridge",NA,NA,NA,FALSE,FALSE,FALSE,FALSE,"2014-04-25","2014-05-03",NA,8,14,"2014-05-09",14,7100,2,1,0,0,1,0,FALSE,TRUE,NA,27.88916588,87.09083557,0,0,64,NA,248,0,NA,0.927665570690465,2010,8,14,"FALSE",265.497615983751,1.22370181479067,0,0,0,0,0.819246994607052,0.603914754815182,0.540354224869642,0.597285491814458,-0.778718315642822,99.86328125,0,0,0,0,0,NA,NA,NA,NA,NA,0.947549072136845,0.0639589643787664,0,0,0,0,0.269261291238092,-0.154910646724831,-0.416454616876913,-0.423305653720543,0.218197377123723
"1475",1475,9100,"Makalu","MAKA","Makalu Himal",8485,14,2,1996,"MAKA96301",3,"NE Ridge (to 6420m)","NE Ridge (Japanese 1986 rte) (to 7000m)",NA,NA,FALSE,FALSE,FALSE,FALSE,"1996-09-03","1996-10-10",NA,37,45,"1996-10-18",1,7000,3,11,0,0,4,0,FALSE,TRUE,"Avalanche carried 7 members 50m down, but not hurt seriously",27.88916588,87.09083557,1,0,284,69,NA,0,NA,1,1990,37,45,"FALSE",270.031916825668,3.20766772209077,0,0,0,0,0.959082327889682,0.880543714484491,0.805416830819683,0.717545935044855,0.689371376286436,85.4018218551857,13.2271376161348,0,0,0,0,0.955713876844839,0.864645716783692,0.762959416190254,0.54928261474529,0.182521411665001,0.866590940586791,0.112496581012638,2,0,0.0434782608695652,0,0.612790652250404,0.199800360952833,-0.15203721206096,-0.276602718430507,0.234231511894684
"1476",1476,9102,"Makalu","MAKA","Makalu Himal",8485,14,2,1996,"MAKA96303",3,"NW Ridge",NA,NA,NA,FALSE,FALSE,FALSE,FALSE,"1996-09-04","1996-10-08",NA,34,36,"1996-10-10",7,7000,2,6,0,0,0,0,FALSE,TRUE,"Nothing serious",27.88916588,87.09083557,1,0,223,100,284,0,NA,0.957022076092062,1990,34,36,"FALSE",270.972314851778,2.44256375905916,0,0,0,0,0.939315547230223,0.827504679279877,0.694783940198098,0.475457886354952,0.30537917399312,81.9058738914696,12.42896388663,0,0,0,0,0.935114617488321,0.795067460467933,0.63511684014164,0.301234796534733,-0.225080439289394,0.867581716221491,0.116528049066922,2,0,0.0540540540540541,0,0.648326815814413,0.228140325746805,-0.0694791887577492,-0.158345878889811,0.166910918150588
"1477",1477,9104,"Makalu","MAKA","Makalu Himal",8485,14,2,1988,"MAKA88302",3,"Makalu La-NW Ridge",NA,NA,NA,FALSE,FALSE,FALSE,FALSE,"1988-09-02","1988-10-01",NA,29,42,"1988-10-14",1,8050,4,11,0,0,4,0,FALSE,TRUE,"Matas bad frostbite",27.88916588,87.09083557,1,0,10,40,NA,0,NA,1,1980,29,42,"FALSE",270.904991652614,2.45088242918218,0,7,0,0.162790697674419,0.963097913506672,0.879386284161762,0.765861254098602,0.514975329472435,-0.188614904803894,99.86328125,0,0,0,0,0,NA,NA,NA,NA,NA,0.909814948724124,0.100913151950901,2,0,0.0465116279069767,0,0.382259329601935,-0.0518562443261163,-0.0661226862168456,0.319016025894041,0.205057506280157
"1478",1478,9105,"Makalu","MAKA","Makalu Himal",8485,14,2,1996,"MAKA96304",3,"Makalu La-NW Ridge",NA,NA,NA,FALSE,FALSE,FALSE,FALSE,"1996-09-04","1996-09-26",NA,22,30,"1996-10-04",7,6800,2,2,0,0,3,0,FALSE,TRUE,"Georges parapente accident 17 Sept only",27.88916588,87.09083557,0,0,NA,100,101,0,NA,0.845467355565993,1990,22,30,"FALSE",271.882246120002,1.18643231414948,0,0,0,0,0.859390816248745,0.597332549541481,0.292982685772673,-0.170704055815524,0.0435587045210175,78.4302466607863,10.4114660516464,0,0,0,0,0.878195189004406,0.604376132082052,0.282565183113528,-0.170839169923854,-0.256715340598465,0.846664520348146,0.106878183953462,2,0,0.0645161290322581,0,0.620503093447125,0.182121598320523,-0.12192642756061,-0.197460132637366,-0.0517362413075016
"1480",1480,9111,"Makalu","MAKA","Makalu Himal",8485,14,2,1987,"MAKA87101",1,"S Face (Yugoslav 1975 rte)",NA,NA,NA,FALSE,FALSE,FALSE,FALSE,"1987-03-22","1987-05-04",NA,43,51,"1987-05-12",1,7600,3,5,0,0,2,0,FALSE,TRUE,"Moerman altitude illness; Oefner short fall but uninjured",27.88916588,87.09083557,1,0,95,NA,339,0,NA,1,1980,43,51,"FALSE",262.860070191897,1.64209197865722,0,0,0,0,0.71239328342039,0.334249939411804,0.0571129133656912,-0.143133704823377,-0.258046576514357,99.86328125,0,0,0,0,0,NA,NA,NA,NA,NA,1.01333776207952,0.0980591563827611,1,0,0.0192307692307692,0,0.386282735248564,0.179053980789546,0.185065714350164,-0.114722631578131,0.0640273908231357
"1483",1483,9118,"Makalu","MAKA","Makalu Himal",8485,14,2,2008,"MAKA08113",1,"Makalu La-NW Ridge",NA,NA,NA,TRUE,FALSE,FALSE,FALSE,"2008-04-10","2008-05-04",530,24,42,"2008-05-22",14,8485,4,11,3,0,4,3,TRUE,FALSE,NA,27.88916588,87.09083557,0,0,96,278,NA,0,0,0.763269140441522,2000,24,42,"FALSE",266.208237182262,2.21336341331678,0,0,0,0,0.916589549955155,0.805912420002299,0.747952593415859,0.643119938302606,0.608420587921503,99.86328125,0,0,0,0,0,NA,NA,NA,NA,NA,0.95167904000888,0.103860105539386,2,0,0.0465116279069767,0,0.516262568215818,0.369633284760331,0.372134153168521,0.225911765646513,0.315777470270846
"1484",1484,9122,"Makalu","MAKA","Makalu Himal",8485,14,2,2014,"MAKA14102",1,"Makalu La-NW Ridge",NA,NA,NA,FALSE,FALSE,FALSE,FALSE,"2014-05-01","2014-05-07",NA,6,16,"2014-05-17",1,7100,1,4,0,0,4,0,FALSE,TRUE,NA,27.88916588,87.09083557,1,0,186,5,NA,0,NA,1,2010,6,16,"FALSE",266.3725158841,1.07006145308721,0,0,0,0,0.646067443414281,0.159365842024032,-0.137878312696069,-0.41349291271481,0.495395111262118,99.86328125,0,0,0,0,0,NA,NA,NA,NA,NA,0.924529116733611,0.053570648963344,0,0,0,0,-0.107739895568492,-0.0191810370085922,0.317757439988938,-0.325089954786661,-0.425413622956112
"1486",1486,9130,"Manaslu","MANA","Manaslu Himal",8163,15,4,2018,"MANA18320",3,"NE Face",NA,NA,NA,TRUE,FALSE,FALSE,FALSE,"2018-09-07","2018-09-28",630,21,24,"2018-10-01",1,8163,4,3,3,0,3,3,TRUE,FALSE,NA,28.55027771,84.5616684,0,0,NA,190,10,0,0,1,2010,21,24,"FALSE",273.925956522624,1.47839995350859,0,2,0,0.08,0.838789584743726,0.608062298471462,0.317144466779886,-0.37970927954447,-0.379188213394509,74.57509765625,12.8417137192082,3,0,0.12,0,0.808679611029701,0.544453153730806,0.242856886169518,-0.244915021728547,0.499928228407666,0.66034655700583,0.119252011829926,3,0,0.12,0,0.673745611819407,0.349739926931554,-0.0410946260162064,-0.27827244943689,0.467289020413926
"1487",1487,9133,"Manaslu","MANA","Manaslu Himal",8163,15,4,1996,"MANA96303",3,"NE Face",NA,NA,NA,TRUE,FALSE,FALSE,FALSE,"1996-09-10","1996-09-27",1130,17,22,"1996-10-02",5,8163,3,9,6,0,1,0,FALSE,TRUE,"1 Sherpa very slight frostbite; nothing else to 2nd Oct",28.55027771,84.5616684,0,0,NA,283,41,0,0,0.88069516204791,1990,17,22,"FALSE",274.37877268031,1.0549423541642,0,0,0,0,0.840418349617401,0.502665199899957,0.0794400731587731,-0.677371312654498,0.355000662341384,67.0100840692935,0.640396670924454,0,0,0,0,0.618191955235447,0.240919503936653,0.35826913339855,-0.0207063379193577,-0.72318401258593,0.646940067007589,0.082517310375861,3,0,0.130434782608696,0,0.562274794719579,0.390880622213122,0.20301570855943,-0.516599292127856,0.113039016662342
"1489",1489,9135,"Manaslu","MANA","Manaslu Himal",8163,15,4,2016,"MANA16309",3,"NE Face",NA,NA,NA,TRUE,FALSE,FALSE,FALSE,"2016-09-11","2016-09-30",630,19,21,"2016-10-02",7,8163,4,7,1,0,2,1,TRUE,FALSE,NA,28.55027771,84.5616684,0,0,NA,314,41,0,0,0.751526538280883,2010,19,21,"FALSE",274.573872884115,1.05571899254628,0,1,0,0.0454545454545455,0.640586835281594,0.198052597257704,-0.121323246679769,-0.412727571789999,0.0630912209229769,75.3005149147727,11.8625478426023,0,0,0,0,0.708212566112854,0.286475902209516,-0.090275489723069,-0.412147030189878,0.527755137415421,0.547492659335277,0.118240431269982,7,0,0.318181818181818,0,0.209329795036184,0.295215640167357,-0.208757251206362,-0.206055174765457,0.615092527170396
"1490",1490,9137,"Manaslu","MANA","Manaslu Himal",8163,15,4,2013,"MANA13315",3,"NE Face",NA,NA,NA,TRUE,FALSE,FALSE,FALSE,"2013-09-20","2013-10-02",1100,12,22,"2013-10-12",1,8163,3,5,1,0,3,3,TRUE,FALSE,NA,28.55027771,84.5616684,0,0,41,NA,344,0,0,1,2010,12,22,"FALSE",274.314069167427,1.08370930481168,0,0,0,0,0.786675745952007,0.453664528355023,0.323360259576123,0.247457274720207,0.387674632228537,68.6579059103261,2.27582005752008,0,0,0,0,0.605834485713777,0.282088806566638,0.11051264097478,0.0556831883425723,-0.10779869935198,0.64173049874874,0.112906832522711,3,1,0.130434782608696,0.0434782608695652,0.188690154472284,-0.516934223752134,-0.309950662700411,0.175760203999361,-0.394895907235193
"1491",1491,9138,"Manaslu","MANA","Manaslu Himal",8163,15,4,2008,"MANA08312",3,"NE Face",NA,NA,NA,TRUE,FALSE,FALSE,FALSE,"2008-09-15","2008-10-05",1000,20,24,"2008-10-09",5,8163,3,7,6,0,4,4,TRUE,FALSE,NA,28.55027771,84.5616684,0,0,131,NA,254,0,0,0.927665570690465,2000,20,24,"FALSE",273.030855611165,1.37051853831741,0,0,0,0,0.804055140548008,0.472670562765619,0.304799466910164,0.256250298964484,-0.0582107140089169,69.504228515625,3.59295891544797,1,0,0.04,0,0.497934830137703,-0.0594293020854339,-0.367412083783746,-0.439849199556905,0.79929679098818,0.673161013098807,0.118857916206107,1,1,0.04,0.04,0.0962632602483273,-0.145695619666857,0.0117655356293927,0.0849254685894991,-0.729086179573119
"1492",1492,9140,"Manaslu","MANA","Manaslu Himal",8163,15,4,2008,"MANA08322",3,"NE Face",NA,NA,NA,TRUE,FALSE,FALSE,FALSE,"2008-09-13","2008-10-05",900,22,23,"2008-10-06",5,8163,3,9,8,0,2,2,FALSE,TRUE,NA,28.55027771,84.5616684,0,0,131,NA,162,0,0,0.857209957726632,2000,22,23,"FALSE",273.476208527883,1.19797624913793,0,0,0,0,0.802845083067445,0.520892157116082,0.433798677952279,0.644567957595782,-0.0735788181603342,69.0377909342448,3.60431284461543,1,0,0.0416666666666667,0,0.497360145217342,-0.0315172371610316,-0.310059093439938,-0.381574597218944,0.964271593062337,0.674381376292066,0.120394514125297,1,1,0.0416666666666667,0.0416666666666667,0.0968378420241809,-0.146416395735372,-0.0101177508360446,0.0400514842934816,-0.752625016539234
"1493",1493,9141,"Manaslu","MANA","Manaslu Himal",8163,15,4,2013,"MANA13329",3,"NE Face",NA,NA,NA,TRUE,FALSE,FALSE,FALSE,"2013-09-09","2013-10-02",1000,23,25,"2013-10-04",1,8163,4,2,2,0,1,1,FALSE,TRUE,NA,28.55027771,84.5616684,0,0,41,252,100,0,0,1,2010,23,25,"FALSE",274.494905911959,0.832640047318121,0,0,0,0,0.693566867133707,0.302424595545535,0.246661806726143,0.0715866584624113,-0.743319673517987,67.4673039362981,1.45596263786335,0,0,0,0,0.777641118361659,0.482096790718206,0.190386632885173,0.549366296712016,-0.474721990915472,0.648079075010666,0.0843079989177803,1,0,0.0384615384615385,0,-0.119116795482232,-0.248353873933565,0.237665171018652,0.012723726185786,0.0636346609652605
"1494",1494,9142,"Manaslu","MANA","Manaslu Himal",8163,15,4,2015,"MANA15306",3,"NE Face",NA,NA,NA,TRUE,FALSE,FALSE,FALSE,"2015-09-09","2015-09-30",1130,21,24,"2015-10-03",1,8163,4,8,8,0,14,14,TRUE,FALSE,NA,28.55027771,84.5616684,0,0,NA,252,69,0,0,1,2010,21,24,"FALSE",275.294313557943,1.10263141541812,0,3,0,0.12,0.832758777966706,0.614124734688109,0.386804042590852,-0.0960673766727485,-0.0132013942974551,66.2351953125,0.20672714899374,10,0,0.4,0,0.705033678430341,0.417068498945318,0.370197753618352,0.145696104083641,-0.458158143597383,0.69174642915741,0.0752723125429914,0,0,0,0,0.227045018636917,0.17819141431416,-0.0553885343181333,0.0518280926686408,0.029583670782698
"1495",1495,9145,"Manaslu","MANA","Manaslu Himal",8163,15,4,2015,"MANA15101",1,"NE Face",NA,NA,NA,TRUE,FALSE,FALSE,FALSE,"2015-04-15","2015-05-08",1500,23,27,"2015-05-12",1,8163,4,4,1,0,0,0,FALSE,TRUE,NA,28.55027771,84.5616684,0,0,217,NA,339,0,0,1,2010,23,27,"FALSE",267.425773802258,1.65094354943104,0,0,0,0,0.823631282475164,0.631023524809449,0.480594693570027,0.171752223553919,0.0717375490148784,99.982421875,0,0,0,0,0,NA,NA,NA,NA,NA,0.618116753860334,0.0775274128884507,2,0,0.0714285714285714,0,0.0790801941120454,-0.297246872976288,-0.131352058080137,-0.131314606673253,-0.199734479528042
"1496",1496,9146,"Manaslu","MANA","Manaslu Himal",8163,15,4,1993,"MANA93101",1,"NE Face (slight variation)",NA,NA,NA,TRUE,FALSE,FALSE,FALSE,"1993-04-05","1993-05-02",1200,27,27,"1993-05-02",1,8163,2,8,3,0,4,0,FALSE,TRUE,"None",28.55027771,84.5616684,0,0,36,124,NA,0,0,1,1990,27,27,"FALSE",266.66710117885,3.16162017367418,0,1,0,0.0357142857142857,0.938413090696318,0.874328102183715,0.903796034584415,0.859926779771745,0.693504174998934,99.982421875,0,0,0,0,0,NA,NA,NA,NA,NA,0.663515800350539,0.0812363356345405,0,0,0,0,0.139792359381102,-0.281889150460432,-0.0841945341511404,-0.171518640995215,-0.0835645498680122
"1498",1498,9149,"Manaslu","MANA","Manaslu Himal",8163,15,4,2011,"MANA11314",3,"NE Face",NA,NA,NA,TRUE,FALSE,FALSE,FALSE,"2011-09-12","2011-10-04",1400,22,24,"2011-10-06",1,8163,3,1,1,0,1,1,FALSE,TRUE,NA,28.55027771,84.5616684,0,0,100,343,161,0,0,1,2010,22,24,"FALSE",274.15200978597,1.91201756641355,0,3,0,0.12,0.967479577987801,0.938488317226031,0.91983968302016,0.868499880210844,0.766623572286367,67.829482421875,2.17813894910059,0,0,0,0,0.663016476285566,0.140624259123443,-0.0796536407165493,-0.125515097737134,-0.325781794654669,0.64813498053596,0.0826612326756793,2,0,0.08,0,0.129014732981034,-0.347851549175795,-0.129761445129455,-0.00584104154987074,0.0680725620156302
"1499",1499,9150,"Manaslu","MANA","Manaslu Himal",8163,15,4,2012,"MANA12104",1,"NE Face",NA,NA,NA,FALSE,FALSE,FALSE,FALSE,"2012-04-09","2012-04-27",NA,18,23,"2012-05-02",7,6300,2,3,0,0,1,0,FALSE,TRUE,NA,28.55027771,84.5616684,1,0,NA,248,36,0,NA,0.996359793330202,2010,18,23,"FALSE",266.155723889669,0.918237832298589,0,0,0,0,0.659515509356075,0.274591632812321,0.074119888026011,-0.320046840188416,-0.577823173815774,99.982421875,0,0,0,0,0,NA,NA,NA,NA,NA,0.641254132152807,0.0609639549948757,0,0,0,0,0.26833244243806,0.0344842438819534,0.0353242095635486,-0.255939809630423,0.0978309751459919
"1500",1500,9152,"Manaslu","MANA","Manaslu Himal",8163,15,4,2011,"MANA11309",3,"NE Face",NA,NA,NA,TRUE,FALSE,FALSE,FALSE,"2011-09-06","2011-10-04",1100,28,30,"2011-10-06",1,8163,3,1,1,0,1,1,TRUE,FALSE,NA,28.55027771,84.5616684,0,0,100,160,161,0,0,1,2010,28,30,"FALSE",274.673436400711,2.0262840020406,0,9,0,0.290322580645161,0.974377346446995,0.950859464468773,0.932667443784252,0.89360455199762,0.828148047613973,67.657470703125,1.99305584922667,0,0,0,0,0.665884702247608,0.160680595021233,-0.0256157077313904,-0.0740714473166395,-0.220767297782469,0.648991412452502,0.0905930574303687,3,0,0.0967741935483871,0,0.141029294601237,-0.438024133525966,-0.316555157605436,0.400556452647291,0.264655213878197
"1501",1501,9159,"Manaslu","MANA","Manaslu Himal",8163,15,4,2019,"MANA19336",3,"NE Face",NA,NA,NA,TRUE,FALSE,FALSE,FALSE,"2019-09-08","2019-09-27",1030,19,23,"2019-10-01",12,8163,4,3,2,0,3,3,FALSE,TRUE,NA,28.55027771,84.5616684,0,0,NA,221,10,0,0,0,2010,19,23,"FALSE",274.138964600033,2.50007017367223,0,9,0,0.375,0.951532173552304,0.860847329670017,0.762258049344747,0.634915419319945,0.458810852848895,85.5942213270399,14.9595473993444,0,0,0,0,0.911110481502009,0.783793931100035,0.668099498262469,0.498968617106519,-0.449698081530373,0.550223496141585,0.154641368550594,9,1,0.375,0.0416666666666667,0.445570283942973,0.104736266579335,0.263572977737707,0.146732515542136,0.181461980973373
"1502",1502,9161,"Manaslu","MANA","Manaslu Himal",8163,15,4,2015,"MANA15314",3,"NE Face",NA,NA,NA,TRUE,FALSE,FALSE,FALSE,"2015-09-07","2015-10-01",700,24,26,"2015-10-03",1,8163,4,1,1,0,0,0,FALSE,TRUE,NA,28.55027771,84.5616684,0,0,10,190,69,0,0,1,2010,24,26,"FALSE",275.30042784891,1.06036862818807,0,3,0,0.111111111111111,0.822670595979972,0.595014935733535,0.373106416804545,-0.109285027344257,0.00873583803558747,66.2289707513503,0.199882242821902,10,0,0.37037037037037,0,0.709679527412136,0.431656863882754,0.386704272548826,0.0773926848596153,-0.47644652175609,0.691966356486881,0.072424249201269,0,0,0,0,0.226429997728644,0.157457393766014,-0.0442319097913163,0.0602694268299485,-0.0176491356775637
"1503",1503,9162,"Manaslu","MANA","Manaslu Himal",8163,15,4,2014,"MANA14313",3,"NE Face",NA,NA,NA,FALSE,FALSE,FALSE,FALSE,"2014-09-30","2014-10-06",NA,6,7,"2014-10-07",4,6800,2,2,0,0,1,0,TRUE,FALSE,NA,28.55027771,84.5616684,1,0,161,NA,191,0,NA,0.986378581493659,2010,6,7,"FALSE",271.301337242126,0.597961923989635,0,0,0,0,0.304401578752799,-0.236614735036404,-0.611359399580228,0.911353927843486,NA,69.1991780598958,2.15106474693475,0,0,0,0,0.772688924936099,0.33707396315847,0.0281257584899096,-0.361958149942553,NA,0.662872909845026,0.0525643002124233,0,0,0,0,0.0614644368446358,-0.871028577448599,-0.133868497101716,0.415993283117871,NA
"1504",1504,9163,"Manaslu","MANA","Manaslu Himal",8163,15,4,1996,"MANA96302",3,"NE Face",NA,NA,NA,FALSE,FALSE,FALSE,FALSE,"1996-09-09","1996-10-12",NA,33,36,"1996-10-15",6,7600,4,6,0,0,3,0,TRUE,FALSE,NA,28.55027771,84.5616684,0,0,345,253,NA,0,NA,0.998121183654298,1990,33,36,"FALSE",272.007611077111,3.81467028197063,0,0,0,0,0.963721335365334,0.8990846070052,0.82344379006072,0.711482689387125,0.588435650339628,77.1367275478604,14.8687627193721,0,0,0,0,0.962341713165642,0.89387686596612,0.823712703259993,0.674583846196237,0.203164233131563,0.666648316544521,0.114902591017631,4,2,0.108108108108108,0.0540540540540541,0.547375572139235,0.187629074276143,-0.0403643187414071,-0.191914848021404,0.0562045630325761
"1505",1505,9165,"Manaslu","MANA","Manaslu Himal",8163,15,4,1979,"MANA79301",3,"E Ridge",NA,NA,NA,FALSE,FALSE,FALSE,FALSE,"1979-09-02","1979-10-04",NA,32,32,"1979-10-04",4,6550,3,14,0,1,0,0,FALSE,TRUE,"Porcellana killed by avalanche [between C1 and C2]",28.55027771,84.5616684,1,0,100,40,NA,0.0714285714285714,Inf,0.857209957726632,1970,32,32,"FALSE",273.398397272283,1.70477429360537,0,1,0,0.0303030303030303,0.899003822102372,0.720532357445953,0.572698532699642,0.41811846620821,-0.593810423713429,67.3645759351326,1.28365707454148,2,0,0.0606060606060606,0,0.82517089697447,0.536109358659261,0.333147951092872,0.181542175308041,-0.706014918763394,0.703689269331857,0.0614165443402813,0,0,0,0,-0.104572264194113,-0.293105929476416,0.0355831335533591,-0.26808389820009,-0.287269747431846
"1506",1506,9166,"Manaslu","MANA","Manaslu Himal",8163,15,4,1986,"MANA86301",3,"NE Face-E Ridge up; NE Face down",NA,NA,NA,TRUE,FALSE,FALSE,FALSE,"1986-09-08","1986-11-10",NA,63,66,"1986-11-13",1,8163,3,6,2,0,0,0,FALSE,TRUE,"Carlos bad frostbite in toes and fingers; will lose parts of fingers; Warecki got pneumonia and was evacuated from BC on 18 Sept",28.55027771,84.5616684,0,0,284,221,NA,0,0,1,1980,63,66,"FALSE",269.257929360689,3.60638433816033,0,0,0,0,0.959944552710409,0.912646594077353,0.884291959871279,0.791095273342119,0.557138304819611,73.87890503537,7.84380314989572,0,0,0,0,0.81079970429944,0.466024172927038,0.153607244363833,-0.216287740513433,-0.469414399483101,0.690932226285551,0.102291033594092,3,2,0.0447761194029851,0.0298507462686567,0.429394089052504,0.128090187195808,0.117719971274292,0.104524969812983,-0.111479974246512
"1507",1507,9171,"Manaslu","MANA","Manaslu Himal",8163,15,4,2009,"MANA09107",1,"NE Face",NA,NA,NA,TRUE,FALSE,FALSE,FALSE,"2009-04-11","2009-04-28",1600,17,20,"2009-05-01",7,8163,4,4,1,0,1,0,FALSE,TRUE,NA,28.55027771,84.5616684,0,0,NA,308,5,0,0,0,2000,17,20,"FALSE",269.238967108348,1.99682585875215,0,0,0,0,0.851958740082822,0.589722784106508,0.410379730082012,0.212320157006147,0.390920500350781,72.889892578125,7.51566970038212,8,0,0.380952380952381,0,0.821036647418057,0.416252740821884,0.201738826249277,0.643090012037705,0.536109793724539,0.731418303169061,0.100975819390239,1,1,0.0476190476190476,0.0476190476190476,0.344081240899335,-0.168593903170524,-0.0940437092169969,-0.4418863478304,-0.0133127336761961
"1509",1509,9176,"Manaslu","MANA","Manaslu Himal",8163,15,4,2018,"MANA18312",3,"NE Face",NA,NA,NA,TRUE,FALSE,FALSE,FALSE,"2018-09-12","2018-09-28",915,16,19,"2018-10-01",1,8163,4,8,5,0,6,3,TRUE,FALSE,NA,28.55027771,84.5616684,0,0,NA,343,10,0,0,1,2010,16,19,"FALSE",273.36053759257,0.906546851572527,0,0,0,0,0.716017129297946,0.447829824327234,0.188604801929358,-0.272505227095423,-0.215910162786986,74.9006469726562,12.6960138886034,2,0,0.1,0,0.931964634698668,0.787360487969757,0.600969204144775,0.194945780026459,0.631662622788655,0.656389603835934,0.119004656345719,2,0,0.1,0,0.691525779751172,0.386734275756497,0.109587208086182,0.0433799929901561,0.621814859836491
"1510",1510,9178,"Manaslu","MANA","Manaslu Himal",8163,15,4,2009,"MANA09111",1,"NE Face",NA,NA,NA,TRUE,FALSE,FALSE,FALSE,"2009-04-11","2009-04-29",1200,18,20,"2009-05-01",1,8163,3,1,1,0,0,0,FALSE,TRUE,NA,28.55027771,84.5616684,0,0,NA,308,5,0,0,1,2000,18,20,"FALSE",269.238967108348,1.99682585875215,0,0,0,0,0.851958740082822,0.589722784106508,0.410379730082012,0.212320157006147,0.390920500350781,72.889892578125,7.51566970038212,8,0,0.380952380952381,0,0.821036647418057,0.416252740821884,0.201738826249277,0.643090012037705,0.536109793724539,0.731418303169061,0.100975819390239,1,1,0.0476190476190476,0.0476190476190476,0.344081240899335,-0.168593903170524,-0.0940437092169969,-0.4418863478304,-0.0133127336761961
"1511",1511,9179,"Manaslu","MANA","Manaslu Himal",8163,15,4,2011,"MANA11307",3,"NE Face",NA,NA,NA,TRUE,FALSE,FALSE,FALSE,"2011-09-08","2011-10-04",1200,26,28,"2011-10-06",1,8163,4,4,3,0,2,2,TRUE,FALSE,NA,28.55027771,84.5616684,0,0,100,221,161,0,0,1,2010,26,28,"FALSE",274.508696194353,1.98986089346699,0,7,0,0.241379310344828,0.9736942998651,0.945849568280627,0.926219004881812,0.881885322344897,0.807023446583328,67.7375600529813,2.03667508923171,0,0,0,0,0.665952747390079,0.158063825638676,-0.0461266481181112,-0.0903199137717679,-0.266327817627311,0.645954668270816,0.092623009614176,3,0,0.103448275862069,0,0.176071574679786,-0.416413791304651,-0.330022357486584,0.385344944953937,0.232451746140455
"1513",1513,9185,"Manaslu","MANA","Manaslu Himal",8163,15,4,2011,"MANA11102",1,"NE Face",NA,NA,NA,TRUE,FALSE,FALSE,FALSE,"2011-04-09","2011-04-29",1515,20,23,"2011-05-02",1,8163,4,7,2,0,0,0,FALSE,TRUE,NA,28.55027771,84.5616684,0,0,NA,247,36,0,0,1,2010,20,23,"FALSE",266.063864813911,1.98288126765608,0,0,0,0,0.874773717286612,0.644805908152822,0.442242103515781,0.0316489966821021,0.211310260158431,99.982421875,0,0,0,0,0,NA,NA,NA,NA,NA,0.654545782339257,0.0801504826880793,1,0,0.0416666666666667,0,0.379666959275471,0.036497023759499,-0.421131333637654,-0.218412832502569,-0.286113900028774
"1514",1514,9186,"Manaslu","MANA","Manaslu Himal",8163,15,4,2008,"MANA08315",3,"NE Face",NA,NA,NA,FALSE,FALSE,FALSE,FALSE,"2008-09-04","2008-10-02",NA,28,29,"2008-10-03",1,7200,2,1,0,0,1,0,FALSE,TRUE,NA,28.55027771,84.5616684,1,0,41,100,70,0,NA,1,2000,28,29,"FALSE",273.886988788181,1.23823537864547,0,0,0,0,0.866488854695309,0.685613335490832,0.634066368887311,0.627585924821605,0.00736854691385659,68.4869466145833,3.38376530796965,1,0,0.0333333333333333,0,0.550688883308191,0.0900165941975894,-0.119344784853131,-0.173122860532934,0.511967464298985,0.681398838746369,0.107242160590463,1,1,0.0333333333333333,0.0333333333333333,0.0461108209747958,-0.238623011075417,0.0189639389945148,0.0585578293782358,-0.444672665411474
"1515",1515,9187,"Manaslu","MANA","Manaslu Himal",8163,15,4,2010,"MANA10107",1,"NE Face",NA,NA,NA,FALSE,FALSE,FALSE,FALSE,"2010-04-09","2010-04-30",NA,21,29,"2010-05-08",1,7500,4,5,0,0,2,0,FALSE,TRUE,NA,28.55027771,84.5616684,1,0,NA,247,217,0,NA,1,2010,21,29,"FALSE",270.76224492391,1.41605325945716,0,2,0,0.0666666666666667,0.72488076303514,0.41310728296598,0.179891323607933,-0.43691903498182,-0.192653944278339,72.3883382161458,4.09479523376572,7,0,0.233333333333333,0,0.68512864546562,0.270115966151302,0.0389521295271883,-0.51079547208547,0.0693931055711629,0.69911404565416,0.0892886597600231,1,0,0.0333333333333333,0,0.326608745314202,-0.133631631844949,0.0359427550078639,0.0704040379286862,-0.170015507640358
"1516",1516,9188,"Manaslu","MANA","Manaslu Himal",8163,15,4,2010,"MANA10110",1,"NE Face",NA,NA,NA,FALSE,FALSE,FALSE,FALSE,"2010-04-12","2010-05-02",NA,20,33,"2010-05-15",1,7400,3,1,0,0,0,0,FALSE,TRUE,NA,28.55027771,84.5616684,1,0,36,338,NA,0,NA,1,2010,20,33,"FALSE",270.91124310213,1.36990580641643,0,3,0,0.0882352941176471,0.76129989012495,0.395776072049754,0.0718409620931272,-0.420606035059215,-0.107839506196753,72.3227874157476,4.02066600975277,9,0,0.264705882352941,0,0.757460687431728,0.322983783521083,-0.127966248544286,-0.680051602288854,0.186372627598075,0.6994777772845,0.0834918174680184,1,0,0.0294117647058824,0,0.320842194648897,-0.124063149123532,-0.0611900196185749,-0.0666046369173073,-0.348272357682499
"1518",1518,9191,"Manaslu","MANA","Manaslu Himal",8163,15,4,2000,"MANA00301",3,"NE Face",NA,NA,NA,FALSE,FALSE,FALSE,FALSE,"2000-09-12","2000-09-21",NA,9,20,"2000-10-02",1,6100,1,6,0,0,2,0,FALSE,TRUE,NA,28.55027771,84.5616684,0,0,NA,344,41,0,NA,1,2000,9,20,"FALSE",272.866070096455,2.28944004967581,0,0,0,0,0.963171787237645,0.909427490152388,0.871895502334351,0.822916674601204,0.401929828730538,68.2208465091766,1.58710042556892,2,0,0.0952380952380952,0,0.710612815999856,0.324124025449206,0.195065533970563,0.426876949056216,0.531522039875118,0.634802912550764,0.0814733037461919,1,0,0.0476190476190476,0,0.0683780009014788,0.095633128737272,0.146451951028875,-0.0100833863893324,-0.0914373769344091
"1519",1519,9193,"Manaslu","MANA","Manaslu Himal",8163,15,4,2013,"MANA13328",3,"NE Face",NA,NA,NA,FALSE,FALSE,FALSE,FALSE,"2013-09-14","2013-10-02",NA,18,21,"2013-10-05",1,7400,4,1,0,0,0,0,FALSE,TRUE,NA,28.55027771,84.5616684,1,0,41,NA,130,0,NA,1,2010,18,21,"FALSE",274.512428052498,0.891613911789631,0,0,0,0,0.74194217674024,0.412448158708342,0.305148285122597,-0.0653681419445161,-0.794818303222357,67.8006110913826,1.79945862905099,0,0,0,0,0.822927887569176,0.647478937606224,0.448456174957137,0.501337690230621,-0.421472212248099,0.638236274927224,0.0885459789465658,2,0,0.0909090909090909,0,-0.0495109788543681,-0.170359051642606,0.286768038971615,-0.000371022636665756,0.00184562108875155
"1520",1520,9194,"Manaslu","MANA","Manaslu Himal",8163,15,4,1996,"MANA96102",1,"NE Face",NA,NA,NA,TRUE,FALSE,FALSE,FALSE,"1996-04-07","1996-05-03",1250,26,31,"1996-05-08",1,8163,4,11,8,0,2,0,FALSE,TRUE,"Tsering Dorje 1 toe frostbitten slightly",28.55027771,84.5616684,0,0,65,186,218,0,0,1,1990,26,31,"FALSE",267.856461286545,2.05439947915723,0,0,0,0,0.913466153045137,0.818925799687806,0.750388507182825,0.475759541763876,0.367062181068754,99.982421875,0,0,0,0,0,NA,NA,NA,NA,NA,0.659870700822424,0.0995786696709767,1,1,0.03125,0.03125,0.431384686751606,-0.014770814199513,-0.0170658497953795,-0.22050340733499,0.141640325431828
"1521",1521,9195,"Manaslu","MANA","Manaslu Himal",8163,15,4,2021,"MANA21322",3,"NE Face",NA,NA,NA,FALSE,FALSE,FALSE,FALSE,"2021-09-11","2021-09-28",830,17,21,"2021-10-02",14,8156,4,4,0,0,4,0,TRUE,FALSE,NA,28.55027771,84.5616684,0,0,NA,313,41,0,NA,0.892437764208549,2020,17,21,"FALSE",274.547546560114,0.890960055076942,0,0,0,0,0.408848290103233,-0.113230601535421,-0.22991525896614,-0.100237514193504,-0.226669247330825,73.0117520419034,9.90564237265761,0,0,0,0,0.72792889585144,0.270770871908901,-0.042103937410452,-0.188526518814194,-0.203088209043709,0.564553851325635,0.139651381270998,5,1,0.227272727272727,0.0454545454545455,0.172359596664958,-0.47181634168268,-0.427466560162975,0.307872091764093,0.0673587669865996
"1522",1522,9196,"Manaslu","MANA","Manaslu Himal",8163,15,4,2011,"MANA11312",3,"NE Face",NA,NA,NA,TRUE,FALSE,FALSE,FALSE,"2011-09-23","2011-10-04",1300,11,14,"2011-10-07",1,8163,4,1,1,0,0,0,FALSE,TRUE,NA,28.55027771,84.5616684,0,0,100,NA,191,0,0,1,2010,11,14,"FALSE",272.649288092719,1.09284671471625,0,0,0,0,0.874365177395861,0.736662842832952,0.580748340259836,0.363749429004369,0.515816995792432,68.5312608506945,2.57480372687944,0,0,0,0,0.594554109269765,-0.0146047557768335,-0.319550099513617,-0.26265293900543,-0.823865324061664,0.634675463979485,0.072949897687442,1,0,0.0666666666666667,0,0.180972525232165,-0.311998943620627,-0.0512525998812364,-0.114048963156843,0.399543630617873
"1523",1523,9198,"Manaslu","MANA","Manaslu Himal",8163,15,4,2008,"MANA08323",3,"NE Face",NA,NA,NA,TRUE,FALSE,FALSE,FALSE,"2008-09-13","2008-10-04",930,21,23,"2008-10-06",11,8163,3,5,4,0,5,3,TRUE,FALSE,NA,28.55027771,84.5616684,0,0,101,NA,162,0,0,0,2000,21,23,"FALSE",273.476208527883,1.19797624913793,0,0,0,0,0.802845083067445,0.520892157116082,0.433798677952279,0.644567957595782,-0.0735788181603342,69.0377909342448,3.60431284461543,1,0,0.0416666666666667,0,0.497360145217342,-0.0315172371610316,-0.310059093439938,-0.381574597218944,0.964271593062337,0.674381376292066,0.120394514125297,1,1,0.0416666666666667,0.0416666666666667,0.0968378420241809,-0.146416395735372,-0.0101177508360446,0.0400514842934816,-0.752625016539234
"1524",1524,9199,"Manaslu","MANA","Manaslu Himal",8163,15,4,2013,"MANA13322",3,"NE Face",NA,NA,NA,FALSE,FALSE,FALSE,FALSE,"2013-09-12","2013-10-03",NA,21,24,"2013-10-06",1,7400,4,1,0,0,1,0,TRUE,FALSE,NA,28.55027771,84.5616684,1,0,69,343,161,0,NA,1,2010,21,24,"FALSE",274.516821695964,0.841099022500437,0,0,0,0,0.71255192699239,0.367767520410433,0.270561961532231,-0.061798500163358,-0.688016515960881,68.00779296875,2.17691596672609,0,0,0,0,0.872433624863551,0.730425608193854,0.701991716844289,0.518184889836388,0.114410217197585,0.640000697988969,0.090426673138987,2,0,0.08,0,-0.114325256563069,-0.220547982279567,0.188427360709855,0.0234606325186893,-0.125588689154975
"1525",1525,9201,"Manaslu","MANA","Manaslu Himal",8163,15,4,2008,"MANA08313",3,"NE Face",NA,NA,NA,TRUE,FALSE,FALSE,FALSE,"2008-09-13","2008-10-05",945,22,24,"2008-10-07",1,8163,4,4,2,0,2,1,FALSE,TRUE,NA,28.55027771,84.5616684,0,0,131,NA,192,0,0,1,2000,22,24,"FALSE",273.429791005453,1.19549736831605,0,0,0,0,0.810925291399584,0.520752467465226,0.409103159934671,0.65211706495446,-0.026114081046107,69.0846940104167,3.53620897534472,1,0,0.04,0,0.494224738931841,-0.0380382015666711,-0.313946454956417,-0.382088375677026,0.910706186358991,0.673413718780356,0.117958876018952,1,1,0.04,0.04,0.0966122115557059,-0.132299564655138,-0.000488561525458037,0.0512929817459339,-0.753447570737454
"1526",1526,9202,"Manaslu","MANA","Manaslu Himal",8163,15,4,2011,"MANA11101",1,"NE Face",NA,NA,NA,TRUE,FALSE,FALSE,FALSE,"2011-04-09","2011-04-29",1500,20,26,"2011-05-05",1,8163,4,12,8,1,6,5,TRUE,FALSE,"Mir-Shekari died near C3 on 30 April due to high altitude sickness",28.55027771,84.5616684,0,0,NA,247,125,0.0833333333333333,0.125,1,2010,20,26,"FALSE",266.499413713997,2.25434741505197,0,0,0,0,0.907486474675616,0.75183784586476,0.607454519920059,0.406730348086596,0.156494195923278,99.982421875,0,0,0,0,0,NA,NA,NA,NA,NA,0.648102872261387,0.0793668764267916,1,0,0.037037037037037,0,0.369578457495792,0.0104815022540953,-0.43686226099825,-0.122154038167837,-0.33824550742287
"1527",1527,9203,"Manaslu","MANA","Manaslu Himal",8163,15,4,2018,"MANA18327",3,"NE Face",NA,NA,NA,TRUE,FALSE,FALSE,FALSE,"2018-09-09","2018-09-28",800,19,25,"2018-10-04",1,8163,4,5,4,0,4,4,TRUE,FALSE,NA,28.55027771,84.5616684,0,0,NA,252,100,0,0,1,2010,19,25,"FALSE",273.413306114001,1.64016029093509,0,2,0,0.0769230769230769,0.853369571523598,0.548141851163506,0.212263919349828,-0.133061651284883,-0.209327219793224,74.3665427183494,12.6235757635,3,0,0.115384615384615,0,0.810526007077779,0.552059607017343,0.365397434263873,-0.0405599629114466,0.621719337026554,0.655589371814461,0.115080451964726,3,0,0.115384615384615,0,0.64370089191502,0.322610375943306,0.0576235396418604,-0.101445532377162,0.380261604297533
"1528",1528,9205,"Manaslu","MANA","Manaslu Himal",8163,15,4,2015,"MANA15309",3,"NE Face",NA,NA,NA,TRUE,FALSE,FALSE,FALSE,"2015-09-13","2015-10-01",1000,18,23,"2015-10-06",5,8163,4,12,5,0,3,2,FALSE,TRUE,NA,28.55027771,84.5616684,0,0,10,NA,161,0,0,0.704556129638328,2010,18,23,"FALSE",274.735768636068,1.60521443575165,0,3,0,0.125,0.887692892433379,0.721762553910716,0.583798127785701,0.322735407909539,-0.0798095200166161,66.2452697753906,0.201814714722545,7,0,0.291666666666667,0,0.708029299509249,0.508514282794559,0.537474336836227,0.200972189872332,-0.346942510891931,0.701001588453118,0.0691004936516358,0,0,0,0,0.288470837285877,-0.0917535783473143,-0.122363485117368,-0.162475417519128,-0.139656433385782
"1529",1529,9207,"Manaslu","MANA","Manaslu Himal",8163,15,4,2019,"MANA19340",3,"NE Face",NA,NA,NA,FALSE,FALSE,FALSE,FALSE,"2019-09-20","2019-10-01",NA,11,13,"2019-10-03",3,7400,3,3,0,0,0,0,FALSE,TRUE,NA,28.55027771,84.5616684,1,0,10,NA,69,0,NA,0.986378581493659,2010,11,13,"FALSE",272.131486166091,0.437619466052337,0,0,0,0,0.693150973011469,0.48418050163514,0.295840884756964,-0.105765120387865,-0.946760399905464,94.1176641555059,8.61608584162532,0,0,0,0,0.8418468154531,0.680844248305799,0.218007420160709,0.205041863697276,NA,0.479979194930564,0.0770724524368441,9,0,0.642857142857143,0,-0.0649925985528115,-0.0765651923896118,-0.195563265794441,-0.714805520453017,0.269282093829137
"1530",1530,9208,"Manaslu","MANA","Manaslu Himal",8163,15,4,2011,"MANA11305",3,"NE Face",NA,NA,NA,TRUE,FALSE,FALSE,FALSE,"2011-09-22","2011-10-04",1600,12,14,"2011-10-06",1,8163,3,1,1,0,0,0,FALSE,TRUE,NA,28.55027771,84.5616684,0,0,100,NA,161,0,0,1,2010,12,14,"FALSE",272.857009039985,1.21067843271858,0,0,0,0,0.883635677422441,0.783699470816519,0.68363664530737,0.292731059847811,-0.0843116623352439,68.546044921875,2.56598651496169,0,0,0,0,0.59328470116236,-0.0868075572871186,-0.366203078586731,-0.339425569076203,-0.954179624299566,0.634950563882199,0.0728294024007878,1,0,0.0666666666666667,0,0.214935458797704,-0.269268491356039,-0.116614645281223,-0.10057493000282,0.566012764793008
"1531",1531,9210,"Manaslu","MANA","Manaslu Himal",8163,15,4,2008,"MANA08316",3,"NE Face",NA,NA,NA,FALSE,FALSE,FALSE,FALSE,"2008-09-10","2008-10-03",1430,23,26,"2008-10-06",1,8125,3,14,0,0,2,0,FALSE,TRUE,NA,28.55027771,84.5616684,0,0,70,283,162,0,NA,1,2000,23,26,"FALSE",273.707435089865,1.31040556577562,0,0,0,0,0.854319772090906,0.648998667406859,0.576987442499147,0.745905393465816,0.160603297950795,68.7422236689815,3.49551034828982,1,0,0.037037037037037,0,0.526562869951791,0.0257850376532568,-0.240153338845452,-0.303287715796106,0.502832044677989,0.668203200903456,0.114699389322037,1,1,0.037037037037037,0.037037037037037,0.118687553487442,-0.125071875474487,0.0143744203552678,0.10653256517936,-0.734187172656791
"1533",1533,9217,"Manaslu","MANA","Manaslu Himal",8163,15,4,2008,"MANA08321",3,"NE Face",NA,NA,NA,FALSE,FALSE,FALSE,FALSE,"2008-09-24","2008-10-06",NA,12,13,"2008-10-07",1,7000,2,2,0,0,3,0,TRUE,FALSE,NA,28.55027771,84.5616684,0,0,162,NA,192,0,NA,1,2000,12,13,"FALSE",272.62338701884,0.780674400765946,0,0,0,0,0.393799543156677,-0.433522649664109,-0.650137131082369,0.814379334506652,0.703712005762331,68.7484770275298,3.35218225518312,1,0,0.0714285714285714,0,0.509859120997553,-0.0941366826628816,-0.396750104631503,-0.404374277973063,-0.983654297562533,0.665662568817096,0.1028465928464,1,0,0.0714285714285714,0,0.073851831884392,-0.0150596711969375,0.0207521739901329,0.397148141799611,0.786436324467265
"1534",1534,9218,"Manaslu","MANA","Manaslu Himal",8163,15,4,2019,"MANA19338",3,"NE Face",NA,NA,NA,TRUE,FALSE,FALSE,FALSE,"2019-09-07","2019-09-27",657,20,24,"2019-10-01",14,8163,4,2,1,0,0,0,FALSE,TRUE,NA,28.55027771,84.5616684,0,0,NA,190,10,0,0,0.628229215594176,2010,20,24,"FALSE",274.285084075928,2.55415193709981,0,10,0,0.4,0.955206516190592,0.87231072808902,0.782949282842943,0.668086475058565,0.475971778474498,84.8191536458333,15.1486568289553,0,0,0,0,0.917185408845103,0.799238867000382,0.69296906729139,0.533783889400717,-0.152560642958933,0.559400038515691,0.158185844540511,9,1,0.36,0.04,0.477014214858197,0.155280317972133,0.264761199417485,0.163255186825417,0.215734229131973
"1535",1535,9219,"Manaslu","MANA","Manaslu Himal",8163,15,4,2011,"MANA11302",3,"NE Face",NA,NA,NA,TRUE,FALSE,FALSE,FALSE,"2011-09-19","2011-10-04",1300,15,23,"2011-10-12",6,8163,4,7,3,0,0,0,FALSE,TRUE,NA,28.55027771,84.5616684,0,0,100,NA,344,0,0,0.988727101925787,2010,15,23,"FALSE",273.037854618496,1.44321583912782,0,0,0,0,0.889854898075396,0.71122527295568,0.597441437661078,0.387194679287096,-0.148622694795837,67.8424241807726,2.23695732055949,1,0,0.0416666666666667,0,0.662930835898326,0.131983707968149,-0.0856318136711412,-0.194350547206546,-0.117341976104813,0.6584523762612,0.0755637412064946,1,0,0.0416666666666667,0,0.36979684162895,-0.113121130468031,-0.038683241904923,-0.277510995528456,0.570305933656841
"1536",1536,9221,"Manaslu","MANA","Manaslu Himal",8163,15,4,2007,"MANA07303",3,"NE Face",NA,NA,NA,FALSE,FALSE,FALSE,FALSE,"2007-09-01","2007-09-19",NA,18,34,"2007-10-05",1,7200,2,7,0,0,0,0,FALSE,TRUE,NA,28.55027771,84.5616684,1,1,NA,9,130,0,NA,1,2000,18,34,"FALSE",273.978582763672,2.13909158200683,0,4,0,0.114285714285714,0.875546836143531,0.737857094709684,0.639861578635014,0.460330671603149,0.0693818477324337,83.7945079985119,15.8830403461446,0,0,0,0,0.857061663320784,0.66571017279155,0.4507663545551,0.0387400935057586,-0.587913616234489,0.531031780620217,0.145297333234998,12,0,0.342857142857143,0,0.460562536796903,0.110171926894921,0.0491673436918104,-0.382160765128037,-0.0480963708176555
"1537",1537,9224,"Manaslu","MANA","Manaslu Himal",8163,15,4,2004,"MANA04302",3,"NE Face",NA,NA,NA,FALSE,FALSE,FALSE,FALSE,"2004-10-05","2004-11-04",NA,30,35,"2004-11-09",1,7450,2,3,0,0,0,0,FALSE,TRUE,"Mattle frostnipped toes",28.55027771,84.5616684,1,0,102,131,255,0,NA,1,2000,30,35,"FALSE",266.213312890795,3.36884384930598,2,0,0.0555555555555556,0,0.928294584808694,0.808174873714466,0.657655782489328,0.297927733366131,0.0319343819184296,72.2965291341146,6.53386019457554,0,0,0,0,0.861053282889006,0.613333301227241,0.33460970865158,-0.0969140077067,-0.00611604358619421,0.735732527440837,0.0879431228744586,0,3,0,0.0833333333333333,0.22964719338819,-0.0314110786402803,-0.0196064914109687,0.0323573418700041,-0.0439689594033849
"1538",1538,9226,"Manaslu","MANA","Manaslu Himal",8163,15,4,2008,"MANA08310",3,"NE Face",NA,NA,NA,FALSE,FALSE,FALSE,FALSE,"2008-09-07","2008-10-03",NA,26,29,"2008-10-06",1,7400,3,2,0,0,1,0,FALSE,TRUE,"Frostbite Kaila Sherpa",28.55027771,84.5616684,0,0,70,191,162,0,NA,1,2000,26,29,"FALSE",273.80270652771,1.27908607740254,0,0,0,0,0.857240977008605,0.666566727873504,0.596051198710938,0.715748836645712,0.1976893581737,68.5190185546875,3.37953146052884,1,0,0.0333333333333333,0,0.547862040650653,0.0728473203855828,-0.174558187287443,-0.240275418554006,0.511657829554856,0.670038646152982,0.110523906167752,1,1,0.0333333333333333,0.0333333333333333,0.104897548730556,-0.149889565067721,0.00888734572626785,0.116600496812053,-0.418343528205802
"1539",1539,9227,"Manaslu","MANA","Manaslu Himal",8163,15,4,2013,"MANA13302",3,"NE Face",NA,NA,NA,FALSE,FALSE,FALSE,FALSE,"2013-09-18","2013-10-02",NA,14,17,"2013-10-05",9,7400,4,4,0,0,1,0,FALSE,TRUE,NA,28.55027771,84.5616684,1,0,41,NA,130,0,NA,0.887153593236261,2010,14,17,"FALSE",274.679493091725,0.890419127747198,0,0,0,0,0.709218030015661,0.431750785727626,0.507366139388097,0.339264540941791,-0.261118633118471,68.0436876085069,1.90934279503132,0,0,0,0,0.806232484827446,0.613913735724792,0.421058736513744,0.453121529200984,-0.408199310786616,0.626789300881901,0.0929379132324592,2,0,0.111111111111111,0,-0.140226426020186,-0.320701500778109,0.307366424913715,-0.0286277507842224,-0.0582110486404891
"1540",1540,9230,"Manaslu","MANA","Manaslu Himal",8163,15,4,2015,"MANA15308",3,"NE Face",NA,NA,NA,TRUE,FALSE,FALSE,FALSE,"2015-09-05","2015-10-01",630,26,27,"2015-10-02",2,8163,4,5,3,0,4,4,TRUE,FALSE,NA,28.55027771,84.5616684,0,0,10,129,41,0,0,1,2010,26,27,"FALSE",275.394093104771,1.01298255262999,0,3,0,0.107142857142857,0.801210811836694,0.539082024051847,0.32154438340176,-0.340367597775722,0.234850077781002,66.2243448893229,0.197646899256468,11,0,0.392857142857143,0,0.719596578919615,0.446125129284797,0.389090196799913,0.121191800149396,-0.604092947221083,0.698525540322871,0.0673179916572561,0,0,0,0,0.215914876780532,0.253889956942381,-0.0550241204751645,0.13155518246958,-0.00310230002045372
"1541",1541,9238,"Manaslu","MANA","Manaslu Himal",8163,15,4,2001,"MANA01102",1,"NE Face",NA,NA,NA,FALSE,FALSE,FALSE,FALSE,"2001-04-08","2001-05-08",NA,30,35,"2001-05-13",8,7450,3,9,0,0,0,0,FALSE,TRUE,NA,28.55027771,84.5616684,1,0,217,216,NA,0,NA,0.904180366369187,2000,30,35,"FALSE",267.882554160224,2.51994596187398,0,1,0,0.0277777777777778,0.932962534488668,0.891605834344512,0.905217410496976,0.836293245950361,0.755498213472554,99.982421875,0,0,0,0,0,NA,NA,NA,NA,NA,0.656406071007431,0.100681733024693,3,0,0.0833333333333333,0,0.507846605742985,0.253501577688572,0.221059108478343,0.0793791395562592,-0.321610869504624
"1542",1542,9241,"Manaslu","MANA","Manaslu Himal",8163,15,4,2013,"MANA13325",3,"NE Face",NA,NA,NA,FALSE,FALSE,FALSE,FALSE,"2013-09-12","2013-10-02",NA,20,24,"2013-10-06",14,7400,4,7,0,0,4,0,TRUE,FALSE,NA,28.55027771,84.5616684,1,0,41,343,161,0,NA,0.945279473931423,2010,20,24,"FALSE",274.516821695964,0.841099022500437,0,0,0,0,0.71255192699239,0.367767520410433,0.270561961532231,-0.061798500163358,-0.688016515960881,68.00779296875,2.17691596672609,0,0,0,0,0.872433624863551,0.730425608193854,0.701991716844289,0.518184889836388,0.114410217197585,0.640000697988969,0.090426673138987,2,0,0.08,0,-0.114325256563069,-0.220547982279567,0.188427360709855,0.0234606325186893,-0.125588689154975
"1543",1543,9243,"Manaslu","MANA","Manaslu Himal",8163,15,4,2013,"MANA13308",3,"NE Face",NA,NA,NA,TRUE,FALSE,FALSE,FALSE,"2013-09-13","2013-10-02",1000,19,22,"2013-10-05",14,8163,4,1,1,0,1,1,TRUE,FALSE,NA,28.55027771,84.5616684,0,0,41,NA,130,0,0,0.839596054485674,2010,19,22,"FALSE",274.501797883407,0.872604798917139,0,0,0,0,0.731525315761054,0.417396821489752,0.319866269960186,-0.065767208794501,-0.79763050281133,67.7619275079257,1.76784752071929,0,0,0,0,0.824698870135464,0.650454393979369,0.452559871473492,0.49400324122091,-0.440877022511329,0.642340777961073,0.0887214108595719,2,0,0.0869565217391304,0,0.00922450212135152,-0.13350048862254,0.310067529254485,0.0836473942582193,0.0309534636758926
"1544",1544,9249,"Manaslu","MANA","Manaslu Himal",8163,15,4,2014,"MANA14326",3,"NE Face",NA,NA,NA,TRUE,FALSE,FALSE,FALSE,"2014-09-11","2014-10-02",1104,21,23,"2014-10-04",1,8163,4,2,1,0,1,1,FALSE,TRUE,NA,28.55027771,84.5616684,0,0,41,313,100,0,0,1,2010,21,23,"FALSE",273.680837525262,2.04989770545883,0,1,0,0.0416666666666667,0.920881166311453,0.819571113880773,0.719386333273181,0.576476200334623,-0.126512573779015,68.2908935546875,1.86832453624784,1,0,0.0416666666666667,0,0.578053509065695,0.12353345670249,-0.0416059363308735,0.516170839297519,0.0283123447452485,0.696038305036599,0.0731991045827093,0,0,0,0,-0.0210690619762656,-0.281658638259556,0.104492300675612,-0.103277914702833,0.193389056779694
"1545",1545,9251,"Manaslu","MANA","Manaslu Himal",8163,15,4,2008,"MANA08330",3,"NE Face",NA,NA,NA,TRUE,FALSE,FALSE,FALSE,"2008-09-11","2008-10-04",830,23,25,"2008-10-06",1,8163,4,7,2,1,4,2,TRUE,FALSE,"Gallia suffered from HAS (altitude sickness); Goulevitch died from cerebral edema",28.55027771,84.5616684,0,0,101,314,162,0.142857142857143,0.5,1,2000,23,25,"FALSE",273.644941232143,1.29467498432091,0,0,0,0,0.845085668960247,0.620766203028115,0.541425357521296,0.728422541951686,0.137239585837391,68.836428911258,3.52960858364789,1,0,0.0384615384615385,0,0.517339007800242,0.00402452160246751,-0.265388412939353,-0.327023530086816,0.788899154042003,0.670092506930741,0.116541653436393,1,1,0.0384615384615385,0.0384615384615385,0.113849220825661,-0.138051630850884,0.0042232429695919,0.094777534998297,-0.72866014371824
"1546",1546,9256,"Manaslu","MANA","Manaslu Himal",8163,15,4,2015,"MANA15316",3,"NE Face",NA,NA,NA,TRUE,FALSE,FALSE,FALSE,"2015-09-23","2015-10-01",630,8,10,"2015-10-03",14,8163,4,1,1,0,2,2,TRUE,FALSE,NA,28.55027771,84.5616684,0,0,10,NA,69,0,0,0.68107092531705,2010,8,10,"FALSE",274.762337424538,1.40974296578229,0,2,0,0.181818181818182,0.857226377554419,0.724133558653482,0.629444356979479,-0.149292356526284,NA,66.0917894767992,0.0776577813777229,7,0,0.636363636363636,0,0.284615778944424,-0.361399778799132,0.233192602846201,-0.0265282149125589,NA,0.724561768432572,0.0669747766358921,0,0,0,0,0.306060362415286,-0.433016721957313,0.0114573405927217,-0.368346864225501,NA
"1547",1547,9257,"Manaslu","MANA","Manaslu Himal",8163,15,4,2015,"MANA15305",3,"NE Face",NA,NA,NA,TRUE,FALSE,FALSE,FALSE,"2015-09-10","2015-09-30",NA,20,22,"2015-10-02",1,8163,4,13,12,0,13,13,TRUE,FALSE,NA,28.55027771,84.5616684,0,0,NA,282,41,0,0,1,2010,20,22,"FALSE",275.317026331805,1.08987637692921,0,3,0,0.130434782608696,0.816152346163167,0.564421623483937,0.330610333952987,-0.371464139386224,0.161285901103389,66.2493100373641,0.20980389765341,8,0,0.347826086956522,0,0.698025663661462,0.399616231422494,0.381517481984435,0.163500178364542,-0.517321409195861,0.702739254132558,0.0678242638045641,0,0,0,0,0.187582378004246,0.187403460047038,0.00244802095461183,0.193780498938876,0.338948604519465
"1548",1548,9259,"Manaslu","MANA","Manaslu Himal",8163,15,4,1989,"MANA89101",1,"E Ridge",NA,NA,NA,FALSE,FALSE,FALSE,FALSE,"1989-04-02","1989-05-01",NA,29,29,"1989-05-01",1,7300,2,6,0,0,0,0,FALSE,TRUE,"None",28.55027771,84.5616684,1,0,5,35,NA,0,NA,1,1980,29,29,"FALSE",265.33337419298,1.07517575026558,0,0,0,0,0.56506380357692,-0.0504610170688575,-0.404635108448778,-0.409328340238015,-0.0585898056858558,99.982421875,0,0,0,0,0,NA,NA,NA,NA,NA,0.687459932447654,0.105016442660372,0,2,0,0.0666666666666667,0.334887119083869,0.0750160990652041,0.107503411395242,-0.216446698240236,-0.185834812591312
"1550",1550,9261,"Manaslu","MANA","Manaslu Himal",8163,15,4,2014,"MANA14315",3,"NE Face",NA,NA,NA,TRUE,FALSE,FALSE,FALSE,"2014-09-15","2014-10-02",900,17,19,"2014-10-04",7,8163,4,4,1,0,2,1,FALSE,TRUE,NA,28.55027771,84.5616684,0,0,41,NA,100,0,0,0.904180366369187,2010,17,19,"FALSE",273.368012110392,2.10180631400486,0,1,0,0.05,0.913652915147882,0.805132841852435,0.697350399855394,0.5961928345313,-0.273655593492937,68.4261922200521,2.01502627761261,1,0,0.05,0,0.57014097640977,0.108766009351121,-0.0658743198867092,0.61817284388881,0.254133127189156,0.68476543450973,0.0751046526550457,0,0,0,0,-0.152278875542075,-0.412453284695388,0.0487790394979326,-0.0962866870444513,0.127669393548324
"1551",1551,9262,"Manaslu","MANA","Manaslu Himal",8163,15,4,2011,"MANA11313",3,"NE Face",NA,NA,NA,TRUE,FALSE,FALSE,FALSE,"2011-09-21","2011-10-04",1000,13,15,"2011-10-06",10,8163,3,1,1,0,2,2,TRUE,FALSE,NA,28.55027771,84.5616684,0,0,100,NA,161,0,0,0.986378581493659,2010,13,15,"FALSE",272.986994584401,1.27998671258854,0,0,0,0,0.903315274481996,0.800918207031019,0.717933560741556,0.469672827441967,0.111091475937313,68.5178019205729,2.4815513325193,0,0,0,0,0.59453187236127,-0.0674152449960167,-0.373943984047503,-0.251373341404303,-0.708201692512297,0.637531612532489,0.0711133090540356,1,0,0.0625,0,0.192573730694798,-0.250803318211293,-0.160127620507473,-0.114531717273612,0.591613486385049
"1552",1552,9263,"Manaslu","MANA","Manaslu Himal",8163,15,4,2008,"MANA08308",3,"NE Face",NA,NA,NA,FALSE,FALSE,FALSE,FALSE,"2008-09-12","2008-09-29",NA,17,23,"2008-10-05",6,7000,2,4,0,0,2,0,FALSE,TRUE,NA,28.55027771,84.5616684,1,0,NA,344,131,0,NA,0.98050728041334,2000,17,23,"FALSE",273.619542704688,1.2373070247383,0,0,0,0,0.835670688746838,0.60700037828135,0.493238417704077,0.673278961459862,-0.0856629510060723,68.9484354654948,3.64457040010276,1,0,0.0416666666666667,0,0.507110364952514,-0.0202041855084985,-0.291966034327464,-0.346972560901748,0.932980760660577,0.671382646459781,0.121246836174827,1,1,0.0416666666666667,0.0416666666666667,0.110542078502324,-0.149198462944165,0.00498209476945927,0.0759072371366127,-0.795874744501757
"1553",1553,9264,"Manaslu","MANA","Manaslu Himal",8163,15,4,1987,"MANA87301",3,"NE Face",NA,NA,NA,TRUE,FALSE,FALSE,FALSE,"1987-09-10","1987-10-07",1200,27,27,"1987-10-07",1,8163,4,10,2,0,3,1,FALSE,TRUE,"Hauser little frostbite; 3 members altitude sickness; no accidents",28.55027771,84.5616684,0,0,191,282,NA,0,0,1,1980,27,27,"FALSE",273.856142816089,1.98732984304187,0,0,0,0,0.950965997687566,0.88124181725139,0.840596432049295,0.814848463757865,0.173452141285353,66.9020211356027,0.725371727743995,2,0,0.0714285714285714,0,0.679142728643111,0.246587081912503,0.149066529716593,0.385268254708171,-0.305440819453907,0.700316508867934,0.0838972756692472,0,1,0,0.0357142857142857,0.40331864681351,0.165200128817253,0.0645320345951386,0.0208149164698119,-0.202718875937827
"1554",1554,9271,"Manaslu","MANA","Manaslu Himal",8163,15,4,1982,"MANA82301",3,"E Ridge (to 6200m)","NE Face (to 5600m)",NA,NA,FALSE,FALSE,FALSE,FALSE,"1982-09-10","1982-09-22",NA,12,28,"1982-10-08",1,6200,1,5,0,0,1,0,FALSE,TRUE,NA,28.55027771,84.5616684,0,0,NA,282,222,0,NA,1,1980,12,28,"FALSE",272.409416724896,2.51592497065462,0,0,0,0,0.961083040120161,0.89680832913743,0.844581802438706,0.765431341347837,0.486193392608442,67.3880348644037,1.09482113038387,0,0,0,0,0.699806296941315,0.284252797481419,-0.0690566695354066,-0.458318668256725,0.177743090002107,0.663028853358872,0.0856510498089056,1,0,0.0344827586206897,0,0.624301407181274,0.280532701008004,0.0944318821930424,0.15263763478988,-0.0793744419898697
"1555",1555,9272,"Manaslu","MANA","Manaslu Himal",8163,15,4,2011,"MANA11324",3,"NE Face",NA,NA,NA,TRUE,FALSE,FALSE,FALSE,"2011-10-03","2011-10-12",1230,9,11,"2011-10-14",14,8163,3,2,1,0,3,2,TRUE,FALSE,NA,28.55027771,84.5616684,0,0,344,69,NA,0,0,0.628229215594176,2010,9,11,"FALSE",272.56350962321,1.163162136607,0,0,0,0,0.817161286478136,0.48166048340572,0.0388246988441275,-0.845161842377679,-1,66.7708265516493,0.920253288243445,2,0,0.166666666666667,0,0.886250358495107,0.534265349654422,0.726564909707406,0.910795679863988,-1,0.673481159154496,0.0881311688102518,1,0,0.0833333333333333,0,0.4276853256425,0.144176088861842,0.399672192788859,0.169703579908178,1
"1556",1556,9276,"Manaslu","MANA","Manaslu Himal",8163,15,4,2000,"MANA00103",1,"NE Face",NA,NA,NA,TRUE,FALSE,FALSE,FALSE,"2000-04-10","2000-05-12",955,32,33,"2000-05-13",1,8163,3,7,1,0,0,0,TRUE,FALSE,NA,28.55027771,84.5616684,0,0,340,278,NA,0,0,1,2000,32,33,"FALSE",268.807426041248,2.05016617133649,0,1,0,0.0294117647058824,0.902711644074498,0.757043828717896,0.644781924791152,0.694388442949987,0.484240527363523,99.982421875,0,0,0,0,0,NA,NA,NA,NA,NA,0.630356949338355,0.0778131622152094,1,0,0.0294117647058824,0,0.394720136367212,-0.174199104172968,-0.172720364910619,-0.163647016966015,-0.216238679912995
"1557",1557,9277,"Manaslu","MANA","Manaslu Himal",8163,15,4,2013,"MANA13323",3,"NE Face",NA,NA,NA,FALSE,FALSE,FALSE,FALSE,"2013-09-12","2013-10-02",NA,20,24,"2013-10-06",1,7440,4,5,0,0,1,0,FALSE,TRUE,NA,28.55027771,84.5616684,1,0,41,343,161,0,NA,1,2010,20,24,"FALSE",274.516821695964,0.841099022500437,0,0,0,0,0.71255192699239,0.367767520410433,0.270561961532231,-0.061798500163358,-0.688016515960881,68.00779296875,2.17691596672609,0,0,0,0,0.872433624863551,0.730425608193854,0.701991716844289,0.518184889836388,0.114410217197585,0.640000697988969,0.090426673138987,2,0,0.08,0,-0.114325256563069,-0.220547982279567,0.188427360709855,0.0234606325186893,-0.125588689154975
"1558",1558,9278,"Manaslu","MANA","Manaslu Himal",8163,15,4,1976,"MANA76301",3,"NE Face",NA,NA,NA,TRUE,FALSE,FALSE,FALSE,"1976-09-06","1976-10-12",1543,36,36,"1976-10-12",1,8163,5,18,2,0,21,1,TRUE,FALSE,NA,28.55027771,84.5616684,0,0,345,161,NA,0,0,1,1970,36,36,"FALSE",272.869348955584,1.98253707208657,0,0,0,0,0.958127901626117,0.937922562202508,0.940082296598645,0.948981798987373,0.895850688775041,68.433301221143,1.72082383600955,0,0,0,0,0.723989285445,0.291488789996046,0.0727647608989821,-0.227317690534721,-0.319337470846421,0.673366759218123,0.0747243692747832,0,1,0,0.027027027027027,0.369348043841438,0.0896275565384437,0.0962812914249513,-0.16835872367489,-0.322478249247001
"1559",1559,9283,"Manaslu","MANA","Manaslu Himal",8163,15,4,2017,"MANA17337",3,"NE Face",NA,NA,NA,FALSE,FALSE,FALSE,FALSE,"2017-10-06","2017-10-12",NA,6,13,"2017-10-19",1,6100,2,3,0,0,0,0,FALSE,TRUE,NA,28.55027771,84.5616684,1,0,344,161,NA,0,NA,1,2010,6,13,"FALSE",273.125430879139,1.13849219399565,0,0,0,0,0.705102787906856,0.24994837132538,-0.0765311640335421,0.0109845133781247,-0.933613207598401,66.4426095145089,0.344534723242389,0,0,0,0,0.236900468211094,-0.358412199380168,-0.345761812541103,-0.243554262825116,-0.718505065837019,0.699645466209013,0.0549491989712899,0,0,0,0,0.261426488744356,-0.0730897738716291,-0.322572162750339,-0.431581028769657,-0.356519735394625
"1560",1560,9285,"Manaslu","MANA","Manaslu Himal",8163,15,4,2019,"MANA19332",3,"NE Face",NA,NA,NA,FALSE,FALSE,FALSE,FALSE,"2019-09-21","2019-10-03",NA,12,14,"2019-10-05",1,6900,3,1,0,0,0,0,FALSE,TRUE,NA,28.55027771,84.5616684,1,0,69,NA,130,0,NA,1,2010,12,14,"FALSE",272.080537584093,0.466906073658942,0,0,0,0,0.770733720323032,0.768333936888316,0.658371901805964,0.511281873477542,0.176039749876432,90.3452799479167,11.9690303699378,0,0,0,0,0.92587797718781,0.856423354328902,0.70341460525944,0.284219139515103,0.581958635880878,0.49872467601077,0.0986288599886391,9,0,0.6,0,0.593449122007012,0.299021031390651,0.00443569726071881,-0.434616708141929,0.428531170234285
"1561",1561,9292,"Manaslu","MANA","Manaslu Himal",8163,15,4,2016,"MANA16314",3,"NE Face",NA,NA,NA,FALSE,FALSE,FALSE,FALSE,"2016-09-11","2016-10-02",NA,21,21,"2016-10-02",1,8125,4,5,0,0,5,0,TRUE,FALSE,NA,28.55027771,84.5616684,0,0,41,314,NA,0,NA,1,2010,21,21,"FALSE",274.573872884115,1.05571899254628,0,1,0,0.0454545454545455,0.640586835281594,0.198052597257704,-0.121323246679769,-0.412727571789999,0.0630912209229769,75.3005149147727,11.8625478426023,0,0,0,0,0.708212566112854,0.286475902209516,-0.090275489723069,-0.412147030189878,0.527755137415421,0.547492659335277,0.118240431269982,7,0,0.318181818181818,0,0.209329795036184,0.295215640167357,-0.208757251206362,-0.206055174765457,0.615092527170396
"1562",1562,9293,"Manaslu","MANA","Manaslu Himal",8163,15,4,2008,"MANA08328",3,"NE Face",NA,NA,NA,TRUE,FALSE,FALSE,FALSE,"2008-09-17","2008-10-03",1400,16,19,"2008-10-06",8,8163,3,2,1,0,0,0,FALSE,TRUE,NA,28.55027771,84.5616684,0,0,70,NA,162,0,0,0.885548444709034,2000,16,19,"FALSE",273.163620440165,1.05232881727724,0,0,0,0,0.689908497350667,0.193205959173458,-0.0361651862873403,0.448927459147745,-0.00105740548738875,69.3899007161458,3.86355947452051,1,0,0.05,0,0.470743677209895,-0.0945157114817282,-0.378458034384217,-0.395626098089794,0.971357789996743,0.68659276018175,0.126584242796875,1,1,0.05,0.05,0.0259520109864114,-0.256792351841895,0.185064071561387,0.0312648623267132,-0.689636544153442
"1563",1563,9294,"Manaslu","MANA","Manaslu Himal",8163,15,4,2013,"MANA13330",3,"NE Face",NA,NA,NA,FALSE,FALSE,FALSE,FALSE,"2013-09-14","2013-10-02",NA,18,21,"2013-10-05",1,7400,4,2,0,0,0,0,FALSE,TRUE,NA,28.55027771,84.5616684,1,0,41,NA,130,0,NA,1,2010,18,21,"FALSE",274.512428052498,0.891613911789631,0,0,0,0,0.74194217674024,0.412448158708342,0.305148285122597,-0.0653681419445161,-0.794818303222357,67.8006110913826,1.79945862905099,0,0,0,0,0.822927887569176,0.647478937606224,0.448456174957137,0.501337690230621,-0.421472212248099,0.638236274927224,0.0885459789465658,2,0,0.0909090909090909,0,-0.0495109788543681,-0.170359051642606,0.286768038971615,-0.000371022636665756,0.00184562108875155
"1564",1564,9296,"Manaslu","MANA","Manaslu Himal",8163,15,4,2008,"MANA08332",3,"NE Face",NA,NA,NA,FALSE,FALSE,FALSE,FALSE,"2008-09-12","2008-09-30",NA,18,22,"2008-10-04",5,6770,2,1,0,0,0,0,FALSE,TRUE,"Respiratory illness",28.55027771,84.5616684,0,0,NA,344,101,0,NA,0,2000,18,22,"FALSE",273.635687731314,1.26252766179141,0,0,0,0,0.842125345314413,0.606586554951647,0.49475796090266,0.71572825147421,0.00759373206175439,69.0308430989583,3.70354809157092,1,0,0.0434782608695652,0,0.499144318760628,-0.0345538016170528,-0.296401301908689,-0.324890093529992,0.931596038610959,0.676825384842619,0.120936905805146,1,1,0.0434782608695652,0.0434782608695652,0.0723925177536471,-0.206149503185506,-0.0304840161211035,0.0883741510821607,-0.827471537635571
"1565",1565,9299,"Manaslu","MANA","Manaslu Himal",8163,15,4,2008,"MANA08319",3,"NE Face",NA,NA,NA,FALSE,FALSE,FALSE,FALSE,"2008-09-14","2008-10-05",NA,21,24,"2008-10-08",1,7000,2,2,0,0,2,0,FALSE,TRUE,NA,28.55027771,84.5616684,1,0,131,NA,223,0,NA,1,2000,21,24,"FALSE",273.255825042725,1.21600953256348,0,0,0,0,0.786759759299549,0.51405754223459,0.315199000714224,0.527364681511557,-0.0386657350292084,69.2868131510417,3.54556229924638,1,0,0.04,0,0.490181775447494,-0.0589913773124618,-0.346148818462673,-0.420341274368947,0.818840921699259,0.672216596178948,0.118679827343414,1,1,0.04,0.04,0.103659345477267,-0.14199537392766,0.00982661102521937,0.0695632862136861,-0.75782792223364
"1566",1566,9305,"Manaslu","MANA","Manaslu Himal",8163,15,4,2013,"MANA13312",3,"NE Face",NA,NA,NA,FALSE,FALSE,FALSE,FALSE,"2013-09-12","2013-10-02",NA,20,25,"2013-10-07",1,7400,4,4,0,0,0,0,FALSE,TRUE,NA,28.55027771,84.5616684,1,0,41,343,191,0,NA,1,2010,20,25,"FALSE",274.510006880149,0.824837649240401,0,0,0,0,0.712817262180747,0.368811591390174,0.274719391336255,-0.0374374876040966,-0.664149075076424,68.0842472956731,2.16826692726617,0,0,0,0,0.780371062284959,0.707595846827256,0.696219764464296,0.484302655700523,0.161571479669226,0.651773721573569,0.107021540256147,2,1,0.0769230769230769,0.0384615384615385,0.00886706940101109,-0.35308129286863,0.0909489919830146,0.0393638178259807,-0.440479730805958
"1568",1568,9307,"Manaslu","MANA","Manaslu Himal",8163,15,4,2007,"MANA07301",3,"NE Face",NA,NA,NA,FALSE,FALSE,FALSE,FALSE,"2007-09-12","2007-10-03",NA,21,26,"2007-10-08",1,6700,2,7,0,0,2,0,FALSE,TRUE,NA,28.55027771,84.5616684,1,0,69,343,222,0,NA,1,2000,21,26,"FALSE",273.410053959599,1.91701267608082,0,0,0,0,0.933457142712711,0.845387727731181,0.75446442394836,0.601240705887253,0.249665726805051,81.1637882185571,15.2590907757489,0,0,0,0,0.895989014373891,0.727701687989266,0.544613621643946,0.255696057298337,-0.581290617614993,0.55318137053856,0.144520286376108,8,0,0.296296296296296,0,0.533209408836295,0.0941645046094655,-0.0913053247121344,-0.40927089076184,-0.00236726635328475
"1569",1569,9311,"Manaslu","MANA","Manaslu Himal",8163,15,4,1998,"MANA98304",3,"NE Face",NA,NA,NA,FALSE,FALSE,FALSE,FALSE,"1998-09-07","1998-10-10",NA,33,49,"1998-10-26",1,7200,2,7,0,0,0,0,FALSE,TRUE,"David Chantladze and Merab Nemsitsveridze had bronchitis and left early",28.55027771,84.5616684,1,0,283,190,NA,0,NA,1,1990,33,49,"FALSE",273.980498860677,1.74724546429742,0,3,0,0.06,0.948798844772916,0.873781972073383,0.812449280315777,0.732023102225783,0.547546588436708,67.0833772786458,1.21025800809442,5,0,0.1,0,0.755953600293513,0.412524928354435,0.223846353355843,-0.114463920830883,-0.257740730983796,0.676553297361795,0.0811541573452765,1,0,0.02,0,0.610482561398314,0.382570686261007,0.278613828929954,-0.0762556253946454,-0.174875911276261
"1570",1570,9314,"Manaslu","MANA","Manaslu Himal",8163,15,4,2000,"MANA00102",1,"NE Face",NA,NA,NA,TRUE,FALSE,FALSE,FALSE,"2000-04-18","2000-05-05",900,17,20,"2000-05-08",2,8163,3,1,1,0,3,0,FALSE,TRUE,NA,28.55027771,84.5616684,0,0,126,NA,218,0,0,0.998529171433241,2000,17,20,"FALSE",269.187810807001,1.02187870680484,0,0,0,0,0.693009633092992,0.338471279137566,0.0788245056036738,0.361721022948917,-0.117951129833587,99.982421875,0,0,0,0,0,NA,NA,NA,NA,NA,0.621655303782421,0.0725487462615177,0,0,0,0,0.424134076175129,-0.148330568056785,-0.11171598904734,-0.315306989433737,-0.517383167198797
"1571",1571,9315,"Manaslu","MANA","Manaslu Himal",8163,15,4,2011,"MANA11105",1,"NE Face",NA,NA,NA,TRUE,FALSE,FALSE,FALSE,"2011-03-31","2011-05-09",600,39,40,"2011-05-10",1,8163,4,7,1,0,7,2,FALSE,TRUE,"Kim Mi-Gon's left toes frostbite (he had frostbite in 2010 on same peak)",28.55027771,84.5616684,0,0,248,NA,278,0,0,1,2010,39,40,"FALSE",266.272780410643,2.5377266623997,0,0,0,0,0.931174903134043,0.825365439446839,0.738989838587274,0.592102323642724,0.42403539540596,99.982421875,0,0,0,0,0,NA,NA,NA,NA,NA,0.642060677598893,0.0898982276337491,2,1,0.0487804878048781,0.024390243902439,0.307033735288454,-0.0642063481983551,-0.426543096832741,-0.0236361752118783,-0.331018702533195
"1572",1572,9316,"Manaslu","MANA","Manaslu Himal",8163,15,4,2018,"MANA18301",3,"NE Face",NA,NA,NA,TRUE,FALSE,FALSE,FALSE,"2018-09-05","2018-09-26",515,21,26,"2018-10-01",2,8163,4,10,8,0,6,6,TRUE,FALSE,NA,28.55027771,84.5616684,0,0,NA,129,10,0,0,0.995260663507109,2010,21,26,"FALSE",274.148937743387,1.6327971080669,0,4,0,0.148148148148148,0.862709536543628,0.686959825719442,0.519622527632715,0.0396255479806412,-0.514806318691635,73.9528778452932,12.5399465478157,4,0,0.148148148148148,0,0.81531032531868,0.561720538151138,0.275326187488223,-0.262104656004679,-0.0720829707551355,0.664047855779652,0.11551898394627,3,0,0.111111111111111,0,0.673458048991452,0.362356046721035,-0.00288585597056008,-0.278011840256796,0.331573766361723
"1573",1573,9324,"Manaslu","MANA","Manaslu Himal",8163,15,4,2012,"MANA12326",3,"NE Face",NA,NA,NA,FALSE,FALSE,FALSE,FALSE,"2012-09-14","2012-10-01",NA,17,21,"2012-10-05",1,7400,4,2,0,0,0,0,FALSE,TRUE,NA,28.55027771,84.5616684,0,0,10,NA,131,0,NA,1,2010,17,21,"FALSE",273.360051588579,1.28026863288967,0,0,0,0,0.779235330914005,0.237565984230444,-0.174674910161719,-0.282765759250582,0.080520272058392,76.0853974313447,13.8242396042294,4,0,0.181818181818182,0,0.861961082796179,0.668661128068213,0.499415240260998,0.0677474411008577,-0.703261591455529,0.589065286794858,0.155645149897536,4,0,0.181818181818182,0,0.817174139554998,0.578265975971405,0.402872577794208,0.612246657147025,-0.0786119646345324
"1574",1574,9328,"Manaslu","MANA","Manaslu Himal",8163,15,4,2021,"MANA21306",3,"NE Face",NA,NA,NA,FALSE,FALSE,FALSE,FALSE,"2021-09-19","2021-10-01",430,12,13,"2021-10-02",1,8156,4,9,0,0,8,0,TRUE,FALSE,NA,28.55027771,84.5616684,0,0,10,NA,41,0,NA,1,2020,12,13,"FALSE",274.542993182228,0.602543254702747,0,0,0,0,0.0727490921237153,-0.244105808648373,-0.180906565115871,-0.0681037032699638,-0.184186739902502,69.6958821614583,2.89733274534604,0,0,0,0,0.599875768052425,0.491633990709297,0.179773323818586,0.0790810321554118,-0.564224542285888,0.538666951881548,0.0893698411637235,3,0,0.214285714285714,0,-0.115491302061513,-0.360120090489125,-0.115495838278728,-0.35505028463977,0.632065094469806
"1575",1575,9329,"Manaslu","MANA","Manaslu Himal",8163,15,4,1998,"MANA98301",3,"NE Face",NA,NA,NA,FALSE,FALSE,FALSE,FALSE,"1998-09-12","1998-09-27",NA,15,27,"1998-10-09",1,6800,1,8,0,0,7,0,FALSE,TRUE,NA,28.55027771,84.5616684,1,0,NA,343,253,0,NA,1,1990,15,27,"FALSE",274.77702658517,1.43307901080802,0,3,0,0.107142857142857,0.934908231436456,0.831468293446934,0.702491101651309,0.40164705093191,-0.255921105568009,67.1158360072545,1.38136406141929,3,0,0.107142857142857,0,0.834292635626682,0.548192147402184,0.288360620000467,-0.0650341476652433,0.187501546281856,0.670216721560731,0.0858631974121344,1,0,0.0357142857142857,0,0.732093138533453,0.44977351662856,0.310962567205522,-0.0627845691499689,-0.402491475644816
"1576",1576,9331,"Manaslu","MANA","Manaslu Himal",8163,15,4,2014,"MANA14317",3,"NE Face",NA,NA,NA,FALSE,FALSE,FALSE,FALSE,"2014-09-12","2014-09-26",NA,14,19,"2014-10-01",12,7600,4,2,0,0,2,0,TRUE,FALSE,NA,28.55027771,84.5616684,0,0,NA,343,10,0,NA,0,2010,14,19,"FALSE",273.866219584147,2.02389768509551,0,1,0,0.05,0.916685239817449,0.810856485146076,0.70968934023209,0.564681423290309,-0.432256579463366,68.0882853190104,1.7258939804752,1,0,0.05,0,0.468768131427746,-0.0779450839081813,-0.219673036914998,0.565878879434248,0.183249362983202,0.698688660967697,0.0778336845000809,0,0,0,0,-0.0808429303681973,-0.343632228166011,0.0883856167547315,-0.15718139943114,0.265609216870798
"1577",1577,9333,"Manaslu","MANA","Manaslu Himal",8163,15,4,2008,"MANA08334",3,"NE Face",NA,NA,NA,TRUE,FALSE,FALSE,FALSE,"2008-09-06","2008-10-04",800,28,30,"2008-10-06",9,8163,0,14,10,0,3,2,TRUE,FALSE,NA,28.55027771,84.5616684,0,0,101,161,162,0,0,0.799331901694106,2000,28,30,"FALSE",273.795903974964,1.2581575166613,0,0,0,0,0.853069678106177,0.650289560787337,0.578914647511217,0.657198053282563,0.135282620149677,68.485595703125,3.32793552023138,1,0,0.032258064516129,0,0.549854297325668,0.079330581036528,-0.164594487784782,-0.228688349524348,0.513409024166217,0.670527217961616,0.108700272070512,1,1,0.032258064516129,0.032258064516129,0.101089246951518,-0.147706413483392,0.0102594122331485,0.116332531220032,-0.406187370558038
"1579",1579,9336,"Manaslu","MANA","Manaslu Himal",8163,15,4,2012,"MANA12339",3,"NE Face",NA,NA,NA,TRUE,FALSE,FALSE,FALSE,"2012-09-02","2012-09-30",900,28,32,"2012-10-04",7,8163,4,12,9,0,11,11,TRUE,FALSE,NA,28.55027771,84.5616684,0,0,NA,40,101,0,0,0.835122882366977,2010,28,32,"FALSE",274.626272259337,1.75841266091201,0,7,0,0.212121212121212,0.905898598154173,0.798416302538143,0.708334642224603,0.545739827763057,0.29086258437471,73.2491245462437,12.1724763517521,4,0,0.121212121212121,0,0.854699409678269,0.679919880450743,0.530840860142043,0.0234936846063281,-0.543297002225558,0.591224434643909,0.142077022963068,6,0,0.181818181818182,0,0.670206347539658,0.541831757673955,0.355509765702806,0.299107898715229,-0.554553593651662
"1580",1580,9339,"Manaslu","MANA","Manaslu Himal",8163,15,4,2012,"MANA12323",3,"NE Face",NA,NA,NA,TRUE,FALSE,FALSE,FALSE,"2012-09-11","2012-10-01",1115,20,22,"2012-10-03",1,8163,1,1,1,0,0,0,FALSE,TRUE,NA,28.55027771,84.5616684,0,0,10,314,70,0,0,1,2010,20,22,"FALSE",274.017914371214,1.50721082182744,0,2,0,0.0869565217391304,0.848483212607508,0.698937023203326,0.573305292804439,-0.00506616353168915,-0.346243234895785,76.1078500056612,13.6827686210582,4,0,0.173913043478261,0,0.830357380557658,0.619649941965967,0.467334680803542,-0.137922277046635,-0.53226840466068,0.562591026291377,0.150364941966766,5,0,0.217391304347826,0,0.72480050983893,0.510215617191092,0.422589419949654,0.355140420502079,-0.40140759387339
"1581",1581,9343,"Manaslu","MANA","Manaslu Himal",8163,15,4,2021,"MANA21313",3,"NE Face",NA,NA,NA,FALSE,FALSE,FALSE,FALSE,"2021-09-12","2021-09-28",NA,16,20,"2021-10-02",12,8156,4,4,0,0,4,0,TRUE,FALSE,NA,28.55027771,84.5616684,0,0,NA,343,41,0,NA,0,2020,16,20,"FALSE",274.502563173809,0.88699342964033,0,0,0,0,0.365371178532681,-0.168297830642171,-0.361256914157943,-0.025415450584751,-0.0765032867072842,73.2394283234127,10.0911057598313,0,0,0,0,0.72397466999435,0.257410569302428,-0.0639521754670604,-0.12637679582594,-0.0220706546149915,0.560014697801581,0.141427307389795,5,1,0.238095238095238,0.0476190476190476,0.153678662335857,-0.544226224704294,-0.496925636424587,0.497208554738013,0.216651741374294
"1582",1582,9344,"Manaslu","MANA","Manaslu Himal",8163,15,4,2011,"MANA11317",3,"NE Face",NA,NA,NA,TRUE,FALSE,FALSE,FALSE,"2011-09-10","2011-10-05",1130,25,28,"2011-10-08",5,8163,4,11,5,0,7,5,TRUE,FALSE,NA,28.55027771,84.5616684,0,0,130,282,222,0,0,0.888809353376283,2010,25,28,"FALSE",274.148194499399,2.00958568688121,0,5,0,0.172413793103448,0.973727635309953,0.946922738581358,0.926825558180344,0.889864965215695,0.757149226197614,67.7003777164152,2.04496391918762,0,0,0,0,0.66967145691912,0.169031028282141,-0.0403176379549371,-0.118167737062975,-0.290895483408679,0.652323227869852,0.0823551414571161,2,0,0.0689655172413793,0,0.176975473598709,-0.310568389373175,-0.203630888614864,0.132618497732512,0.208075681695322
"1583",1583,9347,"Manaslu","MANA","Manaslu Himal",8163,15,4,2013,"MANA13311",3,"NE Face",NA,NA,NA,FALSE,FALSE,FALSE,FALSE,"2013-09-27","2013-10-04",NA,7,13,"2013-10-10",10,6400,0,1,0,0,1,0,FALSE,TRUE,NA,28.55027771,84.5616684,1,0,100,NA,283,0,NA,0.97232164161298,2010,7,13,"FALSE",274.126274381365,0.675977739879216,0,0,0,0,0.268517690260314,-0.115851216957849,-0.0548457737284594,-0.313028350256024,-0.0941841188507501,69.2340204148066,2.3739269710809,0,0,0,0,0.646112797795786,0.166436103185851,-0.168421785689738,-0.812876611689133,0.683873925559117,0.630425244727307,0.136205021753505,3,1,0.214285714285714,0.0714285714285714,0.195923897068591,-0.513959890697829,-0.395092901011025,0.161800847069926,-0.287375583142593
"1584",1584,9348,"Manaslu","MANA","Manaslu Himal",8163,15,4,2012,"MANA12309",3,"NE Face",NA,NA,NA,TRUE,FALSE,FALSE,FALSE,"2012-09-09","2012-09-30",900,21,25,"2012-10-04",6,8163,4,8,8,0,5,5,TRUE,FALSE,NA,28.55027771,84.5616684,0,0,NA,253,101,0,0,0.930565497494631,2010,21,25,"FALSE",274.171037038167,1.70891358943698,0,4,0,0.153846153846154,0.878621428190646,0.738351345742318,0.61169501720164,0.33568656328801,-0.00225252040264549,75.0489752353766,13.1812064450732,4,0,0.153846153846154,0,0.84010858109672,0.644973371290662,0.473921005530272,-0.0816306997636542,-0.532728294567641,0.576483600071583,0.147883087306305,5,0,0.192307692307692,0,0.738472238447738,0.521369649574379,0.379623105472577,0.375447281400491,-0.363167400823535
"1585",1585,9349,"Manaslu","MANA","Manaslu Himal",8163,15,4,1996,"MANA96305",3,"NE Face",NA,NA,NA,FALSE,FALSE,FALSE,FALSE,"1996-09-15","1996-10-01",NA,16,25,"1996-10-10",14,7100,1,7,0,0,3,0,FALSE,TRUE,NA,28.55027771,84.5616684,1,0,10,NA,284,0,NA,0.954426151276545,1990,16,25,"FALSE",272.302541586069,3.33666649421338,0,0,0,0,0.964013236773675,0.900027674246083,0.80192408141188,0.543375115856364,0.13219605756524,75.5099659455128,14.3830107236708,0,0,0,0,0.949219722708564,0.849310719003208,0.739450498423634,0.491356806456985,-0.35392580538554,0.685510986280708,0.111462231495584,2,1,0.0769230769230769,0.0384615384615385,0.463077708849711,0.0842865106443932,-0.19562757120715,-0.493737059153086,0.633057737294387
"1586",1586,9351,"Manaslu","MANA","Manaslu Himal",8163,15,4,2008,"MANA08314",3,"NE Face",NA,NA,NA,FALSE,FALSE,FALSE,FALSE,"2008-09-06","2008-09-14",NA,8,30,"2008-10-06",7,6600,2,7,0,0,1,0,FALSE,TRUE,NA,28.55027771,84.5616684,1,0,NA,161,162,0,NA,0.966356478167502,2000,8,30,"FALSE",273.795903974964,1.2581575166613,0,0,0,0,0.853069678106177,0.650289560787337,0.578914647511217,0.657198053282563,0.135282620149677,68.485595703125,3.32793552023138,1,0,0.032258064516129,0,0.549854297325668,0.079330581036528,-0.164594487784782,-0.228688349524348,0.513409024166217,0.670527217961616,0.108700272070512,1,1,0.032258064516129,0.032258064516129,0.101089246951518,-0.147706413483392,0.0102594122331485,0.116332531220032,-0.406187370558038
"1587",1587,9354,"Manaslu","MANA","Manaslu Himal",8163,15,4,2019,"MANA19334",3,"NE Face",NA,NA,NA,TRUE,FALSE,FALSE,FALSE,"2019-09-08","2019-09-26",600,18,23,"2019-10-01",5,8163,4,16,14,0,11,10,TRUE,FALSE,NA,28.55027771,84.5616684,0,0,NA,221,10,0,0,0.82319255547602,2010,18,23,"FALSE",274.138964600033,2.50007017367223,0,9,0,0.375,0.951532173552304,0.860847329670017,0.762258049344747,0.634915419319945,0.458810852848895,85.5942213270399,14.9595473993444,0,0,0,0,0.911110481502009,0.783793931100035,0.668099498262469,0.498968617106519,-0.449698081530373,0.550223496141585,0.154641368550594,9,1,0.375,0.0416666666666667,0.445570283942973,0.104736266579335,0.263572977737707,0.146732515542136,0.181461980973373
"1588",1588,9356,"Manaslu","MANA","Manaslu Himal",8163,15,4,2013,"MANA13307",3,"NE Face",NA,NA,NA,TRUE,FALSE,FALSE,FALSE,"2013-09-13","2013-10-02",1000,19,22,"2013-10-05",10,8163,4,1,1,0,1,1,TRUE,FALSE,"Nima Gyalzen fell into crevasse",28.55027771,84.5616684,0,0,41,NA,130,0,0,0.91703056768559,2010,19,22,"FALSE",274.501797883407,0.872604798917139,0,0,0,0,0.731525315761054,0.417396821489752,0.319866269960186,-0.065767208794501,-0.79763050281133,67.7619275079257,1.76784752071929,0,0,0,0,0.824698870135464,0.650454393979369,0.452559871473492,0.49400324122091,-0.440877022511329,0.642340777961073,0.0887214108595719,2,0,0.0869565217391304,0,0.00922450212135152,-0.13350048862254,0.310067529254485,0.0836473942582193,0.0309534636758926
"1589",1589,9357,"Manaslu","MANA","Manaslu Himal",8163,15,4,2013,"MANA13101",1,"NE Face",NA,NA,NA,FALSE,FALSE,FALSE,FALSE,"2013-04-02","2013-04-24",NA,22,29,"2013-05-01",1,5700,0,1,0,0,1,0,FALSE,TRUE,NA,28.55027771,84.5616684,0,0,NA,35,5,0,NA,1,2010,22,29,"FALSE",266.50779753791,1.78880634455915,0,0,0,0,0.849560065612123,0.65105371566474,0.556831238508557,0.228188357286602,0.227020937418298,99.982421875,0,0,0,0,0,NA,NA,NA,NA,NA,0.664645237368793,0.0885645061371054,2,0,0.0666666666666667,0,0.411214656553156,0.110839562497133,-0.00493384441886709,-0.13277840190163,-0.0345376442320882
"1590",1590,9361,"Manaslu","MANA","Manaslu Himal",8163,15,4,2014,"MANA14308",3,"NE Face",NA,NA,NA,TRUE,FALSE,FALSE,FALSE,"2014-09-12","2014-10-01",820,19,21,"2014-10-03",6,8163,2,5,5,0,3,3,TRUE,FALSE,NA,28.55027771,84.5616684,0,0,10,343,69,0,0,0.733000623830318,2010,19,21,"FALSE",273.629332224528,2.07291058754704,0,1,0,0.0454545454545455,0.923999403665876,0.82946407712161,0.738257698065588,0.618119719279902,-0.250539968474491,68.3802120324337,1.92695625627151,1,0,0.0454545454545455,0,0.604336709655712,0.186732306350978,-0.000554234726688394,0.549498111058156,0.0099774045469033,0.69457332157249,0.0757094981778797,0,0,0,0,-0.0657765956938523,-0.319826269530545,0.0850138783637092,-0.124676742009364,0.193877695391289
"1591",1591,9365,"Manaslu","MANA","Manaslu Himal",8163,15,4,2016,"MANA16303",3,"NE Face",NA,NA,NA,FALSE,FALSE,FALSE,FALSE,"2016-09-12","2016-09-30",615,18,20,"2016-10-02",10,8125,3,5,0,0,4,0,TRUE,FALSE,NA,28.55027771,84.5616684,0,0,NA,344,41,0,NA,0.963038053649407,2010,18,20,"FALSE",274.563426668682,1.08062434261607,0,1,0,0.0476190476190476,0.657506837901681,0.211384934682976,-0.114980604269211,-0.426050218470197,0.0739686303808142,74.6678331163194,11.7690029663501,0,0,0,0,0.691639201998941,0.197246220478342,-0.154906537290639,-0.401753986324755,0.573837699727764,0.557829652410513,0.110505771023105,6,0,0.285714285714286,0,0.135799065891507,0.257273411978273,-0.243079285129223,-0.169009237552813,0.525900938121266
"1592",1592,9369,"Manaslu","MANA","Manaslu Himal",8163,15,4,1986,"MANA86302",3,"SE Face (Polish 1984 rte)",NA,NA,NA,FALSE,FALSE,FALSE,FALSE,"1986-09-11","1986-10-29",NA,48,52,"1986-11-02",NA,7400,4,13,0,0,3,0,FALSE,TRUE,"Nothing serious",28.55027771,84.5616684,1,0,NA,313,42,0,NA,NA,1980,48,52,"FALSE",269.64098938756,3.20997167175063,0,0,0,0,0.969079278095604,0.928928474176166,0.884750957881658,0.783202170108151,0.489135522319299,73.4855864902712,7.81632939716265,0,0,0,0,0.827282397191636,0.509067240435234,0.218223471301655,-0.127669822804378,-0.553272757211725,0.686798867738721,0.104029621414395,3,2,0.0566037735849057,0.0377358490566038,0.496422584878856,0.210257738161654,0.107518792054142,0.21138402544378,-0.0220118659338921
"1593",1593,9373,"Manaslu","MANA","Manaslu Himal",8163,15,4,2008,"MANA08307",3,"NE Face",NA,NA,NA,FALSE,FALSE,FALSE,FALSE,"2008-09-07","2008-10-03",1400,26,28,"2008-10-05",5,8125,4,2,0,0,0,0,FALSE,TRUE,NA,28.55027771,84.5616684,1,0,70,191,131,0,NA,0.875271936185642,2000,26,28,"FALSE",273.859763178332,1.26227576803561,0,0,0,0,0.864138015668099,0.692068112366143,0.598980069729664,0.696853374766513,0.0912200036010815,68.5196575296336,3.43934897637935,1,0,0.0344827586206897,0,0.549350024506062,0.0723188645985231,-0.176147322699082,-0.241449247448347,0.509624411623085,0.669834563411361,0.112474480582874,1,1,0.0344827586206897,0.0344827586206897,0.108632949965993,-0.150560252752097,0.011669640996774,0.117305830005194,-0.431307323204025
"1594",1594,9374,"Manaslu","MANA","Manaslu Himal",8163,15,4,2013,"MANA13326",3,"NE Face",NA,NA,NA,FALSE,FALSE,FALSE,FALSE,"2013-09-13","2013-10-02",NA,19,23,"2013-10-06",10,7400,4,2,0,0,0,0,FALSE,TRUE,NA,28.55027771,84.5616684,1,0,41,NA,161,0,NA,0.957215373459028,2010,19,23,"FALSE",274.497757381863,0.853653853389513,0,0,0,0,0.72476340600255,0.412833974549343,0.313277681130144,-0.0541703860488482,-0.73850681244255,68.0447658962674,2.2157039965444,0,0,0,0,0.871871900285537,0.729639822917471,0.702065960151449,0.531704487881027,0.16450123857345,0.645442128708616,0.0880913794809274,2,0,0.0833333333333333,0,-0.0550900206327734,-0.154039086796735,0.24886705681306,0.0336255119059964,-0.133322116316292
"1595",1595,9376,"Manaslu","MANA","Manaslu Himal",8163,15,4,2008,"MANA08333",3,"NE Face",NA,NA,NA,TRUE,FALSE,FALSE,FALSE,"2008-10-01","2008-10-12",1123,11,14,"2008-10-15",12,8163,2,1,1,0,2,2,FALSE,TRUE,NA,28.55027771,84.5616684,0,0,345,10,NA,0,0,0,2000,11,14,"FALSE",270.666306304932,2.27233974669057,0,0,0,0,0.900387651964152,0.815160075685862,0.689173321204647,0.475064966831079,-0.265163176949016,70.1427354600694,2.05949901549173,0,0,0,0,0.677511202144541,0.233091200144672,-0.171471374506661,-0.647194697979115,0.170794236079997,0.695149663387513,0.110416624058847,0,2,0,0.133333333333333,0.509961263823261,0.398983333264321,0.146146491493475,-0.114551883265751,0.498199523208106
"1596",1596,9378,"Manaslu","MANA","Manaslu Himal",8163,15,4,2008,"MANA08329",3,"NE Face",NA,NA,NA,FALSE,FALSE,FALSE,FALSE,"2008-09-03","2008-10-03",1230,30,33,"2008-10-06",7,8125,4,12,0,0,9,0,TRUE,FALSE,NA,28.55027771,84.5616684,0,0,70,69,162,0,NA,0.911695754102631,2000,30,33,"FALSE",273.858844794479,1.22533652152278,0,0,0,0,0.844225564345733,0.646596196640321,0.562949821096178,0.651957680495755,0.162535877859203,68.3293887867647,3.21503756995284,1,0,0.0294117647058824,0,0.558835342946261,0.0994578992247853,-0.134022672976602,-0.181050269056467,0.52943125694306,0.675822016373352,0.105176993160107,1,1,0.0294117647058824,0.0294117647058824,0.114989328897766,-0.143943219209702,0.0163805767004615,0.116530739606679,-0.41899122945446
"1597",1597,9382,"Manaslu","MANA","Manaslu Himal",8163,15,4,1985,"MANA85301",3,"NE Face",NA,NA,NA,FALSE,FALSE,FALSE,FALSE,"1985-09-12","1985-10-03",NA,21,44,"1985-10-26",1,6300,2,6,0,0,0,0,FALSE,TRUE,"One member fell but not really hurt",28.55027771,84.5616684,1,1,69,343,NA,0,NA,1,1980,21,44,"FALSE",270.876381626836,3.58942235439449,0,0,0,0,0.955688873714919,0.867839474555706,0.789636784969035,0.752873102540688,0.85405984438349,83.7043258101852,15.3616537743776,0,0,0,0,0.928214744428161,0.791937411420069,0.64017383042618,0.434675367230738,0.222197664279115,0.647569732600641,0.137051028543456,7,2,0.155555555555556,0.0444444444444444,0.58103699830333,0.279373918199537,0.0429758884572044,-0.204774702890145,-0.242324743819084
"1598",1598,9390,"Manaslu","MANA","Manaslu Himal",8163,15,4,2013,"MANA13317",3,"NE Face",NA,NA,NA,FALSE,FALSE,FALSE,FALSE,"2013-09-12","2013-10-02",NA,20,24,"2013-10-06",5,7600,4,1,0,0,1,0,FALSE,TRUE,NA,28.55027771,84.5616684,1,0,41,343,161,0,NA,0.911695754102631,2010,20,24,"FALSE",274.516821695964,0.841099022500437,0,0,0,0,0.71255192699239,0.367767520410433,0.270561961532231,-0.061798500163358,-0.688016515960881,68.00779296875,2.17691596672609,0,0,0,0,0.872433624863551,0.730425608193854,0.701991716844289,0.518184889836388,0.114410217197585,0.640000697988969,0.090426673138987,2,0,0.08,0,-0.114325256563069,-0.220547982279567,0.188427360709855,0.0234606325186893,-0.125588689154975
"1599",1599,9393,"Manaslu","MANA","Manaslu Himal",8163,15,4,2014,"MANA14311",3,"NE Face",NA,NA,NA,TRUE,FALSE,FALSE,FALSE,"2014-09-15","2014-10-03",830,18,20,"2014-10-05",1,8163,4,10,8,0,10,10,TRUE,FALSE,NA,28.55027771,84.5616684,0,0,69,NA,130,0,0,1,2010,18,20,"FALSE",273.273984031072,2.09341280358795,0,1,0,0.0476190476190476,0.909601041668723,0.813237977061099,0.709969880107379,0.608275649025441,-0.218386648741401,68.3682648189484,1.9818631673925,1,0,0.0476190476190476,0,0.575145814247583,0.0745150298424726,-0.144050607986949,0.474178363405262,0.0124178267693488,0.68712143530207,0.0739948575396756,0,0,0,0,-0.153591728875083,-0.429548770540597,0.0445099827232073,-0.0946467258384156,0.0198949823551234
"1600",1600,9394,"Manaslu","MANA","Manaslu Himal",8163,15,4,2008,"MANA08301",3,"NE Face",NA,NA,NA,FALSE,FALSE,FALSE,FALSE,"2008-09-01","2008-09-12",NA,11,16,"2008-09-17",6,6200,2,2,0,0,1,0,FALSE,TRUE,NA,28.55027771,84.5616684,0,0,344,9,NA,0,NA,0.872623078926804,2000,11,16,"FALSE",274.951448926739,0.625914880220496,0,0,0,0,0.676228702612007,0.244177662520889,-0.14857765164915,-0.636796786486455,0.827689327929056,66.8020785462623,0.454002322557162,0,0,0,0,0.670895206466047,0.262275089773371,-0.216577769015366,-0.486510182337676,0.775779171387045,0.661556652773597,0.0651399619937712,0,0,0,0,0.456027618203096,0.153478908074201,0.394176234445728,0.661575991479112,0.450617549512158
"1601",1601,9397,"Manaslu","MANA","Manaslu Himal",8163,15,4,2012,"MANA12310",3,"NE Face",NA,NA,NA,FALSE,FALSE,FALSE,FALSE,"2012-09-11","2012-09-29",NA,18,21,"2012-10-02",14,8015,2,1,0,0,0,0,FALSE,TRUE,NA,28.55027771,84.5616684,0,0,NA,314,41,0,NA,0.911695754102631,2010,18,21,"FALSE",274.046291120125,1.53637803465696,0,2,0,0.0909090909090909,0.858677342806411,0.715326422913328,0.576101021393568,-0.00490918999308381,-0.35614845535425,76.5121145537405,13.8634565291654,4,0,0.181818181818182,0,0.826128668311898,0.608637687769349,0.451079916123902,-0.181643707601279,-0.586299165328669,0.555759788738168,0.150205993302765,5,0,0.227272727272727,0,0.714922989957877,0.490563155467851,0.419293543334259,0.306932087286882,-0.505369855088822
"1602",1602,9399,"Manaslu","MANA","Manaslu Himal",8163,15,4,2004,"MANA04101",1,"NE Face",NA,NA,NA,FALSE,FALSE,FALSE,FALSE,"2004-04-10","2004-04-20",NA,10,30,"2004-05-10",1,6400,1,10,0,0,1,0,FALSE,TRUE,NA,28.55027771,84.5616684,1,0,NA,278,279,0,NA,1,2000,10,30,"FALSE",269.334603012249,1.85100072956043,0,2,0,0.0645161290322581,0.814334060285917,0.463146143953508,0.091101983051974,-0.24241533873974,-0.0601575180879787,81.5933851016465,7.68517764783878,1,0,0.032258064516129,0,0.521042889088467,-0.101345706727992,-0.392473722379043,-0.327594264334582,0.0961917695081947,0.682305305408126,0.0618728066556349,0,0,0,0,0.249932643253294,-0.159834132815266,-0.32257825521288,0.216332211102004,0.235997744348958
"1603",1603,9409,"Manaslu","MANA","Manaslu Himal",8163,15,4,2012,"MANA12314",3,"NE Face",NA,NA,NA,TRUE,FALSE,FALSE,FALSE,"2012-09-07","2012-09-30",710,23,25,"2012-10-02",6,8163,4,4,3,0,0,0,FALSE,TRUE,"Freire and Perez had throat infections, but antibiotics let them to continue their climb",28.55027771,84.5616684,0,0,NA,191,41,0,0,0.937744204219849,2010,23,25,"FALSE",274.433474907508,1.7003575046581,0,4,0,0.153846153846154,0.901063743798554,0.799528029406905,0.685676064500189,0.383516811543065,-0.20321789708774,74.9496538211138,13.2445459864624,4,0,0.153846153846154,0,0.841402906864655,0.646855380257198,0.47635709670396,-0.118251387836456,-0.691752217495528,0.569456198341627,0.141578661299489,5,0,0.192307692307692,0,0.723154628450419,0.501148544698831,0.362154729801032,0.205863953192685,-0.613714286015277
"1604",1604,9410,"Manaslu","MANA","Manaslu Himal",8163,15,4,2016,"MANA16302",3,"NE Face",NA,NA,NA,FALSE,FALSE,FALSE,FALSE,"2016-09-21","2016-10-07",NA,16,19,"2016-10-10",1,6850,2,7,0,0,1,0,FALSE,TRUE,NA,28.55027771,84.5616684,1,0,192,NA,284,0,NA,1,2010,16,19,"FALSE",274.191418965658,1.05666318263897,0,0,0,0,0.729225318261447,0.341741942741166,0.247734339962276,-0.110303044172973,-0.826680895409344,71.4089599609375,9.05993940576517,0,0,0,0,0.967624492275821,0.911893573480376,0.75514465556876,-0.105850119323415,-0.670346832548783,0.630316650731345,0.139980524315905,2,0,0.1,0,0.491421646144671,0.344402451614867,0.0718316141844719,-0.158453458907821,0.561675901905014
"1605",1605,9413,"Manaslu","MANA","Manaslu Himal",8163,15,4,2011,"MANA11304",3,"NE Face",NA,NA,NA,TRUE,FALSE,FALSE,FALSE,"2011-09-21","2011-10-05",915,14,17,"2011-10-08",1,8163,4,1,1,0,1,1,TRUE,FALSE,NA,28.55027771,84.5616684,0,0,130,NA,222,0,0,1,2010,14,17,"FALSE",272.834289126926,1.28354852205976,0,0,0,0,0.912332608953965,0.822195520516012,0.735809646004501,0.564795284099984,0.476412703191402,68.3371627242477,2.38983478047024,0,0,0,0,0.61521314987628,0.00258023261884641,-0.28857124293062,-0.240485531070509,-0.530658950718317,0.634232741101468,0.0675066211337896,1,0,0.0555555555555556,0,0.16020366383252,-0.257195372797818,-0.0503145095017108,-0.156718940484195,0.363479904524415
"1606",1606,9414,"Manaslu","MANA","Manaslu Himal",8163,15,4,2008,"MANA08306",3,"NE Face",NA,NA,NA,FALSE,FALSE,FALSE,FALSE,"2008-09-12","2008-10-03",1415,21,24,"2008-10-06",7,8125,3,2,0,0,1,0,FALSE,TRUE,NA,28.55027771,84.5616684,0,0,70,344,162,0,NA,0.833550403750977,2000,21,24,"FALSE",273.560683542887,1.24649508700849,0,0,0,0,0.825471001077736,0.573055880094681,0.48613786284689,0.692432652092541,0.0461420548175557,68.930517578125,3.56895864038504,1,0,0.04,0,0.507252682146197,-0.0149015037230123,-0.285234243365681,-0.349835060692513,0.920724935522596,0.671565622427789,0.118697511139704,1,1,0.04,0.04,0.107222470602211,-0.146452504555692,0.00508120375417325,0.0708069031322491,-0.76146392069421
"1607",1607,9416,"Manaslu","MANA","Manaslu Himal",8163,15,4,2011,"MANA11308",3,"NE Face",NA,NA,NA,TRUE,FALSE,FALSE,FALSE,"2011-09-10","2011-10-04",1000,24,26,"2011-10-06",1,8163,4,2,2,0,1,1,FALSE,TRUE,NA,28.55027771,84.5616684,0,0,100,282,161,0,0,1,2010,24,26,"FALSE",274.336012946235,1.95321903890162,0,5,0,0.185185185185185,0.970700527857017,0.939683457180445,0.917908383553302,0.880379973307947,0.78717053380604,67.76025390625,2.10920103309112,0,0,0,0,0.66567994907375,0.155481073478732,-0.0521625463357034,-0.101298305673784,-0.291773311552702,0.655618150700708,0.0844912824594172,2,0,0.0740740740740741,0,0.186085805915716,-0.313108667603528,-0.284581985690155,0.141148161197865,0.232980419450475
"1608",1608,9418,"Manaslu","MANA","Manaslu Himal",8163,15,4,2011,"MANA11316",3,"NE Face",NA,NA,NA,TRUE,FALSE,FALSE,FALSE,"2011-09-18","2011-10-04",1540,16,19,"2011-10-07",1,8163,4,1,1,0,0,0,FALSE,TRUE,NA,28.55027771,84.5616684,0,0,100,NA,191,0,0,1,2010,16,19,"FALSE",273.32464612325,1.53507107043725,0,0,0,0,0.946399129537995,0.89164087727859,0.843567675464575,0.722873440596214,0.336092228153476,68.1423950195312,2.33884840480141,0,0,0,0,0.627324821657219,0.0364149665135613,-0.236358120830294,-0.273776837936261,-0.422641107779599,0.643017282031185,0.0707993185426983,1,0,0.05,0,0.201384034270146,-0.252694624186927,-0.0244718892089012,-0.371825923237766,0.522684106023368
"1610",1610,9421,"Manaslu","MANA","Manaslu Himal",8163,15,4,2016,"MANA16305",3,"NE Face",NA,NA,NA,FALSE,FALSE,FALSE,FALSE,"2016-09-11","2016-09-30",830,19,21,"2016-10-02",8,8125,4,3,0,0,0,0,TRUE,FALSE,NA,28.55027771,84.5616684,0,0,NA,314,41,0,NA,0.98408956982911,2010,19,21,"FALSE",274.573872884115,1.05571899254628,0,1,0,0.0454545454545455,0.640586835281594,0.198052597257704,-0.121323246679769,-0.412727571789999,0.0630912209229769,75.3005149147727,11.8625478426023,0,0,0,0,0.708212566112854,0.286475902209516,-0.090275489723069,-0.412147030189878,0.527755137415421,0.547492659335277,0.118240431269982,7,0,0.318181818181818,0,0.209329795036184,0.295215640167357,-0.208757251206362,-0.206055174765457,0.615092527170396
"1611",1611,9424,"Manaslu","MANA","Manaslu Himal",8163,15,4,2008,"MANA08318",3,"NE Face",NA,NA,NA,FALSE,FALSE,FALSE,FALSE,"2008-09-16","2008-10-04",NA,18,24,"2008-10-10",4,7400,3,1,0,0,0,0,FALSE,TRUE,NA,28.55027771,84.5616684,1,0,101,NA,284,0,NA,0.860341779611078,2000,18,24,"FALSE",272.791911875407,1.573784980804,0,0,0,0,0.850726189838817,0.53678407161898,0.28245282525991,0.188389449646899,0.180583302338135,69.6838151041667,3.5922731169447,1,0,0.04,0,0.500974685446868,-0.0595113503446339,-0.381011072921439,-0.470570466660923,0.746235446395381,0.68005391418951,0.1204560595637,1,1,0.04,0.04,0.0835859185215686,-0.19057448366388,-0.0134296173419464,0.035406668343308,-0.6859701943165
"1612",1612,9433,"Manaslu","MANA","Manaslu Himal",8163,15,4,2008,"MANA08331",3,"NE Face",NA,NA,NA,TRUE,FALSE,FALSE,FALSE,"2008-09-21","2008-10-04",1115,13,19,"2008-10-10",1,8163,2,9,3,0,0,0,FALSE,TRUE,NA,28.55027771,84.5616684,0,0,101,NA,284,0,0,1,2000,13,19,"FALSE",272.347012138367,1.40140255090725,0,0,0,0,0.790111694933447,0.284355781277807,-0.133014941858147,-0.208247106680378,0.0220267240641505,69.5259969075521,3.19669380118181,1,0,0.05,0,0.556040032200901,-0.0406187231003249,-0.390423216227431,-0.467804952453591,0.508184816759657,0.674414154961769,0.0951694047006244,1,0,0.05,0,0.0777258736095855,-0.0894204081670951,0.1297124255516,0.0819691241625127,-0.373941447241805
"1613",1613,9434,"Manaslu","MANA","Manaslu Himal",8163,15,4,1979,"MANA79101",1,"E Ridge",NA,NA,NA,FALSE,FALSE,FALSE,FALSE,"1979-04-01","1979-05-01",NA,30,46,"1979-05-17",1,7500,4,6,0,0,4,0,FALSE,TRUE,NA,28.55027771,84.5616684,0,1,5,4,NA,0,NA,1,1970,30,46,"FALSE",268.035773973938,2.39717886759528,0,0,0,0,0.885258012124928,0.772832905805849,0.772630309593582,0.701651473118079,0.56769919813409,99.982421875,0,0,0,0,0,NA,NA,NA,NA,NA,0.684028357043307,0.0951367958585452,2,1,0.0425531914893617,0.0212765957446809,0.254315752452867,-0.05810358462126,-0.0148022082732998,0.0347200805876395,-0.35580619429531
"1615",1615,9436,"Manaslu","MANA","Manaslu Himal",8163,15,4,2021,"MANA21307",3,"NE Face",NA,NA,NA,FALSE,FALSE,FALSE,FALSE,"2021-09-07","2021-09-29",NA,22,24,"2021-10-01",1,8156,4,10,0,0,6,0,TRUE,FALSE,NA,28.55027771,84.5616684,0,0,NA,190,10,0,NA,1,2020,22,24,"FALSE",274.80476659139,0.921714982112873,0,0,0,0,0.586675519684227,0.155302446128536,0.0242975790036237,0.20861919208254,-0.438431947187749,72.6834407552083,9.35077088961536,0,0,0,0,0.726382781524975,0.268097165934905,-0.0234764719779309,-0.147958559077333,-0.314857009132434,0.569009830995311,0.146413971831668,7,1,0.28,0.04,0.172484670827272,-0.548113023340248,-0.440045261069151,0.287530258872908,0.114196460175085
"1616",1616,9440,"Manaslu","MANA","Manaslu Himal",8163,15,4,2008,"MANA08101",1,"NE Face",NA,NA,NA,FALSE,FALSE,FALSE,FALSE,"2008-04-11","2008-04-24",NA,13,22,"2008-05-03",8,6400,0,7,0,0,2,0,FALSE,TRUE,NA,28.55027771,84.5616684,1,0,NA,309,65,0,NA,0.789628756629346,2000,13,22,"FALSE",267.64480375207,1.35747304523236,0,0,0,0,0.852899413431414,0.749460614431147,0.690958653053232,0.498024516567275,-0.0149847030397146,99.982421875,0,0,0,0,0,NA,NA,NA,NA,NA,0.64127097928506,0.0695802900406028,1,0,0.0434782608695652,0,0.567901853736242,0.311651481564186,-0.0069648833214685,-0.277491306006623,-0.126518309455819
"1618",1618,9448,"Manaslu","MANA","Manaslu Himal",8163,15,4,1995,"MANA95101",1,"NE Face",NA,NA,NA,TRUE,FALSE,FALSE,FALSE,"1995-04-02","1995-05-07",1310,35,42,"1995-05-14",1,8163,3,11,3,2,0,0,FALSE,TRUE,"Petter frostbitten fingers; Thomas frostbitten toes; Bartok frostbitten (may lose toes and needed horse and helicopter to KTM); Kloss inflamed lungs; Bornschein broke rib in fall; Starke and Zunk fatal falls",28.55027771,84.5616684,0,0,186,35,NA,0.181818181818182,0.666666666666667,1,1990,35,42,"FALSE",266.846600850423,3.25206409090653,0,2,0,0.0465116279069767,0.944842610863786,0.876390401746628,0.814083740988278,0.682930309984991,0.75023983387247,99.982421875,0,0,0,0,0,NA,NA,NA,NA,NA,0.619981364560978,0.0886930990646928,5,1,0.116279069767442,0.0232558139534884,0.210676100638472,-0.157345996014009,-0.0259133448875465,-0.085789331019726,-0.178573963955986
"1619",1619,9455,"Manaslu","MANA","Manaslu Himal",8163,15,4,2016,"MANA16312",3,"NE Face",NA,NA,NA,TRUE,FALSE,FALSE,FALSE,"2016-09-10","2016-09-30",700,20,22,"2016-10-02",4,8163,4,7,1,0,2,2,TRUE,FALSE,NA,28.55027771,84.5616684,0,0,NA,283,41,0,0,0.972304065998821,2010,20,22,"FALSE",274.68023372042,1.15068327390294,0,2,0,0.0869565217391304,0.594009932921373,0.0934953518795554,-0.177928672465268,-0.350216786026955,0.285701871459157,74.9154990375906,11.7359759711013,0,0,0,0,0.634469816970268,0.168095373121269,-0.171533662427508,-0.401293236645736,0.542312051220922,0.546283606112374,0.11566732606748,7,0,0.304347826086957,0,0.210754365621873,0.299494548925177,-0.1974345092206,-0.20542952738517,0.617039363086647
"1620",1620,9456,"Manaslu","MANA","Manaslu Himal",8163,15,4,2018,"MANA18317",3,"NE Face",NA,NA,NA,TRUE,FALSE,FALSE,FALSE,"2018-09-10","2018-09-28",515,18,21,"2018-10-01",1,8163,4,3,3,0,3,3,TRUE,FALSE,"Radu slight frostbite at face and forehead and at big toe but not serious. Bethell slight frostbite at toes, not serious.",28.55027771,84.5616684,0,0,NA,282,10,0,0,1,2010,18,21,"FALSE",273.583699428674,1.18853007160152,0,1,0,0.0454545454545455,0.718756734970962,0.430683904349441,-0.0126710797669817,-0.415169503991791,-0.0480482016875049,75.7081483783144,13.313795722955,2,0,0.0909090909090909,0,0.796198743706665,0.657914653543654,0.463608849097537,0.0596566500801158,0.647054944808076,0.647850264561263,0.121899817965343,3,0,0.136363636363636,0,0.659078674594585,0.447138591627815,0.130098365428817,0.0252127152607564,0.535718259745414
"1621",1621,9457,"Manaslu","MANA","Manaslu Himal",8163,15,4,2021,"MANA21321",3,"NE Face",NA,NA,NA,FALSE,FALSE,FALSE,FALSE,"2021-09-09","2021-09-30",NA,21,23,"2021-10-02",8,8156,4,5,0,0,5,0,TRUE,FALSE,NA,28.55027771,84.5616684,0,0,NA,252,41,0,NA,0.989982321744255,2020,21,23,"FALSE",274.626196278466,0.896132098366504,0,0,0,0,0.449148913159493,0.00898965471948529,-0.0924304212970358,0.0333128956665382,-0.131369030395773,72.9465026855469,9.47140074664301,0,0,0,0,0.726759861154457,0.273013200734916,-0.0314874622588328,-0.180683183041656,-0.239740632473694,0.554199229554278,0.138637217336924,7,1,0.291666666666667,0.0416666666666667,0.17440611832241,-0.498855334437087,-0.461070263968254,0.217780870742543,0.0290793729788649
"1622",1622,9465,"Manaslu","MANA","Manaslu Himal",8163,15,4,1990,"MANA90103",1,"NE Face",NA,NA,NA,FALSE,FALSE,FALSE,FALSE,"1990-04-23","1990-05-02",NA,9,12,"1990-05-05",1,5600,1,6,0,0,4,0,FALSE,TRUE,"None",28.55027771,84.5616684,1,1,36,NA,125,0,NA,1,1990,9,12,"FALSE",267.563971397204,0.797885962051961,0,0,0,0,0.58607268129614,-0.0299549684141894,-0.578399737240919,-0.65868793992355,0.301373060492687,99.982421875,0,0,0,0,0,NA,NA,NA,NA,NA,0.649443221485414,0.111614520572534,1,0,0.0769230769230769,0,0.501344995107511,-0.307993573357041,-0.515693041767488,-0.174259061310487,-0.685049865751781
"1623",1623,9474,"Manaslu","MANA","Manaslu Himal",8163,15,4,2013,"MANA13320",3,"NE Face",NA,NA,NA,FALSE,FALSE,FALSE,FALSE,"2013-09-13","2013-10-02",NA,19,23,"2013-10-06",1,7450,4,2,0,0,0,0,FALSE,TRUE,NA,28.55027771,84.5616684,1,0,41,NA,161,0,NA,1,2010,19,23,"FALSE",274.497757381863,0.853653853389513,0,0,0,0,0.72476340600255,0.412833974549343,0.313277681130144,-0.0541703860488482,-0.73850681244255,68.0447658962674,2.2157039965444,0,0,0,0,0.871871900285537,0.729639822917471,0.702065960151449,0.531704487881027,0.16450123857345,0.645442128708616,0.0880913794809274,2,0,0.0833333333333333,0,-0.0550900206327734,-0.154039086796735,0.24886705681306,0.0336255119059964,-0.133322116316292
"1624",1624,9475,"Manaslu","MANA","Manaslu Himal",8163,15,4,2013,"MANA13319",3,"NE Face",NA,NA,NA,FALSE,FALSE,FALSE,FALSE,"2013-09-14","2013-10-09",NA,25,27,"2013-10-11",1,7200,3,8,0,0,4,0,TRUE,FALSE,NA,28.55027771,84.5616684,0,0,253,NA,314,0,NA,1,2010,25,27,"FALSE",274.38573596591,0.905871164745878,0,0,0,0,0.718500673947108,0.363656523115356,0.27486642896057,0.0595439607954556,-0.421511153935912,68.1964227585566,2.23244937615299,0,0,0,0,0.673903372497079,0.388517366114486,0.267132089488596,0.247392999648552,0.131048193189693,0.647023899385104,0.107791966866016,3,1,0.107142857142857,0.0357142857142857,0.123809361556107,-0.386409685535292,-0.183321354662714,0.0854587097944485,-0.265887233836054
"1625",1625,9481,"Manaslu","MANA","Manaslu Himal",8163,15,4,2014,"MANA14324",3,"NE Face",NA,NA,NA,TRUE,FALSE,FALSE,FALSE,"2014-09-11","2014-10-01",1109,20,23,"2014-10-04",1,8163,3,4,1,0,0,0,FALSE,TRUE,NA,28.55027771,84.5616684,0,0,10,313,100,0,0,1,2010,20,23,"FALSE",273.680837525262,2.04989770545883,0,1,0,0.0416666666666667,0.920881166311453,0.819571113880773,0.719386333273181,0.576476200334623,-0.126512573779015,68.2908935546875,1.86832453624784,1,0,0.0416666666666667,0,0.578053509065695,0.12353345670249,-0.0416059363308735,0.516170839297519,0.0283123447452485,0.696038305036599,0.0731991045827093,0,0,0,0,-0.0210690619762656,-0.281658638259556,0.104492300675612,-0.103277914702833,0.193389056779694
"1626",1626,9485,"Manaslu","MANA","Manaslu Himal",8163,15,4,1999,"MANA99101",1,"NE Face",NA,NA,NA,TRUE,FALSE,FALSE,FALSE,"1999-04-05","1999-05-07",1240,32,35,"1999-05-10",1,8163,3,7,4,0,0,0,FALSE,TRUE,"Eriksson 2 frostbitten thumbs; Burgess unconscious on walk-out",28.55027771,84.5616684,0,0,186,124,278,0,0,1,1990,32,35,"FALSE",269.62380861353,2.5893459135456,0,2,0,0.0555555555555556,0.915787036411857,0.804618682860074,0.694850721355157,0.44960884188742,0.735770743113154,91.877757884838,13.0796967444865,5,0,0.138888888888889,0,0.977566387747508,0.933160529974431,0.874418826492764,0.704527442480511,0.204818469356611,0.732999283650612,0.0921728856146964,0,2,0,0.0555555555555556,0.37721620182492,-0.0119179501347093,0.0288272541928007,-0.616392981371522,0.170160859626555
"1628",1628,9495,"Manaslu","MANA","Manaslu Himal",8163,15,4,2008,"MANA08325",3,"NE Face",NA,NA,NA,FALSE,FALSE,FALSE,FALSE,"2008-09-04","2008-10-02",NA,28,29,"2008-10-03",1,7200,2,2,0,0,1,0,FALSE,TRUE,NA,28.55027771,84.5616684,1,0,41,100,70,0,NA,1,2000,28,29,"FALSE",273.886988788181,1.23823537864547,0,0,0,0,0.866488854695309,0.685613335490832,0.634066368887311,0.627585924821605,0.00736854691385659,68.4869466145833,3.38376530796965,1,0,0.0333333333333333,0,0.550688883308191,0.0900165941975894,-0.119344784853131,-0.173122860532934,0.511967464298985,0.681398838746369,0.107242160590463,1,1,0.0333333333333333,0.0333333333333333,0.0461108209747958,-0.238623011075417,0.0189639389945148,0.0585578293782358,-0.444672665411474
"1629",1629,9497,"Manaslu","MANA","Manaslu Himal",8163,15,4,2016,"MANA16315",3,"NE Face",NA,NA,NA,TRUE,FALSE,FALSE,FALSE,"2016-09-11","2016-10-01",930,20,22,"2016-10-03",4,8163,4,2,1,0,0,0,FALSE,TRUE,NA,28.55027771,84.5616684,0,0,10,314,70,0,0,0.919269298762522,2010,20,22,"FALSE",274.587075496065,1.03338795739192,0,1,0,0.0434782608695652,0.640686622112587,0.204517506630874,-0.102410028740887,-0.41388296497321,-0.0237761709548771,74.9227878736413,11.730526983406,0,0,0,0,0.715180622080837,0.304725213864196,-0.0627119704017967,-0.371476775588055,0.518119332850651,0.549230377885173,0.115822109327391,7,0,0.304347826086957,0,0.210413892791417,0.288248998234094,-0.209689129241343,-0.181497730401008,0.61179270269648
"1630",1630,9498,"Manaslu","MANA","Manaslu Himal",8163,15,4,2016,"MANA16313",3,"NE Face",NA,NA,NA,FALSE,FALSE,FALSE,FALSE,"2016-09-16","2016-10-01",943,15,18,"2016-10-04",0,8125,3,5,0,0,5,0,TRUE,FALSE,NA,28.55027771,84.5616684,0,0,10,NA,101,0,NA,0,2010,15,18,"FALSE",274.693904943633,1.11599477492318,0,1,0,0.0526315789473684,0.652054168067578,0.218371689362223,-0.0284215069357689,-0.492228642356145,-0.40608298587134,71.2219580934759,9.39839684462282,0,0,0,0,0.604996836278263,0.180404333700725,-0.0733181743335155,-0.279222454306087,-0.494485377476485,0.568435935510325,0.1124531369704,4,0,0.210526315789474,0,0.104525785811431,0.259267105448692,-0.252995374156932,-0.227630245186246,0.313220090186363
"1631",1631,9501,"Manaslu","MANA","Manaslu Himal",8163,15,4,2010,"MANA10112",1,"NE Face",NA,NA,NA,FALSE,FALSE,FALSE,FALSE,"2010-04-19","2010-05-01",NA,12,21,"2010-05-10",8,6400,0,2,0,0,1,0,FALSE,TRUE,NA,28.55027771,84.5616684,1,0,5,NA,278,0,NA,0.978196817913966,2010,12,21,"FALSE",271.025727243134,1.39012210762755,0,1,0,0.0454545454545455,0.774654341308894,0.466974894829034,0.252955858581777,-0.171353697456103,0.0751144743618526,71.2784386837121,2.96879677091422,6,0,0.272727272727273,0,0.677337498059098,0.203349577799229,-0.116246080872305,-0.627194569693028,0.65269648027237,0.6853402855068,0.0929449384455976,1,0,0.0454545454545455,0,0.308319995059978,-0.105793875543956,-0.115585320880834,-0.0703682769223532,-0.318023521364394
"1632",1632,9503,"Manaslu","MANA","Manaslu Himal",8163,15,4,2010,"MANA10321",3,"NE Face",NA,NA,NA,FALSE,FALSE,FALSE,FALSE,"2010-09-10","2010-09-29",NA,19,21,"2010-10-01",4,7400,3,1,0,0,1,0,FALSE,TRUE,NA,28.55027771,84.5616684,1,0,NA,282,10,0,NA,0.9428403064231,2010,19,21,"FALSE",274.467157479488,1.40408074301973,0,1,0,0.0454545454545455,0.853572087216981,0.636586510750525,0.3855013765464,-0.0513495051102727,0.703241300277604,70.4914883700284,6.43890822725795,2,0,0.0909090909090909,0,0.546842128431282,0.186158439923867,0.0482901460623845,-0.0896240423483407,-0.299079871993816,0.624757803375294,0.115125241506969,2,0,0.0909090909090909,0,0.357463978388963,0.162220531633687,-0.0280174780328868,0.08134644925894,-0.642098566243215
"1633",1633,9505,"Manaslu","MANA","Manaslu Himal",8163,15,4,2013,"MANA13306",3,"NE Face",NA,NA,NA,FALSE,FALSE,FALSE,FALSE,"2013-09-14","2013-10-02",NA,18,21,"2013-10-05",1,7400,4,1,0,0,1,0,TRUE,FALSE,NA,28.55027771,84.5616684,1,0,41,NA,130,0,NA,1,2010,18,21,"FALSE",274.512428052498,0.891613911789631,0,0,0,0,0.74194217674024,0.412448158708342,0.305148285122597,-0.0653681419445161,-0.794818303222357,67.8006110913826,1.79945862905099,0,0,0,0,0.822927887569176,0.647478937606224,0.448456174957137,0.501337690230621,-0.421472212248099,0.638236274927224,0.0885459789465658,2,0,0.0909090909090909,0,-0.0495109788543681,-0.170359051642606,0.286768038971615,-0.000371022636665756,0.00184562108875155
"1634",1634,9508,"Manaslu","MANA","Manaslu Himal",8163,15,4,2003,"MANA03104",1,"NE Face",NA,NA,NA,FALSE,FALSE,FALSE,FALSE,"2003-04-12","2003-04-26",NA,14,28,"2003-05-10",1,6920,3,7,0,0,3,0,FALSE,TRUE,NA,28.55027771,84.5616684,1,0,NA,338,278,0,NA,1,2000,14,28,"FALSE",266.946495319235,1.6106977348935,0,0,0,0,0.817939788812303,0.494829019345243,0.197734791601805,-0.0858774682885027,-0.257862990736911,99.982421875,0,0,0,0,0,NA,NA,NA,NA,NA,0.684490199249839,0.110015461454612,1,2,0.0344827586206897,0.0689655172413793,0.490629018546312,-0.00526727391012082,-0.179408193345487,-0.121813446782593,0.150534042008616
"1635",1635,9511,"Manaslu","MANA","Manaslu Himal",8163,15,4,2007,"MANA07302",3,"NE Face",NA,NA,NA,FALSE,FALSE,FALSE,FALSE,"2007-09-13","2007-10-04",815,21,25,"2007-10-08",4,7360,1,4,0,0,0,0,FALSE,TRUE,NA,28.55027771,84.5616684,1,0,100,NA,222,0,NA,0.951679434295816,2000,21,25,"FALSE",273.354401612893,1.93260606077391,0,0,0,0,0.935598962704106,0.84203945775809,0.754296018489154,0.5984118236102,0.241601830675596,81.3326760316506,15.5355243520021,0,0,0,0,0.898693851605738,0.729417350127492,0.542517773376453,0.248174764999069,-0.620871656933089,0.553029098974036,0.147380143237307,8,0,0.307692307692308,0,0.533521297507804,0.0935393880768917,-0.0953475277738168,-0.410793801397514,-0.00503726173222439
"1636",1636,9515,"Manaslu","MANA","Manaslu Himal",8163,15,4,1987,"MANA87101",1,"NE Face",NA,NA,NA,FALSE,FALSE,FALSE,FALSE,"1987-04-03","1987-04-08",NA,5,22,"1987-04-25",7,5600,2,2,0,0,2,0,FALSE,TRUE,"Slight frostbite in toes by both members",28.55027771,84.5616684,1,0,216,63,NA,0,NA,0.99469652327637,1980,5,22,"FALSE",265.634747712508,1.86381658049154,0,0,0,0,0.797506826996347,0.473673192960396,0.25637489367395,-0.164927287480575,-0.709420508921076,99.982421875,0,0,0,0,0,NA,NA,NA,NA,NA,0.703055138420101,0.10002349593473,0,4,0,0.173913043478261,0.257063298993293,0.0372146558818325,0.0169641180753917,-0.193276201391177,-0.017170032096495
"1637",1637,9518,"Manaslu","MANA","Manaslu Himal",8163,15,4,2006,"MANA06102",1,"NE Face",NA,NA,NA,TRUE,FALSE,FALSE,FALSE,"2006-04-07","2006-04-29",1115,22,24,"2006-05-01",1,8163,2,2,1,0,0,0,FALSE,TRUE,"Nothing",28.55027771,84.5616684,0,0,NA,185,5,0,0,1,2000,22,24,"FALSE",265.910181096395,2.12972010176784,0,0,0,0,0.833471695874942,0.618932965741975,0.495854619580403,0.00597547834002624,-0.740681679927829,99.982421875,0,0,0,0,0,NA,NA,NA,NA,NA,0.654290406250159,0.0966190545412554,1,0,0.04,0,0.493461813995556,0.0128997482817051,-0.0976162057521718,0.0141404812727986,-0.291194444647834
"1638",1638,9522,"Manaslu","MANA","Manaslu Himal",8163,15,4,2013,"MANA13318",3,"NE Face",NA,NA,NA,FALSE,FALSE,FALSE,FALSE,"2013-09-14","2013-10-02",NA,18,21,"2013-10-05",4,7450,4,2,0,0,2,0,FALSE,TRUE,NA,28.55027771,84.5616684,1,0,41,NA,130,0,NA,0.966411314083677,2010,18,21,"FALSE",274.512428052498,0.891613911789631,0,0,0,0,0.74194217674024,0.412448158708342,0.305148285122597,-0.0653681419445161,-0.794818303222357,67.8006110913826,1.79945862905099,0,0,0,0,0.822927887569176,0.647478937606224,0.448456174957137,0.501337690230621,-0.421472212248099,0.638236274927224,0.0885459789465658,2,0,0.0909090909090909,0,-0.0495109788543681,-0.170359051642606,0.286768038971615,-0.000371022636665756,0.00184562108875155
"1639",1639,9530,"Manaslu","MANA","Manaslu Himal",8163,15,4,2016,"MANA16301",3,"NE Face",NA,NA,NA,FALSE,FALSE,FALSE,FALSE,"2016-09-02","2016-10-01",725,29,32,"2016-10-04",4,8125,4,7,0,0,7,0,TRUE,FALSE,NA,28.55027771,84.5616684,0,0,10,40,101,0,NA,0.866234531526223,2010,29,32,"FALSE",275.277966123639,1.41413689007685,0,10,0,0.303030303030303,0.809499371723245,0.532243856677297,0.32989408542268,0.111140378208416,0.236385516968689,72.9523506549874,10.352594314212,0,0,0,0,0.656910535758009,0.205408021640127,-0.136265977125283,-0.367147840219938,0.336514869072133,0.565840060628539,0.117360380286642,9,0,0.272727272727273,0,0.109063229627843,0.0703100825793605,-0.171991116132653,-0.101447436838891,0.203974585385313
"1640",1640,9535,"Manaslu","MANA","Manaslu Himal",8163,15,4,2011,"MANA11301",3,"NE Face",NA,NA,NA,TRUE,FALSE,FALSE,FALSE,"2011-09-15","2011-10-05",705,20,22,"2011-10-07",8,8163,3,7,4,0,4,2,TRUE,FALSE,"Oiarzabal blindness, cerebral edema",28.55027771,84.5616684,0,0,130,NA,191,0,0,0.84855627578079,2010,20,22,"FALSE",273.686791572018,1.71732771494801,0,0,0,0,0.962672886590557,0.924928849129851,0.892024450702749,0.811318210022126,0.529132615167975,67.9479449728261,2.23396829968734,0,0,0,0,0.651522937218259,0.108316806199311,-0.137986584006524,-0.209268231154962,-0.382140456741288,0.653487964780259,0.0725915539989475,1,0,0.0434782608695652,0,0.268025631076114,-0.182933316948243,0.020825785194937,-0.101735285480583,0.156188671129458
"1641",1641,9539,"Manaslu","MANA","Manaslu Himal",8163,15,4,2012,"MANA12348",3,"NE Face",NA,NA,NA,TRUE,FALSE,FALSE,FALSE,"2012-09-10","2012-10-01",800,21,23,"2012-10-03",1,8163,4,13,7,0,10,8,TRUE,FALSE,NA,28.55027771,84.5616684,0,0,10,283,70,0,0,1,2010,21,23,"FALSE",274.150656912062,1.61115162024685,0,3,0,0.125,0.874215089769615,0.748736547569123,0.627843682004328,0.195951719733073,-0.285215298300057,75.7191975911458,13.5167841606383,4,0,0.166666666666667,0,0.83424471886397,0.629374986105943,0.447822442868006,-0.119169661175051,-0.533497700056197,0.565766747867035,0.147880471937881,5,0,0.208333333333333,0,0.721360474642172,0.505560756504017,0.356337534532749,0.329892340644874,-0.468989106068113
"1642",1642,9541,"Manaslu","MANA","Manaslu Himal",8163,15,4,2016,"MANA16319",3,"NE Face",NA,NA,NA,TRUE,FALSE,FALSE,FALSE,"2016-09-10","2016-09-30",900,20,23,"2016-10-03",4,8163,3,4,1,0,3,0,TRUE,FALSE,NA,28.55027771,84.5616684,0,0,NA,283,70,0,0,0.895698291101945,2010,20,23,"FALSE",274.688454522027,1.12611083248884,0,2,0,0.0833333333333333,0.593032735015991,0.108442052308211,-0.160785751496166,-0.352070136454309,0.204500692767638,74.5695529513889,11.6024576543264,0,0,0,0,0.64317384785147,0.189158169393213,-0.142516575683116,-0.364383140679774,0.529924745603878,0.547999296940312,0.11343669590313,7,0,0.291666666666667,0,0.212145572830068,0.29164517894459,-0.19839991912409,-0.180334184086823,0.613292927798108
"1643",1643,9542,"Manaslu","MANA","Manaslu Himal",8163,15,4,1974,"MANA74101",1,"E Ridge (to 6000m)","NE Face",NA,NA,FALSE,TRUE,FALSE,FALSE,"1974-03-03","1974-05-04",1730,62,71,"1974-05-13",9,8163,5,12,3,1,15,1,TRUE,FALSE,"Teiko Suzuki disappeared (fell?) near C5",28.55027771,84.5616684,0,0,95,62,NA,0.0833333333333333,0.333333333333333,0.860341779611078,1970,62,71,"FALSE",266.842008537716,2.8124850567988,0,0,0,0,0.939104387514674,0.892532471148462,0.859658890731322,0.759572922987343,0.589633855731123,99.982421875,0,0,0,0,0,NA,NA,NA,NA,NA,0.696414176860076,0.135579950609872,1,5,0.0138888888888889,0.0694444444444444,0.500084047409578,0.166195276775257,-0.00927416655600406,0.005332545076767,-0.0885734681454605
"1644",1644,9545,"Manaslu","MANA","Manaslu Himal",8163,15,4,2013,"MANA13303",3,"NE Face",NA,NA,NA,TRUE,FALSE,FALSE,FALSE,"2013-09-13","2013-10-02",900,19,22,"2013-10-05",4,8163,4,7,7,0,6,6,TRUE,FALSE,NA,28.55027771,84.5616684,0,0,41,NA,130,0,0,0.966411314083677,2010,19,22,"FALSE",274.501797883407,0.872604798917139,0,0,0,0,0.731525315761054,0.417396821489752,0.319866269960186,-0.065767208794501,-0.79763050281133,67.7619275079257,1.76784752071929,0,0,0,0,0.824698870135464,0.650454393979369,0.452559871473492,0.49400324122091,-0.440877022511329,0.642340777961073,0.0887214108595719,2,0,0.0869565217391304,0,0.00922450212135152,-0.13350048862254,0.310067529254485,0.0836473942582193,0.0309534636758926
"1645",1645,9556,"Manaslu","MANA","Manaslu Himal",8163,15,4,2014,"MANA14304",3,"NE Face",NA,NA,NA,TRUE,FALSE,FALSE,FALSE,"2014-09-10","2014-09-30",615,20,23,"2014-10-03",1,8163,4,6,2,0,4,2,TRUE,FALSE,NA,28.55027771,84.5616684,0,0,NA,282,69,0,0,1,2010,20,23,"FALSE",273.833647939894,2.09863478990044,0,1,0,0.0416666666666667,0.931075354099446,0.838155182867648,0.74852685796947,0.642475672799977,0.033666472673424,68.2357788085938,1.90787381947129,1,0,0.0416666666666667,0,0.62256360227891,0.213774779577729,0.0166926107258044,0.567140908609382,-0.0335050820826102,0.701299577939566,0.0763353738469649,0,0,0,0,0.0113024748231258,-0.199059636248781,0.151429796669859,-0.0787612723927548,0.107540664224107
"1646",1646,9557,"Manaslu","MANA","Manaslu Himal",8163,15,4,2014,"MANA14321",3,"NE Face",NA,NA,NA,TRUE,FALSE,FALSE,FALSE,"2014-09-12","2014-10-01",1000,19,19,"2014-10-01",5,8163,0,5,2,0,1,1,FALSE,TRUE,NA,28.55027771,84.5616684,0,0,10,343,NA,0,0,0.824985268120212,2010,19,19,"FALSE",273.866219584147,2.02389768509551,0,1,0,0.05,0.916685239817449,0.810856485146076,0.70968934023209,0.564681423290309,-0.432256579463366,68.0882853190104,1.7258939804752,1,0,0.05,0,0.468768131427746,-0.0779450839081813,-0.219673036914998,0.565878879434248,0.183249362983202,0.698688660967697,0.0778336845000809,0,0,0,0,-0.0808429303681973,-0.343632228166011,0.0883856167547315,-0.15718139943114,0.265609216870798
"1647",1647,9559,"Manaslu","MANA","Manaslu Himal",8163,15,4,2021,"MANA21305",3,"NE Face",NA,NA,NA,FALSE,FALSE,FALSE,FALSE,"2021-09-08","2021-09-30",645,22,24,"2021-10-02",1,8156,4,6,0,0,5,0,TRUE,FALSE,NA,28.55027771,84.5616684,0,0,NA,221,41,0,NA,1,2020,22,24,"FALSE",274.678071848551,0.914805485486511,0,0,0,0,0.492392260869652,0.0532970694422783,-0.0171844532466928,0.0878621976867755,-0.145716760915961,72.81939453125,9.29373630488563,0,0,0,0,0.72466977714107,0.274798596430513,-0.0221326444158691,-0.162489445101719,-0.254224333492504,0.558385083131672,0.137322494032313,7,1,0.28,0.04,0.129829735242944,-0.507484077666868,-0.428409654044932,0.249681816320786,0.125100935892761
"1648",1648,9561,"Manaslu","MANA","Manaslu Himal",8163,15,4,2006,"MANA06302",3,"NE Face",NA,NA,NA,TRUE,FALSE,FALSE,FALSE,"2006-09-09","2006-09-30",1200,21,26,"2006-10-05",4,8163,3,1,1,0,0,0,FALSE,TRUE,NA,28.55027771,84.5616684,0,0,NA,252,130,0,0,0.954625810253388,2000,21,26,"FALSE",273.777430357756,1.44664915153444,0,1,0,0.037037037037037,0.770372202261301,0.391042173541315,-0.0589891367489458,-0.404264871361671,0.47312455074313,73.2479202835648,10.6623348358098,2,0,0.0740740740740741,0,0.728454756291939,0.300535826001717,-0.113008875918754,-0.417473919639429,0.637494553647353,0.630243030790464,0.117001002636148,4,0,0.148148148148148,0,0.148334676823876,0.173340134407942,0.368820907119445,-0.0906558460255173,-0.450483209136626
"1649",1649,9564,"Manaslu","MANA","Manaslu Himal",8163,15,4,2016,"MANA16102",1,"NE Face",NA,NA,NA,FALSE,FALSE,FALSE,FALSE,"2016-04-15","2016-05-09",830,24,27,"2016-05-12",4,8125,4,21,0,0,6,0,TRUE,FALSE,NA,28.55027771,84.5616684,0,0,249,NA,340,0,NA,0.830878020035356,2010,24,27,"FALSE",268.663431213016,1.28335625196447,0,0,0,0,0.71054794992283,0.466156661448388,0.410907226685324,0.204464007127162,-0.643682415880908,73.1717529296875,5.30451669112061,6,0,0.214285714285714,0,0.613980654169085,0.411503486784582,0.24420791196685,0.0649644763965815,-0.330462440368175,0.663095016467896,0.0799849825633383,0,0,0,0,0.28154936652918,-0.0523196010384575,-0.038789238703718,-0.121945861464564,-0.00498643682209395
"1650",1650,9568,"Manaslu","MANA","Manaslu Himal",8163,15,4,2010,"MANA10106",1,"NE Face",NA,NA,NA,FALSE,FALSE,FALSE,FALSE,"2010-04-08","2010-05-01",NA,23,36,"2010-05-14",5,7500,4,2,0,0,2,0,FALSE,TRUE,NA,28.55027771,84.5616684,1,0,5,216,NA,0,NA,0.807307012374779,2010,23,36,"FALSE",270.807427105603,1.38221546725531,0,3,0,0.0810810810810811,0.729511435793982,0.429175798163327,0.196484033960732,-0.28980944554788,-0.138140526284698,72.9176234339809,5.11969883870093,9,0,0.243243243243243,0,0.673448848042338,0.177652206613132,-0.0150145413567082,0.0655560798774551,-0.172690074481997,0.707674832447982,0.08713417153408,1,0,0.027027027027027,0,0.334767779266396,-0.0320047385805027,0.0348934176872744,-0.0184836824141423,-0.153707602386367
"1651",1651,9569,"Manaslu","MANA","Manaslu Himal",8163,15,4,1985,"MANA85101",1,"E Ridge-NE Face",NA,NA,NA,TRUE,FALSE,FALSE,FALSE,"1985-04-07","1985-05-01",1500,24,31,"1985-05-08",5,8163,3,7,1,1,3,1,FALSE,TRUE,"Studer slight frostbite in feet on summit push; 4 members left BC to camps due to much snowfall; Juen at 500m above C3 slipped in vertical icefall starting avalanche that swept him away",28.55027771,84.5616684,1,0,5,185,217,0.142857142857143,1,0.824985268120212,1980,24,31,"FALSE",268.170881430308,1.53483008708767,0,0,0,0,0.613524291922135,0.149103759890035,-0.039136344055119,-0.469557225670381,0.433692871210841,90.5748621622721,11.3633134740714,1,0,0.03125,0,0.941716029012734,0.841459266136624,0.752097774911551,0.546284123444115,0.263433114568882,0.73250352207004,0.0954534080541234,0,2,0,0.0625,0.300939501265322,-0.0883612259498204,-0.275580357846856,-0.161997904974224,0.44500158317444
"1652",1652,9573,"Manaslu","MANA","Manaslu Himal",8163,15,4,1997,"MANA97308",3,"NE Face",NA,NA,NA,FALSE,FALSE,FALSE,FALSE,"1997-09-22","1997-10-05",NA,13,20,"1997-10-12",4,6900,3,11,0,0,3,0,TRUE,FALSE,"Hoebenreich altitude sickness and left BC by chopper 4 Oct",28.55027771,84.5616684,1,0,130,NA,344,0,NA,0.84855627578079,1990,13,20,"FALSE",268.637782687233,3.25564705836038,0,0,0,0,0.955692404302381,0.874717883699415,0.739149326763764,0.420940262511252,-0.324919196957564,72.759269593254,4.98537029192879,0,0,0,0,0.866464779729637,0.584322592779765,0.261464444696973,-0.155628652233394,-0.535734278795507,0.716548774252493,0.0644615028504357,0,0,0,0,0.433491101980313,0.0246089824267165,-0.173475137866613,-0.231919819060217,0.111926682080219
"1653",1653,9574,"Manaslu","MANA","Manaslu Himal",8163,15,4,2006,"MANA06111",1,"NE Face","NNE Face (variation)",NA,NA,TRUE,TRUE,FALSE,FALSE,"2006-04-07","2006-04-25",1145,18,34,"2006-05-11",1,8163,0,2,2,0,0,0,FALSE,TRUE,NA,28.55027771,84.5616684,0,0,NA,185,309,0,0,1,2000,18,34,"FALSE",266.9897610074,2.57195973436416,0,0,0,0,0.909323415558192,0.793942115253639,0.717737137449899,0.559554398921455,0.154114730420547,99.982421875,0,0,0,0,0,NA,NA,NA,NA,NA,0.651091574007388,0.0972727329735536,2,0,0.0571428571428571,0,0.548428012562585,0.0615568209078414,-0.209830138474112,-0.235334251528853,-0.0559683296826696
"1654",1654,9581,"Manaslu","MANA","Manaslu Himal",8163,15,4,2012,"MANA12344",3,"NE Face",NA,NA,NA,TRUE,FALSE,FALSE,FALSE,"2012-09-11","2012-09-30",1130,19,24,"2012-10-05",1,8163,3,8,1,0,2,0,FALSE,TRUE,NA,28.55027771,84.5616684,0,0,NA,314,131,0,0,1,2010,19,24,"FALSE",273.77043548584,1.69919494471236,0,2,0,0.08,0.834944903294988,0.562825879459755,0.34772867593487,-0.0126150518677235,0.147944741761684,75.520224609375,13.2600715356875,4,0,0.16,0,0.835282909325257,0.633592824636516,0.48797008456831,-0.0807621443693606,-0.490398392463012,0.577669309434159,0.153208884227406,5,0,0.2,0,0.753687403960576,0.552092645829549,0.468369782306421,0.410791925296263,-0.0884684932246387
"1655",1655,9584,"Manaslu","MANA","Manaslu Himal",8163,15,4,2017,"MANA17309",3,"NE Face",NA,NA,NA,TRUE,FALSE,FALSE,FALSE,"2017-09-11","2017-10-04",530,23,25,"2017-10-06",4,8163,4,5,4,0,5,5,TRUE,FALSE,NA,28.55027771,84.5616684,0,0,100,313,161,0,0,0.978196817913966,2010,23,25,"FALSE",275.45504574898,0.774653422513442,0,3,0,0.115384615384615,0.780641028575879,0.542388108425826,0.419927526832097,0.258644907952084,0.750405313219774,66.9257655999599,1.80404104951327,4,0,0.153846153846154,0,0.635184289415756,0.123554961721373,-0.139446544929108,-0.209079998610377,-0.169306925842118,0.694785967385299,0.0586878699544891,0,0,0,0,0.375760347836161,-0.015575821734217,-0.232524304276869,-0.0455039202993822,-0.162620125759049
"1656",1656,9589,"Manaslu","MANA","Manaslu Himal",8163,15,4,2012,"MANA12335",3,"NE Face",NA,NA,NA,TRUE,FALSE,FALSE,FALSE,"2012-09-10","2012-10-01",1000,21,23,"2012-10-03",4,8163,3,5,5,0,3,3,TRUE,FALSE,NA,28.55027771,84.5616684,0,0,10,283,70,0,0,0.931054802592811,2010,21,23,"FALSE",274.150656912062,1.61115162024685,0,3,0,0.125,0.874215089769615,0.748736547569123,0.627843682004328,0.195951719733073,-0.285215298300057,75.7191975911458,13.5167841606383,4,0,0.166666666666667,0,0.83424471886397,0.629374986105943,0.447822442868006,-0.119169661175051,-0.533497700056197,0.565766747867035,0.147880471937881,5,0,0.208333333333333,0,0.721360474642172,0.505560756504017,0.356337534532749,0.329892340644874,-0.468989106068113
"1657",1657,9591,"Manaslu","MANA","Manaslu Himal",8163,15,4,2009,"MANA09307",3,"NE Face",NA,NA,NA,TRUE,FALSE,FALSE,FALSE,"2009-09-11","2009-09-27",1030,16,20,"2009-10-01",1,8163,4,6,2,0,3,1,TRUE,FALSE,NA,28.55027771,84.5616684,0,0,NA,313,10,0,0,1,2000,16,20,"FALSE",274.839531731984,0.341460753063063,0,0,0,0,0.555537639392088,0.139163284760966,-0.00443493264905662,-0.318390229714779,-0.65303959291523,66.4485212053571,0.424001925155358,4,0,0.19047619047619,0,0.657132941572064,0.0288114677303159,-0.393000766410798,-0.479738118951596,0.623238125622715,0.656315184025979,0.0852519065664927,1,0,0.0476190476190476,0,0.236072997302981,-0.0356164477511506,0.458895872126,-0.151111527707959,-0.0341017593872761
"1658",1658,9592,"Manaslu","MANA","Manaslu Himal",8163,15,4,2006,"MANA06307",3,"NE Face",NA,NA,NA,TRUE,FALSE,FALSE,FALSE,"2006-10-15","2006-11-05",1024,21,24,"2006-11-08",1,8163,3,2,1,0,2,2,TRUE,FALSE,NA,28.55027771,84.5616684,0,0,131,NA,223,0,0,1,2000,21,24,"FALSE",265.791044896444,1.62867031289268,0,0,0,0,0.775890538908696,0.5020045089483,0.43641394007397,-0.0118209022741102,-0.651013480292355,72.8598111979167,5.68588654010742,0,0,0,0,0.92687562534024,0.733675236105297,0.46896803825953,-0.0828654657094195,-0.670307071535444,0.70340263728927,0.0836856656257493,0,0,0,0,0.551874649819969,0.125016643888596,0.119388063046173,-0.181989384685042,-0.585821086437971
"1659",1659,9596,"Manaslu","MANA","Manaslu Himal",8163,15,4,2010,"MANA10320",3,"NE Face",NA,NA,NA,FALSE,FALSE,FALSE,FALSE,"2010-09-21","2010-10-01",NA,10,12,"2010-10-03",8,7000,2,1,0,0,1,0,FALSE,TRUE,NA,28.55027771,84.5616684,1,0,10,NA,69,0,NA,0.966411314083677,2010,10,12,"FALSE",273.493244660206,1.31208257704657,0,0,0,0,0.849653435371869,0.390228636209349,-0.26499219908868,-0.824495002467227,0.99475686264042,67.0555326021635,1.23181867721118,2,0,0.153846153846154,0,0.529249905298784,0.0813009545850639,-0.17623806632603,-0.68996294440116,0.436099176066117,0.666752650616988,0.0751294564505892,0,0,0,0,0.488545218550187,0.340125315188948,-0.342043121972596,-0.515147056149776,-0.475198114659527
"1660",1660,9597,"Manaslu","MANA","Manaslu Himal",8163,15,4,2011,"MANA11320",3,"NE Face",NA,NA,NA,TRUE,FALSE,FALSE,FALSE,"2011-09-05","2011-10-04",1150,29,31,"2011-10-06",1,8163,4,2,2,0,2,2,FALSE,TRUE,NA,28.55027771,84.5616684,0,0,100,129,161,0,0,1,2010,29,31,"FALSE",274.724802096685,2.01440083906235,0,9,0,0.28125,0.97348363228033,0.946037086517011,0.930734531213761,0.889756075689545,0.81129602880603,67.6120478312175,1.97741179761773,0,0,0,0,0.67176282177397,0.17065452262842,-0.026219678282081,-0.0585329587112728,-0.201693140102884,0.651005665761542,0.0898453546466941,3,0,0.09375,0,0.158269146147281,-0.429696573300755,-0.336746477590725,0.417642593624944,0.296681238455953
"1661",1661,9599,"Manaslu","MANA","Manaslu Himal",8163,15,4,1991,"MANA91301",3,"NE Face",NA,NA,NA,FALSE,FALSE,FALSE,FALSE,"1991-09-14","1991-10-06",NA,22,26,"1991-10-10",8,7900,4,7,0,0,2,0,FALSE,TRUE,"Antoni Llasera, Frederic Puig and Joan Vila hit by slab avalanche on Sep 26, slightly injured",28.55027771,84.5616684,1,0,161,NA,283,0,NA,0.972304065998821,1990,22,26,"FALSE",273.637455363332,1.14114772360331,0,0,0,0,0.867065457083693,0.594225855144578,0.398290962800081,0.397212286821947,0.142034768984967,66.2889630353009,0.272844383788324,7,0,0.259259259259259,0,0.770915788042758,0.462827000692294,0.23432744295313,0.0707140848869374,-0.202826476602009,0.697985457544136,0.0602519032014604,0,0,0,0,0.4246267279584,0.0784114835965386,0.102034659613145,0.0131300043285632,-0.338627716346946
"1662",1662,9610,"Manaslu","MANA","Manaslu Himal",8163,15,4,2012,"MANA12330",3,"NE Face",NA,NA,NA,TRUE,FALSE,FALSE,FALSE,"2012-09-14","2012-10-01",940,17,19,"2012-10-03",1,8163,3,5,1,0,3,2,FALSE,TRUE,NA,28.55027771,84.5616684,0,0,10,NA,70,0,0,1,2010,17,19,"FALSE",273.603613917033,1.01724011890288,0,0,0,0,0.805246039834002,0.404149116634893,0.100534620698396,-0.213451036183804,-0.724180217747127,76.8176839192708,14.3150534604675,4,0,0.2,0,0.857408232486002,0.655010247014741,0.479477213598651,0.0329324642933914,-0.787882411432936,0.572864858916728,0.153968336541849,4,0,0.2,0,0.79788102842721,0.541863402039857,0.354146516480949,0.571826103811433,-0.474329072082841
"1663",1663,9611,"Manaslu","MANA","Manaslu Himal",8163,15,4,2006,"MANA06304",3,"NE Face",NA,NA,NA,TRUE,FALSE,FALSE,FALSE,"2006-09-04","2006-09-30",1120,26,30,"2006-10-04",1,8163,3,9,6,0,5,5,TRUE,FALSE,NA,28.55027771,84.5616684,0,0,NA,99,100,0,0,1,2000,26,30,"FALSE",274.294726423038,1.64163264430098,0,3,0,0.0967741935483871,0.848695021676745,0.652162081078605,0.420196999616175,-0.135270747808477,0.434996283525522,72.3093655493952,10.2302205059533,5,0,0.161290322580645,0,0.745523546087336,0.347103888027996,-0.0399861164992639,-0.396875471638651,0.282044282726692,0.632856673066534,0.117800211443634,5,0,0.161290322580645,0,0.217638866228063,0.165211243942385,0.144065531694565,-0.193978439995355,-0.291117478268811
"1664",1664,9614,"Manaslu","MANA","Manaslu Himal",8163,15,4,2017,"MANA17338",3,"NE Face",NA,NA,NA,FALSE,FALSE,FALSE,FALSE,"2017-11-05","2017-11-12",NA,7,11,"2017-11-16",7,6400,2,3,0,0,4,0,FALSE,TRUE,NA,28.55027771,84.5616684,1,1,345,131,NA,0,NA,0.836770771950501,2010,7,11,"FALSE",266.86820157369,1.08811293731212,0,0,0,0,0.625022092020323,-0.0632418842241331,-0.582621139343535,-0.38049589755718,1,67.4182264539931,0.953894924879788,0,0,0,0,0.788869009526155,0.407761922577701,0.0104835384504452,-0.633768860427603,-1,0.687950279867006,0.0550857619381084,0,0,0,0,-0.448564036739856,0.333571848986186,-0.0182585057810387,-0.0648886693976385,-1
"1666",1666,9624,"Manaslu","MANA","Manaslu Himal",8163,15,4,2011,"MANA11311",3,"NE Face",NA,NA,NA,TRUE,FALSE,FALSE,FALSE,"2011-09-03","2011-10-04",NA,31,35,"2011-10-08",1,8163,4,30,23,0,23,21,TRUE,FALSE,NA,28.55027771,84.5616684,0,0,100,68,222,0,0,1,2010,31,35,"FALSE",274.589717229207,2.03900274853569,0,9,0,0.25,0.973465790967943,0.940367982501355,0.911346918007137,0.865382412560229,0.662161516158634,67.5051540798611,1.88807753865193,0,0,0,0,0.682030680920409,0.201679592132851,0.0039054915292006,-0.0676831371604682,-0.171673889057197,0.651961455777738,0.086637316875474,3,0,0.0833333333333333,0,0.177758627602741,-0.377707387323261,-0.253001298345785,0.313253012622532,0.18575058888371
"1668",1668,9628,"Manaslu","MANA","Manaslu Himal",8163,15,4,2012,"MANA12331",3,"NE Face",NA,NA,NA,FALSE,FALSE,FALSE,FALSE,"2012-09-14","2012-10-01",NA,17,21,"2012-10-05",1,7100,3,1,0,0,1,0,FALSE,TRUE,NA,28.55027771,84.5616684,0,0,10,NA,131,0,NA,1,2010,17,21,"FALSE",273.360051588579,1.28026863288967,0,0,0,0,0.779235330914005,0.237565984230444,-0.174674910161719,-0.282765759250582,0.080520272058392,76.0853974313447,13.8242396042294,4,0,0.181818181818182,0,0.861961082796179,0.668661128068213,0.499415240260998,0.0677474411008577,-0.703261591455529,0.589065286794858,0.155645149897536,4,0,0.181818181818182,0,0.817174139554998,0.578265975971405,0.402872577794208,0.612246657147025,-0.0786119646345324
"1669",1669,9632,"Manaslu","MANA","Manaslu Himal",8163,15,4,1982,"MANA82101",1,"NE Face (variation above C4)",NA,NA,NA,FALSE,FALSE,FALSE,FALSE,"1982-04-12","1982-05-10",NA,28,33,"1982-05-15",1,7600,5,6,0,2,2,0,FALSE,TRUE,"2 men had small fall into crevasse but saved by rope; 3 men have some frostbite but not serious (not black); 2 killed by avalanche at C5",28.55027771,84.5616684,1,1,278,338,NA,0.333333333333333,Inf,1,1980,28,33,"FALSE",267.568080453312,1.90494460241426,0,0,0,0,0.884231552933637,0.735682103560151,0.713534904765846,0.680689033241653,0.547149503376724,99.982421875,0,0,0,0,0,NA,NA,NA,NA,NA,0.63966511242287,0.0940832280714716,1,2,0.0294117647058824,0.0588235294117647,0.268006846266246,-0.191530702663933,-0.0543256874555665,-0.180924034697564,0.232756219157657
"1670",1670,9633,"Manaslu","MANA","Manaslu Himal",8163,15,4,1981,"MANA81302",3,"NE Face",NA,NA,NA,TRUE,FALSE,FALSE,FALSE,"1981-10-01","1981-10-12",1640,11,11,"1981-10-12",12,8163,3,4,3,0,4,0,FALSE,TRUE,"Kato's toes very badly frostbitten",28.55027771,84.5616684,0,0,344,10,NA,0,0,0,1980,11,11,"FALSE",271.104575898912,0.874953619877175,0,0,0,0,0.428162772710865,-0.0479579527437127,-0.00394385553555694,-0.590546091191152,-1,71.9269544813368,8.81966354636141,0,0,0,0,0.987505235775424,0.959549857922034,0.851176270436179,-0.4063856228749,-1,0.70791827949851,0.0502888516362199,0,0,0,0,-0.098547382406084,0.0677854050342746,-0.0481961326521445,0.0686526719157591,-1
"1671",1671,9641,"Manaslu","MANA","Manaslu Himal",8163,15,4,2006,"MANA06303",3,"NE Face",NA,NA,NA,TRUE,FALSE,FALSE,FALSE,"2006-09-09","2006-10-02",NA,23,31,"2006-10-10",4,8163,3,5,3,0,0,0,FALSE,TRUE,"Matousek last finger of left hand seriously frostbitten",28.55027771,84.5616684,0,0,41,252,283,0,0,0.978196817913966,2000,23,31,"FALSE",273.516690055529,1.47058499152153,0,1,0,0.03125,0.800482830700099,0.505327600037868,0.128280501778129,-0.165888784435304,0.559809340186715,72.3987019856771,9.97118020862498,2,0,0.0625,0,0.741058739723644,0.338427615282053,-0.0440482358736278,-0.32214305395416,0.642154591138911,0.631827716211432,0.113512985242574,5,0,0.15625,0,0.10824842035688,0.136900280734321,0.323947712809254,-0.169304916428267,-0.426206824509311
"1672",1672,9643,"Manaslu","MANA","Manaslu Himal",8163,15,4,2006,"MANA06301",3,"NE Face",NA,NA,NA,FALSE,FALSE,FALSE,FALSE,"2006-09-11","2006-09-30",NA,19,22,"2006-10-03",1,7600,3,3,0,0,0,0,FALSE,TRUE,NA,28.55027771,84.5616684,0,0,NA,313,69,0,NA,1,2000,19,22,"FALSE",273.714614812879,1.14110791635631,0,0,0,0,0.703783325290725,0.369862231437557,0.0119153124525934,-0.467026939236725,0.0509961703034032,74.417285863904,11.1667704454123,2,0,0.0869565217391304,0,0.70749553832065,0.394033473463815,0.0102952357849288,-0.457619273159434,0.686261138441952,0.636371447931727,0.108965876848762,2,0,0.0869565217391304,0,0.00287833011343471,-0.189560465950039,0.191227575006815,-0.222609965003017,-0.51551835650033
"1673",1673,9645,"Manaslu","MANA","Manaslu Himal",8163,15,4,2010,"MANA10102",1,"NE Face",NA,NA,NA,FALSE,FALSE,FALSE,FALSE,"2010-04-12","2010-05-12",NA,30,32,"2010-05-14",7,6900,2,1,0,0,1,0,FALSE,TRUE,NA,28.55027771,84.5616684,1,0,339,338,NA,0,NA,0.99469652327637,2010,30,32,"FALSE",270.943369586058,1.37807785974998,0,3,0,0.0909090909090909,0.757155487383469,0.385584321456023,0.0659618431791826,-0.400534930074917,-0.0834691955846632,72.2033814709596,4.02132087898869,9,0,0.272727272727273,0,0.748543457212049,0.306057809168622,-0.178612095411358,-0.663903207908761,0.166278534827184,0.697006821564426,0.0835143419944196,1,0,0.0303030303030303,0,0.320748219231316,-0.132647990572685,-0.066704199275775,-0.109391699587337,-0.278093715711967
"1674",1674,9653,"Manaslu","MANA","Manaslu Himal",8163,15,4,2010,"MANA10302",3,"NE Face",NA,NA,NA,FALSE,FALSE,FALSE,FALSE,"2010-09-10","2010-09-30",NA,20,22,"2010-10-02",4,7700,4,4,0,0,2,0,FALSE,TRUE,NA,28.55027771,84.5616684,1,0,NA,282,41,0,NA,0.919269298762522,2010,20,22,"FALSE",274.414831133856,1.39456328930974,0,1,0,0.0434782608695652,0.855455744626375,0.646327160395251,0.405380596188861,0.0184698352729362,0.674554936976885,70.3503205672554,6.32719263719976,2,0,0.0869565217391304,0,0.553335411368122,0.200326884016279,0.065850773888839,-0.065965084944839,-0.29355961111509,0.62302891026557,0.112783524746531,2,0,0.0869565217391304,0,0.363897701500387,0.162106599561388,-0.0201949338472044,0.0435301342722251,-0.685406725778432
"1675",1675,9654,"Manaslu","MANA","Manaslu Himal",8163,15,4,2006,"MANA06108",1,"NE Face",NA,NA,NA,TRUE,FALSE,FALSE,FALSE,"2006-04-07","2006-04-29",1045,22,24,"2006-05-01",8,8163,3,2,2,0,0,0,FALSE,TRUE,NA,28.55027771,84.5616684,0,0,NA,185,5,0,0,0.997053624042428,2000,22,24,"FALSE",265.910181096395,2.12972010176784,0,0,0,0,0.833471695874942,0.618932965741975,0.495854619580403,0.00597547834002624,-0.740681679927829,99.982421875,0,0,0,0,0,NA,NA,NA,NA,NA,0.654290406250159,0.0966190545412554,1,0,0.04,0,0.493461813995556,0.0128997482817051,-0.0976162057521718,0.0141404812727986,-0.291194444647834
"1676",1676,9656,"Manaslu","MANA","Manaslu Himal",8163,15,4,2008,"MANA08302",3,"NE Face",NA,NA,NA,FALSE,FALSE,FALSE,FALSE,"2008-09-08","2008-10-03",NA,25,29,"2008-10-07",10,8125,3,2,0,0,0,0,FALSE,TRUE,NA,28.55027771,84.5616684,0,0,70,222,192,0,NA,0.978196817913966,2000,25,29,"FALSE",273.740618684557,1.30516159039942,0,0,0,0,0.867849432809372,0.671679035300351,0.587515131737747,0.755379664265584,0.271828285414458,68.6346869574653,3.37593541191641,1,0,0.0333333333333333,0,0.540139884878493,0.0529842237641797,-0.199093512983569,-0.259913447772916,0.49309904325206,0.671704876865591,0.109809262151331,1,1,0.0333333333333333,0.0333333333333333,0.116176174037251,-0.127193442787965,0.00304731231411491,0.104827699143865,-0.470288617916782
"1677",1677,9657,"Manaslu","MANA","Manaslu Himal",8163,15,4,2016,"MANA16311",3,"NE Face",NA,NA,NA,FALSE,FALSE,FALSE,FALSE,"2016-09-07","2016-10-01",NA,24,27,"2016-10-04",4,7100,2,9,0,0,0,0,FALSE,TRUE,NA,28.55027771,84.5616684,1,0,10,191,101,0,NA,0.9428403064231,2010,24,27,"FALSE",274.956670851935,1.27904221216151,0,5,0,0.178571428571429,0.736962573741389,0.32301769965585,-0.0207965813889218,-0.404088607331526,0.397715475785739,73.4349917457217,11.0779575016478,0,0,0,0,0.669294095368589,0.188091804940295,-0.185680232923306,-0.408952168164517,0.56901724485682,0.563232129812195,0.114498199776756,7,0,0.25,0,0.279669126369432,0.166292535020218,-0.340086243574857,-0.242650686993706,0.336521132606671
"1678",1678,9658,"Manaslu","MANA","Manaslu Himal",8163,15,4,2008,"MANA08303",3,"NE Face",NA,NA,NA,FALSE,FALSE,FALSE,FALSE,"2008-09-07","2008-10-02",NA,25,27,"2008-10-04",1,6400,2,1,0,0,2,0,FALSE,TRUE,NA,28.55027771,84.5616684,0,0,41,191,101,0,NA,1,2000,25,27,"FALSE",273.881604467119,1.27984613063144,0,0,0,0,0.869909216965241,0.690480242447151,0.595655945106941,0.718609536151012,0.119818566074163,68.5720360165551,3.4906630585912,1,0,0.0357142857142857,0,0.545401547943095,0.0658056013009544,-0.175343146262608,-0.21859385957365,0.502855220709272,0.674250095545535,0.111949516333326,1,1,0.0357142857142857,0.0357142857142857,0.0741182043366986,-0.199681583608146,-0.0173528235035449,0.130096891134109,-0.428548989495783
"1679",1679,9659,"Manaslu","MANA","Manaslu Himal",8163,15,4,2018,"MANA18313",3,"NE Face",NA,NA,NA,TRUE,FALSE,FALSE,FALSE,"2018-09-03","2018-09-27",NA,24,28,"2018-10-01",11,8163,4,10,8,0,7,6,TRUE,FALSE,NA,28.55027771,84.5616684,0,0,NA,68,10,0,0,0,2010,24,28,"FALSE",274.350365211224,1.74441913729757,0,6,0,0.206896551724138,0.888506987726575,0.750562878109057,0.608190611048289,0.285598630829857,-0.555192943848679,73.495327653556,12.2056014839324,4,0,0.137931034482759,0,0.819643602540332,0.573685512424731,0.297142061179422,-0.214376316866739,-0.229318409533489,0.656789208611344,0.116088856069175,4,0,0.137931034482759,0,0.650312419131142,0.308874940198286,-0.02155271006206,-0.309726016392373,0.398125808155995
"1680",1680,9662,"Manaslu","MANA","Manaslu Himal",8163,15,4,2013,"MANA13327",3,"NE Face",NA,NA,NA,TRUE,FALSE,FALSE,FALSE,"2013-09-09","2013-10-02",1030,23,27,"2013-10-06",4,8163,4,14,12,0,13,12,TRUE,FALSE,NA,28.55027771,84.5616684,0,0,41,252,161,0,0,0.948733058338244,2010,23,27,"FALSE",274.467276073637,0.811633542561991,0,0,0,0,0.697226107616782,0.338114838989981,0.266568162210068,0.0800106269925579,-0.720667294585488,67.8777291434152,2.08952490935507,0,0,0,0,0.873204919486054,0.735622975113056,0.709353783163629,0.527935729751386,0.112153096951574,0.645356577653262,0.0867542917884818,2,0,0.0714285714285714,0,-0.125886910117822,-0.182372031928261,0.175789826794801,0.0724033551641916,-0.0801567883609002
"1681",1681,9663,"Manaslu","MANA","Manaslu Himal",8163,15,4,2009,"MANA09301",3,"NE Face",NA,NA,NA,FALSE,FALSE,FALSE,FALSE,"2009-09-12","2009-10-03",NA,21,23,"2009-10-05",1,6900,3,2,0,0,0,0,FALSE,TRUE,"Lopez had breathing problem (spent two nights 3 days in Samagaon)",28.55027771,84.5616684,1,0,69,343,130,0,NA,1,2000,21,23,"FALSE",274.744882742564,0.40714265748467,0,0,0,0,0.590948729359581,0.346213687570839,0.164952234771762,-0.0363075679281271,-0.47329411415945,66.5836656358507,0.702372619234613,4,0,0.166666666666667,0,0.760316872136499,0.09131520019359,-0.127532729735024,0.0732106381451778,-0.107598512003893,0.661614393926179,0.0832175874646784,1,0,0.0416666666666667,0,0.234391972230954,-0.0700909646538151,0.467940038456477,-0.212425868384037,-0.128284467416821
"1682",1682,9669,"Manaslu","MANA","Manaslu Himal",8163,15,4,1989,"MANA89301",3,"NE Face",NA,NA,NA,FALSE,FALSE,FALSE,FALSE,"1989-09-05","1989-09-09",NA,4,35,"1989-10-10",1,5600,1,3,0,0,1,0,FALSE,TRUE,"None",28.55027771,84.5616684,1,0,252,129,283,0,NA,1,1980,4,35,"FALSE",274.244357356319,1.84610477310565,0,1,0,0.0277777777777778,0.971626638188124,0.955211201585698,0.962886602897639,0.932042921114436,0.889758239474805,68.3118670428241,2.81402289058151,2,0,0.0555555555555556,0,0.684120299554326,0.18051925834451,-0.127878288071623,-0.377558404878226,-0.00314992759874606,0.636467768587402,0.0907319021817653,4,0,0.111111111111111,0,0.258140644597091,0.0373243086798498,0.0457739965394468,0.15024221672766,-0.085650161130746
"1683",1683,9670,"Manaslu","MANA","Manaslu Himal",8163,15,4,2016,"MANA16318",3,"NE Face",NA,NA,NA,FALSE,FALSE,FALSE,FALSE,"2016-09-11","2016-10-01",745,20,22,"2016-10-03",1,8125,4,2,0,0,0,0,FALSE,TRUE,NA,28.55027771,84.5616684,0,0,10,314,70,0,NA,1,2010,20,22,"FALSE",274.587075496065,1.03338795739192,0,1,0,0.0434782608695652,0.640686622112587,0.204517506630874,-0.102410028740887,-0.41388296497321,-0.0237761709548771,74.9227878736413,11.730526983406,0,0,0,0,0.715180622080837,0.304725213864196,-0.0627119704017967,-0.371476775588055,0.518119332850651,0.549230377885173,0.115822109327391,7,0,0.304347826086957,0,0.210413892791417,0.288248998234094,-0.209689129241343,-0.181497730401008,0.61179270269648
"1684",1684,9672,"Manaslu","MANA","Manaslu Himal",8163,15,4,1991,"MANA91101",1,"NE Face",NA,NA,NA,FALSE,FALSE,FALSE,FALSE,"1991-03-10","1991-04-06",NA,27,39,"1991-04-18",1,6415,3,6,0,0,1,0,FALSE,TRUE,"Bay altitude sickness only (at 5000m); Dawa also at 6415m",28.55027771,84.5616684,1,0,155,276,NA,0,NA,1,1990,27,39,"FALSE",264.082559156418,1.89585490380898,1,0,0.025,0,0.719987039922042,0.493327381254073,0.429353366405671,0.191332684888523,0.138415750400048,99.982421875,0,0,0,0,0,NA,NA,NA,NA,NA,0.661160345312362,0.113119423977732,4,2,0.1,0.05,0.246238582331116,0.0822263330281733,-0.243011729667879,-0.27060569348048,0.273797231426575
"1685",1685,9673,"Manaslu","MANA","Manaslu Himal",8163,15,4,2016,"MANA16321",3,"NE Face",NA,NA,NA,TRUE,FALSE,FALSE,FALSE,"2016-09-11","2016-09-30",900,19,21,"2016-10-02",1,8163,4,1,1,0,1,1,TRUE,FALSE,NA,28.55027771,84.5616684,0,0,NA,314,41,0,0,1,2010,19,21,"FALSE",274.573872884115,1.05571899254628,0,1,0,0.0454545454545455,0.640586835281594,0.198052597257704,-0.121323246679769,-0.412727571789999,0.0630912209229769,75.3005149147727,11.8625478426023,0,0,0,0,0.708212566112854,0.286475902209516,-0.090275489723069,-0.412147030189878,0.527755137415421,0.547492659335277,0.118240431269982,7,0,0.318181818181818,0,0.209329795036184,0.295215640167357,-0.208757251206362,-0.206055174765457,0.615092527170396
"1687",1687,9676,"Manaslu","MANA","Manaslu Himal",8163,15,4,2009,"MANA09312",3,"NE Face",NA,NA,NA,TRUE,FALSE,FALSE,FALSE,"2009-09-09","2009-09-28",1025,19,22,"2009-10-01",1,8163,4,2,2,0,1,1,FALSE,TRUE,NA,28.55027771,84.5616684,0,0,NA,252,10,0,0,1,2000,19,22,"FALSE",274.874565179797,0.345741427071869,0,0,0,0,0.56477144351151,0.136665019157065,0.0205766300903608,-0.358610422260444,-0.265834747197736,66.7386810745018,1.07836663907805,4,0,0.173913043478261,0,0.928892583550813,0.654122836854583,0.221896980268701,-0.329695872031788,-0.224563427263295,0.662900327937703,0.0843350202714991,1,0,0.0434782608695652,0,0.267791116759278,0.0141980931441057,0.498163810456177,-0.08080014478637,0.0118692585909744
"1688",1688,9677,"Manaslu","MANA","Manaslu Himal",8163,15,4,2013,"MANA13336",3,"NE Face",NA,NA,NA,FALSE,FALSE,FALSE,FALSE,"2013-09-21","2013-10-01",NA,10,20,"2013-10-11",1,6800,0,6,0,0,0,0,FALSE,TRUE,NA,28.55027771,84.5616684,1,0,10,NA,314,0,NA,1,2010,10,20,"FALSE",274.386574820867,0.940550652980572,0,0,0,0,0.705837123595166,0.349249830595549,0.304861278873077,0.193882631734604,0.0780447481209608,68.6698288690476,2.38153696746316,0,0,0,0,0.635191676502097,0.285061040844723,0.102230463360609,0.0422866185285478,0.0335296118306296,0.634734680164238,0.11580365577375,3,1,0.142857142857143,0.0476190476190476,0.161082102071812,-0.491284831827622,-0.286529693447054,0.0442236431108456,-0.397316000302694
"1689",1689,9682,"Manaslu","MANA","Manaslu Himal",8163,15,4,2012,"MANA12324",3,"NE Face",NA,NA,NA,FALSE,FALSE,FALSE,FALSE,"2012-09-11","2012-09-30",NA,19,21,"2012-10-02",7,7800,2,1,0,0,0,0,FALSE,TRUE,NA,28.55027771,84.5616684,0,0,NA,314,41,0,NA,0.954625810253388,2010,19,21,"FALSE",274.046291120125,1.53637803465696,0,2,0,0.0909090909090909,0.858677342806411,0.715326422913328,0.576101021393568,-0.00490918999308381,-0.35614845535425,76.5121145537405,13.8634565291654,4,0,0.181818181818182,0,0.826128668311898,0.608637687769349,0.451079916123902,-0.181643707601279,-0.586299165328669,0.555759788738168,0.150205993302765,5,0,0.227272727272727,0,0.714922989957877,0.490563155467851,0.419293543334259,0.306932087286882,-0.505369855088822
"1690",1690,9685,"Manaslu","MANA","Manaslu Himal",8163,15,4,2006,"MANA06306",3,"NE Face",NA,NA,NA,TRUE,FALSE,FALSE,FALSE,"2006-11-09","2006-01-10",1000,20,20,"2006-11-09",1,8163,3,6,3,0,7,5,TRUE,FALSE,NA,28.55027771,84.5616684,0,0,10,313,313,0,0,1,2000,-303,0,"FALSE",265.126216888428,NA,0,0,0,0,NA,NA,NA,NA,NA,68.89892578125,NA,0,0,0,0,NA,NA,NA,NA,NA,0.640790442169318,NA,0,0,0,0,NA,NA,NA,NA,NA
"1691",1691,9686,"Manaslu","MANA","Manaslu Himal",8163,15,4,1983,"MANA83301",3,"E Ridge from N",NA,NA,NA,FALSE,FALSE,FALSE,FALSE,"1983-09-12","1983-10-07",NA,25,25,"1983-10-07",4,7400,3,5,0,0,3,0,FALSE,TRUE,NA,28.55027771,84.5616684,1,0,191,343,NA,0,NA,0.872127283441367,1980,25,25,"FALSE",274.492898696508,1.62247899932944,0,2,0,0.0769230769230769,0.813295039841035,0.570763351098796,0.464225645515409,0.401727131687705,0.0935734002810405,68.9654415815304,3.57594512985031,0,0,0,0,0.632436484921453,0.102382602310016,-0.14248210525343,-0.166117761124634,0.0312194322428247,0.670656797094841,0.080247763477039,0,1,0,0.0384615384615385,0.261367451681364,-0.279687499236768,-0.0758636392591367,-0.233331978461918,0.156305075539873
"1692",1692,9688,"Manaslu","MANA","Manaslu Himal",8163,15,4,2019,"MANA19308",3,"NE Face",NA,NA,NA,FALSE,FALSE,FALSE,FALSE,"2019-09-10","2019-09-12",NA,2,3,"2019-09-13",7,5000,0,2,0,0,2,0,TRUE,FALSE,"HAPE/HACE by Kaneko
",28.55027771,84.5616684,0,0,343,282,NA,0,NA,0.907483794932233,2010,2,3,"FALSE",277.402949015299,0.823858524240349,0,4,0,1,0.281859046168089,1,NA,NA,NA,69.1142781575521,3.46748009855895,0,0,0,0,0.313783268995403,1,NA,NA,NA,0.623978241725581,0.0688557765249235,0,0,0,0,-0.808351920719568,1,NA,NA,NA
"1693",1693,9690,"Manaslu","MANA","Manaslu Himal",8163,15,4,1990,"MANA90302",3,"SE Face",NA,NA,NA,FALSE,FALSE,FALSE,FALSE,"1990-09-26","1990-10-07",NA,11,13,"1990-10-09",1,7200,0,8,0,3,0,0,FALSE,TRUE,"Fatal fall; no altitude sickness, all members had scaled 7000m peaks elsewhere",28.55027771,84.5616684,0,0,191,NA,253,0.375,Inf,1,1990,11,13,"FALSE",272.659168788365,0.840995207369372,0,0,0,0,0.436978473204916,-0.353329796993066,-0.203197021087618,-0.115328944466606,0.763744774171192,67.5687372116816,1.66027295549085,0,0,0,0,0.642960341328678,0.378071180883514,0.262099801355934,-0.214605443571002,0.683899738183205,0.686899984022086,0.0769100613594419,0,0,0,0,0.573881629326505,0.417197137579059,0.354021103334206,-0.0171703712543363,-0.31813744623866
"1694",1694,9692,"Manaslu","MANA","Manaslu Himal",8163,15,4,2012,"MANA12333",3,"NE Face",NA,NA,NA,FALSE,FALSE,FALSE,FALSE,"2012-09-11","2012-09-30",NA,19,23,"2012-10-04",1,7400,4,1,0,0,1,0,TRUE,FALSE,NA,28.55027771,84.5616684,0,0,NA,314,101,0,NA,1,2010,19,23,"FALSE",273.927536540561,1.53913976830252,0,2,0,0.0833333333333333,0.832396816204231,0.626552418314627,0.481042991399847,0.0147728739913334,-0.111883751912647,75.7618984646267,13.488907165213,4,0,0.166666666666667,0,0.833544912055726,0.628413921237863,0.480109132561203,-0.103817441669818,-0.494408032796709,0.571150847967954,0.152921817054268,5,0,0.208333333333333,0,0.740023455223093,0.530437272783751,0.448996868939683,0.406930430316561,-0.203884731114946
"1696",1696,9711,"Manaslu","MANA","Manaslu Himal",8163,15,4,2012,"MANA12336",3,"NE Face",NA,NA,NA,FALSE,FALSE,FALSE,FALSE,"2012-10-05","2012-10-12",NA,7,9,"2012-10-14",1,5850,1,7,0,0,3,0,FALSE,TRUE,NA,28.55027771,84.5616684,1,0,345,131,NA,0,NA,1,2010,7,9,"FALSE",268.864751815796,1.19651452027239,0,0,0,0,0.948707961095526,0.893321480242975,0.767061447347826,0.24887021244594,NA,67.341455078125,1.15785442622192,0,0,0,0,0.825262641861376,0.358059015433886,-0.0111502430624485,0.575534069310563,NA,0.7214748951963,0.0338537533533095,0,0,0,0,0.676214714244263,-0.102084092895036,-0.774216889051406,-0.956929837838304,NA
"1697",1697,9712,"Manaslu","MANA","Manaslu Himal",8163,15,4,2017,"MANA17328",3,"NE Face",NA,NA,NA,TRUE,FALSE,FALSE,FALSE,"2017-09-11","2017-09-30",1300,19,23,"2017-10-04",1,8163,4,3,2,0,0,0,FALSE,TRUE,NA,28.55027771,84.5616684,0,0,NA,313,100,0,0,1,2010,19,23,"FALSE",275.537204000685,0.748154426216936,0,3,0,0.125,0.747863931794506,0.442949560384008,0.275329854929808,0.175618777736812,0.705354584277102,66.9890713161892,1.86632830177784,4,0,0.166666666666667,0,0.628733775571006,0.110732259249183,-0.148524025563877,-0.23340429071208,-0.216525353143585,0.693014077081621,0.0600671849973956,0,0,0,0,0.398099317858471,0.0312599240082584,-0.194329095636461,0.016786465660077,-0.263972020496227
"1698",1698,9714,"Manaslu","MANA","Manaslu Himal",8163,15,4,2014,"MANA14305",3,"NE Face",NA,NA,NA,TRUE,FALSE,FALSE,FALSE,"2014-09-08","2014-09-30",1000,22,26,"2014-10-04",1,8163,4,7,4,0,0,0,FALSE,TRUE,"Frostbite on both feet by Carvajal and both hands by Saldana; Velez fall",28.55027771,84.5616684,0,0,NA,221,100,0,0,1,2010,22,26,"FALSE",273.992824695728,2.12978911480399,0,2,0,0.0740740740740741,0.933755988438795,0.847745914805774,0.753234158462914,0.612103914434933,0.3405717619276,68.0617012683256,1.87750006632884,1,0,0.037037037037037,0,0.624861138232471,0.206365611698499,0.0289130915476349,0.518408962577909,0.112010333721385,0.697452721040753,0.0734298448535213,0,0,0,0,-0.0375376150257146,-0.213091629322488,0.0921352338127028,-0.11237886646232,0.0607814104948606
"1699",1699,9716,"Manaslu","MANA","Manaslu Himal",8163,15,4,2011,"MANA11315",3,"NE Face",NA,NA,NA,TRUE,FALSE,FALSE,FALSE,"2011-09-11","2011-10-05",830,24,24,"2011-10-05",10,8163,4,11,7,0,10,7,TRUE,FALSE,NA,28.55027771,84.5616684,0,0,130,313,NA,0,0,0.972304065998821,2010,24,24,"FALSE",274.345206807454,1.89719771011702,0,4,0,0.16,0.967694000967004,0.932084290405083,0.911116945710852,0.862304795236145,0.775561087293055,67.8427083333333,2.17306571765508,0,0,0,0,0.661130355425121,0.147137146179413,-0.0563163820041104,-0.130700553753502,-0.273598034815932,0.648203669914186,0.0827159661353346,2,0,0.08,0,0.157461684508402,-0.341632636654319,-0.131207101097864,0.0149555135431232,0.10753786841098
"1700",1700,9717,"Manaslu","MANA","Manaslu Himal",8163,15,4,2009,"MANA09311",3,"NE Face",NA,NA,NA,TRUE,FALSE,FALSE,FALSE,"2009-09-09","2009-09-28",1030,19,22,"2009-10-01",1,8163,4,3,1,0,1,0,FALSE,TRUE,NA,28.55027771,84.5616684,0,0,NA,252,10,0,0,1,2000,19,22,"FALSE",274.874565179797,0.345741427071869,0,0,0,0,0.56477144351151,0.136665019157065,0.0205766300903608,-0.358610422260444,-0.265834747197736,66.7386810745018,1.07836663907805,4,0,0.173913043478261,0,0.928892583550813,0.654122836854583,0.221896980268701,-0.329695872031788,-0.224563427263295,0.662900327937703,0.0843350202714991,1,0,0.0434782608695652,0,0.267791116759278,0.0141980931441057,0.498163810456177,-0.08080014478637,0.0118692585909744
"1701",1701,9718,"Manaslu","MANA","Manaslu Himal",8163,15,4,1986,"MANA86101",1,"NE Face",NA,NA,NA,FALSE,FALSE,FALSE,FALSE,"1986-04-05","1986-05-03",NA,28,38,"1986-05-13",4,7400,4,16,0,2,3,0,FALSE,TRUE,NA,28.55027771,84.5616684,1,0,64,124,NA,0.125,Inf,0.948733058338244,1980,28,38,"FALSE",267.249566819933,2.21452843718191,0,0,0,0,0.867848602067347,0.712521903954629,0.537558727351758,0.18378115122193,0.182361157101337,99.982421875,0,0,0,0,0,NA,NA,NA,NA,NA,0.666183990925961,0.0905657663786472,0,2,0,0.0512820512820513,0.446740919055739,-0.0488704868885631,-0.414752054525577,0.0473422766278617,-0.0463690169041252
"1702",1702,9723,"Manaslu","MANA","Manaslu Himal",8163,15,4,2012,"MANA12325",3,"NE Face",NA,NA,NA,TRUE,FALSE,FALSE,FALSE,"2012-09-21","2012-10-01",1000,10,12,"2012-10-03",4,8163,3,2,2,0,2,2,TRUE,FALSE,NA,28.55027771,84.5616684,0,0,10,NA,70,0,0,0.786093105480259,2010,10,12,"FALSE",273.288244981032,0.937111519930286,0,0,0,0,0.779630955212027,0.405753459326946,0.0696947889346554,-0.484847028793874,0.992958414277383,68.5687099358974,5.47679031195578,4,0,0.307692307692308,0,0.989634009793407,0.914403334493908,0.558299802066835,-0.273362656657049,-0.769352420848034,0.655755838945134,0.0695552662750784,0,0,0,0,0.571683856725599,0.200749548395652,-0.0794229399723452,-0.27884147433647,0.775931377546612
"1703",1703,9734,"Manaslu","MANA","Manaslu Himal",8163,15,4,2010,"MANA10304",3,"NE Face",NA,NA,NA,FALSE,FALSE,FALSE,FALSE,"2010-09-15","2010-10-06",NA,21,23,"2010-10-08",5,7850,4,1,0,0,0,0,FALSE,TRUE,NA,28.55027771,84.5616684,1,0,161,NA,222,0,NA,0.958466453674121,2010,21,23,"FALSE",273.301502015856,1.65012486924463,0,0,0,0,0.885217047427455,0.684097722289766,0.452902569727094,0.123750394769895,0.912156497230622,69.3754374186198,6.35240212647918,3,0,0.125,0,0.610261959139569,0.471180584452938,0.365723458524143,0.29161158548251,-0.151433606544109,0.648574491662621,0.101463986343159,1,0,0.0416666666666667,0,0.490271420235656,0.376786656422266,-0.164999008174822,-0.341088410905537,-0.35668026780322
"1704",1704,9741,"Manaslu","MANA","Manaslu Himal",8163,15,4,1998,"MANA98306",3,"NE Face",NA,NA,NA,FALSE,FALSE,FALSE,FALSE,"1998-10-01","1998-10-29",NA,28,31,"1998-11-01",1,7550,0,10,0,1,0,0,FALSE,TRUE,"Frostbitten fingers by Horozov, Vasilev and Valtchev but will heal",28.55027771,84.5616684,0,0,NA,10,11,0.1,Inf,1,1990,28,31,"FALSE",271.915552814802,1.60758514130551,0,0,0,0,0.857890582630026,0.69073369233908,0.693527158968388,0.710606724550071,0.408720815898346,67.2745971679688,1.29924639840388,2,0,0.0625,0,0.797800592437559,0.458845285488777,0.244905494633014,-0.23730890976692,-0.294781336905381,0.708431994564201,0.0836480632374576,0,2,0,0.0625,0.45166338204023,-0.0482953603785715,-0.134349380844296,-0.105195291224352,0.166045363643749
"1705",1705,9742,"Manaslu","MANA","Manaslu Himal",8163,15,4,1978,"MANA78301",3,"NE Face",NA,NA,NA,FALSE,FALSE,FALSE,FALSE,"1978-09-09","1978-10-07",NA,28,32,"1978-10-11",1,8000,5,3,0,0,6,0,TRUE,FALSE,NA,28.55027771,84.5616684,1,0,191,252,314,0,NA,1,1970,28,32,"FALSE",273.646429851802,1.39628708697868,0,0,0,0,0.856746116181277,0.657392316974745,0.449758428758125,0.161774693561779,0.256895200935916,67.5370008680556,1.60773866601341,2,0,0.0606060606060606,0,0.49013318093633,0.0448150856843043,-0.134442260718771,-0.13579604932477,-0.366796065905234,0.661373750446411,0.0746056224567133,1,0,0.0303030303030303,0,0.203295558014984,0.0717758268661753,0.16091008688038,-0.135095473516527,0.00614619711684891
"1706",1706,9747,"Manaslu","MANA","Manaslu Himal",8163,15,4,2013,"MANA13301",3,"NE Face",NA,NA,NA,TRUE,FALSE,FALSE,FALSE,"2013-09-13","2013-10-02",1000,19,22,"2013-10-05",0,8163,4,1,1,0,1,1,TRUE,FALSE,NA,28.55027771,84.5616684,0,0,41,NA,130,0,0,0,2010,19,22,"FALSE",274.501797883407,0.872604798917139,0,0,0,0,0.731525315761054,0.417396821489752,0.319866269960186,-0.065767208794501,-0.79763050281133,67.7619275079257,1.76784752071929,0,0,0,0,0.824698870135464,0.650454393979369,0.452559871473492,0.49400324122091,-0.440877022511329,0.642340777961073,0.0887214108595719,2,0,0.0869565217391304,0,0.00922450212135152,-0.13350048862254,0.310067529254485,0.0836473942582193,0.0309534636758926
"1707",1707,9755,"Manaslu","MANA","Manaslu Himal",8163,15,4,2010,"MANA10319",3,"NE Face",NA,NA,NA,TRUE,FALSE,FALSE,FALSE,"2010-09-10","2010-10-01",1300,21,24,"2010-10-04",4,8163,3,10,3,1,8,2,TRUE,FALSE,"Death of Kuwa Bara",28.55027771,84.5616684,0,0,10,282,100,0.1,0.333333333333333,0.95553105475928,2010,21,24,"FALSE",274.206688232422,1.52317790084647,0,1,0,0.04,0.86995050932701,0.656119632715122,0.439327339424256,0.173476344382299,0.76275263892798,70.068916015625,6.13620387384923,2,0,0.08,0,0.563825124346344,0.223060188105937,0.0968695575327415,-0.0225802889405733,-0.265884746768431,0.621973171409909,0.108052786659746,2,0,0.08,0,0.364355779140486,0.165185012543252,-0.00811275320677653,0.0309658518157798,-0.698748254635167
"1708",1708,9756,"Manaslu","MANA","Manaslu Himal",8163,15,4,2011,"MANA11321",3,"NE Face",NA,NA,NA,TRUE,FALSE,FALSE,FALSE,"2011-09-14","2011-10-04",1430,20,23,"2011-10-07",1,8163,4,3,1,0,0,0,FALSE,TRUE,NA,28.55027771,84.5616684,0,0,100,NA,191,0,0,1,2010,20,23,"FALSE",273.820749600728,1.80323649223481,0,1,0,0.0416666666666667,0.96494215586605,0.933896548694632,0.906712181818082,0.838435292392463,0.63174474929837,67.8821919759115,2.20848230449517,0,0,0,0,0.656669108056737,0.126773247527883,-0.108701635545427,-0.174594763627513,-0.402915798693595,0.653187318001132,0.07101121653831,1,0,0.0416666666666667,0,0.240854884487973,-0.183046073289824,0.0174794999496782,-0.105811299263717,0.162422122750786
"1709",1709,9760,"Manaslu","MANA","Manaslu Himal",8163,15,4,1993,"MANA93301",3,"NE Face",NA,NA,NA,FALSE,FALSE,FALSE,FALSE,"1993-09-07","1993-10-06",NA,29,31,"1993-10-08",4,7300,3,6,0,0,2,0,TRUE,FALSE,"Schultz fell bruising, pulling ligaments, frostbitten fingers & toes, and heart slightly affected",28.55027771,84.5616684,0,0,161,190,222,0,NA,0.784025480828127,1990,29,31,"FALSE",274.186842163404,1.07003506005176,0,0,0,0,0.811465339448155,0.636766289271402,0.564715984951533,0.303624190434591,0.111814287527638,67.8304443359375,1.80879903111884,0,0,0,0,0.528859132633422,0.0956721994102824,-0.150429528663216,-0.286063572028528,0.44901716278351,0.650497504221364,0.0661527447036967,0,0,0,0,0.319798007797502,-0.098070858663001,-0.350802212532812,-0.0976171452856408,-0.419602645397787
"1710",1710,9762,"Manaslu","MANA","Manaslu Himal",8163,15,4,1971,"MANA71102",1,"NE Face",NA,NA,NA,FALSE,FALSE,FALSE,FALSE,"1971-03-11","1971-05-04",NA,54,54,"1971-05-04",5,7600,5,8,0,1,5,0,TRUE,FALSE,"Kim Ki-Sup killed in fall",28.55027771,84.5616684,1,0,95,307,NA,0.125,Inf,0,1970,54,54,"FALSE",266.4492952289,2.77340372827619,2,0,0.0363636363636364,0,0.920129509260656,0.818412647922179,0.769082393415681,0.764771424282882,0.553267475472071,94.7372588186553,10.4568380248829,5,0,0.0909090909090909,0,0.94093442993614,0.817433338925046,0.669986335835522,0.377101077409772,0.239599639705023,0.680987978362611,0.12376251559017,0,6,0,0.109090909090909,0.501864775147383,0.155322994504213,0.0110869975135528,-0.0485423288612238,-0.022128323655905
"1711",1711,9768,"Manaslu","MANA","Manaslu Himal",8163,15,4,1991,"MANA91102",1,"E Face (to 7250m)","S Ridge up; NE Face down",NA,NA,FALSE,TRUE,FALSE,FALSE,"1991-03-22","1991-05-06",1600,45,49,"1991-05-10",1,8163,3,17,3,0,0,0,FALSE,TRUE,"None although some left early (not strong)",28.55027771,84.5616684,0,0,156,NA,278,0,0,1,1990,45,49,"FALSE",265.920309969584,2.35312845786149,1,0,0.02,0,0.860166050878614,0.699688154512049,0.593868802895256,0.434391359409209,0.226323236977773,99.982421875,0,0,0,0,0,NA,NA,NA,NA,NA,0.682405695716538,0.110662074574523,2,5,0.04,0.1,0.297503744203428,0.117428470586601,-0.113205204319889,0.035292279330593,0.0343196686143077
"1712",1712,9771,"Manaslu","MANA","Manaslu Himal",8163,15,4,2009,"MANA09302",3,"NE Face",NA,NA,NA,TRUE,FALSE,FALSE,FALSE,"2009-09-05","2009-09-28",1230,23,26,"2009-10-01",4,8163,3,3,1,0,0,0,FALSE,TRUE,NA,28.55027771,84.5616684,0,0,NA,129,10,0,0,0.918779860345461,2000,23,26,"FALSE",274.868821461995,0.431560691217139,0,0,0,0,0.218551496517493,-0.232793770034761,-0.0224161355952682,-0.242506562688537,-0.387780583653291,68.1234236352238,4.72011016886314,4,0,0.148148148148148,0,0.578579999114268,0.21865594658443,0.220947178136918,0.153329505864307,-0.392980671941305,0.666258940913763,0.101301946320785,2,1,0.0740740740740741,0.037037037037037,0.15730169191755,-0.284677128572706,0.363497087975715,-0.0842799315763062,0.114124805482217
"1713",1713,9772,"Manaslu","MANA","Manaslu Himal",8163,15,4,1990,"MANA90301",3,"NE Face",NA,NA,NA,FALSE,FALSE,FALSE,FALSE,"1990-09-12","1990-10-01",NA,19,24,"1990-10-06",4,6400,3,6,0,0,0,0,FALSE,TRUE,"None",28.55027771,84.5616684,1,1,10,343,161,0,NA,0.910204581648904,1990,19,24,"FALSE",274.024532572428,1.47167075149931,0,2,0,0.08,0.88279348309364,0.76572360477993,0.749186641999293,0.425883673459998,0.847405528183863,68.8382552083333,3.29516659371364,0,0,0,0,0.678010973842812,0.146799738053352,-0.183765414378802,-0.32058404824546,0.656921924411643,0.654957573670624,0.0886279327236365,2,1,0.08,0.04,-0.10401877674864,0.196934821649406,-0.0641688228930496,0.109140412630785,0.331618065010216
"1714",1714,9773,"Manaslu","MANA","Manaslu Himal",8163,15,4,2012,"MANA12327",3,"NE Face",NA,NA,NA,TRUE,FALSE,FALSE,FALSE,"2012-09-11","2012-09-29",1345,18,21,"2012-10-02",1,8163,1,1,1,0,0,0,FALSE,TRUE,NA,28.55027771,84.5616684,0,0,NA,314,41,0,0,1,2010,18,21,"FALSE",274.046291120125,1.53637803465696,0,2,0,0.0909090909090909,0.858677342806411,0.715326422913328,0.576101021393568,-0.00490918999308381,-0.35614845535425,76.5121145537405,13.8634565291654,4,0,0.181818181818182,0,0.826128668311898,0.608637687769349,0.451079916123902,-0.181643707601279,-0.586299165328669,0.555759788738168,0.150205993302765,5,0,0.227272727272727,0,0.714922989957877,0.490563155467851,0.419293543334259,0.306932087286882,-0.505369855088822
"1715",1715,9775,"Manaslu","MANA","Manaslu Himal",8163,15,4,1997,"MANA97303",3,"NE Face",NA,NA,NA,TRUE,FALSE,FALSE,FALSE,"1997-09-04","1997-10-08",950,34,39,"1997-10-13",1,8163,4,8,8,0,5,3,TRUE,FALSE,NA,28.55027771,84.5616684,0,0,222,99,NA,0,0,1,1990,34,39,"FALSE",271.876871903737,4.4115013246841,0,3,0,0.075,0.985320598608639,0.961202090582327,0.924016765379919,0.846127010703614,0.703712819492905,69.9989929199219,4.66055453756572,2,0,0.05,0,0.919213741780119,0.759840947479218,0.590576221849505,0.400421745777756,0.115631426445621,0.706445334021966,0.079870246538291,1,0,0.025,0,0.306456321473503,0.306538398046316,0.136448161885155,-0.0344535528397187,-0.106943551256282
"1716",1716,9776,"Manaslu","MANA","Manaslu Himal",8163,15,4,2016,"MANA16317",3,"NE Face",NA,NA,NA,FALSE,FALSE,FALSE,FALSE,"2016-09-03","2016-09-29",800,26,30,"2016-10-03",8,8125,4,2,0,0,2,0,FALSE,FALSE,NA,28.55027771,84.5616684,0,0,NA,69,70,0,NA,0.692147494793581,2010,26,30,"FALSE",275.199342132897,1.38300603854937,0,9,0,0.290322580645161,0.799491664823843,0.491445396683971,0.269632649928421,0.0325527544826901,0.366806143522443,73.334236391129,10.5741547269919,0,0,0,0,0.665174363359929,0.19038247941748,-0.167743519874988,-0.408628430496593,0.462402866771639,0.560429516838847,0.116579314024907,9,0,0.290322580645161,0,0.176361346076456,0.0261308706230005,-0.219307023587868,-0.147248269473498,0.31552974303069
"1717",1717,9778,"Manaslu","MANA","Manaslu Himal",8163,15,4,1981,"MANA81301",3,"SW Face",NA,NA,NA,TRUE,FALSE,FALSE,FALSE,"1981-09-04","1981-10-07",NA,33,40,"1981-10-14",5,8163,3,4,2,0,2,0,FALSE,TRUE,NA,28.55027771,84.5616684,0,0,191,99,NA,0,0,0,1980,33,40,"FALSE",272.761245758553,2.11089622132666,0,0,0,0,0.905954206742513,0.758999244390486,0.631149762224057,0.386485497577964,0.334777683558302,70.7962080792683,8.07957727189108,1,0,0.024390243902439,0,0.820059499541074,0.493923049006391,0.174978075930526,-0.188686840285705,-0.263041773596309,0.685653249557645,0.0786420084526467,0,0,0,0,-0.0695468152288528,0.215184261257194,0.212178124568438,-0.00956527941081488,-0.00847634222581657
"1718",1718,9781,"Manaslu","MANA","Manaslu Himal",8163,15,4,2008,"MANA08304",3,"NE Face",NA,NA,NA,FALSE,FALSE,FALSE,FALSE,"2008-09-07","2008-10-03",NA,26,28,"2008-10-05",1,7400,4,1,0,0,1,0,FALSE,TRUE,NA,28.55027771,84.5616684,0,0,70,191,131,0,NA,1,2000,26,28,"FALSE",273.859763178332,1.26227576803561,0,0,0,0,0.864138015668099,0.692068112366143,0.598980069729664,0.696853374766513,0.0912200036010815,68.5196575296336,3.43934897637935,1,0,0.0344827586206897,0,0.549350024506062,0.0723188645985231,-0.176147322699082,-0.241449247448347,0.509624411623085,0.669834563411361,0.112474480582874,1,1,0.0344827586206897,0.0344827586206897,0.108632949965993,-0.150560252752097,0.011669640996774,0.117305830005194,-0.431307323204025
"1719",1719,9782,"Manaslu","MANA","Manaslu Himal",8163,15,4,1992,"MANA92302",3,"NE Face",NA,NA,NA,FALSE,FALSE,FALSE,FALSE,"1992-09-09","1992-10-01",NA,22,24,"1992-10-03",1,8050,4,6,0,0,2,0,FALSE,TRUE,"Brown pneumonia; 2 Nepalis altitude sickness",28.55027771,84.5616684,0,0,10,253,70,0,NA,1,1990,22,24,"FALSE",273.947557271322,1.11666296507934,0,0,0,0,0.875791834853327,0.700617805367305,0.49675589999398,0.105461078174177,-0.408628639764701,66.6136979166667,0.536833376024411,5,0,0.2,0,0.494329197700234,0.0264277390854566,-0.0808778137041333,-0.439593913775171,0.027995909116646,0.686122673435827,0.102113725077563,2,0,0.08,0,0.601791759391954,0.463293020942407,0.35721646280549,-0.0791241763889805,-0.211868523475339
"1720",1720,9789,"Manaslu","MANA","Manaslu Himal",8163,15,4,2017,"MANA17317",3,"NE Face",NA,NA,NA,FALSE,FALSE,FALSE,FALSE,"2017-09-17","2017-10-08",NA,21,23,"2017-10-10",4,7700,3,5,0,0,0,0,FALSE,TRUE,NA,28.55027771,84.5616684,1,0,222,NA,283,0,NA,0.912654661276492,2010,21,23,"FALSE",275.074627452427,0.951308178046796,0,3,0,0.125,0.839312960571933,0.656893353911949,0.545799411706618,0.533613536240666,0.740003628759909,66.9848870171441,1.86810913627568,4,0,0.166666666666667,0,0.632581527818954,0.11895800957998,-0.15399418390868,-0.228472881099009,0.401270105138361,0.686096685307587,0.0479974481992271,0,0,0,0,0.20144866457318,-0.268546545105594,-0.308155402136207,-0.263322084685206,-0.148295437698477
"1721",1721,9792,"Manaslu","MANA","Manaslu Himal",8163,15,4,2018,"MANA18306",3,"NE Face",NA,NA,NA,TRUE,FALSE,FALSE,FALSE,"2018-09-09","2018-09-27",1030,18,22,"2018-10-01",4,8163,4,11,9,0,8,8,TRUE,FALSE,"Lakpa Tsering crashed into a crevasse on a paraglide test flight, but was able to extract himself (no serious injury)",28.55027771,84.5616684,0,0,NA,252,10,0,0,0.808526277104006,2010,18,22,"FALSE",273.747200675633,1.40115866303879,0,2,0,0.0869565217391304,0.816941593764704,0.502335070083458,0.121766400921365,-0.442292060918117,-0.136953022687271,75.2889315840127,13.1621463161325,3,0,0.130434782608696,0,0.800307484725927,0.52404158872744,0.326110416882897,-0.1026440123842,0.648852041351352,0.653141293367627,0.121770339135441,3,0,0.130434782608696,0,0.654822919357707,0.32828544545198,0.0237131142971547,-0.0934342229759568,0.474946380313763
"1722",1722,9793,"Manaslu","MANA","Manaslu Himal",8163,15,4,1992,"MANA92303",3,"NE Face (variation at start)",NA,NA,NA,TRUE,FALSE,FALSE,FALSE,"1992-09-12","1992-09-28",NA,16,19,"1992-10-01",5,8163,2,13,3,2,0,0,FALSE,TRUE,"Passino jumped crevasse Sep 27 and injured both feet; two fatalities",28.55027771,84.5616684,0,0,NA,344,10,0.153846153846154,0.666666666666667,0.808526277104006,1990,16,19,"FALSE",273.777840042114,0.913986106249191,0,0,0,0,0.818398488325401,0.522244990935014,0.108911733855848,-0.473307532835952,-0.381645415988671,66.6627034505208,0.547973207087549,4,0,0.2,0,0.502323975736646,0.14099008304651,0.144781555915881,-0.471599526763421,-0.0670104281965822,0.678938736703909,0.0991301834902089,2,0,0.1,0,0.535807158124853,0.345472760490699,0.15808988909143,-0.169692344480828,-0.753873038682205
"1723",1723,9798,"Manaslu","MANA","Manaslu Himal",8163,15,4,2011,"MANA11323",3,"NE Face",NA,NA,NA,TRUE,FALSE,FALSE,FALSE,"2011-09-09","2011-10-04",1100,25,27,"2011-10-06",4,8163,4,12,7,0,5,3,TRUE,FALSE,NA,28.55027771,84.5616684,0,0,100,252,161,0,0,0.694597574421169,2010,25,27,"FALSE",274.426342646281,1.97540645347099,0,6,0,0.214285714285714,0.972427455696223,0.943153219935246,0.922461597609435,0.882758754115892,0.800226981773893,67.7352178664434,2.07400861845454,0,0,0,0,0.667528947312493,0.158965356493006,-0.0462551640015945,-0.090187207921584,-0.271711393702237,0.654006235791177,0.0833494404383209,2,0,0.0714285714285714,0,0.145813527110502,-0.323308329411011,-0.296399205109921,0.143483837224755,0.223756386737342
"1725",1725,9802,"Manaslu","MANA","Manaslu Himal",8163,15,4,2015,"MANA15304",3,"NE Face",NA,NA,NA,TRUE,FALSE,FALSE,FALSE,"2015-09-06","2015-09-30",NA,24,28,"2015-10-04",1,8163,0,8,6,1,2,2,TRUE,FALSE,NA,28.55027771,84.5616684,0,0,NA,160,100,0.125,0.166666666666667,1,2010,24,28,"FALSE",275.201787488214,1.17498586281527,0,3,0,0.103448275862069,0.824128989008057,0.641175570593769,0.495559116671456,0.0847669789182419,-0.206121288763893,66.2250303071121,0.194774124327207,11,0,0.379310344827586,0,0.697314075649703,0.436279431198469,0.401331458996623,0.100065275900121,-0.502421959072083,0.692285213272395,0.0705203058476299,0,0,0,0,0.244936033675304,0.159931255672208,-0.100129782378853,-0.00841405774658111,-0.144177802312775
"1726",1726,9805,"Manaslu","MANA","Manaslu Himal",8163,15,4,2010,"MANA10316",3,"NE Face",NA,NA,NA,FALSE,FALSE,FALSE,FALSE,"2010-09-22","2010-10-01",NA,9,16,"2010-10-08",1,7700,3,4,0,0,1,0,FALSE,TRUE,"Nothing serious; Fernandez slightly frostbitten",28.55027771,84.5616684,1,0,10,NA,222,0,NA,1,2010,9,16,"FALSE",272.617017858169,1.40020982049905,0,0,0,0,0.841760782060479,0.469405125132552,0.0478468012442391,-0.338228038007601,0.894065049183468,66.8276893765319,1.13768831320614,3,0,0.176470588235294,0,0.572188733834767,0.245952672872423,-0.156724202711559,-0.557506915732266,0.661907183993572,0.674331173635601,0.0750567026964843,0,0,0,0,0.421296091797997,0.283393721389863,-0.337365890463263,-0.507931726896954,0.262234792199144
"1727",1727,9807,"Manaslu","MANA","Manaslu Himal",8163,15,4,2017,"MANA17302",3,"NE Face",NA,NA,NA,TRUE,FALSE,FALSE,FALSE,"2017-09-10","2017-09-18",1000,8,24,"2017-10-04",1,8163,4,22,15,0,16,13,TRUE,FALSE,NA,28.55027771,84.5616684,0,0,NA,282,100,0,0,1,2010,8,24,"FALSE",275.571918233236,0.752688315603793,0,3,0,0.12,0.75135007989211,0.448387557179971,0.306464733542583,0.187869825349755,0.604963837137442,66.9533528645833,1.83574071405186,5,0,0.2,0,0.632469926851058,0.11984150257449,-0.144688190231445,-0.220466275745215,-0.19768930751372,0.694631700991865,0.0593561140770118,0,0,0,0,0.409115841580993,0.0694387737555982,-0.0831471912257648,-0.0153755587075238,-0.276849038629416
"1728",1728,9808,"Manaslu","MANA","Manaslu Himal",8163,15,4,2006,"MANA06101",1,"NE Face",NA,NA,NA,FALSE,FALSE,FALSE,FALSE,"2006-04-07","2006-04-30",NA,23,24,"2006-05-01",1,7500,0,1,0,0,3,0,FALSE,TRUE,NA,28.55027771,84.5616684,1,0,NA,185,5,0,NA,1,2000,23,24,"FALSE",265.910181096395,2.12972010176784,0,0,0,0,0.833471695874942,0.618932965741975,0.495854619580403,0.00597547834002624,-0.740681679927829,99.982421875,0,0,0,0,0,NA,NA,NA,NA,NA,0.654290406250159,0.0966190545412554,1,0,0.04,0,0.493461813995556,0.0128997482817051,-0.0976162057521718,0.0141404812727986,-0.291194444647834
"1729",1729,9811,"Manaslu","MANA","Manaslu Himal",8163,15,4,2021,"MANA21315",3,"NE Face",NA,NA,NA,FALSE,FALSE,FALSE,FALSE,"2021-09-15","2021-10-02",830,17,19,"2021-10-04",1,8156,4,9,0,0,9,0,TRUE,FALSE,NA,28.55027771,84.5616684,0,0,41,NA,100,0,NA,1,2020,17,19,"FALSE",274.310267321269,0.789407855953252,0,0,0,0,0.271178147000019,-0.225079707000832,-0.15933255997442,0.234069056884818,-0.296015742586239,73.6900187174479,10.1657491498238,0,0,0,0,0.725342649011784,0.458196581658063,0.391330885916297,0.684837162569645,0.129921986991749,0.546629816778279,0.135484662313595,5,1,0.25,0.05,0.0857633867572644,-0.577213944294157,-0.420860907859002,0.393080736255737,0.0862380546436635
"1730",1730,9812,"Manaslu","MANA","Manaslu Himal",8163,15,4,2010,"MANA10311",3,"NE Face",NA,NA,NA,TRUE,FALSE,FALSE,FALSE,"2010-09-09","2010-10-01",1245,22,25,"2010-10-04",4,8163,3,5,1,0,2,1,FALSE,TRUE,NA,28.55027771,84.5616684,0,0,10,252,100,0,0,0.833027073379885,2010,22,25,"FALSE",274.235887185121,1.49981169842389,0,1,0,0.0384615384615385,0.868021959929745,0.642327724080977,0.443151082069104,0.184473615871487,0.738003400226702,70.4766407502003,6.36153314861929,2,0,0.0769230769230769,0,0.544354671317589,0.182629362157914,0.128521499093675,-0.0409880589025658,0.0293195932107133,0.623048439540812,0.106011554828357,2,0,0.0769230769230769,0,0.362586704804822,0.1618232895213,-0.0311085986205376,0.0324212063609449,-0.694975644283136
"1731",1731,9814,"Manaslu","MANA","Manaslu Himal",8163,15,4,2011,"MANA11104",1,"NE Face",NA,NA,NA,TRUE,FALSE,FALSE,FALSE,"2011-04-14","2011-05-09",540,25,28,"2011-05-12",1,8163,3,18,13,0,8,5,TRUE,FALSE,"Ranjeet Singh's cerebral edema",28.55027771,84.5616684,0,0,248,NA,339,0,0,1,2010,25,28,"FALSE",267.592215395522,2.21921143812011,0,0,0,0,0.913994505791508,0.785397422043021,0.662529641162115,0.50006928314866,0.318699845928242,99.982421875,0,0,0,0,0,NA,NA,NA,NA,NA,0.656912875965737,0.07649559415876,0,0,0,0,0.35849438200838,0.0788567976138344,-0.279723947818505,-0.239969637693961,-0.000146941412824158
"1732",1732,9816,"Manaslu","MANA","Manaslu Himal",8163,15,4,2011,"MANA11318",3,"NE Face",NA,NA,NA,TRUE,FALSE,FALSE,FALSE,"2011-09-12","2011-10-04",1000,22,24,"2011-10-06",1,8163,3,7,6,0,6,6,TRUE,FALSE,NA,28.55027771,84.5616684,0,0,100,343,161,0,0,1,2010,22,24,"FALSE",274.15200978597,1.91201756641355,0,3,0,0.12,0.967479577987801,0.938488317226031,0.91983968302016,0.868499880210844,0.766623572286367,67.829482421875,2.17813894910059,0,0,0,0,0.663016476285566,0.140624259123443,-0.0796536407165493,-0.125515097737134,-0.325781794654669,0.64813498053596,0.0826612326756793,2,0,0.08,0,0.129014732981034,-0.347851549175795,-0.129761445129455,-0.00584104154987074,0.0680725620156302
"1733",1733,9818,"Manaslu","MANA","Manaslu Himal",8163,15,4,2012,"MANA12329",3,"NE Face",NA,NA,NA,TRUE,FALSE,FALSE,FALSE,"2012-09-17","2012-10-01",745,14,16,"2012-10-03",5,8163,3,1,1,0,1,0,TRUE,FALSE,NA,28.55027771,84.5616684,0,0,10,NA,70,0,0,0.747274286414308,2010,14,16,"FALSE",273.357785243614,0.825976662097595,0,0,0,0,0.77336519061289,0.420499455659759,0.0486785017469937,-0.683362115196447,0.150815372289074,75.9491038602941,14.5117381067108,4,0,0.235294117647059,0,0.952622921948015,0.840371350963857,0.702142755900253,0.564653622272464,-0.820707816247547,0.592927527206048,0.152217312571756,2,0,0.117647058823529,0,0.809233929511956,0.644613600073086,0.584996971685765,0.625080025357522,-0.503602767300592
"1734",1734,9819,"Manaslu","MANA","Manaslu Himal",8163,15,4,2010,"MANA10315",3,"NE Face",NA,NA,NA,TRUE,FALSE,FALSE,FALSE,"2010-09-06","2010-10-01",1034,25,28,"2010-10-04",1,8163,4,15,10,0,11,8,TRUE,FALSE,"Ollivier's injured shoulder",28.55027771,84.5616684,0,0,10,160,100,0,0,1,2010,25,28,"FALSE",274.397400253121,1.57398946555968,0,2,0,0.0689655172413793,0.804133146491481,0.59906711997515,0.424919994082657,0.310141505798402,0.568571746368905,72.0750185210129,8.92680792864258,2,0,0.0689655172413793,0,0.54737654493764,0.1605061306993,0.0115386605700264,0.0663942721840915,0.289416802694981,0.610074163137423,0.109565593212933,3,0,0.103448275862069,0,0.393440152220369,0.147730113628119,-0.020398340474363,0.222873047694679,-0.192198582916923
"1735",1735,9820,"Manaslu","MANA","Manaslu Himal",8163,15,4,2015,"MANA15303",3,"NE Face",NA,NA,NA,FALSE,FALSE,FALSE,FALSE,"2015-09-09","2015-10-01",NA,22,25,"2015-10-04",4,7200,0,2,0,0,0,0,FALSE,TRUE,NA,28.55027771,84.5616684,0,0,10,252,100,0,NA,0.833027073379885,2010,22,25,"FALSE",275.175102429512,1.23962002985581,0,3,0,0.115384615384615,0.83297649035519,0.656632203584243,0.510054766203255,0.098637900267357,-0.225260710254854,66.2363437750401,0.202635048022772,10,0,0.384615384615385,0,0.691732105185263,0.415659069925614,0.369703494051626,0.137045527530163,-0.501656697668018,0.690485845573188,0.0740310748229418,0,0,0,0,0.24902907614142,0.185844183557564,-0.0842296315167624,0.0111909423812578,-0.0816750589740691
"1736",1736,9821,"Manaslu","MANA","Manaslu Himal",8163,15,4,1997,"MANA97306",3,"NE Face",NA,NA,NA,TRUE,FALSE,FALSE,FALSE,"1997-09-09","1997-10-08",1300,29,32,"1997-10-11",12,8163,3,4,4,0,0,0,FALSE,TRUE,"Lasa badly frostbitten nose and fingers, Oiarzabal same frostbite",28.55027771,84.5616684,0,0,222,252,314,0,0,0.808526277104006,1990,29,32,"FALSE",271.450162213258,4.24608928882994,0,0,0,0,0.982687059275686,0.951802190835406,0.903162626881627,0.801055580242145,0.687258232364244,70.4563629458649,4.93687662536506,0,0,0,0,0.915019343711959,0.744507380273612,0.563365236522898,0.369162504404394,0.104491166779253,0.69710693887348,0.0824135291723605,1,0,0.0303030303030303,0,0.301627132725636,0.317409259804656,-0.0173522228123546,-0.0964064420985261,0.0181296413144085
"1737",1737,9825,"Manaslu","MANA","Manaslu Himal",8163,15,4,2014,"MANA14318",3,"NE Face",NA,NA,NA,TRUE,FALSE,FALSE,FALSE,"2014-09-14","2014-10-01",815,17,19,"2014-10-03",1,8163,0,1,1,0,1,1,TRUE,FALSE,NA,28.55027771,84.5616684,0,0,10,NA,69,0,0,1,2010,17,19,"FALSE",273.481814702352,2.11717453787634,0,1,0,0.05,0.92290447585774,0.822846557342671,0.727910885545634,0.635691470418516,-0.259078068029547,68.4570882161458,2.00683679831949,1,0,0.05,0,0.601983282708963,0.182640518416146,-0.0139624072835805,0.607598276790801,0.102614656066681,0.687586527741706,0.0759022968732505,0,0,0,0,-0.147710701394452,-0.385748471791044,0.0484244890329386,-0.0729755697878027,0.0415388908404993
"1738",1738,9827,"Manaslu","MANA","Manaslu Himal",8163,15,4,2012,"MANA12340",3,"NE Face",NA,NA,NA,TRUE,FALSE,FALSE,FALSE,"2012-09-06","2012-09-30",1100,24,25,"2012-10-01",1,8163,2,6,1,0,1,0,FALSE,TRUE,NA,28.55027771,84.5616684,0,0,NA,161,10,0,0,1,2010,24,25,"FALSE",274.498539949075,1.73610748789373,0,4,0,0.153846153846154,0.904282900882309,0.809797806019222,0.707426091569341,0.446993453789069,-0.0672305031061523,74.9520326272035,13.2429386349873,4,0,0.153846153846154,0,0.841372516323401,0.646736209374819,0.476161649168759,-0.119316782038183,-0.749666276647998,0.57002300249496,0.142030970873818,5,0,0.192307692307692,0,0.723259313490756,0.510218741456581,0.350281676742689,0.172175524624276,-0.668453824241507
"1739",1739,9828,"Manaslu","MANA","Manaslu Himal",8163,15,4,2016,"MANA16325",3,"NE Face",NA,NA,NA,TRUE,FALSE,FALSE,FALSE,"2016-09-11","2016-10-01",930,20,22,"2016-10-03",1,8163,4,1,1,0,0,0,FALSE,TRUE,NA,28.55027771,84.5616684,0,0,10,314,70,0,0,1,2010,20,22,"FALSE",274.587075496065,1.03338795739192,0,1,0,0.0434782608695652,0.640686622112587,0.204517506630874,-0.102410028740887,-0.41388296497321,-0.0237761709548771,74.9227878736413,11.730526983406,0,0,0,0,0.715180622080837,0.304725213864196,-0.0627119704017967,-0.371476775588055,0.518119332850651,0.549230377885173,0.115822109327391,7,0,0.304347826086957,0,0.210413892791417,0.288248998234094,-0.209689129241343,-0.181497730401008,0.61179270269648
"1740",1740,9829,"Manaslu","MANA","Manaslu Himal",8163,15,4,2012,"MANA12352",3,"NE Face",NA,NA,NA,TRUE,FALSE,FALSE,FALSE,"2012-09-10","2012-09-29",1030,19,21,"2012-10-01",8,8163,0,1,1,0,1,1,TRUE,FALSE,NA,28.55027771,84.5616684,0,0,NA,283,10,0,0,0.796275878966066,2010,19,21,"FALSE",274.167918465354,1.67590246582313,0,3,0,0.136363636363636,0.882549389577029,0.766560608457829,0.654192082570579,0.254009612579636,-0.201222259401483,76.5332438151042,13.847520695132,4,0,0.181818181818182,0,0.825837420196657,0.607665022085265,0.410567725007013,-0.208057340102771,-0.636369527014725,0.554288393519005,0.149176545784196,5,0,0.227272727272727,0,0.703282865614817,0.484974762847855,0.321045703624274,0.243896617208843,-0.584173015944934
"1741",1741,9830,"Manaslu","MANA","Manaslu Himal",8163,15,4,2010,"MANA10301",3,"NE Face",NA,NA,NA,TRUE,FALSE,FALSE,FALSE,"2010-09-10","2010-09-30",1500,20,22,"2010-10-02",1,8163,3,8,3,0,2,2,FALSE,TRUE,NA,28.55027771,84.5616684,0,0,NA,282,41,0,0,1,2010,20,22,"FALSE",274.414831133856,1.39456328930974,0,1,0,0.0434782608695652,0.855455744626375,0.646327160395251,0.405380596188861,0.0184698352729362,0.674554936976885,70.3503205672554,6.32719263719976,2,0,0.0869565217391304,0,0.553335411368122,0.200326884016279,0.065850773888839,-0.065965084944839,-0.29355961111509,0.62302891026557,0.112783524746531,2,0,0.0869565217391304,0,0.363897701500387,0.162106599561388,-0.0201949338472044,0.0435301342722251,-0.685406725778432
"1742",1742,9837,"Manaslu","MANA","Manaslu Himal",8163,15,4,2010,"MANA10309",3,"NE Face",NA,NA,NA,TRUE,FALSE,FALSE,FALSE,"2010-09-10","2010-10-01",1148,21,23,"2010-10-03",5,8163,4,1,1,0,2,2,TRUE,FALSE,NA,28.55027771,84.5616684,0,0,10,282,69,0,0,0.833027073379885,2010,21,23,"FALSE",274.325976901584,1.4316884235472,0,1,0,0.0416666666666667,0.856587652074872,0.648020501799537,0.429613640535886,0.0995301944439996,0.706176987630083,70.2159457736545,6.22303330799967,2,0,0.0833333333333333,0,0.558333606798858,0.212739894484451,0.0813043620458963,-0.0445323178247744,-0.29089047040076,0.622680072016348,0.110317700861617,2,0,0.0833333333333333,0,0.364084051419562,0.163060858735373,-0.0199140076302872,0.026974130947309,-0.685879820869133
"1743",1743,9838,"Manaslu","MANA","Manaslu Himal",8163,15,4,2010,"MANA10308",3,"NE Face",NA,NA,NA,TRUE,FALSE,FALSE,FALSE,"2010-09-19","2010-10-01",1058,12,15,"2010-10-04",4,8163,3,1,1,0,2,2,TRUE,FALSE,"Tshering Phinjo got cerebral edema at C3",28.55027771,84.5616684,0,0,10,NA,100,0,0,0.882028665931643,2010,12,15,"FALSE",273.553990046183,1.43046811958506,0,0,0,0,0.84744383817518,0.499441816002932,0.124035812038628,-0.502246919616357,0.900094818223671,67.4523620605469,1.72267383842943,2,0,0.125,0,0.581451573246643,0.0268612895613749,0.164864630521897,0.439682360669663,-0.353291515049828,0.665413581426275,0.0698883445806532,0,0,0,0,0.50986637098141,0.396761601786621,-0.157259267553313,-0.284614557180923,-0.231571564088155
"1744",1744,9840,"Manaslu","MANA","Manaslu Himal",8163,15,4,2014,"MANA14319",3,"NE Face",NA,NA,NA,TRUE,FALSE,FALSE,FALSE,"2014-09-15","2014-10-01",730,16,18,"2014-10-03",1,8163,0,4,3,0,4,3,TRUE,FALSE,NA,28.55027771,84.5616684,0,0,10,NA,69,0,0,1,2010,16,18,"FALSE",273.410669828716,2.15048737493823,0,1,0,0.0526315789473684,0.921250088368932,0.819357909631543,0.732125614498632,0.699688942136767,-0.202820187083487,68.468291700932,2.06118611887509,1,0,0.0526315789473684,0,0.605028939457541,0.19106510216242,0.000636741526222366,0.701757407052008,0.276068028048445,0.685108577372142,0.0771465864043312,0,0,0,0,-0.158277702247141,-0.412800900673816,0.0483647109564189,-0.0940986694689283,0.14786043248586
"1745",1745,9841,"Manaslu","MANA","Manaslu Himal",8163,15,4,2016,"MANA16322",3,"NE Face",NA,NA,NA,TRUE,FALSE,FALSE,FALSE,"2016-09-08","2016-09-30",635,22,24,"2016-10-02",14,8163,4,2,2,0,0,0,FALSE,TRUE,NA,28.55027771,84.5616684,0,0,NA,222,41,0,0,0.906529462207522,2010,22,24,"FALSE",274.882061767578,1.30740032218382,0,4,0,0.16,0.716114729631635,0.238660599882117,-0.20107998897391,-0.36872568684555,0.499907293612211,74.2256119791667,11.487360411478,0,0,0,0,0.651960648461259,0.138865110376323,-0.264989174455178,-0.460055417488521,0.574330805653059,0.559373597944325,0.120140290680987,7,0,0.28,0,0.251263928343606,0.150497187778396,-0.335298124278938,-0.245533976062412,0.458458899901863
"1746",1746,9842,"Manaslu","MANA","Manaslu Himal",8163,15,4,1988,"MANA88102",1,"E Ridge-NE Face",NA,NA,NA,TRUE,FALSE,FALSE,FALSE,"1988-04-03","1988-05-01",1320,28,28,"1988-05-01",1,8163,2,7,3,0,0,0,FALSE,TRUE,"None",28.55027771,84.5616684,0,0,5,64,NA,0,0,1,1980,28,28,"FALSE",267.366342873409,1.26734794319649,0,0,0,0,0.72396764722098,0.554166351866513,0.351996450476696,0.10484202047367,0.0725717745512635,99.982421875,0,0,0,0,0,NA,NA,NA,NA,NA,0.650492040927032,0.0852441693088989,2,0,0.0689655172413793,0,0.0862909096769657,-0.0477172187048849,-0.214397384627396,0.043210681212443,-0.302024483111055
"1747",1747,9844,"Manaslu","MANA","Manaslu Himal",8163,15,4,2014,"MANA14320",3,"NE Face",NA,NA,NA,TRUE,FALSE,FALSE,FALSE,"2014-09-09","2014-10-01",1050,22,25,"2014-10-04",5,8163,3,1,1,0,0,0,FALSE,TRUE,NA,28.55027771,84.5616684,0,0,10,252,100,0,0,0.698272693862551,2010,22,25,"FALSE",273.880902901674,2.08942526975187,0,1,0,0.0384615384615385,0.929657896394795,0.837221251662482,0.737110328727326,0.603782830862174,0.198486594158239,68.136487129407,1.87322113604631,1,0,0.0384615384615385,0,0.608159028461887,0.17014758360083,-0.00264983019297762,0.51888489918979,0.0469159660813002,0.697427385986414,0.0748839220143556,0,0,0,0,-0.0383634214082652,-0.220138453525716,0.0946974919371989,-0.111449209771464,0.0550951600377767
"1748",1748,9845,"Manaslu","MANA","Manaslu Himal",8163,15,4,2010,"MANA10313",3,"NE Face",NA,NA,NA,TRUE,FALSE,FALSE,FALSE,"2010-09-26","2010-10-01",1200,5,8,"2010-10-04",4,8163,3,1,1,0,1,1,TRUE,FALSE,NA,28.55027771,84.5616684,0,0,10,NA,100,0,0,0.918779860345461,2010,5,8,"FALSE",272.72253757053,0.814868874251202,0,0,0,0,0.636266956168769,-0.257446221544938,-0.681069691645883,-0.981071814025591,NA,66.4563802083333,0.448732317290097,2,0,0.222222222222222,0,0.601809408606257,0.0759506530445594,-0.554486190431937,-0.466549260520699,NA,0.65146903560505,0.0886390745735579,0,0,0,0,0.613514365160003,0.474258232348855,-0.300560351870822,-0.241472489292735,NA
"1749",1749,9848,"Manaslu","MANA","Manaslu Himal",8163,15,4,2010,"MANA10305",3,"NE Face",NA,NA,NA,TRUE,FALSE,FALSE,FALSE,"2010-09-14","2010-10-01",1230,17,22,"2010-10-06",1,8163,3,2,1,0,1,1,FALSE,TRUE,NA,28.55027771,84.5616684,0,0,10,NA,161,0,0,1,2010,17,22,"FALSE",273.561276422031,1.67370384440549,0,0,0,0,0.894042795899071,0.650392573917376,0.405961435848842,0.117807773790543,0.93952282015303,69.6044603430707,6.42153271964078,2,0,0.0869565217391304,0,0.600969053029583,0.258783588215772,0.144562407034035,0.127553742296014,-0.272924983354284,0.643564223843965,0.100313351643709,1,0,0.0434782608695652,0,0.478245772016363,0.211067148790971,-0.139249894607231,-0.330841011374515,-0.498033401038089
"1750",1750,9849,"Manaslu","MANA","Manaslu Himal",8163,15,4,2018,"MANA18307",3,"NE Face",NA,NA,NA,TRUE,FALSE,FALSE,FALSE,"2018-09-08","2018-09-28",500,20,23,"2018-10-01",1,8163,4,5,5,0,5,5,TRUE,FALSE,NA,28.55027771,84.5616684,0,0,NA,221,10,0,0,1,2010,20,23,"FALSE",273.848526742723,1.45749594154946,0,2,0,0.0833333333333333,0.826530985246645,0.578997363337738,0.206028887133233,-0.464863163499397,-0.288729936976586,74.914788140191,13.0026701187276,3,0,0.125,0,0.804844737915329,0.533966488732373,0.226723440026378,-0.188684872439161,0.625884477848584,0.657270046830498,0.120799162626,3,0,0.125,0,0.666741233031224,0.332541001035333,-0.0503363576716133,-0.224737660358085,0.483531272006509
"1751",1751,9850,"Manaslu","MANA","Manaslu Himal",8163,15,4,1988,"MANA88101",1,"NE Face",NA,NA,NA,FALSE,FALSE,FALSE,FALSE,"1988-03-07","1988-03-09",NA,2,9,"1988-03-16",1,5400,0,2,0,0,0,0,FALSE,TRUE,"None",28.55027771,84.5616684,1,0,247,185,NA,0,NA,1,1980,2,9,"FALSE",262.702378590902,1.19599024838629,0,0,0,0,0.0905072692523179,-0.634051296997705,-0.555172175988321,0.504293081913093,NA,99.982421875,0,0,0,0,0,NA,NA,NA,NA,NA,0.595206405064685,0.0890020346041204,2,0,0.2,0,0.165376476888301,-0.0944730946879297,-0.669649010137256,0.206398796086136,NA
"1752",1752,9851,"Manaslu","MANA","Manaslu Himal",8163,15,4,1988,"MANA88103",1,"NE Face",NA,NA,NA,FALSE,FALSE,FALSE,FALSE,"1988-04-04","1988-05-01",NA,27,27,"1988-05-01",1,7050,4,8,0,0,1,0,FALSE,TRUE,"None",28.55027771,84.5616684,1,0,5,95,NA,0,NA,1,1980,27,27,"FALSE",267.461308479309,1.18086264790148,0,0,0,0,0.702106815630236,0.495907748207364,0.284591789594777,0.12499736745965,0.0390894402974262,99.982421875,0,0,0,0,0,NA,NA,NA,NA,NA,0.64910677544972,0.0864753699366091,2,0,0.0714285714285714,0,0.113418208058062,-0.0456102164794593,-0.243037946560676,0.0417426461368862,-0.291881537925093
"1753",1753,9852,"Manaslu","MANA","Manaslu Himal",8163,15,4,2015,"MANA15315",3,"NE Face",NA,NA,NA,FALSE,FALSE,FALSE,FALSE,"2015-09-08","2015-09-27",NA,19,23,"2015-10-01",1,6800,3,10,0,0,7,0,FALSE,TRUE,NA,28.55027771,84.5616684,1,0,NA,221,10,0,NA,1,2010,19,23,"FALSE",275.425137837728,1.03378278056395,0,3,0,0.125,0.789532126379741,0.534188213363607,0.259758236507078,-0.525791329067449,0.365019615647931,66.2400817871094,0.209011747005885,9,0,0.375,0,0.710023399127298,0.425041732049066,0.347258839475463,0.0748009239318195,-0.564214465682779,0.69736361990994,0.072194888456278,0,0,0,0,0.24102420604376,0.317722081334903,0.027328250458038,0.239215046708204,0.335764799906518
"1754",1754,9855,"Manaslu","MANA","Manaslu Himal",8163,15,4,2010,"MANA10312",3,"NE Face",NA,NA,NA,TRUE,FALSE,FALSE,FALSE,"2010-09-17","2010-10-01",1200,14,16,"2010-10-03",1,8163,3,2,1,0,1,1,TRUE,FALSE,NA,28.55027771,84.5616684,0,0,10,NA,69,0,0,1,2010,14,16,"FALSE",273.800720214844,1.2930250670941,0,0,0,0,0.840959042070004,0.521378485074298,0.21798452914272,-0.272249380376644,0.775270839228982,69.0846641390931,4.91509784353182,2,0,0.117647058823529,0,0.938423808647123,0.713085098069459,0.340024699292204,0.464758375949982,-0.465078025158729,0.658450174646617,0.0730886068936791,0,0,0,0,0.51828767631671,0.25898111977318,-0.397871338024244,-0.43779341372508,-0.829426683953224
"1755",1755,9857,"Manaslu","MANA","Manaslu Himal",8163,15,4,2010,"MANA10322",3,"NE Face",NA,NA,NA,FALSE,FALSE,FALSE,FALSE,"2010-09-16","2010-10-02",NA,16,19,"2010-10-05",7,6400,2,6,0,0,2,0,FALSE,TRUE,NA,28.55027771,84.5616684,1,0,41,NA,130,0,NA,0.973906651966189,2010,16,19,"FALSE",273.513880793254,1.49921132078257,0,0,0,0,0.877177344292742,0.578342302183377,0.250586186131625,-0.0776887447411083,0.927140724390791,69.9372029622396,6.83643066036093,2,0,0.1,0,0.970111795614672,0.884414892202822,0.700570446792712,0.313563626352784,-0.274173397028805,0.642596307159998,0.104895438735682,1,0,0.05,0,0.542902643252992,0.349997875391042,-0.174228616537473,-0.281339414566285,-0.631400847004549
"1756",1756,9858,"Manaslu","MANA","Manaslu Himal",8163,15,4,2016,"MANA16323",3,"NE Face",NA,NA,NA,FALSE,FALSE,FALSE,FALSE,"2016-09-11","2016-10-01",745,20,22,"2016-10-03",1,8125,4,4,0,0,1,0,FALSE,TRUE,"Cipcigan frostbite all toes in right and first two in left due to wet socks; he was evacuated from Samagaon by helicopter.",28.55027771,84.5616684,0,0,10,314,70,0,NA,1,2010,20,22,"FALSE",274.587075496065,1.03338795739192,0,1,0,0.0434782608695652,0.640686622112587,0.204517506630874,-0.102410028740887,-0.41388296497321,-0.0237761709548771,74.9227878736413,11.730526983406,0,0,0,0,0.715180622080837,0.304725213864196,-0.0627119704017967,-0.371476775588055,0.518119332850651,0.549230377885173,0.115822109327391,7,0,0.304347826086957,0,0.210413892791417,0.288248998234094,-0.209689129241343,-0.181497730401008,0.61179270269648
"1757",1757,9862,"Manaslu","MANA","Manaslu Himal",8163,15,4,2009,"MANA09309",3,"NE Face",NA,NA,NA,FALSE,FALSE,FALSE,FALSE,"2009-09-29","2009-10-01",NA,2,4,"2009-10-03",1,6000,1,2,0,1,0,0,TRUE,FALSE,"Oderlap injured by falling ice",28.55027771,84.5616684,0,0,10,NA,69,0.5,Inf,1,2000,2,4,"FALSE",274.403065999349,0.365291593881031,0,0,0,0,0.0209383797151764,-0.291122975814663,-1,NA,NA,66.5523274739583,0.125837461180695,0,0,0,0,0.157915684927572,-0.798680041160232,-1,NA,NA,0.656541901205397,0.0343419956061755,0,0,0,0,-0.348201954282761,-0.807960602150577,1,NA,NA
"1758",1758,9865,"Manaslu","MANA","Manaslu Himal",8163,15,4,2011,"MANA11322",3,"NE Face",NA,NA,NA,TRUE,FALSE,FALSE,FALSE,"2011-09-14","2011-10-04",1430,20,23,"2011-10-07",1,8163,4,2,0,0,1,1,FALSE,TRUE,NA,28.55027771,84.5616684,0,0,100,NA,191,0,NA,1,2010,20,23,"FALSE",273.820749600728,1.80323649223481,0,1,0,0.0416666666666667,0.96494215586605,0.933896548694632,0.906712181818082,0.838435292392463,0.63174474929837,67.8821919759115,2.20848230449517,0,0,0,0,0.656669108056737,0.126773247527883,-0.108701635545427,-0.174594763627513,-0.402915798693595,0.653187318001132,0.07101121653831,1,0,0.0416666666666667,0,0.240854884487973,-0.183046073289824,0.0174794999496782,-0.105811299263717,0.162422122750786
"1759",1759,9867,"Manaslu","MANA","Manaslu Himal",8163,15,4,1984,"MANA84101",1,"NE Face",NA,NA,NA,TRUE,FALSE,FALSE,FALSE,"1984-03-28","1984-05-07",NA,40,44,"1984-05-11",1,8163,4,6,6,0,3,2,FALSE,TRUE,"Only extreme fatigue by Burgener",28.55027771,84.5616684,0,0,187,NA,310,0,0,1,1980,40,44,"FALSE",267.629826397366,2.35731905082334,0,0,0,0,0.945143270212057,0.854298538793149,0.744144129046992,0.502097085422573,0.136917504189775,99.982421875,0,0,0,0,0,NA,NA,NA,NA,NA,0.669695100858287,0.0859415967974863,0,0,0,0,0.595416884662443,0.387290108900115,0.154396566406382,-0.0129051209124269,-0.66223873128758
"1760",1760,9868,"Manaslu","MANA","Manaslu Himal",8163,15,4,2017,"MANA17316",3,"NE Face",NA,NA,NA,TRUE,FALSE,FALSE,FALSE,"2017-09-10","2017-09-30",1245,20,23,"2017-10-03",2,8163,4,14,7,0,3,2,TRUE,FALSE,NA,28.55027771,84.5616684,0,0,NA,282,69,0,0,0.999142472130344,2010,20,23,"FALSE",275.611188782586,0.742254122162616,0,3,0,0.125,0.738878170591728,0.387362366305175,0.246084364343785,0.126508314422479,0.589506214516999,66.9876268174913,1.86703476776156,5,0,0.208333333333333,0,0.631358985714348,0.118705222589902,-0.155223244054601,-0.231313574871406,-0.210845006827838,0.696753026233396,0.05965682519047,0,0,0,0,0.390844074910485,0.0884892926863321,-0.116810764603277,-0.0177622014232808,-0.272377054390387
"1761",1761,9874,"Manaslu","MANA","Manaslu Himal",8163,15,4,2016,"MANA16324",3,"NNE Face (to 7700m)","NE Face",NA,NA,FALSE,TRUE,FALSE,FALSE,"2016-09-10","2016-10-04",1130,24,26,"2016-10-06",4,8163,1,2,2,0,0,0,FALSE,TRUE,NA,28.55027771,84.5616684,0,0,101,283,162,0,0,0.820776675241945,2010,24,26,"FALSE",274.708776026596,1.06536881185658,0,2,0,0.0740740740740741,0.592944993573311,0.107145803803353,-0.116315201798068,-0.331077173567729,0.115825951326792,73.763786410108,11.1620442764229,0,0,0,0,0.661533392073038,0.231458453853162,-0.0813539936283618,-0.293036551590558,0.55188646941045,0.566773264884745,0.126151034766915,7,0,0.259259259259259,0,0.323058928230782,0.272622245484799,-0.120494039489969,-0.202298554685336,0.608886447490366
"1762",1762,9875,"Manaslu","MANA","Manaslu Himal",8163,15,4,2010,"MANA10306",3,"NE Face",NA,NA,NA,TRUE,FALSE,FALSE,FALSE,"2010-09-09","2010-10-05",1200,26,27,"2010-10-06",1,8163,3,7,1,0,8,0,FALSE,TRUE,NA,28.55027771,84.5616684,0,0,130,252,161,0,0,1,2010,26,27,"FALSE",273.961019425165,1.76107431730439,0,1,0,0.0357142857142857,0.908000371764599,0.733354390662248,0.534075464451807,0.265639101800027,0.840660106243494,70.1733282180059,6.22188600347013,2,0,0.0714285714285714,0,0.55831774699613,0.20596370950251,0.152996517898061,-0.00260086752232131,0.0955027379232752,0.630941628837208,0.106060971303191,2,0,0.0714285714285714,0,0.371199831165421,0.145629210287386,-0.0485756395841192,-0.0008449053294294,-0.534060153016631
"1763",1763,9876,"Manaslu","MANA","Manaslu Himal",8163,15,4,2012,"MANA12315",3,"NE Face",NA,NA,NA,TRUE,FALSE,FALSE,FALSE,"2012-09-10","2012-09-29",1045,19,21,"2012-10-01",1,8163,4,1,1,0,1,1,FALSE,TRUE,NA,28.55027771,84.5616684,0,0,NA,283,10,0,0,1,2010,19,21,"FALSE",274.167918465354,1.67590246582313,0,3,0,0.136363636363636,0.882549389577029,0.766560608457829,0.654192082570579,0.254009612579636,-0.201222259401483,76.5332438151042,13.847520695132,4,0,0.181818181818182,0,0.825837420196657,0.607665022085265,0.410567725007013,-0.208057340102771,-0.636369527014725,0.554288393519005,0.149176545784196,5,0,0.227272727272727,0,0.703282865614817,0.484974762847855,0.321045703624274,0.243896617208843,-0.584173015944934
"1765",1765,9878,"Manaslu","MANA","Manaslu Himal",8163,15,4,2010,"MANA10307",3,"NE Face",NA,NA,NA,TRUE,FALSE,FALSE,FALSE,"2010-09-08","2010-09-30",1420,22,25,"2010-10-03",1,8163,4,6,4,0,4,3,TRUE,FALSE,NA,28.55027771,84.5616684,0,0,NA,221,69,0,0,1,2010,22,25,"FALSE",274.367107684796,1.38121367900398,0,1,0,0.0384615384615385,0.853867363383239,0.626856143317191,0.416616603149457,0.111783696618719,0.621983286459956,71.5712671524439,7.91580132481805,2,0,0.0769230769230769,0,0.601714962887154,0.154865236440119,0.0334655263125971,-0.0298107431579004,0.50355139804494,0.621229412036232,0.106736775374362,2,0,0.0769230769230769,0,0.352951755321463,0.161676531738015,-0.0292880205078827,0.0219304169875407,-0.631958138673155
"1766",1766,9880,"Manaslu","MANA","Manaslu Himal",8163,15,4,2010,"MANA10303",3,"NE Face",NA,NA,NA,TRUE,FALSE,FALSE,FALSE,"2010-09-09","2010-10-01",1430,22,24,"2010-10-03",0,8163,4,2,2,0,0,0,FALSE,TRUE,NA,28.55027771,84.5616684,0,0,10,252,69,0,0,0,2010,22,24,"FALSE",274.351572265625,1.40737497468643,0,1,0,0.04,0.85405273425693,0.630880214691904,0.432552700700355,0.112135205578624,0.672151569807422,70.6340983072917,6.44079519721487,2,0,0.08,0,0.538084772844552,0.171315163055408,0.112191077048224,-0.0635875798395107,0.00727973653924992,0.623770074848229,0.108132394071294,2,0,0.08,0,0.362262040657381,0.159822157451583,-0.0376662371576429,0.0282057719413577,-0.682889269003296
"1767",1767,9883,"Manaslu","MANA","Manaslu Himal",8163,15,4,1989,"MANA89102",1,"S Face (Austrian 1972 rte)",NA,NA,NA,TRUE,FALSE,FALSE,FALSE,"1989-04-09","1989-05-09",NA,30,30,"1989-05-09",2,8163,3,11,8,0,7,1,FALSE,TRUE,"None",28.55027771,84.5616684,0,0,248,247,NA,0,0,1,1980,30,30,"FALSE",266.408059232978,1.76870154516061,0,0,0,0,0.84353195511722,0.6250211744324,0.425225805198418,0.0962870542938925,0.0428186148381427,99.982421875,0,0,0,0,0,NA,NA,NA,NA,NA,0.68787621004986,0.099305659921923,0,0,0,0,0.297295376351246,0.00702399968682612,0.0792491284426797,-0.0206577164234529,-0.0658939429971726
