"PeakID","Variable","Year","Season","CV","ExtremeFreq","AR1","AR2","AR3","AR5","AR10"
"Annapurna I","2m_temperature",1951,"Pre",0.0142168216491987,0.0326086956521739,0.970247226574704,0.938681108861524,0.91320023695823,0.879760478751092,0.833833401308705
"Annapurna I","2m_temperature",1951,"Post",0.0160160521061503,0.0549450549450549,0.970071894239508,0.944647336063188,0.933354504972157,0.877412471152271,0.806888913330881
"Annapurna I","2m_temperature",1952,"Pre",0.0192438501833861,0.184782608695652,0.975793028585528,0.946228644688006,0.933325852886197,0.934627630813632,0.894386932741386
"Annapurna I","2m_temperature",1952,"Post",0.0194536057171337,0.164835164835165,0.98606499343751,0.96478741238916,0.941566794593897,0.892986637025862,0.813630674924659
"Annapurna I","2m_temperature",1953,"Pre",0.0131722660918377,0.0108695652173913,0.964938620255519,0.913849670676449,0.876223664035406,0.831983931245446,0.692281619720171
"Annapurna I","2m_temperature",1953,"Post",0.0197511720290066,0.21978021978022,0.980596263520775,0.956112676919405,0.932819118441808,0.889547658841592,0.817151687145797
"Annapurna I","2m_temperature",1954,"Pre",0.014142405338494,0.0652173913043478,0.961805029454007,0.924545404837515,0.89221878630873,0.825637985137598,0.800129986397908
"Annapurna I","2m_temperature",1954,"Post",0.0187709156319821,0.153846153846154,0.985356747473124,0.958447699765879,0.929040738456281,0.87643482395326,0.726408094147875
"Annapurna I","2m_temperature",1955,"Pre",0.0121712956530706,0.0760869565217391,0.940120149028901,0.866106834139168,0.82627213384917,0.715195118952979,0.677042581951492
"Annapurna I","2m_temperature",1955,"Post",0.0115450573660291,0.032967032967033,0.965307512268042,0.917868098155973,0.892457912446807,0.856783755545582,0.820884925219305
"Annapurna I","2m_temperature",1956,"Pre",0.0199359457249321,0.206521739130435,0.977433732489274,0.950585825017374,0.928674422046975,0.894246030117283,0.829545551106137
"Annapurna I","2m_temperature",1956,"Post",0.0142613903978149,0.0769230769230769,0.962109142204884,0.909818350084374,0.870817179721882,0.819729453371528,0.816585648704426
"Annapurna I","2m_temperature",1957,"Pre",0.0161149950388264,0.152173913043478,0.964669018674349,0.934769769584193,0.908582364702675,0.859940347976774,0.782190186536764
"Annapurna I","2m_temperature",1957,"Post",0.011571486585669,0,0.959062762408011,0.920677919707616,0.897264612067944,0.869026619546931,0.769530815346455
"Annapurna I","2m_temperature",1958,"Pre",0.0157892415751921,0.0543478260869565,0.975574033840632,0.944086425937368,0.918502905725196,0.874209367184383,0.819711256993979
"Annapurna I","2m_temperature",1958,"Post",0.0104956150205742,0.0769230769230769,0.952936166742068,0.884820449552098,0.839968512406615,0.791890557288947,0.705114308693038
"Annapurna I","2m_temperature",1959,"Pre",0.0136723344123476,0.0434782608695652,0.948073213565719,0.881443599903686,0.831811942464455,0.805896062329917,0.768912691652276
"Annapurna I","2m_temperature",1959,"Post",0.0141185749942477,0.0769230769230769,0.96174109853044,0.907415906669407,0.876981144373141,0.855808034794034,0.773719200073394
"Annapurna I","2m_temperature",1960,"Pre",0.0164643585708786,0.130434782608696,0.965456699937599,0.921093437389908,0.88060737532762,0.832456561437886,0.740867116757785
"Annapurna I","2m_temperature",1960,"Post",0.0145094466326294,0.0879120879120879,0.955774545114091,0.895321543364639,0.875150019393998,0.895003826737843,0.815701168810483
"Annapurna I","2m_temperature",1961,"Pre",0.0141209483252289,0.0326086956521739,0.957711668566135,0.914865584745582,0.879667959818845,0.865391583821499,0.840531437063674
"Annapurna I","2m_temperature",1961,"Post",0.0227600105051081,0.340659340659341,0.982121501613676,0.953171834890627,0.933177697165583,0.905760492270502,0.871722830620809
"Annapurna I","2m_temperature",1962,"Pre",0.0153939231115,0.0760869565217391,0.970141274727714,0.932927825141025,0.902043204901449,0.835191243059711,0.807645401209298
"Annapurna I","2m_temperature",1962,"Post",0.0143140080576121,0.010989010989011,0.969592101453519,0.9272536635458,0.893306217277142,0.843516580982689,0.74485249808194
"Annapurna I","2m_temperature",1963,"Pre",0.0151867345903968,0.0978260869565217,0.966437415905121,0.920625641349626,0.885360547567165,0.866344380409923,0.832805849390516
"Annapurna I","2m_temperature",1963,"Post",0.0154291303766585,0.0769230769230769,0.975126984494839,0.946021190027691,0.926332184078654,0.892986360283321,0.861988492562233
"Annapurna I","2m_temperature",1964,"Pre",0.0131638260794289,0.0326086956521739,0.945082776991296,0.886561186462439,0.857483171448429,0.814985154440562,0.685221410437202
"Annapurna I","2m_temperature",1964,"Post",0.0152032091567551,0.0769230769230769,0.974062164866219,0.941089586474096,0.919475032714426,0.859885526951013,0.798266814027681
"Annapurna I","2m_temperature",1965,"Pre",0.0174634853849337,0.16304347826087,0.962265789391862,0.893377678794104,0.841650880910551,0.818677019771911,0.765801505138068
"Annapurna I","2m_temperature",1965,"Post",0.0148297331460877,0.010989010989011,0.970330036212979,0.931475758752601,0.902260362978108,0.867026053415993,0.826993291083175
"Annapurna I","2m_temperature",1966,"Pre",0.0141645632913364,0.0108695652173913,0.940444858864525,0.870629366127053,0.825687080741611,0.794287187043549,0.747598177670283
"Annapurna I","2m_temperature",1966,"Post",0.0124884883657871,0.010989010989011,0.959653099203748,0.906872199294858,0.86657152846184,0.84213140191686,0.721692265444684
"Annapurna I","2m_temperature",1967,"Pre",0.0163775955648612,0.0869565217391304,0.953035614256106,0.888097350238417,0.839093485061028,0.755689607791283,0.762915283696421
"Annapurna I","2m_temperature",1967,"Post",0.0221602482084491,0.340659340659341,0.983185622376735,0.961108368013587,0.95071335423469,0.94662095687358,0.904851653392924
"Annapurna I","2m_temperature",1968,"Pre",0.0142202192618835,0.0652173913043478,0.957400503871143,0.910169562542721,0.878543196796413,0.793048077012502,0.759327650846983
"Annapurna I","2m_temperature",1968,"Post",0.0186149228655167,0.120879120879121,0.988593696185199,0.967928957085861,0.943511421101032,0.904176413385946,0.806371394948331
"Annapurna I","2m_temperature",1969,"Pre",0.0121088564282064,0.0543478260869565,0.931168997079822,0.846038030209725,0.771352823773314,0.66021893154051,0.415039430805986
"Annapurna I","2m_temperature",1969,"Post",0.0117574171061569,0.0549450549450549,0.964504183509378,0.924153712461622,0.890439367379992,0.855782844672115,0.74055117149137
"Annapurna I","2m_temperature",1970,"Pre",0.019768117126532,0.173913043478261,0.97503062651854,0.93644637547953,0.898188602278516,0.843578214067353,0.835481891624258
"Annapurna I","2m_temperature",1970,"Post",0.0162964500350787,0.0989010989010989,0.976472512805193,0.937108004796681,0.903521433141208,0.873039841949693,0.775159648907801
"Annapurna I","2m_temperature",1971,"Pre",0.0163842901501183,0.141304347826087,0.970161069640905,0.940335419579099,0.928175558438256,0.907861367020855,0.83457187584685
"Annapurna I","2m_temperature",1971,"Post",0.018433902892401,0.0989010989010989,0.981097434321141,0.949386549185513,0.921827913854271,0.875216332987198,0.771158765611378
"Annapurna I","2m_temperature",1972,"Pre",0.0143224967766297,0.0869565217391304,0.944599814871296,0.883452977241341,0.856915947891662,0.809221079366219,0.735981338728784
"Annapurna I","2m_temperature",1972,"Post",0.016893929168745,0.10989010989011,0.975239652411353,0.942125062265752,0.920329234096732,0.881647939088003,0.868212537215369
"Annapurna I","2m_temperature",1973,"Pre",0.0182929218975216,0.152173913043478,0.960233623622281,0.922735081774169,0.908309094695795,0.88001622020003,0.846412850203052
"Annapurna I","2m_temperature",1973,"Post",0.0162856610776925,0.131868131868132,0.958749379887681,0.902188135962532,0.863109137442467,0.823358351621959,0.824092155745004
"Annapurna I","2m_temperature",1974,"Pre",0.0127010440617261,0.0326086956521739,0.94417982683192,0.892182225018496,0.865857671945312,0.78966439445155,0.754844222248261
"Annapurna I","2m_temperature",1974,"Post",0.0165050720727126,0.0769230769230769,0.974307791236886,0.931073287687628,0.886700608396514,0.802405854504246,0.691853284445372
"Annapurna I","2m_temperature",1975,"Pre",0.015446745298066,0.0434782608695652,0.959666915786842,0.906997960947435,0.866005713164329,0.793328241083792,0.705349625103683
"Annapurna I","2m_temperature",1975,"Post",0.0116246327617265,0.0549450549450549,0.95919968610023,0.907396990336571,0.877169629087596,0.87107822927995,0.820729375407896
"Annapurna I","2m_temperature",1976,"Pre",0.0161819531884545,0.0869565217391304,0.959353575815864,0.922066207774007,0.915501232553868,0.885767120002732,0.83824342290341
"Annapurna I","2m_temperature",1976,"Post",0.00910750727128315,0,0.930294050260067,0.831268144043184,0.749508317109675,0.632601385321063,0.667978457366507
"Annapurna I","2m_temperature",1977,"Pre",0.0107383217514447,0,0.873273566834798,0.71644874901219,0.610569601598971,0.496737542483749,0.468852771415762
"Annapurna I","2m_temperature",1977,"Post",0.0113555331337588,0.021978021978022,0.950161110385065,0.886828943279055,0.847252260664724,0.798387689737076,0.559846090056991
"Annapurna I","2m_temperature",1978,"Pre",0.0207816597716926,0.239130434782609,0.978026842265727,0.956755783047287,0.94250154369176,0.940143333406148,0.915927499689748
"Annapurna I","2m_temperature",1978,"Post",0.0140574346545619,0.0769230769230769,0.965397650991877,0.923705654063602,0.892714195443607,0.855642322318349,0.670113599484483
"Annapurna I","2m_temperature",1979,"Pre",0.0156654188574704,0.0543478260869565,0.947346394034596,0.902649078330855,0.876074763801886,0.846937906641988,0.801401563680471
"Annapurna I","2m_temperature",1979,"Post",0.0113709724946019,0.010989010989011,0.946525828258812,0.877302923283423,0.822978643333602,0.757202218857907,0.484696444215565
"Annapurna I","2m_temperature",1980,"Pre",0.0177754652586208,0.16304347826087,0.973787086245583,0.953536082642355,0.930813235570989,0.90118727363071,0.857445370606158
"Annapurna I","2m_temperature",1980,"Post",0.0130900454455923,0.032967032967033,0.953667326113192,0.906448842766233,0.896703136753372,0.884028088894888,0.817293060598467
"Annapurna I","2m_temperature",1981,"Pre",0.0178387065907625,0.16304347826087,0.966276662361536,0.910415707337032,0.872726722627949,0.846932882101889,0.841625774714975
"Annapurna I","2m_temperature",1981,"Post",0.0195906088217816,0.21978021978022,0.971269385925349,0.925941959016518,0.880056503248596,0.818309013853007,0.783293602206879
"Annapurna I","2m_temperature",1982,"Pre",0.015388242696447,0.130434782608696,0.950543913901416,0.882984435701793,0.827383075795546,0.729286318721006,0.619453128704252
"Annapurna I","2m_temperature",1982,"Post",0.0153436904413789,0.131868131868132,0.97168511023458,0.92807523579283,0.886622079678509,0.801487922130679,0.718735687059596
"Annapurna I","2m_temperature",1983,"Pre",0.0158254376604872,0.0869565217391304,0.954532647279363,0.901537278607168,0.862094986301593,0.83347065749676,0.804960771805375
"Annapurna I","2m_temperature",1983,"Post",0.0176711625642517,0.10989010989011,0.976843359515661,0.946473622303978,0.925619052115249,0.892308627042423,0.857088857649006
"Annapurna I","2m_temperature",1984,"Pre",0.0160724758844274,0.108695652173913,0.970330218585485,0.925332991283914,0.892551186813936,0.863195943253566,0.768720892181422
"Annapurna I","2m_temperature",1984,"Post",0.0156374402354117,0.0769230769230769,0.961897960307176,0.914062424115924,0.872806772868801,0.818169677822304,0.76604232889091
"Annapurna I","2m_temperature",1985,"Pre",0.0115472805656667,0.0652173913043478,0.918610243547251,0.792374565196492,0.696401408526275,0.647999181429922,0.675266344144506
"Annapurna I","2m_temperature",1985,"Post",0.0149636465470763,0.043956043956044,0.966934317942762,0.919503244271471,0.882954414652972,0.852770046623281,0.812606523651434
"Annapurna I","2m_temperature",1986,"Pre",0.0134294146837547,0.0869565217391304,0.938835137858781,0.863302835684519,0.81215656684561,0.735870672015987,0.680742551026696
"Annapurna I","2m_temperature",1986,"Post",0.0140303512099373,0.0769230769230769,0.964415478697745,0.914766773388003,0.873479050378215,0.777060663146088,0.550615728072983
"Annapurna I","2m_temperature",1987,"Pre",0.013250445517398,0.0543478260869565,0.944102307647637,0.857576743893456,0.766937030609337,0.65745786163297,0.507580624100422
"Annapurna I","2m_temperature",1987,"Post",0.0136256609365779,0.0769230769230769,0.96586467096773,0.919574957747267,0.885987203046956,0.85923779504094,0.704229230809128
"Annapurna I","2m_temperature",1988,"Pre",0.0172942810145159,0.130434782608696,0.966045149641528,0.932160960586297,0.904873130721755,0.889203837156138,0.897322866676653
"Annapurna I","2m_temperature",1988,"Post",0.0174446405725209,0.10989010989011,0.976403555197866,0.94273987170797,0.92981036487175,0.909493606980329,0.843365179012234
"Annapurna I","2m_temperature",1989,"Pre",0.0153513465681995,0.0434782608695652,0.956705662859209,0.910931737071066,0.874071583162261,0.836076920958776,0.742463778071928
"Annapurna I","2m_temperature",1989,"Post",0.0193850044310378,0.153846153846154,0.983572018515391,0.956783035240733,0.933993033211704,0.898587827689993,0.84150260325462
"Annapurna I","2m_temperature",1990,"Pre",0.0197568973903762,0.25,0.976289731130335,0.944555469030407,0.914963376323461,0.879591014526649,0.792397697495275
"Annapurna I","2m_temperature",1990,"Post",0.0158115151179479,0.10989010989011,0.971296312445066,0.92036609220031,0.864711905622157,0.792927953541658,0.812223078100589
"Annapurna I","2m_temperature",1991,"Pre",0.0149125738950614,0.0869565217391304,0.946396280761105,0.906519724296472,0.881462863700722,0.836644732693968,0.787300884150819
"Annapurna I","2m_temperature",1991,"Post",0.0166836159939602,0.0989010989010989,0.974486926136512,0.939360466897779,0.913898472771349,0.868790761972468,0.874964285218572
"Annapurna I","2m_temperature",1992,"Pre",0.0112153107006539,0.0108695652173913,0.911756928092351,0.834388957942604,0.776257602891785,0.710240549389081,0.687544990183253
"Annapurna I","2m_temperature",1992,"Post",0.0151292332519491,0.043956043956044,0.969394618024348,0.935124480405564,0.912595247603882,0.865009782393791,0.842624126365206
"Annapurna I","2m_temperature",1993,"Pre",0.0201284002350766,0.217391304347826,0.973796262204028,0.940217213608171,0.919037894935097,0.892968458641631,0.845142483287658
"Annapurna I","2m_temperature",1993,"Post",0.0112409366835092,0,0.962970681490869,0.928866747874038,0.898386420591744,0.816541967847265,0.736772252649234
"Annapurna I","2m_temperature",1994,"Pre",0.0130833514928047,0.0326086956521739,0.93527280221173,0.835105850194003,0.770109847383608,0.754177102605075,0.576654538667932
"Annapurna I","2m_temperature",1994,"Post",0.0187139106753361,0.197802197802198,0.983350087079471,0.961679318916762,0.944571684375213,0.936225592629775,0.933907631021835
"Annapurna I","2m_temperature",1995,"Pre",0.0182768301083938,0.217391304347826,0.973437242555139,0.936065261022502,0.899142830128474,0.808170764383549,0.688519523462453
"Annapurna I","2m_temperature",1995,"Post",0.0164975900389521,0.120879120879121,0.969856321287254,0.933370434253893,0.911021766486448,0.886668775200372,0.859189757797716
"Annapurna I","2m_temperature",1996,"Pre",0.0141942191223833,0.0652173913043478,0.950783785860547,0.889029772634612,0.812368315818798,0.695100850893985,0.594580164609988
"Annapurna I","2m_temperature",1996,"Post",0.0137492926126589,0.0549450549450549,0.970383200796491,0.930778449962194,0.89233239441637,0.856931297243673,0.771893146720423
"Annapurna I","2m_temperature",1997,"Pre",0.0131760250063765,0.0760869565217391,0.940416661977921,0.873891605162672,0.824245665191717,0.72644096674661,0.709810603133473
"Annapurna I","2m_temperature",1997,"Post",0.0207495164475291,0.274725274725275,0.97716023538316,0.941627717723471,0.915221542597645,0.882848931964443,0.881930468159496
"Annapurna I","2m_temperature",1998,"Pre",0.018586686719347,0.206521739130435,0.961309063558606,0.918464120483668,0.894507843227905,0.867133528662252,0.801606349470396
"Annapurna I","2m_temperature",1998,"Post",0.0157087796249328,0.0879120879120879,0.97507989902908,0.930244009693262,0.887824514596878,0.834394100905587,0.874723755664672
"Annapurna I","2m_temperature",1999,"Pre",0.0163432210921681,0.130434782608696,0.958651137540068,0.904610443606277,0.864975893787222,0.80853682966049,0.839445993923826
"Annapurna I","2m_temperature",1999,"Post",0.0135148723275476,0.010989010989011,0.95152234330133,0.898586459665318,0.84911934377143,0.798089661389703,0.768982532282829
"Annapurna I","2m_temperature",2000,"Pre",0.0211052879485478,0.282608695652174,0.979155701753963,0.957264010156375,0.948555973732563,0.932509128373239,0.885973871001018
"Annapurna I","2m_temperature",2000,"Post",0.0137941180578723,0.0989010989010989,0.952162942430835,0.87919192203621,0.821213066388487,0.751189083037518,0.652395590107324
"Annapurna I","2m_temperature",2001,"Pre",0.0180174941661332,0.141304347826087,0.978072572046517,0.95617741391989,0.940138058319971,0.91865687483418,0.893871241735619
"Annapurna I","2m_temperature",2001,"Post",0.0118800997377473,0.021978021978022,0.947394120412307,0.872345520675136,0.795236509618725,0.667901477707768,0.577546289964231
"Annapurna I","2m_temperature",2002,"Pre",0.0157270583757363,0.0760869565217391,0.953780532851393,0.894361648222104,0.846339727809657,0.769688844835987,0.7085613619216
"Annapurna I","2m_temperature",2002,"Post",0.013831183025803,0.043956043956044,0.962344190086939,0.912661659821681,0.882788499193769,0.860187002405579,0.759540057310511
"Annapurna I","2m_temperature",2003,"Pre",0.0131562377880861,0.0217391304347826,0.94557595627782,0.875602767266375,0.829568004154762,0.794558147107291,0.693789798239618
"Annapurna I","2m_temperature",2003,"Post",0.0120506935412384,0.131868131868132,0.957850337735722,0.904371815431066,0.869833457887186,0.837038997589821,0.785271379793022
"Annapurna I","2m_temperature",2004,"Pre",0.0125426823365297,0.141304347826087,0.935815705080551,0.844604984914332,0.771867828688588,0.603350265066255,0.329701432264622
"Annapurna I","2m_temperature",2004,"Post",0.021344289411907,0.263736263736264,0.971065540703424,0.922210358533852,0.878198800387142,0.807344743352379,0.676588814662022
"Annapurna I","2m_temperature",2005,"Pre",0.0119386840164522,0.0108695652173913,0.932077259537467,0.841669334953194,0.792615727433611,0.705636513324976,0.715023772610374
"Annapurna I","2m_temperature",2005,"Post",0.0155800904957153,0.120879120879121,0.972628019800843,0.926922811939487,0.886756456779125,0.797797563150031,0.619503801690599
"Annapurna I","2m_temperature",2006,"Pre",0.0179558008483561,0.141304347826087,0.964371860719557,0.917409082902521,0.892125395848538,0.871798025465003,0.762271184620185
"Annapurna I","2m_temperature",2006,"Post",0.015886921820232,0.0549450549450549,0.975739701903603,0.943615409132586,0.920705825537774,0.881737010059048,0.834024078472838
"Annapurna I","2m_temperature",2007,"Pre",0.0162835170610456,0.130434782608696,0.966843064642923,0.927437568215419,0.898981567235773,0.886934691018231,0.78439676954579
"Annapurna I","2m_temperature",2007,"Post",0.0155825257926123,0.142857142857143,0.968628779991425,0.907490031349584,0.839099800989381,0.703151216366333,0.509720239581221
"Annapurna I","2m_temperature",2008,"Pre",0.0132611619368337,0,0.964280408784111,0.921401418600538,0.893697196785471,0.862481719236813,0.839506600874068
"Annapurna I","2m_temperature",2008,"Post",0.0113187840652251,0.010989010989011,0.938069400659782,0.84832958902286,0.77891421072335,0.709624518841538,0.55140073437236
"Annapurna I","2m_temperature",2009,"Pre",0.0138249642981595,0.0652173913043478,0.937439864153606,0.880099085579612,0.843709047241473,0.742233777075415,0.644407864348406
"Annapurna I","2m_temperature",2009,"Post",0.0138059443154395,0.010989010989011,0.973504109756574,0.936259316583989,0.89263943904781,0.818797816172196,0.782719668134192
"Annapurna I","2m_temperature",2010,"Pre",0.0133157354573693,0.119565217391304,0.938815729289567,0.860562027288108,0.796040310215634,0.662600178534465,0.532453910899223
"Annapurna I","2m_temperature",2010,"Post",0.0123102372628963,0.0879120879120879,0.945050292607433,0.851127587716995,0.782190425084386,0.751072592369743,0.737684558622991
"Annapurna I","2m_temperature",2011,"Pre",0.0161456428416632,0.0978260869565217,0.968910007651445,0.927722280777382,0.894555095011451,0.848659176060259,0.809868426856658
"Annapurna I","2m_temperature",2011,"Post",0.0144076023657932,0.0989010989010989,0.960551454207125,0.896952635081785,0.848798496435651,0.78321612395344,0.663815470191092
"Annapurna I","2m_temperature",2012,"Pre",0.0157678697893612,0.173913043478261,0.958622207836922,0.903005735332291,0.850278001324286,0.787138596117367,0.647401788299825
"Annapurna I","2m_temperature",2012,"Post",0.0165370578623465,0.10989010989011,0.97229544422131,0.94175743212847,0.914742692546193,0.876129664109222,0.828034797592207
"Annapurna I","2m_temperature",2013,"Pre",0.0156840090602852,0.141304347826087,0.96582778289602,0.923365956260706,0.900243203399096,0.866060306748823,0.826108450840918
"Annapurna I","2m_temperature",2013,"Post",0.0172404307826725,0.10989010989011,0.971895768143755,0.936310965026206,0.910470273376326,0.852108319140133,0.710996433489496
"Annapurna I","2m_temperature",2014,"Pre",0.0165917914712967,0.152173913043478,0.966633067446594,0.926009927814777,0.889598679764915,0.833705639748673,0.837815882183683
"Annapurna I","2m_temperature",2014,"Post",0.0137307466542843,0.0549450549450549,0.967047564210447,0.92023976718128,0.887658450120583,0.846653569464855,0.730332989676557
"Annapurna I","2m_temperature",2015,"Pre",0.0154652164105294,0.0869565217391304,0.956825504830736,0.910508398028975,0.881124821408301,0.844258405247429,0.793357313856018
"Annapurna I","2m_temperature",2015,"Post",0.0136436119321176,0.0769230769230769,0.94352684709349,0.863343059436339,0.801516485644556,0.769507927698476,0.761511058428836
"Annapurna I","2m_temperature",2016,"Pre",0.0138158038204434,0.0869565217391304,0.933309210240286,0.853217700729537,0.792796092464012,0.748234511702561,0.691357493943844
"Annapurna I","2m_temperature",2016,"Post",0.0125849836032237,0.153846153846154,0.966422929117996,0.917339538331292,0.873702684863758,0.80769904584215,0.7329676331874
"Annapurna I","2m_temperature",2017,"Pre",0.0173579612319041,0.0869565217391304,0.970176035740089,0.928656423822289,0.883044351046304,0.793360670581214,0.506527828910668
"Annapurna I","2m_temperature",2017,"Post",0.0147972061412178,0.0769230769230769,0.972483344071708,0.935406158054823,0.911489159845331,0.903295276689538,0.828606749424449
"Annapurna I","2m_temperature",2018,"Pre",0.0148611297087332,0.0978260869565217,0.956922616291837,0.898205002826793,0.871488063354503,0.865064461431356,0.828851721325376
"Annapurna I","2m_temperature",2018,"Post",0.0143405897934427,0.120879120879121,0.972738078872994,0.935002738218576,0.908877768083198,0.864144458409903,0.771351003247081
"Annapurna I","2m_temperature",2019,"Pre",0.0149284141950671,0.0217391304347826,0.95921311299988,0.904155257618609,0.873563356098811,0.855734625775079,0.810558898335883
"Annapurna I","2m_temperature",2019,"Post",0.0133649223836773,0.197802197802198,0.967312792381072,0.909677564693791,0.853465285663645,0.789845055549154,0.75976050410875
"Annapurna I","2m_temperature",2020,"Pre",0.0163985340264513,0.0760869565217391,0.963094849272408,0.919573937841782,0.890371008508722,0.83530067688398,0.750426866809185
"Annapurna I","2m_temperature",2020,"Post",0.0186537326724646,0.340659340659341,0.973245308080791,0.941269449633103,0.926264208132298,0.9129865205572,0.849431624701337
"Annapurna I","2m_temperature",2021,"Pre",0.0123989363240904,0.0434782608695652,0.920728806285168,0.84153067130526,0.798179855464043,0.752475020557867,0.745837114597633
"Annapurna I","2m_temperature",2021,"Post",0.0126941480111188,0.0659340659340659,0.957644258211127,0.892274225033624,0.829397476792206,0.734989035227656,0.622958628965489
"Annapurna I","snow_cover",1951,"Pre",0,0,NA,NA,NA,NA,NA
"Annapurna I","snow_cover",1951,"Post",0.220035945028693,0.153846153846154,0.876067607560153,0.663439391650848,0.43515711300257,-0.0111651188830837,-0.0863221119234949
"Annapurna I","snow_cover",1952,"Pre",0.138905439219319,0,0.991280291671343,0.9681191247508,0.934395769655138,0.835368121699762,0.449729237833141
"Annapurna I","snow_cover",1952,"Post",0.152765298917855,0.142857142857143,0.844760051242723,0.568173101379931,0.318271961858054,-0.00072317992995338,-0.0276996906853332
"Annapurna I","snow_cover",1953,"Pre",0.263588628861685,0,0.980570948055546,0.958637065169963,0.949150673761344,0.919639192331933,0.861579491501219
"Annapurna I","snow_cover",1953,"Post",0.152446139121699,0.164835164835165,0.890456294930354,0.659809471332111,0.424393997241155,0.102439773855559,-0.141798256710316
"Annapurna I","snow_cover",1954,"Pre",0.244548581870847,0.0434782608695652,0.9952978977885,0.983235773179852,0.966207800749882,0.922129250603203,0.794200036230115
"Annapurna I","snow_cover",1954,"Post",0.0483164223958531,0.021978021978022,0.733867060613195,0.408397064669227,0.201288005119014,0.00679024648726371,-0.113664498263053
"Annapurna I","snow_cover",1955,"Pre",0.27790271348736,0.0217391304347826,0.975594167120741,0.93439787530071,0.890789045247997,0.792153960236445,0.718464056567025
"Annapurna I","snow_cover",1955,"Post",0.0332446597305348,0.010989010989011,0.730464518623077,0.24782986928763,0.0699295169912832,-0.0382834785203106,0.0173642809560446
"Annapurna I","snow_cover",1956,"Pre",0.295968793038229,0.184782608695652,0.994249027307875,0.97991728721833,0.961353836349997,0.920304904205454,0.815436947091868
"Annapurna I","snow_cover",1956,"Post",0.0559914826853905,0.021978021978022,0.854867342749364,0.720784612906601,0.577089267249947,0.288039442254236,-0.131413886043679
"Annapurna I","snow_cover",1957,"Pre",0.247788487531729,0,0.994879633310522,0.981770465300968,0.963480706532648,0.918122675024472,0.789422839927709
"Annapurna I","snow_cover",1957,"Post",0.0204814401977195,0.010989010989011,0.798756618108771,0.477815320371355,0.304135751292845,0.107710387524805,0.105352736720983
"Annapurna I","snow_cover",1958,"Pre",0.302104630395168,0.0652173913043478,0.99526048633742,0.983205461278682,0.966723183735006,0.926101983349412,0.813407377483945
"Annapurna I","snow_cover",1958,"Post",0.0362046980840559,0.175824175824176,0.704049663553887,0.315920463224973,0.121570066383026,-0.049016955217969,-0.112454166621293
"Annapurna I","snow_cover",1959,"Pre",0.287457563791136,0.0543478260869565,0.995471060186608,0.983904049396899,0.96813526299782,0.92954006367275,0.817140478103811
"Annapurna I","snow_cover",1959,"Post",0.020455175803205,0.021978021978022,0.757362231693927,0.374207350810281,0.132435931444863,0.000564826586374037,0.0391414423103192
"Annapurna I","snow_cover",1960,"Pre",0.290892555894502,0.0760869565217391,0.974468576148332,0.923722041790328,0.858770066352472,0.710742264820261,0.521510106136768
"Annapurna I","snow_cover",1960,"Post",0.0498362921600079,0.043956043956044,0.804945396747853,0.511866198492391,0.370574322299799,0.217172851871583,-0.112781050908576
"Annapurna I","snow_cover",1961,"Pre",0.285459674621842,0.0217391304347826,0.994770955988864,0.981404453501503,0.963396009965503,0.921465378272098,0.809401992358474
"Annapurna I","snow_cover",1961,"Post",0.22048853609284,0.21978021978022,0.984592280421285,0.952237793332796,0.915646929117223,0.849256960895107,0.720935758245261
"Annapurna I","snow_cover",1962,"Pre",0.281450311210911,0,0.995821116551753,0.989124269249839,0.979628823545057,0.952485772226056,0.850023316518697
"Annapurna I","snow_cover",1962,"Post",0.0127449426271696,0,0.808467546651087,0.507489958263786,0.283919277350037,-0.015404417812463,0.307174012061228
"Annapurna I","snow_cover",1963,"Pre",0.28846830602882,0,0.987641904407034,0.963167167637017,0.932175133733962,0.859120301671534,0.715143457838996
"Annapurna I","snow_cover",1963,"Post",0.136357501108694,0.175824175824176,0.93390535605296,0.843693498606342,0.784099738486513,0.712964557823644,0.552868192132286
"Annapurna I","snow_cover",1964,"Pre",0.300778683793742,0.0978260869565217,0.993028111245957,0.976634572133857,0.956078561081723,0.911139584249464,0.781262413721072
"Annapurna I","snow_cover",1964,"Post",0.084756608921093,0.0549450549450549,0.829928092661732,0.620188038111959,0.537665441251328,0.414578151386562,0.260447197512668
"Annapurna I","snow_cover",1965,"Pre",0.286456598262087,0.0108695652173913,0.994399592043474,0.982360771592246,0.966437826400327,0.92697654567322,0.818138896502878
"Annapurna I","snow_cover",1965,"Post",0.083451892156717,0.10989010989011,0.908769660063175,0.788277387760078,0.617415216437917,0.254722057165806,-0.0443095215554334
"Annapurna I","snow_cover",1966,"Pre",0.126107849906979,0.0869565217391304,0.844992214063164,0.653623707951694,0.62006575624919,0.663391460014882,0.560625897798958
"Annapurna I","snow_cover",1966,"Post",0.0698475248718873,0.021978021978022,0.676258549259534,0.400180340112889,0.201938691069165,-0.0169963922016072,-0.161649715405957
"Annapurna I","snow_cover",1967,"Pre",0.274160694860704,0.0326086956521739,0.98149354969869,0.944911403767901,0.905910307904325,0.830692188716165,0.634633563935404
"Annapurna I","snow_cover",1967,"Post",0.25176766899083,0.274725274725275,0.976523000097594,0.941079811609915,0.910027898558566,0.864507082341124,0.649424130912785
"Annapurna I","snow_cover",1968,"Pre",0.254526960145372,0,0.995032636409449,0.981952220363538,0.963457350401496,0.917782299982203,0.792810491972263
"Annapurna I","snow_cover",1968,"Post",0.0692300600778156,0.0989010989010989,0.747053033265102,0.384589838782714,0.186796723927045,0.0390299462410305,-0.0903266963442821
"Annapurna I","snow_cover",1969,"Pre",0.264126935465674,0.0326086956521739,0.940607765852048,0.837106077087681,0.718194321175843,0.456271362629698,0.092906538449042
"Annapurna I","snow_cover",1969,"Post",0.0224458673191234,0,0.688608488827491,0.322163566216605,0.210963889295412,0.0858896654753155,-0.221774226100321
"Annapurna I","snow_cover",1970,"Pre",0.305145023318898,0.0869565217391304,0.994447246507273,0.981950932140362,0.967365324355123,0.932490620268935,0.818188286812625
"Annapurna I","snow_cover",1970,"Post",0.0317355105668541,0,0.890570522395278,0.738171024354792,0.630524135869284,0.367962990279914,-0.154620177444272
"Annapurna I","snow_cover",1971,"Pre",0.296202989905568,0,0.988176162577984,0.961052295186681,0.928020041319845,0.85939041739457,0.719449810671074
"Annapurna I","snow_cover",1971,"Post",0.145343884574632,0.186813186813187,0.834865283195717,0.631707438839895,0.422200045756619,0.128781415477088,-0.144758079989069
"Annapurna I","snow_cover",1972,"Pre",0.282210799507628,0.0978260869565217,0.965623188409236,0.929388038851501,0.904228828916593,0.863547709791322,0.739463063025995
"Annapurna I","snow_cover",1972,"Post",0.241323011716232,0.285714285714286,0.942394315030969,0.834174239170819,0.72327038033083,0.525068424927426,0.261339907869039
"Annapurna I","snow_cover",1973,"Pre",0.301296088835567,0.108695652173913,0.994473102558111,0.980685253092505,0.96261062417413,0.92112635470786,0.808680065045414
"Annapurna I","snow_cover",1973,"Post",0.134600768498482,0.153846153846154,0.706777969822585,0.300878702569738,0.0514903061762106,-0.0427019100475176,-0.00397156741740618
"Annapurna I","snow_cover",1974,"Pre",0.273331488699091,0.0543478260869565,0.974341039002902,0.936311998866603,0.902305250098118,0.814566512721258,0.740756577369829
"Annapurna I","snow_cover",1974,"Post",0.0145100409818562,0.032967032967033,0.787744268170744,0.430815512058701,0.12331834708232,-0.0802887945620809,-0.149975512092572
"Annapurna I","snow_cover",1975,"Pre",0.276637772933129,0.0869565217391304,0.994636026258071,0.980895837344332,0.962292624396764,0.918771283670051,0.806397298334997
"Annapurna I","snow_cover",1975,"Post",0.103004703395349,0.043956043956044,0.624849285188746,0.268692765009251,0.0800437046845505,-0.0330681666404113,-0.0468610911894364
"Annapurna I","snow_cover",1976,"Pre",0.297585292788945,0.0108695652173913,0.993902599541148,0.980407775893881,0.964770575567778,0.929964308851581,0.822851836592435
"Annapurna I","snow_cover",1976,"Post",0.0180103538005689,0,0.804206416502375,0.500988309922691,0.277709264605244,0.381372202890449,0.127591866338516
"Annapurna I","snow_cover",1977,"Pre",0.0808895481953371,0,0.779397661621529,0.553022823029384,0.398377743666681,0.038298982266234,0.24740746934558
"Annapurna I","snow_cover",1977,"Post",0.069982167871466,0.032967032967033,0.749541044294954,0.494131339216516,0.377561568209314,0.197305369641006,0.0464819398715947
"Annapurna I","snow_cover",1978,"Pre",0.263365904531362,0.130434782608696,0.994875572691923,0.981155889836359,0.96208408591285,0.916957729584156,0.795864734162947
"Annapurna I","snow_cover",1978,"Post",0.158217035647961,0.164835164835165,0.941156268163357,0.864081207097719,0.835431092441492,0.702790935920261,0.380518592308089
"Annapurna I","snow_cover",1979,"Pre",0.292788534014771,0.0543478260869565,0.995673904050632,0.984604731555731,0.96892802202167,0.929186305435129,0.818403946374314
"Annapurna I","snow_cover",1979,"Post",0.0725004474280117,0.032967032967033,0.399381867939583,0.317150339937606,0.0440773703939672,0.076323795807965,-0.117156343112837
"Annapurna I","snow_cover",1980,"Pre",0.293924367702238,0,0.994997924543319,0.981867181426548,0.963850506148964,0.921771356020019,0.811597473974468
"Annapurna I","snow_cover",1980,"Post",0.0374958077849461,0.043956043956044,0.899489929116919,0.739806760829171,0.650493210235531,0.570681341176212,0.0652302459897348
"Annapurna I","snow_cover",1981,"Pre",0.285755262244209,0,0.996506096803105,0.987593215345924,0.974439371858198,0.938066269107214,0.833469484991713
"Annapurna I","snow_cover",1981,"Post",0.131420788997663,0.120879120879121,0.880145900561112,0.768980343763583,0.69197733958308,0.539587082217558,0.310972251034214
"Annapurna I","snow_cover",1982,"Pre",0.253292633448669,0,0.989487435145103,0.971616092953301,0.95265218192832,0.905448206715252,0.768677988782922
"Annapurna I","snow_cover",1982,"Post",0.207447090858467,0.197802197802198,0.932910071716761,0.809146418764825,0.664694517206489,0.286477766810268,0.0559367122570891
"Annapurna I","snow_cover",1983,"Pre",0.249676409123967,0,0.993996503098943,0.978716386785982,0.957747161981913,0.908721007069696,0.77981522778507
"Annapurna I","snow_cover",1983,"Post",0.0602728024895381,0.0659340659340659,0.73663917680938,0.38445526986949,0.173252424595659,0.0140684516355139,0.0109678636551231
"Annapurna I","snow_cover",1984,"Pre",0.276300177460356,0.25,0.977795636509588,0.94799456530569,0.913527846644862,0.837243148322731,0.636183917696267
"Annapurna I","snow_cover",1984,"Post",0.0792835289335541,0.032967032967033,0.915259593110998,0.816355769398496,0.768333395597528,0.700132614134122,0.58315997681651
"Annapurna I","snow_cover",1985,"Pre",0.205559827782088,0.0652173913043478,0.974774629781336,0.913118208954847,0.832603914775767,0.653724191319287,0.0984773698529602
"Annapurna I","snow_cover",1985,"Post",0.0865952799647332,0.0549450549450549,0.829022708987788,0.557235177880086,0.352596339898134,0.155102381234063,0.0543859700655166
"Annapurna I","snow_cover",1986,"Pre",0.274303813433473,0.0434782608695652,0.994541741651391,0.98074455637787,0.962612954181879,0.921148298096445,0.805996691405049
"Annapurna I","snow_cover",1986,"Post",0.184173109995005,0.142857142857143,0.911270878009936,0.769743723610049,0.607425660449308,0.28124391207553,-0.0907600084904381
"Annapurna I","snow_cover",1987,"Pre",0.286947846892579,0,0.974538685554531,0.922799567846295,0.862118704891605,0.716845645781708,0.512398523233721
"Annapurna I","snow_cover",1987,"Post",0.180841206948729,0.164835164835165,0.889053787585786,0.723273759030871,0.535185997622725,0.179501780739999,-0.0638064776743317
"Annapurna I","snow_cover",1988,"Pre",0.301306379114627,0.119565217391304,0.993954068105386,0.979021014271229,0.960132706771837,0.918005281030223,0.80953213409977
"Annapurna I","snow_cover",1988,"Post",0.0765347438809887,0.0659340659340659,0.762982627834633,0.45798410976098,0.330973451480156,0.169136496088217,-0.0641314793117886
"Annapurna I","snow_cover",1989,"Pre",0.271539292323078,0.0652173913043478,0.995142289365025,0.983528360930932,0.96833733272196,0.933486776315764,0.824531984915238
"Annapurna I","snow_cover",1989,"Post",0.213405142547904,0.230769230769231,0.979858692929971,0.940320553552397,0.902400974897312,0.821317893433744,0.440166567616916
"Annapurna I","snow_cover",1990,"Pre",0.267393279273075,0,0.995093144097858,0.982247793626793,0.964767705977543,0.923514029926592,0.810227081756234
"Annapurna I","snow_cover",1990,"Post",0.0708614153629092,0.0989010989010989,0.877603118677885,0.693912120594849,0.531042438613259,0.249704647352746,0.0357732793645911
"Annapurna I","snow_cover",1991,"Pre",0.282904140501561,0.108695652173913,0.995425223889578,0.983552934460045,0.967526316588962,0.928939509539647,0.816859959194891
"Annapurna I","snow_cover",1991,"Post",0.12502498613717,0.0769230769230769,0.894458612907402,0.751100096682579,0.650964707697251,0.489244140158509,0.250276287768884
"Annapurna I","snow_cover",1992,"Pre",0.290159140657897,0.0108695652173913,0.995985650678981,0.985770972674554,0.971323092072538,0.934626190930378,0.825603467458392
"Annapurna I","snow_cover",1992,"Post",0.131027849980701,0.175824175824176,0.868627211941014,0.726228622361601,0.674235670148034,0.47947922606494,0.505365258887656
"Annapurna I","snow_cover",1993,"Pre",0.256509594456896,0.0326086956521739,0.994741584399796,0.980939176354654,0.961745923029073,0.915899696405202,0.790970310413073
"Annapurna I","snow_cover",1993,"Post",0.0366763179767254,0,0.83730927676635,0.635432470295281,0.466436355264565,0.0967013879266388,0.0375494900160833
"Annapurna I","snow_cover",1994,"Pre",0.286740462802468,0,0.990561295021615,0.973556863414197,0.955621267217652,0.920789770308061,0.809960963555538
"Annapurna I","snow_cover",1994,"Post",0.131883480765944,0.175824175824176,0.938622160446097,0.786500430488243,0.604837417965913,0.730500236522323,0.745435234567526
"Annapurna I","snow_cover",1995,"Pre",0.254056908187211,0.0108695652173913,0.994864154653477,0.981502812593253,0.9634823817017,0.921058838559127,0.797712950239871
"Annapurna I","snow_cover",1995,"Post",0.177183014320861,0.0989010989010989,0.888038459894706,0.724824578735238,0.542123963292272,0.227587658935711,-0.0294927135033398
"Annapurna I","snow_cover",1996,"Pre",0.29063030577409,0.0434782608695652,0.993865697832925,0.978726734371644,0.958738314378918,0.914726560970572,0.813326042247605
"Annapurna I","snow_cover",1996,"Post",0.160764362234202,0.0879120879120879,0.870551696810954,0.635514741955418,0.409764666323667,0.109737053715993,-0.128410359844596
"Annapurna I","snow_cover",1997,"Pre",0.253078931269289,0,0.994804988835709,0.98138040848687,0.963140359264533,0.919379690761919,0.796948799083874
"Annapurna I","snow_cover",1997,"Post",0.216857508948545,0.263736263736264,0.932101089791821,0.835729252099302,0.772548189902841,0.671998739675238,0.556614601337422
"Annapurna I","snow_cover",1998,"Pre",0.241540088117633,0.119565217391304,0.994517428679279,0.980338179719536,0.960937271316516,0.915419526992608,0.790803009604926
"Annapurna I","snow_cover",1998,"Post",0.087702547695286,0.0769230769230769,0.90169678487934,0.714044097024891,0.533580365135407,0.228541252219554,0.0512788213581277
"Annapurna I","snow_cover",1999,"Pre",0.230285459470544,0.16304347826087,0.970642728901925,0.905843539366482,0.831552572588023,0.679724867346678,0.158670175368554
"Annapurna I","snow_cover",1999,"Post",0.0231043556433391,0.0549450549450549,0.715077300677639,0.317561335186238,0.0781785071958273,-0.141611898616985,-0.0950293959914692
"Annapurna I","snow_cover",2000,"Pre",0.275600942925971,0.0760869565217391,0.995761124241014,0.985616011359712,0.971512902541675,0.933255793803189,0.821114665182409
"Annapurna I","snow_cover",2000,"Post",0.106855349425642,0.043956043956044,0.859006684085195,0.669500622901357,0.521871785863598,0.474182704477982,0.565482785928793
"Annapurna I","snow_cover",2001,"Pre",0.171952454320468,0.0434782608695652,0.957071996580497,0.893756282891609,0.863041093779925,0.841838772448622,0.850592525983932
"Annapurna I","snow_cover",2001,"Post",0.0162273826732007,0,0.706020873127577,0.413953517885651,0.227824062229648,0.128290107485213,0.073240826367635
"Annapurna I","snow_cover",2002,"Pre",0.294458261044128,0.0543478260869565,0.992423100746292,0.98041179106915,0.965605684785411,0.920753767922455,0.803068087117236
"Annapurna I","snow_cover",2002,"Post",0.16656571049337,0.0769230769230769,0.91196251664881,0.74088076553697,0.574346340533548,0.328023681278474,-0.04439916935525
"Annapurna I","snow_cover",2003,"Pre",0.294780391997549,0.0543478260869565,0.995289042982921,0.983165995959531,0.966787040563164,0.927333776263287,0.818701108470171
"Annapurna I","snow_cover",2003,"Post",0.00997723282843598,0.043956043956044,0.746204853831293,0.430589857239784,0.263244152047953,0.312241283354867,0.0404185215638692
"Annapurna I","snow_cover",2004,"Pre",0.273816117063866,0.0978260869565217,0.985643198061137,0.958392295992079,0.924818884961058,0.846286625841586,0.617270746501726
"Annapurna I","snow_cover",2004,"Post",0.229550190630091,0.21978021978022,0.950880041521518,0.886684736556343,0.848335352084436,0.757714716726631,0.32910819799984
"Annapurna I","snow_cover",2005,"Pre",0.290537275126433,0.0543478260869565,0.995347347422049,0.983185882074218,0.966454283665138,0.926445079298029,0.816233427471473
"Annapurna I","snow_cover",2005,"Post",0.0340756114458093,0.0659340659340659,0.849151505529889,0.641173160300931,0.513481200013302,0.525360294828593,0.253368760272622
"Annapurna I","snow_cover",2006,"Pre",0.29288050848334,0.119565217391304,0.951680612012073,0.860619143805596,0.759949964635221,0.558250165120043,0.156185782680856
"Annapurna I","snow_cover",2006,"Post",0.0600004358472679,0.032967032967033,0.91970201576113,0.787391350336068,0.689459610983107,0.543216000775098,0.168323068272478
"Annapurna I","snow_cover",2007,"Pre",0.301081653658816,0.0434782608695652,0.994881884526441,0.981941574759321,0.964582291274204,0.923731957695278,0.815399484952257
"Annapurna I","snow_cover",2007,"Post",0.0582888961271051,0.10989010989011,0.847114515905052,0.623103675663617,0.475596993105474,0.169923015849412,-0.212135625797296
"Annapurna I","snow_cover",2008,"Pre",0.294037811686819,0.0434782608695652,0.979849953079825,0.952371598407911,0.927282685638132,0.886247823339307,0.786856690057345
"Annapurna I","snow_cover",2008,"Post",0.0576364178140483,0.010989010989011,0.667510112422795,0.297405016496162,0.0904795434509933,-0.0680838168041719,-0.0641535566425491
"Annapurna I","snow_cover",2009,"Pre",0.124789304853517,0.0543478260869565,0.860611382802658,0.716172960837754,0.568889162237055,0.43612038208479,0.112614640916585
"Annapurna I","snow_cover",2009,"Post",0.0375879647150359,0.010989010989011,0.819099544393537,0.610388793358671,0.546875352195542,0.426100014491512,-0.0640161060610867
"Annapurna I","snow_cover",2010,"Pre",0.203803909387636,0.119565217391304,0.984688401715972,0.942919930205337,0.882968559894202,0.741336474357095,0.774968735891703
"Annapurna I","snow_cover",2010,"Post",0.0190012088788564,0.0879120879120879,0.740781562614813,0.409579838060678,0.250053375345772,0.238985270688071,0.0702149518421373
"Annapurna I","snow_cover",2011,"Pre",0.260851960603488,0.0434782608695652,0.972151850521035,0.929040755184061,0.889745064853577,0.810228977615434,0.623230635652466
"Annapurna I","snow_cover",2011,"Post",0.301523500907671,0.351648351648352,0.970556671354021,0.931956449360335,0.886139465105146,0.811310575800342,0.681652573465524
"Annapurna I","snow_cover",2012,"Pre",0.29317633649188,0.0108695652173913,0.995968119486103,0.986138260496217,0.973241902637126,0.94347761755332,0.838975362835135
"Annapurna I","snow_cover",2012,"Post",0.0428129757457664,0.0549450549450549,0.82166256288656,0.601974361120352,0.466867729205375,0.252266992244132,0.0584322584458408
"Annapurna I","snow_cover",2013,"Pre",0.296420113610982,0.130434782608696,0.990096216036635,0.968526238223991,0.945325975290776,0.900552302749137,0.780577647175792
"Annapurna I","snow_cover",2013,"Post",0.0708880227895882,0.0769230769230769,0.847514524677217,0.586559978486961,0.407548071160313,0.182667581935251,-0.0487043172747222
"Annapurna I","snow_cover",2014,"Pre",0.290234237983906,0,0.996078681675054,0.988065023078679,0.978174112107674,0.953965640378746,0.863775843622153
"Annapurna I","snow_cover",2014,"Post",0.200621571662097,0.208791208791209,0.921285393024501,0.787373845730888,0.636553495636851,0.307147367678708,-0.0805665641838873
"Annapurna I","snow_cover",2015,"Pre",0.223197911048948,0,0.99358446774844,0.976572109817082,0.953118824974907,0.897361669553783,0.743912199476277
"Annapurna I","snow_cover",2015,"Post",0.0911135633466313,0.0989010989010989,0.843615720425988,0.578236305682748,0.374522024074927,0.152141040800367,-0.0477459176741886
"Annapurna I","snow_cover",2016,"Pre",0.157460652283464,0,0.950026969406612,0.835541316214727,0.684832804889825,0.382994758866308,0.431403813339372
"Annapurna I","snow_cover",2016,"Post",0.003335870764311,0.10989010989011,0.603598921520661,0.300837055421092,0.27135296021813,-0.00697920613387255,-0.00644109918029264
"Annapurna I","snow_cover",2017,"Pre",0.28602371266566,0.0434782608695652,0.974905130744819,0.924998259502689,0.869418594572907,0.755679836137895,0.498305630138405
"Annapurna I","snow_cover",2017,"Post",0.0293605192245567,0.0769230769230769,0.864137604551789,0.647800931791303,0.415965640676099,0.0993663015641617,0.107878434238239
"Annapurna I","snow_cover",2018,"Pre",0.0691114669035854,0.0543478260869565,0.826007090889216,0.553244924901947,0.365661121942221,0.297685735027329,0.513874057097899
"Annapurna I","snow_cover",2018,"Post",0.0569664603609332,0.0989010989010989,0.901541569926549,0.780194033983609,0.66540729458255,0.413886798992137,0.000458870258255542
"Annapurna I","snow_cover",2019,"Pre",0.281859600904262,0.0326086956521739,0.996329882666968,0.986115247473772,0.971076685995226,0.932363902778495,0.820877381015322
"Annapurna I","snow_cover",2019,"Post",0.0375846435125923,0.0879120879120879,0.699282907052954,0.363309679705761,0.17334105340405,-0.00955062354002406,-0.00488255644601965
"Annapurna I","snow_cover",2020,"Pre",0.26826566575878,0.0326086956521739,0.98406115702846,0.967026315572472,0.951403870902341,0.938266788047735,0.852113892008907
"Annapurna I","snow_cover",2020,"Post",0.0869303880237112,0.230769230769231,0.859016675123652,0.704212333125069,0.619048748065661,0.534493562690923,0.138847958382515
"Annapurna I","snow_cover",2021,"Pre",0.1911819068468,0,0.907825081895359,0.739533925391351,0.595329763054159,0.335333256610331,-0.118988998215416
"Annapurna I","snow_cover",2021,"Post",0.0443910205113591,0.0989010989010989,0.772242955219225,0.419706936946702,0.18801784697404,0.051467028910325,-0.11999891474484
"Annapurna I","windspeed",1951,"Pre",0.104385667700849,0.0652173913043478,0.409605812679142,0.117397640085667,0.0911289813258784,0.25852785980441,0.0681187771792675
"Annapurna I","windspeed",1951,"Post",0.185481664508513,0.131868131868132,0.664825869882771,0.36587647970633,0.183684163247429,-0.0031028940682488,-0.125414722204751
"Annapurna I","windspeed",1952,"Pre",0.152289725151109,0.206521739130435,0.495081435951347,0.139233221453772,0.0196887792919233,0.194777886412473,-0.0447767705093786
"Annapurna I","windspeed",1952,"Post",0.189404164588172,0.10989010989011,0.76081920492469,0.663570103529439,0.618363132328323,0.47268566847701,0.311992835025232
"Annapurna I","windspeed",1953,"Pre",0.126079557398953,0.141304347826087,0.459608049468795,0.100368037925682,0.126148736538728,0.148686805206559,0.00267738336681232
"Annapurna I","windspeed",1953,"Post",0.179689950510137,0.186813186813187,0.754116357550934,0.605142649579494,0.493991000824091,0.378325482405818,0.332351738023025
"Annapurna I","windspeed",1954,"Pre",0.099070031518348,0.0434782608695652,0.387087377005174,0.151759143599544,0.0683316372220192,-0.042998262494341,-0.196814415981198
"Annapurna I","windspeed",1954,"Post",0.192903458503296,0.175824175824176,0.827240339394676,0.765515009580338,0.657450948715088,0.525202289666171,0.282016993157089
"Annapurna I","windspeed",1955,"Pre",0.107760295722541,0.0760869565217391,0.302217613503637,-0.155496029046431,-0.0506782032687695,0.00532811804635507,-0.346454497129438
"Annapurna I","windspeed",1955,"Post",0.14172687600515,0.0769230769230769,0.522365560144122,0.308032714531237,0.193171332726823,-0.0460148136752264,0.238333258643613
"Annapurna I","windspeed",1956,"Pre",0.13040156326508,0.119565217391304,0.598579689036651,0.33640519000994,0.269529102677966,0.0237471383649308,-0.013764445800932
"Annapurna I","windspeed",1956,"Post",0.206355438588033,0.175824175824176,0.587567668705078,0.39930694447212,0.318484061066555,0.103080098191477,0.0724731250622766
"Annapurna I","windspeed",1957,"Pre",0.102688885953981,0.0869565217391304,0.490354906791926,0.356071874272274,0.222270344136036,0.139238344284268,-0.160335634092258
"Annapurna I","windspeed",1957,"Post",0.116547853869214,0.010989010989011,0.609004015497061,0.42320023342173,0.222468946457191,0.0369370400962557,-0.116782485213589
"Annapurna I","windspeed",1958,"Pre",0.111006963202681,0.0869565217391304,0.52488082509811,0.256509854600505,0.111270501458246,0.0199582993390188,-0.167808725256821
"Annapurna I","windspeed",1958,"Post",0.137275543189519,0.0549450549450549,0.626654199286298,0.404145171626208,0.185709853009749,0.0497951541816523,-0.0141205387902432
"Annapurna I","windspeed",1959,"Pre",0.15253363189541,0.141304347826087,0.748825528146334,0.552444258649329,0.447729579174436,0.288728460189353,-0.0505777169201541
"Annapurna I","windspeed",1959,"Post",0.159740531781998,0.0989010989010989,0.671410717708781,0.461645361165106,0.410067323114848,0.419307242959457,0.370322373742792
"Annapurna I","windspeed",1960,"Pre",0.109224031896255,0.141304347826087,0.473871363746159,0.259154212466157,0.0870079605503783,0.0431339852135894,0.0170880854374286
"Annapurna I","windspeed",1960,"Post",0.152500245205326,0.0769230769230769,0.769107570570744,0.555162351781245,0.444068469604271,0.30104403990571,0.0422255377310403
"Annapurna I","windspeed",1961,"Pre",0.11293649521497,0.0760869565217391,0.535091544887318,0.283646109748277,0.119086736514708,0.054438679603914,-0.179710363547327
"Annapurna I","windspeed",1961,"Post",0.21469662382409,0.230769230769231,0.734461455351967,0.542200176502399,0.546262834654978,0.438708420718265,0.431659315857788
"Annapurna I","windspeed",1962,"Pre",0.107906744974548,0.0760869565217391,0.665126242846342,0.511699759501873,0.480328754676798,0.134388455191002,0.130283935329796
"Annapurna I","windspeed",1962,"Post",0.136041541667631,0.0549450549450549,0.737406854837577,0.474399386127139,0.302412846133283,0.251471609933852,0.186640515417654
"Annapurna I","windspeed",1963,"Pre",0.105193973470837,0.0760869565217391,0.554954557810959,0.218210551965807,-0.0865962858425297,-0.0976873595760761,-0.0386353131853374
"Annapurna I","windspeed",1963,"Post",0.145285974148477,0.0659340659340659,0.385736965622905,0.022958822073455,-0.0230539550092752,0.0884803711128911,-0.036633945151607
"Annapurna I","windspeed",1964,"Pre",0.105724896535906,0.119565217391304,0.483990050480976,0.264265484237366,0.325110810935016,-0.123902182829583,-0.21817794483437
"Annapurna I","windspeed",1964,"Post",0.162221643899131,0.0989010989010989,0.687862792742437,0.465175400728433,0.432297918976503,0.35756206217638,0.209431809444084
"Annapurna I","windspeed",1965,"Pre",0.118624320261506,0.108695652173913,0.592596466833445,0.214962949872193,0.0843909928027021,0.166209748699133,-0.116203805307925
"Annapurna I","windspeed",1965,"Post",0.134905470634394,0.0549450549450549,0.597822592564821,0.417352731682187,0.412244895008052,0.259910848625504,0.0571043763796077
"Annapurna I","windspeed",1966,"Pre",0.087385351022853,0.0978260869565217,0.296094539797517,0.266720065237867,0.0115388800438513,-0.0312794875803019,0.047340896807513
"Annapurna I","windspeed",1966,"Post",0.150188962505508,0.0769230769230769,0.675424387491016,0.407695864117455,0.243064312633904,0.333503230571651,0.0252812883019748
"Annapurna I","windspeed",1967,"Pre",0.109387145132541,0.0543478260869565,0.592962593109171,0.462123764312542,0.42332077746625,0.0639671698508065,-0.248206251270432
"Annapurna I","windspeed",1967,"Post",0.171299939198178,0.142857142857143,0.707813350339935,0.560840384652086,0.579574007538161,0.54723215623352,0.368235898560085
"Annapurna I","windspeed",1968,"Pre",0.103634725792078,0.0760869565217391,0.520362874444303,0.281813876494536,0.265392945734165,0.26821152553136,-0.202832999395206
"Annapurna I","windspeed",1968,"Post",0.171169684989516,0.10989010989011,0.738863257221571,0.541572119027762,0.545549386463402,0.455734490419153,0.188989322406988
"Annapurna I","windspeed",1969,"Pre",0.115885070514695,0.0869565217391304,0.543038183658238,0.206675176402984,-0.025660403811203,-0.0332064972859832,0.162359366728747
"Annapurna I","windspeed",1969,"Post",0.164403743819117,0.0879120879120879,0.736351798709093,0.630371602389661,0.533144222363998,0.382880607563971,0.306662673909553
"Annapurna I","windspeed",1970,"Pre",0.123550995160744,0.130434782608696,0.493395529720712,0.432118127562381,0.297388099286842,0.0955393579242454,0.0318355868638055
"Annapurna I","windspeed",1970,"Post",0.14278730105586,0.0659340659340659,0.653155174648564,0.429109564739578,0.272196422826674,0.0873284399821526,0.210406150945532
"Annapurna I","windspeed",1971,"Pre",0.141765685983267,0.16304347826087,0.627370489290881,0.442797638935335,0.32648537344742,0.0718648721197033,0.0487657623359576
"Annapurna I","windspeed",1971,"Post",0.193938815357395,0.120879120879121,0.647310133105937,0.415546513481836,0.22105901832091,0.19291854675393,0.156743052133597
"Annapurna I","windspeed",1972,"Pre",0.113998562981037,0.0869565217391304,0.153854404557992,-0.0788410264500111,0.0240776666816946,-0.0673164335946398,-0.0823250339214875
"Annapurna I","windspeed",1972,"Post",0.233213664345983,0.175824175824176,0.745902113311368,0.418167115432627,0.200361700168203,-0.0409919067967633,-0.329124677040969
"Annapurna I","windspeed",1973,"Pre",0.101191076411382,0.0760869565217391,0.451471849364991,0.260365821351945,0.186139519928104,0.139044676009318,0.0317101885987092
"Annapurna I","windspeed",1973,"Post",0.183440092908225,0.10989010989011,0.740784880363004,0.556740517731667,0.461393548967715,0.397684751927823,0.21177430951926
"Annapurna I","windspeed",1974,"Pre",0.116950723202164,0.0869565217391304,0.522487667813408,0.192765863061922,0.155454340844156,0.242017279070092,-0.19467809963916
"Annapurna I","windspeed",1974,"Post",0.152275816875413,0.120879120879121,0.770840366935378,0.684903561591633,0.589151642015615,0.504643536940158,0.338326361499953
"Annapurna I","windspeed",1975,"Pre",0.118778146762855,0.108695652173913,0.547464534300427,0.174720335013024,-0.0030808036003781,-0.113980676904484,-0.185879003428032
"Annapurna I","windspeed",1975,"Post",0.112027098671107,0.032967032967033,0.303159359016305,0.195513615174225,0.259797733302042,0.137241726229127,0.180215836947803
"Annapurna I","windspeed",1976,"Pre",0.110836123759272,0.0543478260869565,0.512509253712476,0.41058383776507,0.390214591241412,0.158110364395568,-0.201599894801371
"Annapurna I","windspeed",1976,"Post",0.124316795195525,0.032967032967033,0.598592500801273,0.471963102257473,0.432494470364826,0.342543794166449,0.105804751942142
"Annapurna I","windspeed",1977,"Pre",0.107460184071168,0.0326086956521739,0.414596556649286,0.168454796620709,-0.0415486932744478,-0.0306907893819616,0.0763970092821049
"Annapurna I","windspeed",1977,"Post",0.119493381882194,0.021978021978022,0.599403948504082,0.350845829308329,0.284666939663184,0.270463545291024,0.0626377509332608
"Annapurna I","windspeed",1978,"Pre",0.124633253533342,0.0978260869565217,0.417889161389796,-0.100006893303192,-0.415581997238118,-0.141026000429688,0.0243943941369598
"Annapurna I","windspeed",1978,"Post",0.139846383423552,0.032967032967033,0.567320339796619,0.255157677844361,0.235139144752482,0.0556544807042478,-0.207131257952072
"Annapurna I","windspeed",1979,"Pre",0.119396348786546,0.119565217391304,0.374873954926508,-0.0192204032443005,-0.11616329518882,-0.175756564993972,-0.00388637095324832
"Annapurna I","windspeed",1979,"Post",0.133340262790333,0.0549450549450549,0.698789726463342,0.479362763046634,0.2531753603117,0.18230727802725,-0.173016555926257
"Annapurna I","windspeed",1980,"Pre",0.108031025174021,0.0869565217391304,0.426014668815909,0.320982603963133,0.355315843728138,0.138340565796836,-0.323855170138564
"Annapurna I","windspeed",1980,"Post",0.132439348843145,0.043956043956044,0.751931148955118,0.606109291205837,0.507380212441154,0.303921810603199,0.211037607737005
"Annapurna I","windspeed",1981,"Pre",0.112153158368673,0.0869565217391304,0.307532383744551,-0.117701096554135,0.0826670664260408,0.0315065350912527,0.0108450057666812
"Annapurna I","windspeed",1981,"Post",0.148535353088428,0.0549450549450549,0.594939314512792,0.391100328266863,0.283291022771657,0.159937831648503,0.0269445846662448
"Annapurna I","windspeed",1982,"Pre",0.131709356446149,0.0760869565217391,0.342568516530648,0.138539890464351,0.0176622048670539,0.0208523456169553,-0.185678796913532
"Annapurna I","windspeed",1982,"Post",0.152576722167674,0.0549450549450549,0.633853462239683,0.398681928426043,0.384889212853281,0.35436573750026,0.0343699269640146
"Annapurna I","windspeed",1983,"Pre",0.10818244716111,0.0434782608695652,0.391369903134406,0.387646408604086,0.0459012555052566,0.0966977075664851,-0.113332818078208
"Annapurna I","windspeed",1983,"Post",0.177183296608042,0.0989010989010989,0.676728168411364,0.497711536960409,0.396853648607738,0.269232893251782,0.288837982286462
"Annapurna I","windspeed",1984,"Pre",0.107389021025171,0.0869565217391304,0.674072794969294,0.57379237158487,0.34252478748995,-0.0593442966631305,-0.462840490337609
"Annapurna I","windspeed",1984,"Post",0.139858913392024,0.0659340659340659,0.708237935424847,0.577461329005545,0.541049495051016,0.430144678832164,0.231379148063761
"Annapurna I","windspeed",1985,"Pre",0.11001990425964,0.119565217391304,0.378542259762648,0.33716619207603,0.147927594857137,0.0111561379852805,0.136409950085588
"Annapurna I","windspeed",1985,"Post",0.154591597055405,0.0659340659340659,0.349650581286657,0.149329477006341,0.173308206035227,-0.0698716742131165,-0.100938487183976
"Annapurna I","windspeed",1986,"Pre",0.103972697806579,0.0543478260869565,0.545357452356121,0.253287178066693,-0.017579501865286,-0.24801530897499,0.0111846598188558
"Annapurna I","windspeed",1986,"Post",0.157029787622998,0.131868131868132,0.673029097084411,0.583216550230563,0.525983591069203,0.324774268125446,0.00364704941812263
"Annapurna I","windspeed",1987,"Pre",0.101634250103968,0.0434782608695652,0.392329000763663,0.146526276894733,0.209797792718597,0.270596720817338,-0.19161061560739
"Annapurna I","windspeed",1987,"Post",0.166275107730951,0.0769230769230769,0.654831468652936,0.470262007225614,0.353435752591265,0.0945715051991202,0.113179951020965
"Annapurna I","windspeed",1988,"Pre",0.114035508735612,0.108695652173913,0.508570786803401,0.0856757156104944,-0.137653604634237,-0.0405704276368153,-0.0239249393603092
"Annapurna I","windspeed",1988,"Post",0.164489890163719,0.186813186813187,0.775793612150909,0.682192385679028,0.626097698307204,0.579792277785419,0.51971306910159
"Annapurna I","windspeed",1989,"Pre",0.137517186699903,0.184782608695652,0.716812360068666,0.625082526415856,0.51954555849596,0.381627034262066,0.139666469468924
"Annapurna I","windspeed",1989,"Post",0.18520339887476,0.10989010989011,0.819047930618129,0.661827613619599,0.609977219413197,0.327816673318165,0.18760060591741
"Annapurna I","windspeed",1990,"Pre",0.135091799950228,0.0978260869565217,0.546343272576896,0.133778866705699,0.0703465178654298,0.258107642828355,-0.104138182810133
"Annapurna I","windspeed",1990,"Post",0.174824015175443,0.10989010989011,0.689830436723948,0.449736629765504,0.310770280603416,0.276869502914932,0.483957530589813
"Annapurna I","windspeed",1991,"Pre",0.114375069015638,0.0543478260869565,0.473367322983904,0.16645226001976,-0.0663235596532875,-0.00300264333002142,0.138808442083758
"Annapurna I","windspeed",1991,"Post",0.143501820887955,0.0989010989010989,0.754476863519742,0.563412428270201,0.440777874555672,0.239240369458544,0.115348462506578
"Annapurna I","windspeed",1992,"Pre",0.113042513492867,0.0652173913043478,0.469297447107612,0.29235707827811,0.28949153970688,0.0824509683909294,-0.0151072960832091
"Annapurna I","windspeed",1992,"Post",0.198286506229777,0.120879120879121,0.571921019115217,0.310920113598997,0.24094758444783,0.0964708232823845,-0.143388915246754
"Annapurna I","windspeed",1993,"Pre",0.143955688353908,0.141304347826087,0.667149781168485,0.487198797685689,0.370843899365283,0.187612481356494,-0.0477801601325284
"Annapurna I","windspeed",1993,"Post",0.108784696444761,0.021978021978022,0.470226534676647,0.211426234087036,0.143406856561083,0.0288296447984782,0.00266421246615043
"Annapurna I","windspeed",1994,"Pre",0.101829924404925,0.0652173913043478,0.335963444035877,0.143035463898173,0.0578014294688886,0.131569154877298,-0.0493189044937299
"Annapurna I","windspeed",1994,"Post",0.145858011221918,0.032967032967033,0.784017641302831,0.713567202185635,0.670664220876458,0.555653591133563,0.543793009053812
"Annapurna I","windspeed",1995,"Pre",0.140814275830283,0.108695652173913,0.598917637979607,0.320417889011149,0.288630202568563,-0.00641229859205875,-0.121197186883055
"Annapurna I","windspeed",1995,"Post",0.165077560404334,0.0989010989010989,0.695991506846645,0.354942891989991,0.192484992928998,0.406848343011934,0.235932790741388
"Annapurna I","windspeed",1996,"Pre",0.100495487709145,0.0543478260869565,0.285132926435049,0.0101623111582038,-0.0714204993973114,0.0414154900436494,0.0469876546458066
"Annapurna I","windspeed",1996,"Post",0.198963254628312,0.131868131868132,0.593551753468049,0.360423476443773,0.0971408755368106,-0.100548201917002,-0.188331117704993
"Annapurna I","windspeed",1997,"Pre",0.104120593788859,0.0326086956521739,0.307290460127247,0.198203212651153,0.0414229750531639,0.174259090940235,0.00362604185110159
"Annapurna I","windspeed",1997,"Post",0.187874919665988,0.186813186813187,0.645540029061611,0.413373534805458,0.320743707073912,0.303716793345202,0.257654969989947
"Annapurna I","windspeed",1998,"Pre",0.130130185604173,0.108695652173913,0.418446164483963,0.0132274959234783,-0.176266611868792,-0.0120156407680827,-0.110220180573167
"Annapurna I","windspeed",1998,"Post",0.176354478301991,0.186813186813187,0.783257097282607,0.58110984820176,0.447569834169692,0.293520985645501,0.394979989688653
"Annapurna I","windspeed",1999,"Pre",0.126946067418516,0.152173913043478,0.65517783160639,0.564069307980292,0.509670426234963,0.425472064843888,0.403875517678709
"Annapurna I","windspeed",1999,"Post",0.151397661600561,0.0659340659340659,0.700311727193529,0.497316738809305,0.315442493056192,0.2608512134265,0.344788603572269
"Annapurna I","windspeed",2000,"Pre",0.158607556572242,0.228260869565217,0.730470443272514,0.43486560788023,0.335664384423065,0.354818774416684,0.308896922852664
"Annapurna I","windspeed",2000,"Post",0.128997151309352,0,0.569004458390213,0.267246936736102,0.0935370056888853,0.0255075432346532,0.0106561190052562
"Annapurna I","windspeed",2001,"Pre",0.107753878262645,0.0760869565217391,0.39418746180371,0.142657135491427,0.0437618252391365,-0.0283482369088874,0.00522308779959341
"Annapurna I","windspeed",2001,"Post",0.132007779596121,0.0659340659340659,0.617751686995911,0.372864039255098,0.258623029626886,0.0193373289574993,-0.00132086406079825
"Annapurna I","windspeed",2002,"Pre",0.119478744193974,0.0869565217391304,0.378558868047105,0.23318178958482,0.176317070042951,0.0168729665004428,-0.0113842076891003
"Annapurna I","windspeed",2002,"Post",0.120130230934703,0.0769230769230769,0.53891767441062,0.171720772017353,0.0900166932509406,0.104390473517502,0.119833555381178
"Annapurna I","windspeed",2003,"Pre",0.100286827167638,0.0543478260869565,0.443660685639853,0.219493478780591,0.271298669357059,0.0670481194805409,0.278596871356441
"Annapurna I","windspeed",2003,"Post",0.148179596490364,0.0549450549450549,0.632746220577074,0.39976698726818,0.273131037502911,0.356801212172472,0.222768920486789
"Annapurna I","windspeed",2004,"Pre",0.145332581480209,0.16304347826087,0.648467041705811,0.445032269499211,0.294216002411415,0.160318304840832,-0.270848777909052
"Annapurna I","windspeed",2004,"Post",0.214770340953336,0.21978021978022,0.840921923966933,0.713476780306371,0.662666246681185,0.502089372555871,0.333690103671556
"Annapurna I","windspeed",2005,"Pre",0.0914674535647668,0.0652173913043478,0.446384511714082,0.250150174224172,0.199240194419404,0.0956354007913846,0.0454264661406112
"Annapurna I","windspeed",2005,"Post",0.167808195590468,0.175824175824176,0.777300414718737,0.6185535525576,0.520581027605913,0.390456268587898,0.07429494729732
"Annapurna I","windspeed",2006,"Pre",0.136162668560238,0.152173913043478,0.53676059160119,0.200732694170173,0.0659570342350987,0.32564992265343,0.128228518029429
"Annapurna I","windspeed",2006,"Post",0.151634321750441,0.120879120879121,0.727280158966103,0.601411176444374,0.533585127228133,0.450634178960792,0.301804304938026
"Annapurna I","windspeed",2007,"Pre",0.145478564692409,0.173913043478261,0.709337960592547,0.403915903384378,0.231962162789265,0.104520708555067,0.0229145669883419
"Annapurna I","windspeed",2007,"Post",0.181142305301952,0.120879120879121,0.76714691991286,0.608116348094018,0.53108400312773,0.363986569575972,0.222594609120384
"Annapurna I","windspeed",2008,"Pre",0.100188887399359,0.0869565217391304,0.496557241949901,0.221767617931243,0.101907915200885,0.00576976843316984,-0.0169439230830616
"Annapurna I","windspeed",2008,"Post",0.151594033229065,0.10989010989011,0.543021877578945,0.386960970112124,0.24366795538411,0.310783341169102,-0.0208292732271037
"Annapurna I","windspeed",2009,"Pre",0.111890476903995,0.119565217391304,0.380945890580455,0.256785393153171,0.228806646683596,0.219029214390987,0.0643223539724867
"Annapurna I","windspeed",2009,"Post",0.140585690316261,0.0659340659340659,0.530088864656112,0.438431324695734,0.445051579231242,0.289193571824538,0.18672064637711
"Annapurna I","windspeed",2010,"Pre",0.108784240690647,0.119565217391304,0.699400014383956,0.460338654537994,0.314861824374266,0.199359185635242,-0.138005147056361
"Annapurna I","windspeed",2010,"Post",0.168739918620712,0.0769230769230769,0.655237404985032,0.348926124088411,0.25168260612876,0.337436788361247,0.304521224575161
"Annapurna I","windspeed",2011,"Pre",0.119081134614995,0.0978260869565217,0.414530654497651,0.20904191048895,0.0874355028222977,0.035297203665393,-0.00529632297704433
"Annapurna I","windspeed",2011,"Post",0.163780988981266,0.120879120879121,0.76885234607168,0.539455287178168,0.385084629146796,0.0796848298433913,0.138756695949039
"Annapurna I","windspeed",2012,"Pre",0.101881212229373,0.119565217391304,0.459056637739655,0.211598958934458,0.198956218775302,0.316793572839258,0.0131286068163816
"Annapurna I","windspeed",2012,"Post",0.18084866849061,0.164835164835165,0.804828134514969,0.747150613665179,0.647956745473901,0.508851222617174,0.257333695362281
"Annapurna I","windspeed",2013,"Pre",0.130838135150558,0.119565217391304,0.652046474572176,0.417080422828238,0.339417475308877,0.27968144974329,0.0321409694603676
"Annapurna I","windspeed",2013,"Post",0.181331603508624,0.175824175824176,0.731962319603725,0.561866133916912,0.580346318102879,0.558047678368285,0.387127796619794
"Annapurna I","windspeed",2014,"Pre",0.0878711176075926,0.0434782608695652,0.513743330923939,0.193781019402373,0.161696760814989,-0.024219207590437,-0.22765040230115
"Annapurna I","windspeed",2014,"Post",0.159329724344193,0.0659340659340659,0.591832675263067,0.370977681939204,0.299121962309939,0.25383412188535,0.25470813749555
"Annapurna I","windspeed",2015,"Pre",0.13486317686248,0.0869565217391304,0.440913955657395,0.223661928960347,0.125675333378169,-0.0686056836101076,-0.0860926019601271
"Annapurna I","windspeed",2015,"Post",0.124222363046285,0.021978021978022,0.4680177793516,0.108935429146569,-0.0439815653799257,-0.0621824270859675,0.179650590764889
"Annapurna I","windspeed",2016,"Pre",0.135921651095188,0.173913043478261,0.630872455299258,0.503542231795341,0.456726411169522,0.286903747982221,0.0914543389980195
"Annapurna I","windspeed",2016,"Post",0.174355355713784,0.10989010989011,0.781976295323228,0.613516313396137,0.522817820446287,0.509118052245809,0.471644887795843
"Annapurna I","windspeed",2017,"Pre",0.114415267839082,0.0760869565217391,0.435230801745664,0.233976575734683,0.0434537119828016,-0.08889900842619,-0.0802310081822848
"Annapurna I","windspeed",2017,"Post",0.113475221983434,0.021978021978022,0.532939761053124,0.380223033661569,0.233019426598638,0.124016876852969,0.203794091993945
"Annapurna I","windspeed",2018,"Pre",0.105490701739453,0.0652173913043478,0.420543540632554,0.0493911142330475,0.0147401356833476,0.205013907327744,-0.0724960166359217
"Annapurna I","windspeed",2018,"Post",0.112386841521855,0.032967032967033,0.542466137874769,0.279651525716922,0.214156624099806,0.233445080110324,0.248807462647433
"Annapurna I","windspeed",2019,"Pre",0.118831602384052,0.108695652173913,0.441738659482342,0.159744321332361,0.178646874632793,0.112130422752702,0.0509658554742151
"Annapurna I","windspeed",2019,"Post",0.196579985897604,0.197802197802198,0.664329824174506,0.480139267435133,0.485895900410693,0.464456210206966,0.167304397047476
"Annapurna I","windspeed",2020,"Pre",0.140112686363634,0.152173913043478,0.418282059383734,0.161865446999364,0.172652674906219,0.162383460273202,0.0265532274663593
"Annapurna I","windspeed",2020,"Post",0.19402912975934,0.208791208791209,0.841860921949639,0.693937893786221,0.648758111070482,0.676770661275046,0.515707474143079
"Annapurna I","windspeed",2021,"Pre",0.164874363365881,0.130434782608696,0.527841120380855,0.203061272196785,0.0842362326275893,0.0632045229916917,0.126504006618303
"Annapurna I","windspeed",2021,"Post",0.174038330208985,0.153846153846154,0.639731717340565,0.34543201586764,0.238258276319819,0.053651150873382,0.0323715144397274
"Cho Oyu","2m_temperature",1951,"Pre",0.0174026271542063,0.0217391304347826,0.963379454818562,0.921143027367907,0.882843768973926,0.857174584423883,0.847666812065044
"Cho Oyu","2m_temperature",1951,"Post",0.0184654212729185,0.0659340659340659,0.97159287191685,0.939562078618394,0.922347374136443,0.87824589181176,0.809670913553508
"Cho Oyu","2m_temperature",1952,"Pre",0.0231906691421092,0.260869565217391,0.981712120711128,0.960520976587637,0.943705858128124,0.929468217380594,0.895984519502897
"Cho Oyu","2m_temperature",1952,"Post",0.0208959235924631,0.153846153846154,0.981246801768461,0.961854410952487,0.942976024513876,0.902690200747064,0.81376059410223
"Cho Oyu","2m_temperature",1953,"Pre",0.0149008369532406,0.0217391304347826,0.966413265030814,0.915422723398584,0.876691598212042,0.850434412775614,0.712256169636356
"Cho Oyu","2m_temperature",1953,"Post",0.0211733380384862,0.120879120879121,0.976229918052845,0.947305471830077,0.919353191501197,0.881809378187842,0.812606243755296
"Cho Oyu","2m_temperature",1954,"Pre",0.0169422658962105,0.0543478260869565,0.972052683151815,0.94526403769358,0.916426457567915,0.869242834958603,0.81478131450381
"Cho Oyu","2m_temperature",1954,"Post",0.0204091353208855,0.0879120879120879,0.987402755914871,0.967239609113387,0.948283883811357,0.928579052154398,0.864445365022146
"Cho Oyu","2m_temperature",1955,"Pre",0.0166180400959079,0.0434782608695652,0.954880064913548,0.888354739939067,0.836410168068666,0.762123570840091,0.721225349868954
"Cho Oyu","2m_temperature",1955,"Post",0.0145382209141934,0.043956043956044,0.969869210083147,0.931305272021709,0.91104393079347,0.89341179468402,0.835229269371831
"Cho Oyu","2m_temperature",1956,"Pre",0.0232299543197976,0.271739130434783,0.973794193143828,0.939734404080866,0.912894117830362,0.882875547944579,0.826722191663939
"Cho Oyu","2m_temperature",1956,"Post",0.0225029386312585,0.241758241758242,0.982078564366674,0.956110705488375,0.932614528076205,0.879307572273857,0.837543079610194
"Cho Oyu","2m_temperature",1957,"Pre",0.017979348608581,0.119565217391304,0.951759388593238,0.893129047389028,0.855371004778741,0.815682399949786,0.739937287789641
"Cho Oyu","2m_temperature",1957,"Post",0.016540339132524,0.010989010989011,0.964883654119483,0.927227800989464,0.905034832547445,0.880843402473427,0.77833763450145
"Cho Oyu","2m_temperature",1958,"Pre",0.0185113876070307,0.0869565217391304,0.973617127527646,0.936704667131671,0.912485304801552,0.88198766090103,0.837092873023758
"Cho Oyu","2m_temperature",1958,"Post",0.0116080666662359,0.0769230769230769,0.936626195953863,0.855614160342486,0.803406557107148,0.777583726874524,0.683079985628094
"Cho Oyu","2m_temperature",1959,"Pre",0.0168765156947977,0.0326086956521739,0.939732050379251,0.865700362102083,0.808701476736182,0.803215106889282,0.825690612556688
"Cho Oyu","2m_temperature",1959,"Post",0.0161308675028407,0.043956043956044,0.964063781972366,0.917748530669924,0.888028642129476,0.881113161122556,0.828549149272296
"Cho Oyu","2m_temperature",1960,"Pre",0.0192850084404135,0.152173913043478,0.965378580645654,0.928833598904789,0.884389613703985,0.82649778257549,0.730854981029406
"Cho Oyu","2m_temperature",1960,"Post",0.0174877057282672,0.142857142857143,0.953973409750438,0.898528111545175,0.877388536040406,0.892305341289512,0.845103660126197
"Cho Oyu","2m_temperature",1961,"Pre",0.0182723419958523,0.0434782608695652,0.966262140197834,0.924612261916788,0.894272954029998,0.868986450587457,0.853065940500302
"Cho Oyu","2m_temperature",1961,"Post",0.0225548153530723,0.175824175824176,0.981691988258134,0.954624269831654,0.94069501128754,0.913688490254515,0.905619378422327
"Cho Oyu","2m_temperature",1962,"Pre",0.0195332132322861,0.0869565217391304,0.972678204617118,0.946818436876417,0.929692242158605,0.891570902610683,0.890684284585758
"Cho Oyu","2m_temperature",1962,"Post",0.0169673976384929,0.021978021978022,0.969892331497269,0.930358986320604,0.904851669919458,0.865083729787598,0.773543736179726
"Cho Oyu","2m_temperature",1963,"Pre",0.0189449850638796,0.119565217391304,0.966011074690428,0.91718137409084,0.889572920735672,0.889740641420907,0.840899516807375
"Cho Oyu","2m_temperature",1963,"Post",0.0195409831349173,0.0989010989010989,0.977826699991478,0.955712606031519,0.948113297402252,0.936813760426586,0.88303017142923
"Cho Oyu","2m_temperature",1964,"Pre",0.0145713106813095,0.0108695652173913,0.937419773445577,0.87869323983685,0.843883448691982,0.80145403118067,0.655423589884487
"Cho Oyu","2m_temperature",1964,"Post",0.0158718356244211,0.021978021978022,0.970032186241062,0.9374582941903,0.911700673688673,0.856088620689883,0.816594106650307
"Cho Oyu","2m_temperature",1965,"Pre",0.0216790757154393,0.152173913043478,0.964997384123389,0.91111927729455,0.879546281859717,0.872944453159466,0.808293545210767
"Cho Oyu","2m_temperature",1965,"Post",0.019432578784094,0.142857142857143,0.964682683984029,0.916733238403889,0.881445367091266,0.842329817000262,0.874108971128856
"Cho Oyu","2m_temperature",1966,"Pre",0.0180154894670414,0.0543478260869565,0.942652643581695,0.86108860276067,0.815618051361555,0.790765401094292,0.758339020191311
"Cho Oyu","2m_temperature",1966,"Post",0.013904915927784,0.032967032967033,0.95866226050488,0.905498087510948,0.865898399303111,0.817813202758056,0.72737258040174
"Cho Oyu","2m_temperature",1967,"Pre",0.0183501522354413,0.0760869565217391,0.941571100170129,0.874823028956574,0.809435165294643,0.697949887770866,0.748410739762581
"Cho Oyu","2m_temperature",1967,"Post",0.0227392419278997,0.263736263736264,0.982444099624162,0.962836497877228,0.953269281299163,0.942783892730543,0.917678605221643
"Cho Oyu","2m_temperature",1968,"Pre",0.0162682136911725,0.0217391304347826,0.946482230118293,0.889667658511672,0.85453635141831,0.776029478243313,0.747275973271187
"Cho Oyu","2m_temperature",1968,"Post",0.0231731598417978,0.131868131868132,0.988297250951581,0.968242025397371,0.94337018071213,0.906491649038104,0.839418550581158
"Cho Oyu","2m_temperature",1969,"Pre",0.0152706262486454,0.0652173913043478,0.945240673154622,0.866347454199543,0.816271302328435,0.739063724427502,0.511097789065627
"Cho Oyu","2m_temperature",1969,"Post",0.0144084764486939,0.0659340659340659,0.967880406554039,0.948168926045187,0.934946251297472,0.901518930368852,0.857098503324293
"Cho Oyu","2m_temperature",1970,"Pre",0.021674980652797,0.152173913043478,0.967589087044291,0.917522685106945,0.874938837679536,0.815905645719434,0.832301300329744
"Cho Oyu","2m_temperature",1970,"Post",0.0190175144065142,0.0879120879120879,0.982523449762814,0.955825649312841,0.933950085399546,0.904379574006766,0.832714786329778
"Cho Oyu","2m_temperature",1971,"Pre",0.0172015815516819,0.0978260869565217,0.967104475397963,0.932894299756251,0.917478318969776,0.897770799028007,0.856017456322509
"Cho Oyu","2m_temperature",1971,"Post",0.0223703554000973,0.10989010989011,0.982505105288439,0.958288459841488,0.936764824407308,0.903057642000217,0.82757446438879
"Cho Oyu","2m_temperature",1972,"Pre",0.0181511542982239,0.119565217391304,0.95205127304374,0.894374091417052,0.877493463589994,0.837282187237688,0.794742024962488
"Cho Oyu","2m_temperature",1972,"Post",0.0216301302158717,0.252747252747253,0.968268131632699,0.922455759762891,0.875723357644689,0.7999635663753,0.775270067560797
"Cho Oyu","2m_temperature",1973,"Pre",0.0205985456199134,0.0978260869565217,0.966544023443201,0.941651099465489,0.92260738925077,0.904605046156646,0.871195011414566
"Cho Oyu","2m_temperature",1973,"Post",0.0218319717839317,0.186813186813187,0.974158084382534,0.936298802303318,0.907532228594496,0.870617915401015,0.862353025604098
"Cho Oyu","2m_temperature",1974,"Pre",0.0162696487381533,0.0543478260869565,0.953444792806876,0.909288246911514,0.879363231169447,0.817106621313721,0.709866016463956
"Cho Oyu","2m_temperature",1974,"Post",0.0192670703739709,0.0769230769230769,0.976883098685236,0.941453405506537,0.910730807907959,0.862038606121528,0.767244982346757
"Cho Oyu","2m_temperature",1975,"Pre",0.0193699799939018,0.108695652173913,0.968336342084283,0.912042676414235,0.859875607375448,0.775599990173589,0.716997841316236
"Cho Oyu","2m_temperature",1975,"Post",0.0153528969510399,0.043956043956044,0.966194720347273,0.917981082044107,0.892190695791539,0.892637887620799,0.875251351334504
"Cho Oyu","2m_temperature",1976,"Pre",0.0185634745741765,0.130434782608696,0.959666803117173,0.916538432773721,0.906287587083764,0.852795690945225,0.802797372617643
"Cho Oyu","2m_temperature",1976,"Post",0.0114266002100887,0,0.935512972579642,0.835523358753833,0.734187298597949,0.581503934974353,0.718937802249903
"Cho Oyu","2m_temperature",1977,"Pre",0.0128842292789728,0.0434782608695652,0.914156983100754,0.796432427944133,0.705611341319562,0.588178834035612,0.466363871970785
"Cho Oyu","2m_temperature",1977,"Post",0.0149354437401083,0.010989010989011,0.948579569661852,0.888776870935186,0.861934882411926,0.824035934029133,0.632097395502219
"Cho Oyu","2m_temperature",1978,"Pre",0.0245807130817922,0.282608695652174,0.977248182885723,0.950804572042461,0.931688027853263,0.922994346309171,0.889829158432016
"Cho Oyu","2m_temperature",1978,"Post",0.0161120919764118,0.021978021978022,0.97126242423318,0.932963249840356,0.913966690006879,0.894927914598757,0.803750030810459
"Cho Oyu","2m_temperature",1979,"Pre",0.0214566193757329,0.152173913043478,0.969425059084444,0.930119027679647,0.907398046227046,0.877967068420456,0.85607393583753
"Cho Oyu","2m_temperature",1979,"Post",0.0128300259570494,0.010989010989011,0.956629574703833,0.896894552343389,0.852683850742389,0.778444251927839,0.509356526785052
"Cho Oyu","2m_temperature",1980,"Pre",0.0195394812003875,0.0978260869565217,0.964822500736186,0.93943515923082,0.913572398034777,0.896659877612386,0.880123827628818
"Cho Oyu","2m_temperature",1980,"Post",0.0156790195030488,0.0659340659340659,0.96235456809784,0.922967889134618,0.91281642014533,0.905727918234207,0.853235927250679
"Cho Oyu","2m_temperature",1981,"Pre",0.0177897966948513,0.0652173913043478,0.940729056751692,0.854188717931457,0.809032662446889,0.799024426969176,0.804161016676466
"Cho Oyu","2m_temperature",1981,"Post",0.021092367597783,0.208791208791209,0.975497926793885,0.936367644067474,0.897366327851825,0.855698950184027,0.826670292273306
"Cho Oyu","2m_temperature",1982,"Pre",0.0189472693419687,0.141304347826087,0.956292558832941,0.894583799009853,0.842501385088974,0.772454356186891,0.670457767918113
"Cho Oyu","2m_temperature",1982,"Post",0.0201895178583206,0.153846153846154,0.971358133327793,0.93588081840152,0.905829130338566,0.828545381465872,0.778425389636882
"Cho Oyu","2m_temperature",1983,"Pre",0.0178297116240956,0.0978260869565217,0.933326767005212,0.839771525031942,0.771124688918088,0.706235845198638,0.676999483650984
"Cho Oyu","2m_temperature",1983,"Post",0.020276197323107,0.131868131868132,0.978804334524819,0.955204006660162,0.941698009449909,0.919720668296309,0.910866085127966
"Cho Oyu","2m_temperature",1984,"Pre",0.0184687326864372,0.141304347826087,0.971614023895808,0.931704561487981,0.896660822049967,0.86436148015273,0.804061059264473
"Cho Oyu","2m_temperature",1984,"Post",0.0168949983566342,0.043956043956044,0.966275630268969,0.921181307493033,0.887568568820238,0.843267784489767,0.760240132131925
"Cho Oyu","2m_temperature",1985,"Pre",0.0131761397896981,0.0869565217391304,0.910141323564145,0.797552683904314,0.721586050482556,0.66861822416264,0.653664287329249
"Cho Oyu","2m_temperature",1985,"Post",0.0209078223699528,0.153846153846154,0.970766625605295,0.934733014331972,0.902682086866387,0.866605055866823,0.789798748029204
"Cho Oyu","2m_temperature",1986,"Pre",0.0153250347186737,0.0217391304347826,0.937587063890408,0.841593138472954,0.764630196703536,0.666058680348806,0.656001647248697
"Cho Oyu","2m_temperature",1986,"Post",0.0178030280024167,0.0769230769230769,0.971348181401618,0.943072945803627,0.916900696706343,0.877243770834071,0.766879536972671
"Cho Oyu","2m_temperature",1987,"Pre",0.0157200934083448,0.0543478260869565,0.948164864680424,0.861573578978121,0.78720999206226,0.699713401446697,0.599954265831442
"Cho Oyu","2m_temperature",1987,"Post",0.0190475839064232,0.131868131868132,0.968993150689647,0.927694359018338,0.88738085618712,0.846337092812692,0.689089395954688
"Cho Oyu","2m_temperature",1988,"Pre",0.0177937220066373,0.119565217391304,0.937820395264165,0.870520297236058,0.842763667040019,0.814900088917932,0.808756086483102
"Cho Oyu","2m_temperature",1988,"Post",0.0175332903922248,0.032967032967033,0.979607248173239,0.952644998290033,0.940648948015613,0.922545901066865,0.855390259592448
"Cho Oyu","2m_temperature",1989,"Pre",0.0179235071807435,0.0869565217391304,0.950539202819431,0.892607334619753,0.866190743857899,0.841640616369499,0.774069355286474
"Cho Oyu","2m_temperature",1989,"Post",0.0204558300788114,0.153846153846154,0.984426866063087,0.961392038196041,0.940123784674933,0.910856429839347,0.884424135596681
"Cho Oyu","2m_temperature",1990,"Pre",0.0221781751606776,0.173913043478261,0.981318914694964,0.954438046864909,0.930302913162127,0.900610582310585,0.834436140575704
"Cho Oyu","2m_temperature",1990,"Post",0.0163097966468949,0.10989010989011,0.969348525351139,0.928057852263844,0.885719112506508,0.834207107722586,0.821577359016296
"Cho Oyu","2m_temperature",1991,"Pre",0.0180112719809587,0.0978260869565217,0.93946624309267,0.877132372376813,0.853746073517975,0.826785197104092,0.803412982057066
"Cho Oyu","2m_temperature",1991,"Post",0.0187170676481225,0.120879120879121,0.971328641875699,0.934710516967137,0.903641653024461,0.872655668196055,0.924851894134873
"Cho Oyu","2m_temperature",1992,"Pre",0.0125577685619899,0.0108695652173913,0.906301782638759,0.790890413474909,0.72645205162086,0.63451664559472,0.520907347911988
"Cho Oyu","2m_temperature",1992,"Post",0.0184185825237062,0.0879120879120879,0.974880778248216,0.949173135420966,0.929889972380239,0.89245809571449,0.874029022854978
"Cho Oyu","2m_temperature",1993,"Pre",0.0212882650555785,0.119565217391304,0.972486959851876,0.930605394726406,0.897398361282822,0.875806776364869,0.803894279294233
"Cho Oyu","2m_temperature",1993,"Post",0.0141908320385731,0,0.966758241646202,0.931250862688702,0.90381851830619,0.848125756964594,0.773680217238003
"Cho Oyu","2m_temperature",1994,"Pre",0.0174786056648103,0.108695652173913,0.947212235987744,0.889812954689246,0.834400573640785,0.838241904105548,0.739239042143387
"Cho Oyu","2m_temperature",1994,"Post",0.0208784259601748,0.186813186813187,0.98503969861542,0.964610301135738,0.948203835625832,0.947985001444411,0.949047879107506
"Cho Oyu","2m_temperature",1995,"Pre",0.023450680525168,0.25,0.974360868288346,0.941541223736658,0.902735485783782,0.82565746507073,0.745165687482512
"Cho Oyu","2m_temperature",1995,"Post",0.0206442911727645,0.142857142857143,0.966052511564698,0.921022211770839,0.8904269638487,0.887009954616235,0.837118776080505
"Cho Oyu","2m_temperature",1996,"Pre",0.017947113768166,0.0652173913043478,0.960734200000173,0.905020143697059,0.843973996676583,0.742934724988753,0.691011961102495
"Cho Oyu","2m_temperature",1996,"Post",0.015488902860147,0.0549450549450549,0.96794529570808,0.929628202505387,0.897149122079498,0.853853708296474,0.754263449264449
"Cho Oyu","2m_temperature",1997,"Pre",0.015314140170295,0.0108695652173913,0.932592335589279,0.85242538337667,0.805564986820452,0.731599396388312,0.715677715698911
"Cho Oyu","2m_temperature",1997,"Post",0.0216260484308602,0.197802197802198,0.975664821616838,0.946173860912889,0.93165533217211,0.911498666061967,0.898195369109787
"Cho Oyu","2m_temperature",1998,"Pre",0.0224512435176365,0.217391304347826,0.960141724555916,0.911271606921349,0.881893991202272,0.876721251649437,0.788533675196122
"Cho Oyu","2m_temperature",1998,"Post",0.0155254680650741,0.021978021978022,0.973501983542406,0.936786594489134,0.898235189296774,0.836986909098243,0.852089396647733
"Cho Oyu","2m_temperature",1999,"Pre",0.0182414384703229,0.152173913043478,0.957942248414508,0.886662279062319,0.820615367155084,0.72595418720134,0.769258673475707
"Cho Oyu","2m_temperature",1999,"Post",0.0195989330716126,0.0989010989010989,0.966278058603145,0.921656499836801,0.888790133265132,0.863399086253617,0.897231650931658
"Cho Oyu","2m_temperature",2000,"Pre",0.0222978709135923,0.239130434782609,0.977343415516207,0.951994996690822,0.939036961995441,0.911802018571098,0.84756425431944
"Cho Oyu","2m_temperature",2000,"Post",0.0157853787912443,0.0659340659340659,0.94591084198867,0.880220979929586,0.834070568937937,0.768715013690756,0.635747538398427
"Cho Oyu","2m_temperature",2001,"Pre",0.0200675256777316,0.0652173913043478,0.977941315342105,0.954290564897505,0.939520051161692,0.918192152925982,0.89284037279191
"Cho Oyu","2m_temperature",2001,"Post",0.0149758552336477,0.010989010989011,0.955975212736803,0.911450865742386,0.870664554302723,0.812046018117955,0.708968540552228
"Cho Oyu","2m_temperature",2002,"Pre",0.0180437754007296,0.0869565217391304,0.950487122926747,0.874134935375805,0.796259354314388,0.687536574265761,0.599935986723303
"Cho Oyu","2m_temperature",2002,"Post",0.0160729731368091,0.010989010989011,0.953090886535827,0.900973391885836,0.877067323714321,0.870537245705305,0.798870098187047
"Cho Oyu","2m_temperature",2003,"Pre",0.0177841282575469,0.0652173913043478,0.964920199917637,0.913900131644038,0.870418356455504,0.807203551267902,0.712563459612848
"Cho Oyu","2m_temperature",2003,"Post",0.0209055252513363,0.186813186813187,0.979989749459276,0.953792932640201,0.934344385542077,0.919965279912971,0.902595270623349
"Cho Oyu","2m_temperature",2004,"Pre",0.014826364485539,0.108695652173913,0.951033309078981,0.869583758388732,0.791158530882991,0.660014954637675,0.465945414015689
"Cho Oyu","2m_temperature",2004,"Post",0.0222813146872355,0.208791208791209,0.977111071049483,0.942632178689417,0.915753853978235,0.871605998713587,0.80033227410661
"Cho Oyu","2m_temperature",2005,"Pre",0.016157793278014,0.0543478260869565,0.944062403770144,0.865666056376085,0.795979957773579,0.703360942583939,0.726845403223303
"Cho Oyu","2m_temperature",2005,"Post",0.0189829727005335,0.0879120879120879,0.974152894701816,0.943019556546045,0.921786446467298,0.868486218511181,0.733504516344076
"Cho Oyu","2m_temperature",2006,"Pre",0.0205321927322086,0.141304347826087,0.960364159984625,0.904749512669689,0.870512657275817,0.863783025927031,0.792415071331463
"Cho Oyu","2m_temperature",2006,"Post",0.019349036190086,0.0989010989010989,0.975711077767404,0.943271473432018,0.916490573527015,0.882095788782151,0.88250652161909
"Cho Oyu","2m_temperature",2007,"Pre",0.0200020486167172,0.141304347826087,0.953225560339467,0.886176245663733,0.83761167416598,0.838734777710109,0.740540664761978
"Cho Oyu","2m_temperature",2007,"Post",0.0171634796992717,0.0879120879120879,0.962904244508248,0.900154797166641,0.825935136973185,0.691887715998449,0.641349664308725
"Cho Oyu","2m_temperature",2008,"Pre",0.0156064983638087,0,0.965555153280567,0.921514132595283,0.892658957408337,0.87182123449648,0.897084343852815
"Cho Oyu","2m_temperature",2008,"Post",0.0141227092456029,0.010989010989011,0.93950965661022,0.851807254307954,0.80062361437798,0.762006464576517,0.684893226126005
"Cho Oyu","2m_temperature",2009,"Pre",0.0154497990624797,0.0543478260869565,0.943003930386937,0.880603625697083,0.83404632382165,0.736040163079982,0.621715129420388
"Cho Oyu","2m_temperature",2009,"Post",0.0190629734017906,0.0659340659340659,0.974374073507041,0.938325744648483,0.899958231551901,0.825325076591669,0.786452403273424
"Cho Oyu","2m_temperature",2010,"Pre",0.015519145706169,0.0108695652173913,0.948001633169207,0.888284662528044,0.836508961802461,0.706508660193654,0.537597849484727
"Cho Oyu","2m_temperature",2010,"Post",0.0179200533258382,0.131868131868132,0.960515310785104,0.899125787414955,0.837746990956672,0.796281617251886,0.828563979783708
"Cho Oyu","2m_temperature",2011,"Pre",0.0182560044053655,0.0760869565217391,0.960654773593783,0.911970268993437,0.877793278708035,0.840202586819735,0.854556040863927
"Cho Oyu","2m_temperature",2011,"Post",0.0192354614997237,0.120879120879121,0.962033669174563,0.896601962096555,0.837442520621323,0.783021305254775,0.667929131449918
"Cho Oyu","2m_temperature",2012,"Pre",0.0202593626676765,0.184782608695652,0.963439143250052,0.906587938298915,0.863742348571134,0.842234640038867,0.731255176277001
"Cho Oyu","2m_temperature",2012,"Post",0.018335075675671,0.0549450549450549,0.963866664078511,0.928154846472989,0.902238314816095,0.852829742329943,0.803039192920876
"Cho Oyu","2m_temperature",2013,"Pre",0.0188727594285359,0.141304347826087,0.964049053234239,0.926398098110953,0.916678075686258,0.878879985449603,0.837687176509126
"Cho Oyu","2m_temperature",2013,"Post",0.0205585060446596,0.142857142857143,0.970007216809538,0.934887958483725,0.902098435580794,0.859929424016978,0.7863481356617
"Cho Oyu","2m_temperature",2014,"Pre",0.0194624324886519,0.141304347826087,0.967906386444147,0.928260023214066,0.892312045507448,0.833143480197369,0.865281373833287
"Cho Oyu","2m_temperature",2014,"Post",0.018083859839788,0.0549450549450549,0.965994324650829,0.923715897417573,0.886470575751764,0.840059745670258,0.727412362465769
"Cho Oyu","2m_temperature",2015,"Pre",0.0176327195638948,0.0869565217391304,0.955243091542422,0.911931516523607,0.879738538384485,0.818174072180519,0.752040163276304
"Cho Oyu","2m_temperature",2015,"Post",0.0188206975376654,0.10989010989011,0.965801015312455,0.913618663770154,0.872882057950994,0.846189840350903,0.84174376768015
"Cho Oyu","2m_temperature",2016,"Pre",0.0148826772744153,0,0.932822208043282,0.838074573274906,0.760865294958744,0.743033854859584,0.676721298965031
"Cho Oyu","2m_temperature",2016,"Post",0.0156058944468846,0.10989010989011,0.972041090886553,0.935403886892266,0.904564661849874,0.843256149958687,0.817820314035867
"Cho Oyu","2m_temperature",2017,"Pre",0.0197833351800883,0.0760869565217391,0.958626368562987,0.912790247127395,0.865677406098638,0.802055718746101,0.573444237068574
"Cho Oyu","2m_temperature",2017,"Post",0.0186796932177922,0.0659340659340659,0.981571420442897,0.960712180213686,0.94494477354201,0.939590927432709,0.892900362991169
"Cho Oyu","2m_temperature",2018,"Pre",0.0163732129126125,0.0760869565217391,0.961057432205211,0.917780799340046,0.892427564380228,0.875800873042288,0.798420573881564
"Cho Oyu","2m_temperature",2018,"Post",0.017356383635406,0.021978021978022,0.966762169390988,0.934182207533309,0.92892036751201,0.901334981780743,0.853502803105799
"Cho Oyu","2m_temperature",2019,"Pre",0.0189496395948933,0.0652173913043478,0.953693615862898,0.910235222013121,0.895782425768082,0.879889259706553,0.857195957361887
"Cho Oyu","2m_temperature",2019,"Post",0.0160480240383372,0.208791208791209,0.978597163426706,0.949645620297507,0.920064565999727,0.870043195380997,0.889446873063942
"Cho Oyu","2m_temperature",2020,"Pre",0.0187256382268031,0.0978260869565217,0.961094914075056,0.922201753491657,0.892124575515414,0.826677733309305,0.739978224287102
"Cho Oyu","2m_temperature",2020,"Post",0.0194569750130185,0.274725274725275,0.976055830243736,0.94723609741602,0.930223324578435,0.903648690192517,0.84714215377558
"Cho Oyu","2m_temperature",2021,"Pre",0.0143992327917729,0.141304347826087,0.943322825935918,0.858491082282078,0.791570877619918,0.744855707045527,0.695452196718892
"Cho Oyu","2m_temperature",2021,"Post",0.0158366226601395,0.043956043956044,0.96186544329388,0.907539375657725,0.856700349354237,0.768932269934402,0.683851493215544
"Cho Oyu","snow_cover",1951,"Pre",0,0,NA,NA,NA,NA,NA
"Cho Oyu","snow_cover",1951,"Post",0,0,NA,NA,NA,NA,NA
"Cho Oyu","snow_cover",1952,"Pre",0,0,NA,NA,NA,NA,NA
"Cho Oyu","snow_cover",1952,"Post",0,0,NA,NA,NA,NA,NA
"Cho Oyu","snow_cover",1953,"Pre",0,0,NA,NA,NA,NA,NA
"Cho Oyu","snow_cover",1953,"Post",0,0,NA,NA,NA,NA,NA
"Cho Oyu","snow_cover",1954,"Pre",0,0,NA,NA,NA,NA,NA
"Cho Oyu","snow_cover",1954,"Post",0,0,NA,NA,NA,NA,NA
"Cho Oyu","snow_cover",1955,"Pre",0,0,NA,NA,NA,NA,NA
"Cho Oyu","snow_cover",1955,"Post",0,0,NA,NA,NA,NA,NA
"Cho Oyu","snow_cover",1956,"Pre",0,0,NA,NA,NA,NA,NA
"Cho Oyu","snow_cover",1956,"Post",0,0,NA,NA,NA,NA,NA
"Cho Oyu","snow_cover",1957,"Pre",0,0,NA,NA,NA,NA,NA
"Cho Oyu","snow_cover",1957,"Post",0,0,NA,NA,NA,NA,NA
"Cho Oyu","snow_cover",1958,"Pre",0,0,NA,NA,NA,NA,NA
"Cho Oyu","snow_cover",1958,"Post",0,0,NA,NA,NA,NA,NA
"Cho Oyu","snow_cover",1959,"Pre",0,0,NA,NA,NA,NA,NA
"Cho Oyu","snow_cover",1959,"Post",0,0,NA,NA,NA,NA,NA
"Cho Oyu","snow_cover",1960,"Pre",0,0,NA,NA,NA,NA,NA
"Cho Oyu","snow_cover",1960,"Post",0,0,NA,NA,NA,NA,NA
"Cho Oyu","snow_cover",1961,"Pre",0,0,NA,NA,NA,NA,NA
"Cho Oyu","snow_cover",1961,"Post",0,0,NA,NA,NA,NA,NA
"Cho Oyu","snow_cover",1962,"Pre",0,0,NA,NA,NA,NA,NA
"Cho Oyu","snow_cover",1962,"Post",0,0,NA,NA,NA,NA,NA
"Cho Oyu","snow_cover",1963,"Pre",0,0,NA,NA,NA,NA,NA
"Cho Oyu","snow_cover",1963,"Post",0,0,NA,NA,NA,NA,NA
"Cho Oyu","snow_cover",1964,"Pre",0,0,NA,NA,NA,NA,NA
"Cho Oyu","snow_cover",1964,"Post",0,0,NA,NA,NA,NA,NA
"Cho Oyu","snow_cover",1965,"Pre",0,0,NA,NA,NA,NA,NA
"Cho Oyu","snow_cover",1965,"Post",0,0,NA,NA,NA,NA,NA
"Cho Oyu","snow_cover",1966,"Pre",0,0,NA,NA,NA,NA,NA
"Cho Oyu","snow_cover",1966,"Post",0,0,NA,NA,NA,NA,NA
"Cho Oyu","snow_cover",1967,"Pre",0,0,NA,NA,NA,NA,NA
"Cho Oyu","snow_cover",1967,"Post",0,0,NA,NA,NA,NA,NA
"Cho Oyu","snow_cover",1968,"Pre",0,0,NA,NA,NA,NA,NA
"Cho Oyu","snow_cover",1968,"Post",0,0,NA,NA,NA,NA,NA
"Cho Oyu","snow_cover",1969,"Pre",0,0,NA,NA,NA,NA,NA
"Cho Oyu","snow_cover",1969,"Post",0,0,NA,NA,NA,NA,NA
"Cho Oyu","snow_cover",1970,"Pre",0,0,NA,NA,NA,NA,NA
"Cho Oyu","snow_cover",1970,"Post",0,0,NA,NA,NA,NA,NA
"Cho Oyu","snow_cover",1971,"Pre",0,0,NA,NA,NA,NA,NA
"Cho Oyu","snow_cover",1971,"Post",0,0,NA,NA,NA,NA,NA
"Cho Oyu","snow_cover",1972,"Pre",0,0,NA,NA,NA,NA,NA
"Cho Oyu","snow_cover",1972,"Post",0,0,NA,NA,NA,NA,NA
"Cho Oyu","snow_cover",1973,"Pre",0,0,NA,NA,NA,NA,NA
"Cho Oyu","snow_cover",1973,"Post",0,0,NA,NA,NA,NA,NA
"Cho Oyu","snow_cover",1974,"Pre",0,0,NA,NA,NA,NA,NA
"Cho Oyu","snow_cover",1974,"Post",0,0,NA,NA,NA,NA,NA
"Cho Oyu","snow_cover",1975,"Pre",0,0,NA,NA,NA,NA,NA
"Cho Oyu","snow_cover",1975,"Post",0,0,NA,NA,NA,NA,NA
"Cho Oyu","snow_cover",1976,"Pre",0,0,NA,NA,NA,NA,NA
"Cho Oyu","snow_cover",1976,"Post",0,0,NA,NA,NA,NA,NA
"Cho Oyu","snow_cover",1977,"Pre",0,0,NA,NA,NA,NA,NA
"Cho Oyu","snow_cover",1977,"Post",0,0,NA,NA,NA,NA,NA
"Cho Oyu","snow_cover",1978,"Pre",0,0,NA,NA,NA,NA,NA
"Cho Oyu","snow_cover",1978,"Post",0,0,NA,NA,NA,NA,NA
"Cho Oyu","snow_cover",1979,"Pre",0,0,NA,NA,NA,NA,NA
"Cho Oyu","snow_cover",1979,"Post",0,0,NA,NA,NA,NA,NA
"Cho Oyu","snow_cover",1980,"Pre",0,0,NA,NA,NA,NA,NA
"Cho Oyu","snow_cover",1980,"Post",0,0,NA,NA,NA,NA,NA
"Cho Oyu","snow_cover",1981,"Pre",0,0,NA,NA,NA,NA,NA
"Cho Oyu","snow_cover",1981,"Post",0,0,NA,NA,NA,NA,NA
"Cho Oyu","snow_cover",1982,"Pre",0,0,NA,NA,NA,NA,NA
"Cho Oyu","snow_cover",1982,"Post",0,0,NA,NA,NA,NA,NA
"Cho Oyu","snow_cover",1983,"Pre",0,0,NA,NA,NA,NA,NA
"Cho Oyu","snow_cover",1983,"Post",0,0,NA,NA,NA,NA,NA
"Cho Oyu","snow_cover",1984,"Pre",0,0,NA,NA,NA,NA,NA
"Cho Oyu","snow_cover",1984,"Post",0,0,NA,NA,NA,NA,NA
"Cho Oyu","snow_cover",1985,"Pre",0,0,NA,NA,NA,NA,NA
"Cho Oyu","snow_cover",1985,"Post",0,0,NA,NA,NA,NA,NA
"Cho Oyu","snow_cover",1986,"Pre",0,0,NA,NA,NA,NA,NA
"Cho Oyu","snow_cover",1986,"Post",0,0,NA,NA,NA,NA,NA
"Cho Oyu","snow_cover",1987,"Pre",0,0,NA,NA,NA,NA,NA
"Cho Oyu","snow_cover",1987,"Post",0,0,NA,NA,NA,NA,NA
"Cho Oyu","snow_cover",1988,"Pre",0,0,NA,NA,NA,NA,NA
"Cho Oyu","snow_cover",1988,"Post",0,0,NA,NA,NA,NA,NA
"Cho Oyu","snow_cover",1989,"Pre",0,0,NA,NA,NA,NA,NA
"Cho Oyu","snow_cover",1989,"Post",0,0,NA,NA,NA,NA,NA
"Cho Oyu","snow_cover",1990,"Pre",0,0,NA,NA,NA,NA,NA
"Cho Oyu","snow_cover",1990,"Post",0,0,NA,NA,NA,NA,NA
"Cho Oyu","snow_cover",1991,"Pre",0,0,NA,NA,NA,NA,NA
"Cho Oyu","snow_cover",1991,"Post",0,0,NA,NA,NA,NA,NA
"Cho Oyu","snow_cover",1992,"Pre",0,0,NA,NA,NA,NA,NA
"Cho Oyu","snow_cover",1992,"Post",0,0,NA,NA,NA,NA,NA
"Cho Oyu","snow_cover",1993,"Pre",0,0,NA,NA,NA,NA,NA
"Cho Oyu","snow_cover",1993,"Post",0,0,NA,NA,NA,NA,NA
"Cho Oyu","snow_cover",1994,"Pre",0,0,NA,NA,NA,NA,NA
"Cho Oyu","snow_cover",1994,"Post",0,0,NA,NA,NA,NA,NA
"Cho Oyu","snow_cover",1995,"Pre",0,0,NA,NA,NA,NA,NA
"Cho Oyu","snow_cover",1995,"Post",0,0,NA,NA,NA,NA,NA
"Cho Oyu","snow_cover",1996,"Pre",0,0,NA,NA,NA,NA,NA
"Cho Oyu","snow_cover",1996,"Post",0,0,NA,NA,NA,NA,NA
"Cho Oyu","snow_cover",1997,"Pre",0,0,NA,NA,NA,NA,NA
"Cho Oyu","snow_cover",1997,"Post",0,0,NA,NA,NA,NA,NA
"Cho Oyu","snow_cover",1998,"Pre",0,0,NA,NA,NA,NA,NA
"Cho Oyu","snow_cover",1998,"Post",0,0,NA,NA,NA,NA,NA
"Cho Oyu","snow_cover",1999,"Pre",0,0,NA,NA,NA,NA,NA
"Cho Oyu","snow_cover",1999,"Post",0,0,NA,NA,NA,NA,NA
"Cho Oyu","snow_cover",2000,"Pre",0,0,NA,NA,NA,NA,NA
"Cho Oyu","snow_cover",2000,"Post",0,0,NA,NA,NA,NA,NA
"Cho Oyu","snow_cover",2001,"Pre",0,0,NA,NA,NA,NA,NA
"Cho Oyu","snow_cover",2001,"Post",0,0,NA,NA,NA,NA,NA
"Cho Oyu","snow_cover",2002,"Pre",0,0,NA,NA,NA,NA,NA
"Cho Oyu","snow_cover",2002,"Post",0,0,NA,NA,NA,NA,NA
"Cho Oyu","snow_cover",2003,"Pre",0,0,NA,NA,NA,NA,NA
"Cho Oyu","snow_cover",2003,"Post",0,0,NA,NA,NA,NA,NA
"Cho Oyu","snow_cover",2004,"Pre",0,0,NA,NA,NA,NA,NA
"Cho Oyu","snow_cover",2004,"Post",0,0,NA,NA,NA,NA,NA
"Cho Oyu","snow_cover",2005,"Pre",0,0,NA,NA,NA,NA,NA
"Cho Oyu","snow_cover",2005,"Post",0,0,NA,NA,NA,NA,NA
"Cho Oyu","snow_cover",2006,"Pre",0,0,NA,NA,NA,NA,NA
"Cho Oyu","snow_cover",2006,"Post",0,0,NA,NA,NA,NA,NA
"Cho Oyu","snow_cover",2007,"Pre",0,0,NA,NA,NA,NA,NA
"Cho Oyu","snow_cover",2007,"Post",0,0,NA,NA,NA,NA,NA
"Cho Oyu","snow_cover",2008,"Pre",0,0,NA,NA,NA,NA,NA
"Cho Oyu","snow_cover",2008,"Post",0,0,NA,NA,NA,NA,NA
"Cho Oyu","snow_cover",2009,"Pre",0,0,NA,NA,NA,NA,NA
"Cho Oyu","snow_cover",2009,"Post",0,0,NA,NA,NA,NA,NA
"Cho Oyu","snow_cover",2010,"Pre",0,0,NA,NA,NA,NA,NA
"Cho Oyu","snow_cover",2010,"Post",0,0,NA,NA,NA,NA,NA
"Cho Oyu","snow_cover",2011,"Pre",0,0,NA,NA,NA,NA,NA
"Cho Oyu","snow_cover",2011,"Post",0,0,NA,NA,NA,NA,NA
"Cho Oyu","snow_cover",2012,"Pre",0,0,NA,NA,NA,NA,NA
"Cho Oyu","snow_cover",2012,"Post",0,0,NA,NA,NA,NA,NA
"Cho Oyu","snow_cover",2013,"Pre",0,0,NA,NA,NA,NA,NA
"Cho Oyu","snow_cover",2013,"Post",0,0,NA,NA,NA,NA,NA
"Cho Oyu","snow_cover",2014,"Pre",0,0,NA,NA,NA,NA,NA
"Cho Oyu","snow_cover",2014,"Post",0,0,NA,NA,NA,NA,NA
"Cho Oyu","snow_cover",2015,"Pre",0,0,NA,NA,NA,NA,NA
"Cho Oyu","snow_cover",2015,"Post",0,0,NA,NA,NA,NA,NA
"Cho Oyu","snow_cover",2016,"Pre",0,0,NA,NA,NA,NA,NA
"Cho Oyu","snow_cover",2016,"Post",0,0,NA,NA,NA,NA,NA
"Cho Oyu","snow_cover",2017,"Pre",0,0,NA,NA,NA,NA,NA
"Cho Oyu","snow_cover",2017,"Post",0,0,NA,NA,NA,NA,NA
"Cho Oyu","snow_cover",2018,"Pre",0,0,NA,NA,NA,NA,NA
"Cho Oyu","snow_cover",2018,"Post",0,0,NA,NA,NA,NA,NA
"Cho Oyu","snow_cover",2019,"Pre",0,0,NA,NA,NA,NA,NA
"Cho Oyu","snow_cover",2019,"Post",0,0,NA,NA,NA,NA,NA
"Cho Oyu","snow_cover",2020,"Pre",0,0,NA,NA,NA,NA,NA
"Cho Oyu","snow_cover",2020,"Post",0,0,NA,NA,NA,NA,NA
"Cho Oyu","snow_cover",2021,"Pre",0,0,NA,NA,NA,NA,NA
"Cho Oyu","snow_cover",2021,"Post",0,0,NA,NA,NA,NA,NA
"Cho Oyu","windspeed",1951,"Pre",0.296449349215632,0.141304347826087,0.619742265289865,0.3256580334281,0.186169776634457,0.199513344556373,0.132462965412063
"Cho Oyu","windspeed",1951,"Post",0.331494101582711,0.131868131868132,0.556935119560309,0.101545106941931,-0.105718719069889,-0.0670363669101781,-0.141543180389807
"Cho Oyu","windspeed",1952,"Pre",0.389809598110033,0.25,0.536227565501492,0.0124821523153951,-0.279028743635766,-0.117343625220058,-0.173422832323566
"Cho Oyu","windspeed",1952,"Post",0.30787857029385,0.0769230769230769,0.655066791566411,0.340502600108832,0.224724200339261,0.00957600500854458,-0.161595233166602
"Cho Oyu","windspeed",1953,"Pre",0.320192481469314,0.119565217391304,0.663432701267808,0.339584384000617,0.28290590387182,0.208324761310106,-0.0717512573312519
"Cho Oyu","windspeed",1953,"Post",0.304941939727766,0.0769230769230769,0.628677471040169,0.358423979039716,0.28129954086073,0.135813067011549,0.023900426709176
"Cho Oyu","windspeed",1954,"Pre",0.290370014191523,0.0760869565217391,0.660925333374969,0.345795531512661,0.212385601336332,-0.0456127388580598,-0.00239721782943276
"Cho Oyu","windspeed",1954,"Post",0.267242045711877,0.120879120879121,0.806102697905591,0.661367488899554,0.561120326473992,0.514290603837904,0.459835066759516
"Cho Oyu","windspeed",1955,"Pre",0.287493309030127,0.0869565217391304,0.704214224689022,0.40315365075177,0.21696588956204,-0.0270069954599421,-0.190436016914112
"Cho Oyu","windspeed",1955,"Post",0.265180713365146,0.0659340659340659,0.498586546498309,0.0247473431543585,-0.0422364805706459,0.218077501204233,0.156914931842274
"Cho Oyu","windspeed",1956,"Pre",0.32888761822057,0.141304347826087,0.659777576327749,0.444559100794678,0.263540635279232,0.198977928912635,-0.0915867900954827
"Cho Oyu","windspeed",1956,"Post",0.423907153798635,0.241758241758242,0.690357882030859,0.423797050380348,0.388445885922994,0.257955247274993,-0.283772473512777
"Cho Oyu","windspeed",1957,"Pre",0.310529056909265,0.152173913043478,0.691871129853064,0.493978203731191,0.40478440759864,0.333984201542046,0.156568624685789
"Cho Oyu","windspeed",1957,"Post",0.205006622492298,0.0549450549450549,0.511939546812539,0.178935297916158,0.0680566252227843,0.0431244249220715,-0.178279500849879
"Cho Oyu","windspeed",1958,"Pre",0.316550642192599,0.141304347826087,0.815881010287441,0.647112119942909,0.588005392201557,0.511244362566812,0.562018706166727
"Cho Oyu","windspeed",1958,"Post",0.319733708297446,0.0989010989010989,0.698727248563661,0.558477363851301,0.464258687002135,0.192895281911494,-0.0147601244520075
"Cho Oyu","windspeed",1959,"Pre",0.260993027034283,0.0652173913043478,0.633041947449807,0.357780766734787,0.21096615315136,0.178457706564371,0.181770743599826
"Cho Oyu","windspeed",1959,"Post",0.386337810284974,0.197802197802198,0.612957699923772,0.382150167097411,0.378374919345253,0.433030008548396,0.396749011746234
"Cho Oyu","windspeed",1960,"Pre",0.24768567964308,0.0434782608695652,0.576275257393204,0.23325253993135,0.0894744451952158,0.0154448735509455,-0.0583674484902406
"Cho Oyu","windspeed",1960,"Post",0.312175309518402,0.0549450549450549,0.686635563723216,0.359731302034674,0.337938137840903,0.51386637424103,0.567253238522737
"Cho Oyu","windspeed",1961,"Pre",0.272852266100142,0.0652173913043478,0.692909036017899,0.35947096748402,0.127207842574687,0.0721403553926388,-0.269131316458343
"Cho Oyu","windspeed",1961,"Post",0.346366403018205,0.0549450549450549,0.672008620450857,0.334924168703668,0.205544504088697,0.194468620744395,-0.142086111721333
"Cho Oyu","windspeed",1962,"Pre",0.317798440282107,0.0869565217391304,0.812933461365482,0.682094241692925,0.598318822994194,0.415243964461343,0.199179824365795
"Cho Oyu","windspeed",1962,"Post",0.278785880408313,0.164835164835165,0.769444609927507,0.612682355121817,0.481531225412033,0.336802669671714,0.0872733016648654
"Cho Oyu","windspeed",1963,"Pre",0.354367938349467,0.130434782608696,0.704005997859148,0.261590129018456,0.00410201830150279,-0.0792893478785065,-0.180394059115458
"Cho Oyu","windspeed",1963,"Post",0.26831342405944,0.043956043956044,0.600833630993466,0.337940223766402,0.189014637660477,0.0800954666448633,-0.238396879302233
"Cho Oyu","windspeed",1964,"Pre",0.229628669190334,0.0217391304347826,0.528866730601571,0.304198208741408,0.266716720498471,0.154536955482212,0.00103164618148072
"Cho Oyu","windspeed",1964,"Post",0.343922272948733,0.142857142857143,0.689888435884588,0.456450230342924,0.339073766586045,-0.0332086484988695,0.322675619276598
"Cho Oyu","windspeed",1965,"Pre",0.32264871004416,0.119565217391304,0.788863349987605,0.556759414712723,0.441103712736299,0.476776379970125,0.482697902848133
"Cho Oyu","windspeed",1965,"Post",0.34297066177731,0.175824175824176,0.563142054230963,0.388668759801241,0.236557635132014,0.109867290272113,0.241353584301957
"Cho Oyu","windspeed",1966,"Pre",0.287095817572482,0.0760869565217391,0.629221493554106,0.212051798967393,0.0187646055805333,-0.0396604719111232,0.111268841788837
"Cho Oyu","windspeed",1966,"Post",0.307267279945736,0.164835164835165,0.719604577132071,0.586305697160446,0.449251939884094,0.374007387553409,0.454052676417967
"Cho Oyu","windspeed",1967,"Pre",0.274244289587145,0.0869565217391304,0.619936552384356,0.366975915661917,0.217730181949477,-0.0805483199298031,0.189420463937057
"Cho Oyu","windspeed",1967,"Post",0.315092249276211,0.10989010989011,0.667852581386058,0.40620836051518,0.358574341790319,0.279836753950379,0.211999788731132
"Cho Oyu","windspeed",1968,"Pre",0.362397118216802,0.0760869565217391,0.672595565678014,0.458665295044583,0.361838376731262,0.0556035295184339,-0.0896075838425267
"Cho Oyu","windspeed",1968,"Post",0.297184119953262,0.0879120879120879,0.745842381036905,0.540835074922593,0.358168001732493,0.248505055419691,-0.0325362469360067
"Cho Oyu","windspeed",1969,"Pre",0.350463542364267,0.108695652173913,0.665766732814522,0.351434760816109,0.196380843837263,-0.00117590107557519,-0.0990735536504627
"Cho Oyu","windspeed",1969,"Post",0.242212979367135,0.021978021978022,0.569299085648717,0.331527554624932,0.177177768051572,0.0345602108803594,0.152237905484054
"Cho Oyu","windspeed",1970,"Pre",0.243680250503089,0.0869565217391304,0.588163442239961,0.340442237265411,0.137718270424158,-0.158908226323182,0.146121007056568
"Cho Oyu","windspeed",1970,"Post",0.376701070467331,0.142857142857143,0.72426912642917,0.468786653665202,0.257930318385006,0.0884418146719108,-0.157539100194902
"Cho Oyu","windspeed",1971,"Pre",0.36706638483634,0.16304347826087,0.676667333417931,0.352448956885413,0.228681947767622,0.0465641328854475,-0.0421511436225729
"Cho Oyu","windspeed",1971,"Post",0.329078509419774,0.0769230769230769,0.676010197818734,0.375160286380926,0.25355345840699,-0.0635171805509322,-0.269257451137088
"Cho Oyu","windspeed",1972,"Pre",0.308081739230007,0.108695652173913,0.606312882693801,0.253490306829186,0.248805539743457,0.117656587306697,0.013637068770728
"Cho Oyu","windspeed",1972,"Post",0.381070956933196,0.153846153846154,0.752981877230627,0.549216448281948,0.468781784253964,0.22917567210505,0.149780630309063
"Cho Oyu","windspeed",1973,"Pre",0.302786358845696,0.0760869565217391,0.612024784251053,0.294943345933841,0.184102325682026,0.148975661685596,-0.0164078842883734
"Cho Oyu","windspeed",1973,"Post",0.363647977335684,0.153846153846154,0.645970287664797,0.24778364344137,0.082220912067221,0.067026881158956,0.163969058806058
"Cho Oyu","windspeed",1974,"Pre",0.308266737505056,0.0652173913043478,0.504217960932212,0.264998087023337,0.336625529344479,0.313905847534211,0.0400519611648031
"Cho Oyu","windspeed",1974,"Post",0.292585514372026,0.153846153846154,0.73864114036192,0.439346004965786,0.159189430328183,-0.187071261861669,0.388637376411724
"Cho Oyu","windspeed",1975,"Pre",0.36664736677757,0.173913043478261,0.773087221386697,0.50937381925329,0.304271881235356,0.135924787845892,-0.396895119291
"Cho Oyu","windspeed",1975,"Post",0.327020448910113,0.164835164835165,0.765965102072961,0.540547328626873,0.360359128368213,0.381477182171273,0.261865617255706
"Cho Oyu","windspeed",1976,"Pre",0.253259625275941,0.0978260869565217,0.57439329516748,0.418857378934014,0.468725300634466,0.16768620958623,-0.162849359449507
"Cho Oyu","windspeed",1976,"Post",0.266411675406345,0.0989010989010989,0.575381692652459,0.226051608499873,0.161065394391647,0.281961409194558,0.340341865190649
"Cho Oyu","windspeed",1977,"Pre",0.229016396957655,0.0543478260869565,0.495027454606468,0.105987861031694,-0.00957985528477487,-0.0217780980608611,-0.345492896356339
"Cho Oyu","windspeed",1977,"Post",0.246251090447596,0.021978021978022,0.417096528744029,0.094492017812368,-0.111526259603642,-0.0330321248463602,-0.14467069682518
"Cho Oyu","windspeed",1978,"Pre",0.271327650902436,0.0543478260869565,0.550781415488232,0.152509772418565,0.0263759171224388,0.0554363265200412,-0.341379845566222
"Cho Oyu","windspeed",1978,"Post",0.311280106130374,0.0879120879120879,0.716480221725872,0.458203704458965,0.42924818638697,0.401045254965031,0.230333328627059
"Cho Oyu","windspeed",1979,"Pre",0.35650404369276,0.152173913043478,0.64788844929289,0.372929391753994,0.244167714091983,0.356722221058041,0.321316239307143
"Cho Oyu","windspeed",1979,"Post",0.251494843682802,0.0769230769230769,0.593143267523424,0.24214968182136,0.131539421907923,0.277979192590179,0.0263604505969959
"Cho Oyu","windspeed",1980,"Pre",0.262541816088358,0.0434782608695652,0.381212673620277,0.119958982609775,0.08339266911119,0.0155959117500849,-0.135781034715943
"Cho Oyu","windspeed",1980,"Post",0.270946027399354,0.032967032967033,0.49623003764368,0.176027418973192,0.129113053642577,-0.0383333971399843,-0.199292554417138
"Cho Oyu","windspeed",1981,"Pre",0.255890859295722,0.0326086956521739,0.453880984586003,0.0490982366011945,-0.135173919571767,0.164686074302848,0.0145438131049375
"Cho Oyu","windspeed",1981,"Post",0.243745246234567,0.10989010989011,0.573520108990701,0.194661602717724,-0.04361639375768,-0.0411734628867721,0.000287871292430313
"Cho Oyu","windspeed",1982,"Pre",0.287819532414178,0.0978260869565217,0.661456149536366,0.314613495557987,0.152619064977791,0.0165719356261474,-0.0299121996985315
"Cho Oyu","windspeed",1982,"Post",0.268980537456237,0.0549450549450549,0.599316867594845,0.302840866615569,0.246924346549817,0.0536533983836752,0.0402861248813936
"Cho Oyu","windspeed",1983,"Pre",0.299670471122847,0.0543478260869565,0.62376822609906,0.379762280852173,0.228906221043363,0.182116123487583,0.03906787359616
"Cho Oyu","windspeed",1983,"Post",0.267874714437089,0.0659340659340659,0.434972252212671,0.0248580866583152,-0.111115469056876,-0.144059723690907,0.0260292155425983
"Cho Oyu","windspeed",1984,"Pre",0.272542374539869,0.0652173913043478,0.722237400643295,0.474725667920159,0.247714122124027,-0.049859411163971,-0.205261706974159
"Cho Oyu","windspeed",1984,"Post",0.26906326891335,0.142857142857143,0.575190498058452,0.425465131560214,0.404852512833698,0.191927240095216,0.237848081164262
"Cho Oyu","windspeed",1985,"Pre",0.253287094902883,0.173913043478261,0.675773873382269,0.3507106786362,0.117158291428522,-0.0726492112128262,-0.024017393578781
"Cho Oyu","windspeed",1985,"Post",0.331003870018011,0.10989010989011,0.729462749291698,0.507611697005624,0.338396820658741,0.113605020548198,0.0754593825980171
"Cho Oyu","windspeed",1986,"Pre",0.289027405938148,0.0434782608695652,0.575680773903622,0.215044166010586,0.194565069592675,-0.154613440143361,-0.0272840028845163
"Cho Oyu","windspeed",1986,"Post",0.28511806200256,0.032967032967033,0.647478351288861,0.368030685735456,0.189716874818397,0.117583732755913,-0.208855984950708
"Cho Oyu","windspeed",1987,"Pre",0.297151350839368,0.108695652173913,0.698037372970865,0.408259234231288,0.217687106137456,0.144743402683822,0.0837819200783713
"Cho Oyu","windspeed",1987,"Post",0.388782463024279,0.186813186813187,0.746126381137696,0.437164928611505,0.281056324801581,0.235731895414389,0.0691284183269182
"Cho Oyu","windspeed",1988,"Pre",0.295688231974813,0.0760869565217391,0.446878114852344,-0.070397612887321,-0.158367167099091,-0.0718913678832216,-0.177795670916119
"Cho Oyu","windspeed",1988,"Post",0.290085114777185,0.131868131868132,0.666781170832862,0.352320911871719,0.305319139767692,0.177421544440066,0.0883089295959847
"Cho Oyu","windspeed",1989,"Pre",0.284035630272456,0.0869565217391304,0.604830748946949,0.260017914953124,0.0221117084170133,-0.0457080983539748,-0.0685099827705989
"Cho Oyu","windspeed",1989,"Post",0.246985174266866,0.0769230769230769,0.588364362372295,0.215239058063795,-0.0252981139148445,-0.146941088164165,0.201910483397949
"Cho Oyu","windspeed",1990,"Pre",0.299656597554971,0.0760869565217391,0.589964469727412,0.358519855390853,0.169928841742486,0.0327695132147477,-0.077514447125814
"Cho Oyu","windspeed",1990,"Post",0.259435038310683,0.131868131868132,0.635705077208459,0.361410206725333,0.308211508731475,0.298272594338641,0.193514397357742
"Cho Oyu","windspeed",1991,"Pre",0.281753733399317,0.0652173913043478,0.672341767586759,0.283818474428143,0.141216044654593,0.132627661227763,0.216493274480756
"Cho Oyu","windspeed",1991,"Post",0.280182737570588,0.10989010989011,0.699163231873923,0.487845539729563,0.434857940507906,0.375002157132049,0.202409334269885
"Cho Oyu","windspeed",1992,"Pre",0.239164241919071,0.119565217391304,0.580908157163867,0.346342400709289,0.173377141710954,-0.0726976709982076,0.00236746319886938
"Cho Oyu","windspeed",1992,"Post",0.290883173227607,0.0659340659340659,0.613711851488964,0.301800902549621,0.0684496115921819,-0.345970553311824,-0.111624197242279
"Cho Oyu","windspeed",1993,"Pre",0.370620454114716,0.0869565217391304,0.723142325365849,0.617973970096847,0.499489250243255,0.375680464044283,-0.0101480735715063
"Cho Oyu","windspeed",1993,"Post",0.284258164956456,0.120879120879121,0.574703153263606,0.403633600110277,0.383280072493519,0.346722395621693,0.0648112701022099
"Cho Oyu","windspeed",1994,"Pre",0.270571784928245,0.0434782608695652,0.604040952570998,0.286623740805152,0.115435175873914,0.112972885885706,0.0817533743469692
"Cho Oyu","windspeed",1994,"Post",0.298267966492569,0.0659340659340659,0.738946496893238,0.554756662464683,0.381985995619092,0.387076359435904,0.142604329466469
"Cho Oyu","windspeed",1995,"Pre",0.263120871232771,0.0326086956521739,0.492589884181113,0.212660184955216,0.108870782272811,-0.100686745224466,-0.122534386458582
"Cho Oyu","windspeed",1995,"Post",0.339374406736469,0.131868131868132,0.678345189916503,0.419038003479484,0.218226909316534,0.251945186135609,0.31578973183974
"Cho Oyu","windspeed",1996,"Pre",0.341862164118174,0.141304347826087,0.705191184519167,0.431527703485423,0.204709399492464,0.0115498021208435,-0.0318998732918096
"Cho Oyu","windspeed",1996,"Post",0.309046383528024,0.0879120879120879,0.730743797411789,0.401419670785142,0.18940966063548,-0.0009192550337109,0.0969477697226598
"Cho Oyu","windspeed",1997,"Pre",0.263026369081831,0.0978260869565217,0.638149511167348,0.475702694788783,0.401831294491003,0.178950994143819,0.130034672011541
"Cho Oyu","windspeed",1997,"Post",0.246328843398173,0.0549450549450549,0.525023012282011,0.155878274241607,-0.00369487300215079,-0.0368603477548547,-0.0721100730516846
"Cho Oyu","windspeed",1998,"Pre",0.323157262097065,0.0760869565217391,0.565148735735562,0.144055712650991,-0.0270747034743328,0.126394752960163,-0.073394029957608
"Cho Oyu","windspeed",1998,"Post",0.310142043024261,0.0769230769230769,0.732461785772381,0.480812358952401,0.279703295769679,0.19050357171028,0.50114326982306
"Cho Oyu","windspeed",1999,"Pre",0.255287354786676,0.217391304347826,0.643917283599612,0.260632902836974,0.0938041659127945,-0.04780039614634,-0.0229183024763407
"Cho Oyu","windspeed",1999,"Post",0.379451311134286,0.142857142857143,0.723099585239728,0.577810349950113,0.46551646077378,0.369065340482269,0.10689827247338
"Cho Oyu","windspeed",2000,"Pre",0.307390583629232,0.130434782608696,0.504386552944289,0.17470892650181,0.0556941254283482,0.0907065620192415,-0.109817002252651
"Cho Oyu","windspeed",2000,"Post",0.389588198170573,0.164835164835165,0.645148715247806,0.444234215552357,0.475049686619178,0.330726771649613,0.0585806444839465
"Cho Oyu","windspeed",2001,"Pre",0.227510222917704,0.0217391304347826,0.424173980568022,0.120383187701515,0.158688988032475,0.0552502248215761,-0.133668536558242
"Cho Oyu","windspeed",2001,"Post",0.250249922072919,0.0659340659340659,0.463890582117965,0.159252106209157,0.0473803634918928,0.0648292099922662,-0.354363023600342
"Cho Oyu","windspeed",2002,"Pre",0.312539863877875,0.0869565217391304,0.619483298697408,0.256657643439286,0.107551652743961,-0.159359401900772,0.0585934532243062
"Cho Oyu","windspeed",2002,"Post",0.212973427707468,0.010989010989011,0.361411227709334,-0.169855662270975,-0.220981857885587,0.119744213946258,0.0668141349101923
"Cho Oyu","windspeed",2003,"Pre",0.313484120034486,0.130434782608696,0.639479514346255,0.385881095552145,0.331228416125206,0.330108871997644,0.289664675458578
"Cho Oyu","windspeed",2003,"Post",0.29175897718992,0.0769230769230769,0.676890808243551,0.325301658823846,0.0941180481039405,-0.0644478144956026,0.00140924181932159
"Cho Oyu","windspeed",2004,"Pre",0.278375289561353,0.130434782608696,0.673889625559187,0.394267537635877,0.185283618819588,-0.0937414949423587,-0.239064339640192
"Cho Oyu","windspeed",2004,"Post",0.279673763691571,0.0549450549450549,0.36349094215505,-0.0244879023472526,-0.0630874128383203,-0.0631081607209647,-0.0590701116499636
"Cho Oyu","windspeed",2005,"Pre",0.282611260382685,0.0652173913043478,0.733471025035921,0.508288519123533,0.331308183089086,0.227566596119014,0.294489003960588
"Cho Oyu","windspeed",2005,"Post",0.254943049766604,0.043956043956044,0.685617582943199,0.389733341953211,0.30827130365217,0.181133322706808,0.115671725850898
"Cho Oyu","windspeed",2006,"Pre",0.359722403774637,0.152173913043478,0.68027484353773,0.325133037171559,0.211121601195404,0.198089437691853,-0.15703938600384
"Cho Oyu","windspeed",2006,"Post",0.299907009792676,0.043956043956044,0.684883569576291,0.450989061181594,0.348460625576907,0.215299841147156,0.233263613749891
"Cho Oyu","windspeed",2007,"Pre",0.335334208840306,0.130434782608696,0.665078587387932,0.497026816425943,0.318871986939196,0.0318744327200706,-0.0248670911948047
"Cho Oyu","windspeed",2007,"Post",0.26853501250093,0.10989010989011,0.692568487518856,0.331640341218737,0.193286369471572,0.046667979756256,0.244318551658426
"Cho Oyu","windspeed",2008,"Pre",0.224521361247258,0.0434782608695652,0.715420192769674,0.42830693077974,0.261533738869523,0.12659320293965,-0.0631083428234618
"Cho Oyu","windspeed",2008,"Post",0.297796374474931,0.10989010989011,0.6526591012212,0.381579919234952,0.125273246345166,0.0315809415738403,-0.167636318195657
"Cho Oyu","windspeed",2009,"Pre",0.216863359903319,0.228260869565217,0.585417695692961,0.292069709685116,0.102943842912354,-0.0970073592750323,-0.00423376385581529
"Cho Oyu","windspeed",2009,"Post",0.290243859458294,0.0549450549450549,0.706024530961043,0.548508186786992,0.35102139565217,0.0268093385268577,-0.294072102105496
"Cho Oyu","windspeed",2010,"Pre",0.254147009312674,0.16304347826087,0.65943817647767,0.384934477205149,0.240853392064467,0.141189494307076,0.00621668532359638
"Cho Oyu","windspeed",2010,"Post",0.32860567438487,0.0769230769230769,0.654828480614399,0.292228434982664,0.144288239574363,0.128756201829975,0.0667430285280023
"Cho Oyu","windspeed",2011,"Pre",0.299053157116466,0.0652173913043478,0.501338259650161,0.0544111008507862,-0.0219606462364983,0.129365672719445,-0.067600280168925
"Cho Oyu","windspeed",2011,"Post",0.365455807065548,0.164835164835165,0.594733307189042,0.249792847835995,0.0533627767259296,0.128514559045302,-0.0987603071670593
"Cho Oyu","windspeed",2012,"Pre",0.370569857382909,0.141304347826087,0.776398626859486,0.500834118209591,0.282875046370068,0.0403215447287589,-0.128217913628865
"Cho Oyu","windspeed",2012,"Post",0.33945171074055,0.131868131868132,0.691933617921319,0.515561046105509,0.470651782807067,0.3939787239561,0.152004389808849
"Cho Oyu","windspeed",2013,"Pre",0.32380617172118,0.0869565217391304,0.751928441629491,0.543855751149241,0.468736305498956,0.361931821555195,0.269412134795226
"Cho Oyu","windspeed",2013,"Post",0.281122542585781,0.043956043956044,0.487988791926653,0.0410380305812461,-0.0298445538413848,0.0420913594000304,-0.144268516919685
"Cho Oyu","windspeed",2014,"Pre",0.281771788675727,0.0543478260869565,0.720318970400025,0.462455840289161,0.363859042417977,0.316107905644139,0.1126938567021
"Cho Oyu","windspeed",2014,"Post",0.338174284022562,0.0879120879120879,0.581977560861408,0.239011057560752,0.106170516086854,0.106688802485161,-0.267907779809587
"Cho Oyu","windspeed",2015,"Pre",0.34073106658654,0.217391304347826,0.611404761248825,0.356175389594945,0.19325219931685,0.164410706094818,-0.00452930066388135
"Cho Oyu","windspeed",2015,"Post",0.310615336740782,0.120879120879121,0.596094286472359,0.317316677759418,0.0598451995328419,-0.0976626584239766,-0.0425180096403954
"Cho Oyu","windspeed",2016,"Pre",0.265448212705203,0.0869565217391304,0.687517242540934,0.413620984929394,0.284463234396513,0.25234632465039,-0.083146431156151
"Cho Oyu","windspeed",2016,"Post",0.303757284165579,0.0879120879120879,0.621173882508654,0.32088256958656,0.107799833733557,-0.064737973511119,-0.124497437685516
"Cho Oyu","windspeed",2017,"Pre",0.316855335119439,0.130434782608696,0.671505545959291,0.510392700914823,0.396109224519066,0.217372096115221,-0.204127307999588
"Cho Oyu","windspeed",2017,"Post",0.267831526473116,0.0769230769230769,0.619659598985146,0.325896448412581,0.195624849770529,0.0896084597115223,-0.0651837783641171
"Cho Oyu","windspeed",2018,"Pre",0.259623774441807,0.0543478260869565,0.570647919732204,0.304395481422681,0.133559243486709,-0.035848014692394,-0.221405677456203
"Cho Oyu","windspeed",2018,"Post",0.27891369483267,0.131868131868132,0.639264669956614,0.418740465339473,0.364625826861827,0.0944561045286544,0.129447698644709
"Cho Oyu","windspeed",2019,"Pre",0.29614094271073,0.0978260869565217,0.601065652209705,0.422249976916063,0.308801057369053,0.233076384040293,0.325562251443613
"Cho Oyu","windspeed",2019,"Post",0.286824052734775,0.10989010989011,0.681946320849646,0.452280805132661,0.350530118952061,0.314966402275781,0.157888834291782
"Cho Oyu","windspeed",2020,"Pre",0.265130570390316,0.0543478260869565,0.446440053911359,0.0471090589170781,0.025698637165915,-0.161997625157814,-0.328763519396335
"Cho Oyu","windspeed",2020,"Post",0.280594073647204,0.0879120879120879,0.652019785006469,0.434825755637272,0.428996375340299,0.278415357486552,0.119129435757051
"Cho Oyu","windspeed",2021,"Pre",0.241788410835381,0.0760869565217391,0.681761870394264,0.411780223735112,0.278538705508579,0.110937376097438,0.147576739457997
"Cho Oyu","windspeed",2021,"Post",0.292190194530895,0.0879120879120879,0.571609782949288,0.209186115473242,0.0571924014001144,0.101632090278926,0.136251506785235
"Dhaulagiri I","2m_temperature",1951,"Pre",0.0160957798928506,0.0543478260869565,0.969474630386934,0.943916005277755,0.927192741647078,0.898441326646073,0.845484665176538
"Dhaulagiri I","2m_temperature",1951,"Post",0.0175158805692983,0.0549450549450549,0.967903839154137,0.936097278795358,0.921134015166067,0.870048324224686,0.80604905448923
"Dhaulagiri I","2m_temperature",1952,"Pre",0.0206521768675728,0.184782608695652,0.9759176575412,0.9483378511712,0.937414972981129,0.936589927280867,0.894650436970831
"Dhaulagiri I","2m_temperature",1952,"Post",0.0215125704072965,0.197802197802198,0.987394143211225,0.96871766926082,0.947300364692437,0.903670094027196,0.826832847216154
"Dhaulagiri I","2m_temperature",1953,"Pre",0.014124147122793,0.0217391304347826,0.95992074794221,0.90484076527041,0.868395768716028,0.828853939996385,0.684860625351547
"Dhaulagiri I","2m_temperature",1953,"Post",0.0224130457473001,0.274725274725275,0.97707100803027,0.95038534813764,0.930240897509139,0.892224734101489,0.816827840837285
"Dhaulagiri I","2m_temperature",1954,"Pre",0.0148184791837745,0.0760869565217391,0.955186992050692,0.908672610792854,0.870099614988182,0.800484786303152,0.780614510491089
"Dhaulagiri I","2m_temperature",1954,"Post",0.0223179260531379,0.186813186813187,0.985217157520389,0.95798436338455,0.93037155281379,0.874336386973872,0.712332359373821
"Dhaulagiri I","2m_temperature",1955,"Pre",0.0124239124118008,0.0978260869565217,0.924792276943117,0.8206539064278,0.767009762394643,0.642599795473709,0.520648598381276
"Dhaulagiri I","2m_temperature",1955,"Post",0.0131810355331355,0.021978021978022,0.95825494206935,0.902353258158043,0.869010988289894,0.817006349735714,0.795211996748699
"Dhaulagiri I","2m_temperature",1956,"Pre",0.0204822049239173,0.228260869565217,0.976915329344974,0.950046598027343,0.925954191181082,0.879220690082962,0.808212701053948
"Dhaulagiri I","2m_temperature",1956,"Post",0.0160567413784441,0.0769230769230769,0.967558433147791,0.919389678925416,0.881240021717602,0.825410242100659,0.838399400275476
"Dhaulagiri I","2m_temperature",1957,"Pre",0.0153255832742929,0.130434782608696,0.953221482180072,0.911579319010911,0.884996280185133,0.831800181770793,0.725451826688569
"Dhaulagiri I","2m_temperature",1957,"Post",0.0133809002374652,0,0.967991132824504,0.936295131543992,0.913241634538046,0.878314806329786,0.777333753585974
"Dhaulagiri I","2m_temperature",1958,"Pre",0.016347397340492,0.0434782608695652,0.970984449768843,0.937373950877724,0.908445131901268,0.860517339335777,0.789504862450266
"Dhaulagiri I","2m_temperature",1958,"Post",0.0120319083296337,0.0659340659340659,0.958520723074099,0.89801397444599,0.854236440293038,0.802267436879324,0.698736889775693
"Dhaulagiri I","2m_temperature",1959,"Pre",0.0144076708550277,0.0543478260869565,0.947748639297938,0.878800260976289,0.824356728310854,0.77790221702807,0.735530618715765
"Dhaulagiri I","2m_temperature",1959,"Post",0.0168596666667698,0.10989010989011,0.965693555643201,0.914418360438016,0.88440656123477,0.87174492273063,0.819289520642521
"Dhaulagiri I","2m_temperature",1960,"Pre",0.0165085019180055,0.0869565217391304,0.959939341589193,0.919481636664861,0.883621331605551,0.837122573854548,0.733274553627931
"Dhaulagiri I","2m_temperature",1960,"Post",0.016245653965087,0.0549450549450549,0.958496689518297,0.89969172172233,0.880209597252506,0.898413335933091,0.80492485021917
"Dhaulagiri I","2m_temperature",1961,"Pre",0.0148451519778095,0.0217391304347826,0.958334992066219,0.918880334033668,0.888922113283586,0.883563134224127,0.846367750919545
"Dhaulagiri I","2m_temperature",1961,"Post",0.0260255553882845,0.384615384615385,0.98168941855247,0.952810116921572,0.934000142488272,0.911587005767073,0.871416386514831
"Dhaulagiri I","2m_temperature",1962,"Pre",0.0157882464095857,0.0652173913043478,0.970533070501439,0.933857655454749,0.899146171084457,0.824566678603054,0.790861098271322
"Dhaulagiri I","2m_temperature",1962,"Post",0.0162530794379063,0.010989010989011,0.971641645718588,0.931757782683283,0.901774855052368,0.852123708732587,0.74962916170617
"Dhaulagiri I","2m_temperature",1963,"Pre",0.0163932236023258,0.119565217391304,0.96452174292492,0.919248168419123,0.880684040630012,0.853352683279977,0.815533589233322
"Dhaulagiri I","2m_temperature",1963,"Post",0.0169624805282176,0.0769230769230769,0.971753798682822,0.934254548079717,0.906000947842548,0.87486759944588,0.844633355151793
"Dhaulagiri I","2m_temperature",1964,"Pre",0.0136124013595619,0.0108695652173913,0.94977971691041,0.901296023935063,0.886612833685134,0.84826548394656,0.760941398277459
"Dhaulagiri I","2m_temperature",1964,"Post",0.0159363069152132,0.032967032967033,0.971941939450267,0.932483958253219,0.900998483861357,0.825699038065872,0.76776470399923
"Dhaulagiri I","2m_temperature",1965,"Pre",0.0171879020608232,0.130434782608696,0.963286974765409,0.894814048725147,0.840767584918937,0.819175129038214,0.751389276955094
"Dhaulagiri I","2m_temperature",1965,"Post",0.0163832371842111,0.010989010989011,0.969665304065542,0.929893396828844,0.899672311697507,0.863036713067336,0.798005138978784
"Dhaulagiri I","2m_temperature",1966,"Pre",0.015567730053923,0.0543478260869565,0.940968662753359,0.884654351400127,0.837021421027881,0.808510892667826,0.763891249101471
"Dhaulagiri I","2m_temperature",1966,"Post",0.0142443824948668,0.0549450549450549,0.964775609469476,0.916572248906409,0.877105036745009,0.8570896529763,0.766408636137552
"Dhaulagiri I","2m_temperature",1967,"Pre",0.0169542556789468,0.0760869565217391,0.956949277811201,0.897445009774248,0.847057818485148,0.770378425044734,0.794330571972469
"Dhaulagiri I","2m_temperature",1967,"Post",0.0248271442370465,0.373626373626374,0.986445226387496,0.968299862108049,0.958423716221138,0.953781288859564,0.913319980660936
"Dhaulagiri I","2m_temperature",1968,"Pre",0.0143307670293097,0.0326086956521739,0.956909087893493,0.90860329509093,0.878488273930104,0.802164053967586,0.770541866935363
"Dhaulagiri I","2m_temperature",1968,"Post",0.0213744244382803,0.120879120879121,0.986517660776651,0.962967196835141,0.938610416098666,0.900725130076711,0.800243640571186
"Dhaulagiri I","2m_temperature",1969,"Pre",0.0119673085598164,0.0108695652173913,0.922004686348347,0.826258469254279,0.744450562669258,0.628586835717075,0.367479585436508
"Dhaulagiri I","2m_temperature",1969,"Post",0.0132877853993991,0.0659340659340659,0.967316922612489,0.927399340307814,0.893378219172208,0.838298079779749,0.701125047685856
"Dhaulagiri I","2m_temperature",1970,"Pre",0.0209189475239077,0.195652173913043,0.97595674202324,0.93770958774804,0.898860257540689,0.851406203800005,0.846935967490558
"Dhaulagiri I","2m_temperature",1970,"Post",0.01791873892574,0.0879120879120879,0.975746526848165,0.935050687865254,0.901202978668754,0.873012378920961,0.791712688753494
"Dhaulagiri I","2m_temperature",1971,"Pre",0.0175050431260186,0.119565217391304,0.970853860973662,0.943663684779821,0.930637446911129,0.914824830844518,0.827795662077567
"Dhaulagiri I","2m_temperature",1971,"Post",0.0198862842693153,0.0659340659340659,0.978922760093442,0.939924446078876,0.900913921316537,0.842147243544407,0.741226332290257
"Dhaulagiri I","2m_temperature",1972,"Pre",0.013862276404505,0.0434782608695652,0.942007775899838,0.884133326279311,0.858574737901295,0.809230941028022,0.692158861526469
"Dhaulagiri I","2m_temperature",1972,"Post",0.0190089581114015,0.131868131868132,0.970931585042183,0.931268833174918,0.904254823174144,0.863084726365996,0.85162753647938
"Dhaulagiri I","2m_temperature",1973,"Pre",0.0190422140768183,0.173913043478261,0.957691187080819,0.91933612169945,0.898913388142484,0.858755574899132,0.822574884737877
"Dhaulagiri I","2m_temperature",1973,"Post",0.0183123380910948,0.10989010989011,0.95644387095992,0.903121569559938,0.869225044729649,0.83272802493306,0.815791126553553
"Dhaulagiri I","2m_temperature",1974,"Pre",0.0126957716495085,0.0326086956521739,0.947855122759092,0.895448052930731,0.862655755089382,0.78563982198294,0.724231648133412
"Dhaulagiri I","2m_temperature",1974,"Post",0.0196199990570507,0.0879120879120879,0.978611900209381,0.944992490622044,0.909716831777703,0.839722899998357,0.747008452921131
"Dhaulagiri I","2m_temperature",1975,"Pre",0.0165586551533218,0.0869565217391304,0.955819862476192,0.899072692957776,0.862658315123547,0.785729823423411,0.678625945637047
"Dhaulagiri I","2m_temperature",1975,"Post",0.0129922662057765,0.0549450549450549,0.963890865097839,0.910914905525884,0.876755745581194,0.866616349505531,0.835285454242795
"Dhaulagiri I","2m_temperature",1976,"Pre",0.0176204596400621,0.0978260869565217,0.961405685994072,0.925400731850358,0.918523551987098,0.898699582601793,0.848888213546266
"Dhaulagiri I","2m_temperature",1976,"Post",0.0100550432929975,0,0.940251088319107,0.85864760805111,0.796751010018005,0.697550566985539,0.694612264427606
"Dhaulagiri I","2m_temperature",1977,"Pre",0.0113029174706895,0,0.895580975249547,0.748420640070993,0.63401800821994,0.473392592622654,0.458471918950981
"Dhaulagiri I","2m_temperature",1977,"Post",0.0120728265162422,0.021978021978022,0.951394733119287,0.886984266575876,0.84494259074596,0.787643708557805,0.551936125927618
"Dhaulagiri I","2m_temperature",1978,"Pre",0.0223146465624233,0.282608695652174,0.97798037185852,0.954057875472588,0.940200434109804,0.932006726064217,0.900470191677477
"Dhaulagiri I","2m_temperature",1978,"Post",0.0158240648903845,0.043956043956044,0.969249165978895,0.924002714858546,0.886211697256782,0.828192934860988,0.631611484091639
"Dhaulagiri I","2m_temperature",1979,"Pre",0.0176371048822659,0.108695652173913,0.955391061079882,0.917220402657033,0.89470682567729,0.868995769288034,0.839412605905716
"Dhaulagiri I","2m_temperature",1979,"Post",0.012867856466398,0.010989010989011,0.951985652219912,0.880960907964167,0.823223971471393,0.754777508403597,0.468974242508852
"Dhaulagiri I","2m_temperature",1980,"Pre",0.0185255565782645,0.173913043478261,0.969902979889271,0.948588117661069,0.926625712253736,0.895500184492845,0.859251315151827
"Dhaulagiri I","2m_temperature",1980,"Post",0.0147079202125232,0.0549450549450549,0.953951079010777,0.898915547274182,0.88007158194337,0.858879534555274,0.773689188900836
"Dhaulagiri I","2m_temperature",1981,"Pre",0.0188899162480124,0.173913043478261,0.963556403442732,0.901027979180133,0.860010172715072,0.833394025745047,0.822880998378949
"Dhaulagiri I","2m_temperature",1981,"Post",0.0214329632040046,0.208791208791209,0.970458148928271,0.92341573074279,0.879142839527297,0.818105321284153,0.776550108492015
"Dhaulagiri I","2m_temperature",1982,"Pre",0.0157706358048607,0.108695652173913,0.950165439838692,0.88498697084991,0.834382642776209,0.736747888071341,0.638137197695278
"Dhaulagiri I","2m_temperature",1982,"Post",0.0169741015694133,0.120879120879121,0.969704662543155,0.922819361986021,0.881356903577107,0.806846763033412,0.713581213139786
"Dhaulagiri I","2m_temperature",1983,"Pre",0.0169435755605258,0.0869565217391304,0.957202517019557,0.911396151067298,0.880735075776018,0.853982488483682,0.825249070339618
"Dhaulagiri I","2m_temperature",1983,"Post",0.0205567414744046,0.120879120879121,0.978371729173028,0.947519183373617,0.926746296111413,0.899828598944162,0.84694048746157
"Dhaulagiri I","2m_temperature",1984,"Pre",0.0166797031067802,0.0978260869565217,0.972736467308693,0.927502057613929,0.890217767516588,0.850143898354923,0.719668802254531
"Dhaulagiri I","2m_temperature",1984,"Post",0.016442104416785,0.043956043956044,0.962002619122789,0.911095972266648,0.868518503100258,0.807020208548863,0.764005487451396
"Dhaulagiri I","2m_temperature",1985,"Pre",0.0124575692070799,0.0869565217391304,0.938082950054116,0.840934673015029,0.763474753941223,0.706680704225587,0.654050020269123
"Dhaulagiri I","2m_temperature",1985,"Post",0.0164640812109278,0.043956043956044,0.969461113666352,0.924028763558345,0.890895297519716,0.857111709496372,0.811986273866297
"Dhaulagiri I","2m_temperature",1986,"Pre",0.0142519915379272,0.0760869565217391,0.933661996653637,0.845513462788353,0.799353674154937,0.740701719447132,0.651491336681736
"Dhaulagiri I","2m_temperature",1986,"Post",0.0155987954952223,0.0879120879120879,0.965485019006523,0.915271278501302,0.86922499823983,0.778547939788259,0.556638442560622
"Dhaulagiri I","2m_temperature",1987,"Pre",0.0131192687835454,0.0217391304347826,0.938617142110064,0.845536867918454,0.750868324382341,0.629530892633627,0.403117090886321
"Dhaulagiri I","2m_temperature",1987,"Post",0.0157785357256898,0.0879120879120879,0.969001233139623,0.927365846949144,0.898637660040194,0.884261031155539,0.750743120746247
"Dhaulagiri I","2m_temperature",1988,"Pre",0.0184811346779343,0.0978260869565217,0.967764262891019,0.937425831863671,0.91027991039325,0.882072859640473,0.888990113824072
"Dhaulagiri I","2m_temperature",1988,"Post",0.0191549278566199,0.0879120879120879,0.978666271380346,0.949419633884696,0.935238252503679,0.911996277268511,0.846601313690654
"Dhaulagiri I","2m_temperature",1989,"Pre",0.0161659536282129,0.0326086956521739,0.955516161207366,0.90880499647146,0.870899889808197,0.833865510400398,0.741284923412044
"Dhaulagiri I","2m_temperature",1989,"Post",0.0201660911005577,0.131868131868132,0.982401239459667,0.952313495817686,0.927260260363828,0.887852595149264,0.833261981972389
"Dhaulagiri I","2m_temperature",1990,"Pre",0.0204141169467225,0.206521739130435,0.974152529145291,0.936031171496958,0.905456117172682,0.882806886660665,0.785561462011908
"Dhaulagiri I","2m_temperature",1990,"Post",0.0191018420477728,0.131868131868132,0.972197456282361,0.920883510097341,0.866389819657099,0.809463390574135,0.806943350975715
"Dhaulagiri I","2m_temperature",1991,"Pre",0.0147659359095723,0.0652173913043478,0.941381945200087,0.908741673592086,0.884189205529349,0.828786274679367,0.772364781694825
"Dhaulagiri I","2m_temperature",1991,"Post",0.0183131433774774,0.120879120879121,0.976906393701476,0.946318156782476,0.922044758474463,0.880981093118102,0.880277070855345
"Dhaulagiri I","2m_temperature",1992,"Pre",0.0119398725910415,0,0.920448741741265,0.847624877672529,0.799535372854292,0.744421625492763,0.751855870931116
"Dhaulagiri I","2m_temperature",1992,"Post",0.0171216498398699,0.043956043956044,0.96945805363071,0.933936449735783,0.907804999475542,0.845569637532523,0.805533298518275
"Dhaulagiri I","2m_temperature",1993,"Pre",0.0216657977879823,0.260869565217391,0.977009206377269,0.950320358952296,0.92714508648991,0.886367910648318,0.812410725399904
"Dhaulagiri I","2m_temperature",1993,"Post",0.0115650069291884,0,0.960695219058865,0.915051905090098,0.877460347361913,0.789619972167658,0.732837451245946
"Dhaulagiri I","2m_temperature",1994,"Pre",0.0140725405059064,0.0434782608695652,0.941574643869454,0.855564542139127,0.792055786785007,0.754545504952001,0.526818683933242
"Dhaulagiri I","2m_temperature",1994,"Post",0.0195730134247108,0.153846153846154,0.98414545965638,0.961948869321647,0.9439290694847,0.935477851865757,0.930653596845919
"Dhaulagiri I","2m_temperature",1995,"Pre",0.0193015261334529,0.206521739130435,0.970734015422322,0.92619017584014,0.882580990725328,0.778117224830848,0.634140880958612
"Dhaulagiri I","2m_temperature",1995,"Post",0.0190171756274936,0.120879120879121,0.970449836569552,0.929535607748711,0.903078325971408,0.884073208360753,0.851983029888518
"Dhaulagiri I","2m_temperature",1996,"Pre",0.0143762167221074,0.0434782608695652,0.944602997631335,0.879032027186315,0.799809143278457,0.698942809069892,0.566111817074412
"Dhaulagiri I","2m_temperature",1996,"Post",0.0158888032522399,0.0549450549450549,0.973899732921754,0.934706714418253,0.898726161179643,0.865189637867471,0.784269147836281
"Dhaulagiri I","2m_temperature",1997,"Pre",0.0133634742140224,0.0326086956521739,0.940234550627254,0.878139645512183,0.827621419390286,0.72758380722539,0.690984985927556
"Dhaulagiri I","2m_temperature",1997,"Post",0.0234804844570979,0.263736263736264,0.978449586847842,0.945899209571843,0.925123837116222,0.90136084575436,0.901767108038357
"Dhaulagiri I","2m_temperature",1998,"Pre",0.019691923984759,0.173913043478261,0.962639424653518,0.922505361809733,0.900714286817326,0.868991960023464,0.801016108034603
"Dhaulagiri I","2m_temperature",1998,"Post",0.0181243735200671,0.10989010989011,0.972058951077607,0.924930080084624,0.882312207896925,0.830909011938743,0.867791596827819
"Dhaulagiri I","2m_temperature",1999,"Pre",0.01821504355137,0.152173913043478,0.967964540897341,0.924343481455594,0.898996598679143,0.864772571568563,0.8912552671248
"Dhaulagiri I","2m_temperature",1999,"Post",0.0147783106034421,0.021978021978022,0.953332134680553,0.905778082713309,0.862981491824674,0.81429319051595,0.742247890838076
"Dhaulagiri I","2m_temperature",2000,"Pre",0.0224175781475349,0.33695652173913,0.982552566748144,0.965073799333967,0.955534654778489,0.940296296215527,0.910239958676687
"Dhaulagiri I","2m_temperature",2000,"Post",0.0150147234639194,0.0769230769230769,0.957060872134596,0.889534356306197,0.829123992253794,0.746650021182352,0.658597202414651
"Dhaulagiri I","2m_temperature",2001,"Pre",0.0199249845234075,0.173913043478261,0.981382559278714,0.962844576400764,0.949607144570687,0.930581677669406,0.89657533444441
"Dhaulagiri I","2m_temperature",2001,"Post",0.0136887878150338,0.021978021978022,0.953359711977897,0.885215871141698,0.81951596954576,0.696782440520447,0.586039019178978
"Dhaulagiri I","2m_temperature",2002,"Pre",0.0158077111208875,0.0543478260869565,0.955149211582738,0.896986118779706,0.848084816703101,0.779050690726929,0.709118300234309
"Dhaulagiri I","2m_temperature",2002,"Post",0.0158051911304649,0.043956043956044,0.963512330726405,0.917036520013574,0.89175779638699,0.886683685046129,0.817707622857765
"Dhaulagiri I","2m_temperature",2003,"Pre",0.0135307901893327,0.0326086956521739,0.94312694245354,0.86826519849455,0.812569266361083,0.755845392935275,0.596442910465129
"Dhaulagiri I","2m_temperature",2003,"Post",0.0142502545176246,0.10989010989011,0.966610612145466,0.921595048992064,0.88971929138982,0.859721057347454,0.823713689511564
"Dhaulagiri I","2m_temperature",2004,"Pre",0.0134260861786238,0.173913043478261,0.940808395305818,0.853473623731259,0.78397380962575,0.62761118880872,0.351288502719335
"Dhaulagiri I","2m_temperature",2004,"Post",0.0242213719603264,0.296703296703297,0.975736463414942,0.931359854015523,0.888436130950772,0.835816689475947,0.713180669408976
"Dhaulagiri I","2m_temperature",2005,"Pre",0.0119988883485968,0,0.921903383172454,0.828249224787714,0.775354359756663,0.643876082077113,0.579615716133953
"Dhaulagiri I","2m_temperature",2005,"Post",0.0196648812867874,0.153846153846154,0.978448073999573,0.943580051881123,0.91566662382808,0.854073978651051,0.71895380971811
"Dhaulagiri I","2m_temperature",2006,"Pre",0.0192950879981208,0.141304347826087,0.967472426494278,0.921562055982927,0.890210918191703,0.870663981964521,0.818533840892527
"Dhaulagiri I","2m_temperature",2006,"Post",0.0175684303064592,0.0769230769230769,0.975635096448848,0.940264024258201,0.911649116916695,0.876077801161229,0.838042426659901
"Dhaulagiri I","2m_temperature",2007,"Pre",0.0177600539189368,0.141304347826087,0.965875997059481,0.924420090528922,0.890312190690553,0.885860765914857,0.776211750520445
"Dhaulagiri I","2m_temperature",2007,"Post",0.0177046935506389,0.120879120879121,0.969886611286824,0.911662984114642,0.849475576744151,0.727306698804178,0.562989263694574
"Dhaulagiri I","2m_temperature",2008,"Pre",0.0136653790062846,0,0.963907560975359,0.924184038319476,0.902541418004362,0.868575397293808,0.812322282684849
"Dhaulagiri I","2m_temperature",2008,"Post",0.0137777652114813,0.010989010989011,0.947783815789891,0.860485797269144,0.784950241064852,0.701906402435683,0.494651244279466
"Dhaulagiri I","2m_temperature",2009,"Pre",0.014730259064816,0.0652173913043478,0.943729100807134,0.884948594547142,0.847837513749815,0.766508711129785,0.672374364669438
"Dhaulagiri I","2m_temperature",2009,"Post",0.0164797301517228,0.032967032967033,0.966631919622503,0.920108992995744,0.871503209914557,0.795609661526694,0.765303928121312
"Dhaulagiri I","2m_temperature",2010,"Pre",0.013667518205773,0.0869565217391304,0.948802328452047,0.871254919977822,0.805153417357208,0.672349264645196,0.470228026482082
"Dhaulagiri I","2m_temperature",2010,"Post",0.0154220985269641,0.131868131868132,0.954298732321978,0.877738687289376,0.820190415398596,0.787949908842785,0.730489997000568
"Dhaulagiri I","2m_temperature",2011,"Pre",0.0174922580605173,0.130434782608696,0.970353160449645,0.928872117689292,0.897339607379323,0.845350439934199,0.798281466123438
"Dhaulagiri I","2m_temperature",2011,"Post",0.0141578787386448,0.120879120879121,0.959727036098077,0.889393335421532,0.835389589645964,0.767825437529415,0.662604032058376
"Dhaulagiri I","2m_temperature",2012,"Pre",0.0167720801966652,0.173913043478261,0.958913430110362,0.903879072812276,0.854364741815293,0.792608755777368,0.656201861929812
"Dhaulagiri I","2m_temperature",2012,"Post",0.0192790334610963,0.120879120879121,0.974428756594727,0.945707936006667,0.919446968185873,0.885552286601963,0.821700195117728
"Dhaulagiri I","2m_temperature",2013,"Pre",0.0159574872599299,0.119565217391304,0.964009228557989,0.924881444783184,0.909813918037712,0.875508566929852,0.842382471916255
"Dhaulagiri I","2m_temperature",2013,"Post",0.0208887978032934,0.120879120879121,0.974241837790885,0.939899182929264,0.915639297534171,0.856039014328559,0.739158716951675
"Dhaulagiri I","2m_temperature",2014,"Pre",0.0171990560655061,0.130434782608696,0.962713866891217,0.917275602676774,0.879619003518291,0.820691075882665,0.784193627339168
"Dhaulagiri I","2m_temperature",2014,"Post",0.0151120437920637,0.043956043956044,0.970489338600385,0.92518355640435,0.895810413003742,0.860602155137419,0.767660963504122
"Dhaulagiri I","2m_temperature",2015,"Pre",0.0163940425922663,0.0760869565217391,0.95384896720984,0.905058914472226,0.869494520705977,0.832228565436477,0.781985010609721
"Dhaulagiri I","2m_temperature",2015,"Post",0.0140458885982488,0,0.953203128970408,0.890415569388072,0.843703704357948,0.821151623231282,0.819259251024088
"Dhaulagiri I","2m_temperature",2016,"Pre",0.0154634556887549,0.0652173913043478,0.950104593984172,0.88832606801869,0.844484713754049,0.794537313828318,0.704350378436746
"Dhaulagiri I","2m_temperature",2016,"Post",0.0132951100494012,0.043956043956044,0.968764999482901,0.920611296610975,0.877734925934408,0.809706609109433,0.753988481252339
"Dhaulagiri I","2m_temperature",2017,"Pre",0.0182794912279533,0.119565217391304,0.9703811042699,0.927855380840779,0.885870924235692,0.798506818482597,0.524050314706534
"Dhaulagiri I","2m_temperature",2017,"Post",0.0174696076396516,0.0549450549450549,0.975753509091944,0.940079336832073,0.917633273872987,0.905496493620533,0.838180536704531
"Dhaulagiri I","2m_temperature",2018,"Pre",0.0164083353349706,0.0978260869565217,0.964246973322092,0.914538426900588,0.890684717572669,0.885530197935123,0.847940688552654
"Dhaulagiri I","2m_temperature",2018,"Post",0.0166002753915496,0.120879120879121,0.976626193705048,0.941002911731698,0.910512377534295,0.866189142237349,0.78816512095003
"Dhaulagiri I","2m_temperature",2019,"Pre",0.0158147457068481,0.0543478260869565,0.958454004002463,0.904554097676218,0.879101291536322,0.857025283589052,0.821401749356653
"Dhaulagiri I","2m_temperature",2019,"Post",0.0174729435907322,0.175824175824176,0.968279192570446,0.914432577505199,0.865486275539352,0.808108549136063,0.766589070878493
"Dhaulagiri I","2m_temperature",2020,"Pre",0.0174347476410304,0.0543478260869565,0.964986525406479,0.92111720150519,0.893318152625662,0.846654537372442,0.772185224406504
"Dhaulagiri I","2m_temperature",2020,"Post",0.0218629864619674,0.351648351648352,0.974018867271704,0.940860588374754,0.92208209998943,0.898644006210151,0.820591639813905
"Dhaulagiri I","2m_temperature",2021,"Pre",0.0134413938481911,0.0978260869565217,0.939017122791341,0.861727861519737,0.810511092454062,0.757364628955514,0.71175067775004
"Dhaulagiri I","2m_temperature",2021,"Post",0.0145371460787352,0.0659340659340659,0.959071017124072,0.894965578567502,0.832524578935779,0.73538948997167,0.61887846981602
"Dhaulagiri I","snow_cover",1951,"Pre",0,0,NA,NA,NA,NA,NA
"Dhaulagiri I","snow_cover",1951,"Post",0.123274767609787,0.186813186813187,0.91136167201037,0.738514742773954,0.538050789227791,0.108928650797022,-0.194620258616797
"Dhaulagiri I","snow_cover",1952,"Pre",0.0495466276012838,0,0.972170883492459,0.895069650185944,0.783131053683195,0.489025501452629,NA
"Dhaulagiri I","snow_cover",1952,"Post",0.0966642015047544,0.0989010989010989,0.921494243627267,0.795429390687214,0.659801156264678,0.393288637941456,-0.00340582598717723
"Dhaulagiri I","snow_cover",1953,"Pre",0.124725896555731,0,0.982488295595563,0.963599023831351,0.953882761565554,0.929490250145778,0.845032505439596
"Dhaulagiri I","snow_cover",1953,"Post",0.0605365741089182,0.032967032967033,0.882527299633879,0.649148463033168,0.442225341754548,0.16359667502652,-0.00431980370221996
"Dhaulagiri I","snow_cover",1954,"Pre",0.0908807367644964,0,0.99462223395851,0.980230736606154,0.958152759733111,0.89252697106003,0.668699821085447
"Dhaulagiri I","snow_cover",1954,"Post",0.0740003268285395,0.0989010989010989,0.928052089733599,0.753154584996978,0.544162701187785,0.220843346262924,-0.0211239717406452
"Dhaulagiri I","snow_cover",1955,"Pre",0.0831643246582956,0,0.990987884700556,0.969807079831535,0.944164942713408,0.874759321445139,0.613131994850742
"Dhaulagiri I","snow_cover",1955,"Post",0.0502399698088816,0.164835164835165,0.784120695513051,0.52148788528971,0.378111551249967,0.178608631910927,0.12175228156848
"Dhaulagiri I","snow_cover",1956,"Pre",0.133634245373167,0.0434782608695652,0.993406748334035,0.978349323931284,0.960884805627851,0.929260453832951,0.824906360711771
"Dhaulagiri I","snow_cover",1956,"Post",0.0942538332485762,0.0879120879120879,0.933033327851835,0.851824064593212,0.775166821050172,0.550801744072368,0.074283807219853
"Dhaulagiri I","snow_cover",1957,"Pre",0.0611462961799053,0,0.977091953936665,0.922619893819074,0.853809700049318,0.666296690445288,NA
"Dhaulagiri I","snow_cover",1957,"Post",0.0215088350946026,0,0.905204810194689,0.764706405836678,0.64839118161607,0.449095879468877,0.336644788831184
"Dhaulagiri I","snow_cover",1958,"Pre",0.121511543582552,0,0.98941981688294,0.967270241022839,0.943618665444715,0.894441974932751,0.763867718407001
"Dhaulagiri I","snow_cover",1958,"Post",0.0534313555436559,0.164835164835165,0.886300072067366,0.667349026101485,0.450338583217442,0.113888719227143,-0.0956772513848762
"Dhaulagiri I","snow_cover",1959,"Pre",0.136794442637932,0.0652173913043478,0.990837390324271,0.970334016738003,0.949189373133923,0.909337489279058,0.795862247587873
"Dhaulagiri I","snow_cover",1959,"Post",0.0298870704375087,0.010989010989011,0.710021316555431,0.36568871655317,0.14814226063072,0.0123734736711017,0.115567682005703
"Dhaulagiri I","snow_cover",1960,"Pre",0.0982375531566851,0.0108695652173913,0.901078894960386,0.728063071073242,0.562657106231993,0.238627383562532,0.118720600801415
"Dhaulagiri I","snow_cover",1960,"Post",0.0709670877284484,0.10989010989011,0.875635416130037,0.667910586455738,0.532384292124283,0.310933527508647,0.00737464581311365
"Dhaulagiri I","snow_cover",1961,"Pre",0.126511203525394,0,0.9923712395764,0.975381944759695,0.95470972082891,0.909226942002136,0.793741621554325
"Dhaulagiri I","snow_cover",1961,"Post",0.10677988816151,0.153846153846154,0.955325519237826,0.860313880175783,0.752291217857231,0.507665602340859,-0.0637960065335895
"Dhaulagiri I","snow_cover",1962,"Pre",0.119959746867897,0,0.992196447654957,0.976150041406849,0.953456438632425,0.897901451449996,0.762177961743327
"Dhaulagiri I","snow_cover",1962,"Post",0.0202572305364587,0,0.764553937988102,0.47657148787396,0.322984252246377,0.0329595479236559,-0.237839541007543
"Dhaulagiri I","snow_cover",1963,"Pre",0.123477220671006,0,0.981755508558005,0.947636475811824,0.911985039822564,0.8230412942668,0.616745163484628
"Dhaulagiri I","snow_cover",1963,"Post",0.0431871028695365,0.010989010989011,0.678851375225808,0.336086872188947,0.157139026411734,-0.000298950087488454,-0.0230488532376485
"Dhaulagiri I","snow_cover",1964,"Pre",0.128652392952782,0,0.990843625213501,0.969147338570633,0.943401954337177,0.896547368392532,0.810134550873114
"Dhaulagiri I","snow_cover",1964,"Post",0.0588545377264348,0.186813186813187,0.83740676759698,0.593447748744643,0.46637987730891,0.117615583191114,-0.146232285478382
"Dhaulagiri I","snow_cover",1965,"Pre",0.116871569732736,0,0.993184336576412,0.977720894970422,0.958252218882418,0.913320121522668,0.779905111689242
"Dhaulagiri I","snow_cover",1965,"Post",0.0229481090989455,0.032967032967033,0.873566336692219,0.659496026182633,0.492701966873751,0.304471186947368,0.105855465537387
"Dhaulagiri I","snow_cover",1966,"Pre",0.127069099071269,0,0.975931638221152,0.934354926291909,0.898035215002646,0.838755372102536,0.818377795487937
"Dhaulagiri I","snow_cover",1966,"Post",0.0180093803285253,0,0.839363503768642,0.621564738192782,0.491084550013601,0.427709070182868,-0.00779607140187431
"Dhaulagiri I","snow_cover",1967,"Pre",0.125536071590037,0.228260869565217,0.969701657419173,0.91619934568841,0.860251462986955,0.759281328682683,0.470022316649687
"Dhaulagiri I","snow_cover",1967,"Post",0.122108890887839,0.186813186813187,0.978044178372337,0.939928760601124,0.900573660202297,0.828858437200121,0.495883378985556
"Dhaulagiri I","snow_cover",1968,"Pre",0.11726789793565,0,0.994007446275672,0.97923790453489,0.958955070992591,0.911561221665443,0.788896935591276
"Dhaulagiri I","snow_cover",1968,"Post",0.0763677455516783,0.164835164835165,0.878138644345501,0.691909065060831,0.503347568906312,0.264340630350645,0.00321249477080747
"Dhaulagiri I","snow_cover",1969,"Pre",0.124057644838503,0,0.947615626392675,0.838927227898465,0.726550493255931,0.502339332058387,0.238696627583613
"Dhaulagiri I","snow_cover",1969,"Post",0.0530411263190701,0.0549450549450549,0.816934633452686,0.615826700424108,0.49465471362669,0.230000017576015,-0.244611101618539
"Dhaulagiri I","snow_cover",1970,"Pre",0.136241701241818,0.0869565217391304,0.9944817176798,0.980440073488,0.960919643894263,0.917792391279407,0.806328312857521
"Dhaulagiri I","snow_cover",1970,"Post",0.0269402849449649,0,0.811148444680566,0.51550600745938,0.245031039022883,-0.0798418477686195,-0.353698655371986
"Dhaulagiri I","snow_cover",1971,"Pre",0.143112431927547,0.173913043478261,0.992765356586568,0.976196364676883,0.956191462973158,0.910828377001196,0.797781033930192
"Dhaulagiri I","snow_cover",1971,"Post",0.111966210528827,0.230769230769231,0.929400057397537,0.819495779992377,0.692764554584315,0.457867342204803,-0.0791736445047268
"Dhaulagiri I","snow_cover",1972,"Pre",0.128089352105137,0,0.972484497308179,0.93834186783812,0.920603473835121,0.898964869190671,0.812010319357615
"Dhaulagiri I","snow_cover",1972,"Post",0.123437635096484,0.230769230769231,0.925320600175714,0.784302694500136,0.657138864470427,0.457324933041753,0.09128245475802
"Dhaulagiri I","snow_cover",1973,"Pre",0.124719816381922,0,0.990041736469477,0.967916705745214,0.943365071820459,0.896759495466599,0.767560966949328
"Dhaulagiri I","snow_cover",1973,"Post",0.123587771156524,0.263736263736264,0.894102093190336,0.711205642034052,0.525111093023849,0.349709354904101,0.212108619913782
"Dhaulagiri I","snow_cover",1974,"Pre",0.121093698774661,0.108695652173913,0.987521303792068,0.961113881626847,0.932193729041257,0.878511300300652,0.735132948297032
"Dhaulagiri I","snow_cover",1974,"Post",0.021171890869629,0.010989010989011,0.792601361994904,0.442566959830812,0.161480048646835,-0.183302724106256,-0.112397953136746
"Dhaulagiri I","snow_cover",1975,"Pre",0.106312242753545,0,0.992547612168762,0.973725768447125,0.94856855648043,0.887447393261712,0.723783433012597
"Dhaulagiri I","snow_cover",1975,"Post",0.0621286696425127,0.186813186813187,0.786205987237073,0.457827955128945,0.213814606280163,-0.0162237363431448,0.00979322567052008
"Dhaulagiri I","snow_cover",1976,"Pre",0.126823963923754,0.0434782608695652,0.99393929396874,0.979422476566314,0.960676826662756,0.91737773636778,0.811359937934426
"Dhaulagiri I","snow_cover",1976,"Post",0.0160267556686536,0.0549450549450549,0.72996853375664,0.343065997776883,0.182952914183196,0.0947735309307014,0.0597206788865329
"Dhaulagiri I","snow_cover",1977,"Pre",0.118995854884378,0.195652173913043,0.977282043386688,0.940801435571922,0.905100970294336,0.833079795973413,0.652517400041018
"Dhaulagiri I","snow_cover",1977,"Post",0.0176627048394931,0.043956043956044,0.924288389597659,0.852078528335185,0.793249762668187,0.662525747634368,0.433787942879602
"Dhaulagiri I","snow_cover",1978,"Pre",0.121277662593851,0.108695652173913,0.994800574955783,0.981073841405593,0.961894290265194,0.916071824759866,0.794084866062681
"Dhaulagiri I","snow_cover",1978,"Post",0.0428443875182238,0.043956043956044,0.878595853360224,0.678174895533751,0.508391235653204,0.214976198826623,-0.101769845822857
"Dhaulagiri I","snow_cover",1979,"Pre",0.121607506157218,0,0.992577738312191,0.975818103651504,0.955728475154768,0.908594064733247,0.791395920284391
"Dhaulagiri I","snow_cover",1979,"Post",0.0368704326484157,0.032967032967033,0.560769256010235,0.413303593429808,0.197075997295119,0.0858736249971408,-0.41595875822939
"Dhaulagiri I","snow_cover",1980,"Pre",0.11385067932337,0,0.994112933263796,0.978509551899552,0.956678225457759,0.905611370690668,0.777024604670194
"Dhaulagiri I","snow_cover",1980,"Post",0.0363968860105626,0.043956043956044,0.823850780409511,0.485883906920182,0.2144286965398,-0.0308851768707482,-0.0746644447379736
"Dhaulagiri I","snow_cover",1981,"Pre",0.130507675276339,0.0217391304347826,0.994488690252769,0.981758190404982,0.966878207995222,0.934990944647074,0.83120966693216
"Dhaulagiri I","snow_cover",1981,"Post",0.0693942453339045,0.0769230769230769,0.826781725004995,0.555339040525753,0.336151242723475,0.077848328779635,0.0479225408342876
"Dhaulagiri I","snow_cover",1982,"Pre",0.0920863479390078,0,0.967483763735309,0.902271805065076,0.835705965645581,0.706967665913909,0.610060605809495
"Dhaulagiri I","snow_cover",1982,"Post",0.0634429338431198,0.0659340659340659,0.881200593221117,0.68569646418688,0.486362489582371,0.110802663791929,0.0262098421415584
"Dhaulagiri I","snow_cover",1983,"Pre",0.0998211928532841,0,0.994124088643193,0.979150806539226,0.958149418430746,0.901521587115737,0.725461533031594
"Dhaulagiri I","snow_cover",1983,"Post",0.0831450177128341,0.0989010989010989,0.900122811278599,0.710825208722449,0.532874056588251,0.244438142160497,0.0177357111221128
"Dhaulagiri I","snow_cover",1984,"Pre",0.132471843771134,0.108695652173913,0.968860106946771,0.913394323756117,0.854085243666872,0.757903416787695,0.673417289109281
"Dhaulagiri I","snow_cover",1984,"Post",0.0589970677932722,0.032967032967033,0.819562430094182,0.465966743236875,0.176335015977519,-0.129744458029947,-0.00872955695882642
"Dhaulagiri I","snow_cover",1985,"Pre",0.108978377797261,0,0.96160471734372,0.903232680654639,0.87362660463565,0.904625477244265,0.798391650342522
"Dhaulagiri I","snow_cover",1985,"Post",0.0929364661744716,0.153846153846154,0.897358281685845,0.72280561326613,0.568339403431601,0.336297080107632,-0.029694327789446
"Dhaulagiri I","snow_cover",1986,"Pre",0.11004767348527,0,0.990289000952359,0.968569013584752,0.941822052784282,0.879944439216012,0.726060920392886
"Dhaulagiri I","snow_cover",1986,"Post",0.0518978603279064,0.0549450549450549,0.823218394945535,0.54466054395669,0.285552742068179,-0.00241918975490039,-0.21176067582763
"Dhaulagiri I","snow_cover",1987,"Pre",0.118005075134605,0,0.974122654892814,0.920211875623789,0.85659744510354,0.747018344558831,0.624193218700461
"Dhaulagiri I","snow_cover",1987,"Post",0.0854898697327723,0.10989010989011,0.910464038238034,0.757263233619008,0.58922937300091,0.253825714481015,0.0646660882373231
"Dhaulagiri I","snow_cover",1988,"Pre",0.127828576833624,0.0543478260869565,0.994238455573619,0.979543947561144,0.960254504325805,0.917940008521998,0.829445619066977
"Dhaulagiri I","snow_cover",1988,"Post",0.018054316287885,0.010989010989011,0.884010630802931,0.683679976295206,0.525467750626724,0.280905838075909,-0.0350238446655314
"Dhaulagiri I","snow_cover",1989,"Pre",0.117254500671505,0,0.995365685343334,0.984928059685479,0.970269203071707,0.9276946192095,0.798208252740241
"Dhaulagiri I","snow_cover",1989,"Post",0.091087550305416,0.120879120879121,0.933441777121363,0.829586909874926,0.742160918253687,0.514418103340065,0.012530513925691
"Dhaulagiri I","snow_cover",1990,"Pre",0.111479130687703,0,0.995583693429405,0.984914190993479,0.969005689806986,0.92450319901567,0.783965889575101
"Dhaulagiri I","snow_cover",1990,"Post",0.0776637654284353,0.142857142857143,0.923838293896152,0.785841966415921,0.646859551381379,0.404874233748532,-0.00330208473155554
"Dhaulagiri I","snow_cover",1991,"Pre",0.116247926838561,0,0.99277954838547,0.97872913074094,0.961253534218887,0.914302249902487,0.802383988723193
"Dhaulagiri I","snow_cover",1991,"Post",0.03470108983587,0,0.889883522831114,0.714538105212177,0.572334009888044,0.311443993933888,0.103643159993203
"Dhaulagiri I","snow_cover",1992,"Pre",0.124459855765599,0,0.988891088879449,0.966629767467414,0.943841556355688,0.897923666330383,0.787217074545772
"Dhaulagiri I","snow_cover",1992,"Post",0.0778240248105316,0.120879120879121,0.873418804303646,0.666435093857286,0.492746332049189,0.256786933694855,0.00675515184190075
"Dhaulagiri I","snow_cover",1993,"Pre",0.112795828582631,0,0.992414132235685,0.974218384796218,0.950994306463186,0.899205914755423,0.754170657767979
"Dhaulagiri I","snow_cover",1993,"Post",0.0347466284887823,0.0769230769230769,0.788631033831189,0.54099200443031,0.380933964720866,0.168672262577287,0.483417911012545
"Dhaulagiri I","snow_cover",1994,"Pre",0.120826850487868,0,0.982740795246655,0.954098442051368,0.931555687164534,0.902156540198421,0.810226188978244
"Dhaulagiri I","snow_cover",1994,"Post",0.0446387727409504,0.142857142857143,0.859212568567036,0.4599561417692,0.260041131258331,0.312071292763438,0.399908424908517
"Dhaulagiri I","snow_cover",1995,"Pre",0.0949804977876922,0,0.990503979576143,0.970676996737874,0.94754093793862,0.881912885241191,0.691488190333197
"Dhaulagiri I","snow_cover",1995,"Post",0.105845765139448,0.153846153846154,0.939183891697559,0.849126300795954,0.753025613572977,0.557626523910415,0.175810661207315
"Dhaulagiri I","snow_cover",1996,"Pre",0.123951643231374,0,0.993481616331631,0.980671899966691,0.966462417040811,0.945975465696321,0.854168229879278
"Dhaulagiri I","snow_cover",1996,"Post",0.119849242753671,0.186813186813187,0.938357676887904,0.814872087811855,0.678580748930945,0.389926708565968,-0.1114531171167
"Dhaulagiri I","snow_cover",1997,"Pre",0.122471955395642,0,0.993864631033815,0.979774412087129,0.960533046428821,0.914802993282445,0.80869914566516
"Dhaulagiri I","snow_cover",1997,"Post",0.119681451821297,0.21978021978022,0.946568312232006,0.861874170841282,0.797609554313807,0.699216782357762,0.745158376903849
"Dhaulagiri I","snow_cover",1998,"Pre",0.098663932190495,0,0.992571422820405,0.972338186863728,0.943557428814609,0.874190009294348,0.675811385709215
"Dhaulagiri I","snow_cover",1998,"Post",0.0520811788355758,0.0659340659340659,0.917589644597893,0.743648727597603,0.558232948257355,0.241462018366193,0.178713609768378
"Dhaulagiri I","snow_cover",1999,"Pre",0.122358181539678,0.195652173913043,0.988453241251172,0.962708336812954,0.93305436430539,0.869728200612054,0.717404927179472
"Dhaulagiri I","snow_cover",1999,"Post",0.0351462632109802,0.021978021978022,0.879021650915874,0.655899407128305,0.434695408044724,0.056220253636607,-0.12652493887749
"Dhaulagiri I","snow_cover",2000,"Pre",0.130363617474978,0.119565217391304,0.995414532530592,0.983167007291304,0.96623698293173,0.927338963479381,0.831488747217957
"Dhaulagiri I","snow_cover",2000,"Post",0.0466926618523477,0.043956043956044,0.828009423068188,0.542484990479448,0.200420447764412,0.0631166092319195,0.114350716544713
"Dhaulagiri I","snow_cover",2001,"Pre",0.0875558744363107,0.0326086956521739,0.923768489577108,0.783456609092953,0.672985311052002,0.576435330993688,0.663471840790209
"Dhaulagiri I","snow_cover",2001,"Post",0.0261655150518381,0.032967032967033,0.799777198125524,0.452880071505181,0.206102202687372,-0.0115681060492097,0.046839710151169
"Dhaulagiri I","snow_cover",2002,"Pre",0.132142880343153,0.0543478260869565,0.979942337669406,0.953739496619985,0.932135267233744,0.871366214576703,0.780609179439127
"Dhaulagiri I","snow_cover",2002,"Post",0.0694333220325549,0.0549450549450549,0.883111135550419,0.670304654407596,0.499603993828931,0.289584637858693,-0.00840688044370096
"Dhaulagiri I","snow_cover",2003,"Pre",0.12918592185669,0,0.988399984321477,0.966830224095867,0.946094019482347,0.907301504237026,0.789943377723476
"Dhaulagiri I","snow_cover",2003,"Post",0.0194982747981409,0.043956043956044,0.739680207140952,0.343372045357669,0.0919818245045886,-0.00275224118697479,-0.239818372633422
"Dhaulagiri I","snow_cover",2004,"Pre",0.127158390814823,0.347826086956522,0.972211655746895,0.930005573025804,0.891613794198613,0.808751665357957,0.593104192795987
"Dhaulagiri I","snow_cover",2004,"Post",0.107681212537785,0.241758241758242,0.90360456724087,0.776851374324105,0.680680184667049,0.521614167205269,0.0551856480248661
"Dhaulagiri I","snow_cover",2005,"Pre",0.120693460140728,0,0.994894096474635,0.984492862555017,0.971131067165931,0.938270694382904,0.820890079936871
"Dhaulagiri I","snow_cover",2005,"Post",0.0489709138724051,0.142857142857143,0.874390986869438,0.686685177867925,0.508412333357054,0.272428750772896,0.159254960744077
"Dhaulagiri I","snow_cover",2006,"Pre",0.120445199084139,0.206521739130435,0.93300981793893,0.809553055239883,0.67993499878536,0.46241121787064,0.0423133762202014
"Dhaulagiri I","snow_cover",2006,"Post",0.0267235494518969,0.043956043956044,0.804983440508545,0.536816769046309,0.258615445587777,-0.0860484142444857,-0.0742934485131221
"Dhaulagiri I","snow_cover",2007,"Pre",0.139006464317827,0.0978260869565217,0.993117825920968,0.977609526651827,0.959124393830961,0.920404716575263,0.817445496896943
"Dhaulagiri I","snow_cover",2007,"Post",0.0654200031675292,0.230769230769231,0.859407109469153,0.607850267170276,0.415952653271457,0.114640680311625,-0.162176803347204
"Dhaulagiri I","snow_cover",2008,"Pre",0.125282209103679,0,0.992510954110812,0.980863498678538,0.967174013094575,0.935264321247469,0.829245270231692
"Dhaulagiri I","snow_cover",2008,"Post",0.0420371746800485,0.0549450549450549,0.731032750978121,0.424343168219546,0.156394044518178,-0.105718456781183,-0.00587389966037624
"Dhaulagiri I","snow_cover",2009,"Pre",0.0688700146711232,0.358695652173913,0.819446720929887,0.577891613966863,0.386478342297763,0.254036759976678,-0.0451283819003518
"Dhaulagiri I","snow_cover",2009,"Post",0.0766988703864855,0.0989010989010989,0.874111433629687,0.671934530204144,0.520357810335046,0.298240204698768,-0.0334696949585068
"Dhaulagiri I","snow_cover",2010,"Pre",0.109776929746998,0.326086956521739,0.981061746415524,0.942937672676909,0.901444318552571,0.813098630826287,0.547804838531514
"Dhaulagiri I","snow_cover",2010,"Post",0.0277961954228093,0.010989010989011,0.725715882641243,0.421522589464362,0.248521481169655,0.270443812593313,-0.0847725647255174
"Dhaulagiri I","snow_cover",2011,"Pre",0.131099902306714,0,0.992588257252769,0.977243488764428,0.964038346303751,0.943883020109463,0.843786006053219
"Dhaulagiri I","snow_cover",2011,"Post",0.0301852197571126,0.043956043956044,0.753699841564938,0.377868342955882,0.16572211730326,0.0369291384101855,-0.0904532612605993
"Dhaulagiri I","snow_cover",2012,"Pre",0.124617208600297,0,0.995160170964337,0.98282102128768,0.966194568252992,0.928266436431262,0.844213184945788
"Dhaulagiri I","snow_cover",2012,"Post",0.0551992741302802,0.0549450549450549,0.797162352474,0.443403262786161,0.176295537008335,-0.0380015440820259,-0.223530713184927
"Dhaulagiri I","snow_cover",2013,"Pre",0.125799741424129,0,0.99404554000112,0.981638807023124,0.966591638609921,0.928977421161038,0.812950937836878
"Dhaulagiri I","snow_cover",2013,"Post",0.0744246131553923,0.0879120879120879,0.876949062507401,0.671118450556947,0.521012343841834,0.251206561282153,-0.164019413008975
"Dhaulagiri I","snow_cover",2014,"Pre",0.123281936864818,0,0.992580012472467,0.974632479433959,0.951286257850122,0.90008312724295,0.772775283746402
"Dhaulagiri I","snow_cover",2014,"Post",0.0966247202135518,0.153846153846154,0.922072580196056,0.803002785173249,0.675351223518383,0.415250849211214,-0.077933680780644
"Dhaulagiri I","snow_cover",2015,"Pre",0.102700669330595,0,0.991477851855273,0.970778075452556,0.944429609298545,0.887274197684517,0.722781515351169
"Dhaulagiri I","snow_cover",2015,"Post",0.0192087998831685,0.142857142857143,0.848034998648679,0.560101303033167,0.317021308359877,0.0801338715811235,-0.0386123057860424
"Dhaulagiri I","snow_cover",2016,"Pre",0.0653345552659818,0.0108695652173913,0.871403377239559,0.599029239420299,0.337970065038694,0.027902616948605,0.0696080570848331
"Dhaulagiri I","snow_cover",2016,"Post",0.0177234831778746,0.318681318681319,0.696358284213325,0.304248821936246,0.168025344345247,-0.0244255492680519,0.111264860499284
"Dhaulagiri I","snow_cover",2017,"Pre",0.120930457813329,0.0434782608695652,0.969090018764073,0.906542265964583,0.839761965652728,0.713450104636941,0.495741597245903
"Dhaulagiri I","snow_cover",2017,"Post",0.0147283326446455,0.032967032967033,0.736171974063917,0.41339177559959,0.236863646832877,0.188176422155244,0.175690342407406
"Dhaulagiri I","snow_cover",2018,"Pre",0.0567828273699547,0.16304347826087,0.814856568848921,0.529343794286122,0.386353267203457,0.370457703039096,0.273625736711889
"Dhaulagiri I","snow_cover",2018,"Post",0.0181589528974343,0.032967032967033,0.851093473803487,0.611893731165392,0.440534600731658,0.277896512382952,0.265478912167496
"Dhaulagiri I","snow_cover",2019,"Pre",0.122404954599256,0,0.99396164166595,0.97907331539227,0.960115108115289,0.918680425540462,0.795149339064514
"Dhaulagiri I","snow_cover",2019,"Post",0.0624172041916865,0.0659340659340659,0.753496787280764,0.391657096417667,0.118180014849107,-0.0978437633083172,-0.117795897954413
"Dhaulagiri I","snow_cover",2020,"Pre",0.115677079216089,0,0.994944586152259,0.982870504169075,0.965806120148373,0.924843538996615,0.800273871302861
"Dhaulagiri I","snow_cover",2020,"Post",0.0689194785296467,0.241758241758242,0.802271148260539,0.485402790613658,0.260852717048418,0.0240695335024062,-0.0823009245377732
"Dhaulagiri I","snow_cover",2021,"Pre",0.0985067803958502,0.347826086956522,0.839659317006385,0.551492925496056,0.292270216887447,-0.0136929189334353,0.0943168236337919
"Dhaulagiri I","snow_cover",2021,"Post",0.0596946856166327,0.175824175824176,0.756400562323378,0.351374386168674,0.0977023519703219,-0.0842263366742606,-0.130240393192032
"Dhaulagiri I","windspeed",1951,"Pre",0.122208120782151,0.0869565217391304,0.49721120916256,0.250340686242343,0.28069155681405,0.318536907371886,0.236281211266073
"Dhaulagiri I","windspeed",1951,"Post",0.201338176048698,0.131868131868132,0.639197060410038,0.272005829534428,0.126281451477641,0.00804528810044563,-0.0649924903455221
"Dhaulagiri I","windspeed",1952,"Pre",0.195603997831716,0.304347826086957,0.564508147530254,0.285666201269101,0.166343971819097,0.233565879269882,0.025177184252298
"Dhaulagiri I","windspeed",1952,"Post",0.185930855044979,0.0659340659340659,0.75458730276338,0.654626285955162,0.667761137984247,0.568024261740838,0.494663432212629
"Dhaulagiri I","windspeed",1953,"Pre",0.145908932445973,0.16304347826087,0.626074936632357,0.374702326441626,0.364473271051781,0.322558095478391,0.26788576003591
"Dhaulagiri I","windspeed",1953,"Post",0.185388669263031,0.142857142857143,0.729684203788955,0.580887255291267,0.426936294511631,0.304649681789836,0.391451418850488
"Dhaulagiri I","windspeed",1954,"Pre",0.101325411553018,0.0543478260869565,0.49519061499696,0.308415955971639,0.230353070454397,-0.0178858232677233,-0.0409003920795248
"Dhaulagiri I","windspeed",1954,"Post",0.190388591019539,0.131868131868132,0.868996695372386,0.770707843223997,0.684307145667033,0.617560146796585,0.496508542390131
"Dhaulagiri I","windspeed",1955,"Pre",0.116136262946241,0.0543478260869565,0.384697324863276,-0.0549697872588008,-0.0498396805366738,0.0150430963571686,-0.146862764457091
"Dhaulagiri I","windspeed",1955,"Post",0.170366225774904,0.10989010989011,0.664958114628146,0.401617402886631,0.380210639467292,0.141997999916015,0.359425219392575
"Dhaulagiri I","windspeed",1956,"Pre",0.141950013825836,0.119565217391304,0.672681308292568,0.379270332828565,0.2680600215405,0.120076987536557,0.188691735780541
"Dhaulagiri I","windspeed",1956,"Post",0.186583080382996,0.120879120879121,0.514054884314434,0.202366856588327,0.145767216795632,-0.0164668509352226,0.203380535010056
"Dhaulagiri I","windspeed",1957,"Pre",0.108566131655539,0.173913043478261,0.553881253418108,0.388826995794336,0.240192921672568,0.162736182957599,-0.0648331794791689
"Dhaulagiri I","windspeed",1957,"Post",0.120167518880982,0.021978021978022,0.691758311477812,0.531037731898023,0.324138812197815,0.17439827443358,0.118793149857971
"Dhaulagiri I","windspeed",1958,"Pre",0.116081357851473,0.0652173913043478,0.542938706283201,0.341048391330937,0.183411972064217,0.0274030147096117,-0.140883905495581
"Dhaulagiri I","windspeed",1958,"Post",0.16327599453165,0.0659340659340659,0.763832101815148,0.593658872058067,0.414083176149222,0.268764092142878,0.234076875223374
"Dhaulagiri I","windspeed",1959,"Pre",0.132007145660352,0.108695652173913,0.7512930625597,0.531639093908158,0.423235702692473,0.200964829746114,-0.0939443627917493
"Dhaulagiri I","windspeed",1959,"Post",0.195697462079048,0.0879120879120879,0.7918109299841,0.703436041539713,0.641825721162981,0.625721294334116,0.57464888030461
"Dhaulagiri I","windspeed",1960,"Pre",0.110048628594406,0.0869565217391304,0.464472113171697,0.327739766014403,0.127192239649289,0.0726689434886634,0.123336650120216
"Dhaulagiri I","windspeed",1960,"Post",0.165338578041321,0.0659340659340659,0.856189051688004,0.675396330590077,0.559348489046816,0.468758664931762,0.228644983896359
"Dhaulagiri I","windspeed",1961,"Pre",0.100610901407575,0.0326086956521739,0.372272539672719,0.0597161549027037,-0.0678715106744704,0.205343717973578,0.0505878895170683
"Dhaulagiri I","windspeed",1961,"Post",0.212683822691105,0.175824175824176,0.787147512834095,0.640306996602883,0.617738604170053,0.608147338614966,0.580550204220424
"Dhaulagiri I","windspeed",1962,"Pre",0.119881891741517,0.0543478260869565,0.766285871122901,0.610703296202803,0.520844877180359,0.300958356044813,0.276170803750359
"Dhaulagiri I","windspeed",1962,"Post",0.160296795054142,0.0769230769230769,0.840511862474582,0.651666245473182,0.527636819444046,0.517933191199212,0.442848180412849
"Dhaulagiri I","windspeed",1963,"Pre",0.12042522096724,0.0760869565217391,0.649848333993413,0.312620792866872,0.0295401372085309,-0.032787272882612,-0.0556467682837862
"Dhaulagiri I","windspeed",1963,"Post",0.150547834191389,0.0659340659340659,0.589821689893394,0.349135828398493,0.27964532280145,0.310356096440629,0.149392083256117
"Dhaulagiri I","windspeed",1964,"Pre",0.10292942696994,0.0217391304347826,0.577973584807372,0.377099910116655,0.424921704525823,0.019654866516392,-0.123968447216558
"Dhaulagiri I","windspeed",1964,"Post",0.162352326087535,0.0769230769230769,0.772465730517275,0.595547733905621,0.545544410248725,0.490597725871255,0.431386318908846
"Dhaulagiri I","windspeed",1965,"Pre",0.121258378354792,0.0760869565217391,0.611834916354051,0.258855814006979,0.1133527912359,0.052808001798174,-0.0408959973950289
"Dhaulagiri I","windspeed",1965,"Post",0.137320672510364,0.032967032967033,0.645484171614786,0.524647710954932,0.406206714617476,0.342316743263135,0.219732738242265
"Dhaulagiri I","windspeed",1966,"Pre",0.0898455978134723,0.0434782608695652,0.289239710402522,0.349107842197134,0.0262729899597543,-0.0340494611030821,0.0242342640845218
"Dhaulagiri I","windspeed",1966,"Post",0.163236796721647,0.0879120879120879,0.780868350116389,0.625875318515049,0.513660513287603,0.484775870164712,0.345647613696755
"Dhaulagiri I","windspeed",1967,"Pre",0.120932622400195,0.0978260869565217,0.661683505849144,0.546010267992483,0.485306170937708,0.0754535290307201,-0.304256422733708
"Dhaulagiri I","windspeed",1967,"Post",0.180591531529423,0.0989010989010989,0.827315848757599,0.724654538249724,0.720320423765634,0.704761153505643,0.594891686229234
"Dhaulagiri I","windspeed",1968,"Pre",0.113200596036428,0.0652173913043478,0.563994816002331,0.375580203293349,0.30701637961333,0.227832829319312,-0.106429686666989
"Dhaulagiri I","windspeed",1968,"Post",0.145342961193261,0.010989010989011,0.764097718984726,0.572468501743419,0.55851006136089,0.520154662089508,0.324506827541193
"Dhaulagiri I","windspeed",1969,"Pre",0.124477219530663,0.0869565217391304,0.666951017576941,0.336945719466637,0.106788601756744,0.0898483329719157,0.158093425484174
"Dhaulagiri I","windspeed",1969,"Post",0.190086657503135,0.10989010989011,0.795821082707853,0.711745886351527,0.634843287178359,0.442919142360557,0.215930482332646
"Dhaulagiri I","windspeed",1970,"Pre",0.123324541052995,0.108695652173913,0.579664581595882,0.461958126947837,0.366782199016318,0.0999050734456599,0.0179105588142028
"Dhaulagiri I","windspeed",1970,"Post",0.15784322049849,0.0659340659340659,0.756328401888654,0.595224203366849,0.519234738128606,0.379435008561753,0.544679778481001
"Dhaulagiri I","windspeed",1971,"Pre",0.152736671916055,0.184782608695652,0.693050555388031,0.487435247054728,0.386101767467852,0.186007603925111,0.104685536133873
"Dhaulagiri I","windspeed",1971,"Post",0.196824294520104,0.164835164835165,0.653981658111804,0.470855851126657,0.233365433286352,0.0496305618909022,0.0311899600615212
"Dhaulagiri I","windspeed",1972,"Pre",0.106320575860961,0.0217391304347826,0.223158866972909,0.0260557021499185,0.0663887778964635,-0.0787824535084767,-0.117863880126411
"Dhaulagiri I","windspeed",1972,"Post",0.207033366519837,0.142857142857143,0.748972822212254,0.429965903869127,0.203677287520758,-0.0653139775608167,-0.247827158711189
"Dhaulagiri I","windspeed",1973,"Pre",0.123580256216313,0.0760869565217391,0.471977997831057,0.334821295439459,0.365888829641396,0.29269706101845,0.0226035250524737
"Dhaulagiri I","windspeed",1973,"Post",0.196125590149553,0.0989010989010989,0.728551670698685,0.570126232153381,0.551079649531397,0.526088340907312,0.392646621865831
"Dhaulagiri I","windspeed",1974,"Pre",0.108369945484912,0.0652173913043478,0.631699609688089,0.404315387016616,0.380819753992467,0.325889993037121,-0.220028619851228
"Dhaulagiri I","windspeed",1974,"Post",0.166318955924561,0.142857142857143,0.841696807446696,0.755185163187332,0.678298728152858,0.648469359524033,0.588735630229671
"Dhaulagiri I","windspeed",1975,"Pre",0.12217343207753,0.119565217391304,0.634878908617971,0.321320104180007,0.101321655076421,0.047152193662856,-0.0663271513908285
"Dhaulagiri I","windspeed",1975,"Post",0.133886892761062,0.043956043956044,0.683220614210843,0.573206645960916,0.511040244631941,0.458882488161209,0.409880758446372
"Dhaulagiri I","windspeed",1976,"Pre",0.127929626517366,0.0652173913043478,0.684169540659612,0.594832467678969,0.483901766323035,0.182584594163532,-0.184920352394483
"Dhaulagiri I","windspeed",1976,"Post",0.135622424559568,0.021978021978022,0.711577657009509,0.586613828889552,0.554584348789517,0.413982310680903,0.309254178929997
"Dhaulagiri I","windspeed",1977,"Pre",0.101666145034951,0.0434782608695652,0.559585073853384,0.263966008501351,0.0759175204976481,-0.0229437429792039,0.0461719615210536
"Dhaulagiri I","windspeed",1977,"Post",0.119504619141729,0,0.69856492365106,0.50641751870604,0.477532525222946,0.364825116168409,0.0800845689021777
"Dhaulagiri I","windspeed",1978,"Pre",0.134854328376042,0.0869565217391304,0.532881654186865,0.0970263960997695,-0.142754310757801,0.0360588047858073,0.220958249789912
"Dhaulagiri I","windspeed",1978,"Post",0.145689950608739,0.0769230769230769,0.694167247275259,0.457571269880574,0.40851900196704,0.309975910909613,-0.0360631602587776
"Dhaulagiri I","windspeed",1979,"Pre",0.12961560932894,0.130434782608696,0.5219755879014,0.28170275992698,0.222985144382656,0.0602543197748448,0.289882135431986
"Dhaulagiri I","windspeed",1979,"Post",0.136986859669444,0.0549450549450549,0.751693166460301,0.455623385735228,0.223792370697911,0.209468893371869,-0.0132233307356638
"Dhaulagiri I","windspeed",1980,"Pre",0.112165103649519,0.0760869565217391,0.360180340190717,0.251246326518478,0.256134882105212,0.0585248605370614,-0.214931021445118
"Dhaulagiri I","windspeed",1980,"Post",0.148891026746326,0.131868131868132,0.81432489893139,0.682187628655377,0.624527526920712,0.482358861466272,0.371921191924688
"Dhaulagiri I","windspeed",1981,"Pre",0.124170209217681,0.108695652173913,0.47750653403965,0.0684464826141933,0.0792271571219491,0.128852558241786,-0.0693023781487951
"Dhaulagiri I","windspeed",1981,"Post",0.16182917139882,0.0659340659340659,0.594058923444262,0.329986471926235,0.319114665742391,0.20244484395801,0.0969140010977791
"Dhaulagiri I","windspeed",1982,"Pre",0.128924700591347,0.0869565217391304,0.503860909849886,0.284986034949256,0.151221562424002,0.175723893651419,-0.0313229300751203
"Dhaulagiri I","windspeed",1982,"Post",0.163649274546156,0.0769230769230769,0.755738467603801,0.570315937712251,0.508885331645982,0.462768485212639,0.111215743440261
"Dhaulagiri I","windspeed",1983,"Pre",0.144942133929746,0.141304347826087,0.633528031284456,0.605301288253805,0.304565531751888,0.206223694435565,0.00637703230780383
"Dhaulagiri I","windspeed",1983,"Post",0.175129597788427,0.0879120879120879,0.725641805207995,0.573806808348344,0.502440535603534,0.544987741539954,0.491991515560848
"Dhaulagiri I","windspeed",1984,"Pre",0.113310811780742,0.0434782608695652,0.716103331626593,0.595818052936459,0.347943479160426,-0.0611306432557358,-0.298311957828335
"Dhaulagiri I","windspeed",1984,"Post",0.160450040995908,0.0659340659340659,0.825353976940063,0.703714686849095,0.653431751581467,0.629314040942993,0.321329052064357
"Dhaulagiri I","windspeed",1985,"Pre",0.100529874491437,0.0760869565217391,0.421269104355616,0.373462936744937,0.20860680421871,0.12336599521561,0.172978063797964
"Dhaulagiri I","windspeed",1985,"Post",0.146646373305276,0.0879120879120879,0.59861088920989,0.504251236620085,0.414494481338319,0.188615002242656,-0.050258556224134
"Dhaulagiri I","windspeed",1986,"Pre",0.125813939086122,0.108695652173913,0.683004384505848,0.383040255734911,0.235618849819574,-0.0481316019212241,0.0664509882083912
"Dhaulagiri I","windspeed",1986,"Post",0.151490752240719,0.0769230769230769,0.73011924027841,0.596253344388972,0.498331313539862,0.363366361887815,0.280103456839231
"Dhaulagiri I","windspeed",1987,"Pre",0.101991994343002,0.0543478260869565,0.455167057757139,0.242656094917485,0.252522216246801,0.24378017798767,-0.142837965494804
"Dhaulagiri I","windspeed",1987,"Post",0.175212762671828,0.0989010989010989,0.718087991697179,0.568466748277069,0.474325726549118,0.322296180933109,0.245002164021786
"Dhaulagiri I","windspeed",1988,"Pre",0.14336607378408,0.195652173913043,0.667691363605693,0.441578892696726,0.238763023576164,0.198540259493806,0.189319060049199
"Dhaulagiri I","windspeed",1988,"Post",0.15503371664259,0.153846153846154,0.797658486843798,0.746445753218496,0.721810192964448,0.699322260063092,0.613784152813681
"Dhaulagiri I","windspeed",1989,"Pre",0.150190200329479,0.228260869565217,0.765868230148247,0.73675484428139,0.631665790407132,0.498158001943517,0.324450427307399
"Dhaulagiri I","windspeed",1989,"Post",0.185454009032595,0.0989010989010989,0.818382028040265,0.671882648071613,0.645423858573603,0.458948971955673,0.443612542984773
"Dhaulagiri I","windspeed",1990,"Pre",0.152533076084937,0.141304347826087,0.673389673253422,0.336755485988314,0.272974185403807,0.464066521993978,0.0340000916636942
"Dhaulagiri I","windspeed",1990,"Post",0.189610026486106,0.131868131868132,0.778045925549735,0.572142325649397,0.443733493913418,0.384569499657957,0.518127732375799
"Dhaulagiri I","windspeed",1991,"Pre",0.11600863068277,0.0434782608695652,0.439829024250165,0.218926428522471,0.0116229391533224,-0.0116107867120645,0.190970842800343
"Dhaulagiri I","windspeed",1991,"Post",0.139192068974348,0.043956043956044,0.780813686152573,0.639859257691258,0.581795399542379,0.461060089375777,0.344100776816265
"Dhaulagiri I","windspeed",1992,"Pre",0.116551605705455,0.0760869565217391,0.60018082796711,0.405732873621823,0.326817426903651,0.16021885631883,0.0561207997016428
"Dhaulagiri I","windspeed",1992,"Post",0.189596400026875,0.0879120879120879,0.587865731982273,0.322355475576817,0.285301547941956,0.0355240557216565,-0.233375470956994
"Dhaulagiri I","windspeed",1993,"Pre",0.150653044377073,0.108695652173913,0.661151939293051,0.483100124339697,0.278867406007146,0.118092134396458,-0.0514360107654767
"Dhaulagiri I","windspeed",1993,"Post",0.14693516521151,0.0659340659340659,0.7846335746291,0.64277494292674,0.56280832105034,0.403633783887387,0.411026831586405
"Dhaulagiri I","windspeed",1994,"Pre",0.107634174400239,0.0326086956521739,0.507964268116879,0.396863820547313,0.387657400878662,0.282349312552341,0.0752062521696336
"Dhaulagiri I","windspeed",1994,"Post",0.146001301880537,0.032967032967033,0.840771696238957,0.769752145782148,0.753486308293153,0.649367807229126,0.580693320131324
"Dhaulagiri I","windspeed",1995,"Pre",0.156765742380598,0.130434782608696,0.675217247289285,0.352403621453021,0.297931473359739,0.1216975072301,-0.0206096865294912
"Dhaulagiri I","windspeed",1995,"Post",0.158209810405721,0.120879120879121,0.711199015659451,0.388503680310087,0.253867633753888,0.506976848763517,0.366278751864301
"Dhaulagiri I","windspeed",1996,"Pre",0.105115685493521,0.0543478260869565,0.422567934461988,0.182701077371453,-0.0153847776556776,0.143563718548654,0.0334887093699352
"Dhaulagiri I","windspeed",1996,"Post",0.174738656820334,0.120879120879121,0.595634120140824,0.365849933959285,0.246423662365828,0.0609129607998119,-0.0604029472564423
"Dhaulagiri I","windspeed",1997,"Pre",0.117116001254879,0.0543478260869565,0.443044894053976,0.285511595877139,0.173006344511137,0.1862155975835,0.0505470753377528
"Dhaulagiri I","windspeed",1997,"Post",0.180985194822626,0.0879120879120879,0.66566332079614,0.3971703597418,0.330901418930099,0.33128452342479,0.268688839228732
"Dhaulagiri I","windspeed",1998,"Pre",0.141114537701596,0.130434782608696,0.474827910857231,0.130978900938573,0.0448227026127874,0.195564608075509,0.00457875365500095
"Dhaulagiri I","windspeed",1998,"Post",0.172394444380447,0.0769230769230769,0.799665920461839,0.574786180134717,0.439715212993791,0.319417583754337,0.314216556230798
"Dhaulagiri I","windspeed",1999,"Pre",0.130344280716762,0.0978260869565217,0.743311478720517,0.644961419392381,0.59323999712121,0.527795999358856,0.444650618797599
"Dhaulagiri I","windspeed",1999,"Post",0.173271378421939,0.0659340659340659,0.762306750922961,0.646749722568912,0.498518900328026,0.394747078355885,0.396435967656458
"Dhaulagiri I","windspeed",2000,"Pre",0.164153555014194,0.260869565217391,0.740432619885134,0.44624112939498,0.270493308987383,0.335354590668483,0.396924281879875
"Dhaulagiri I","windspeed",2000,"Post",0.136848262121215,0.032967032967033,0.678385826441912,0.428608808401719,0.275496382028313,0.251839822689165,0.0388452797605799
"Dhaulagiri I","windspeed",2001,"Pre",0.122178847701667,0.0652173913043478,0.48018493954404,0.378801094798044,0.259811406882067,0.110974660282243,0.106092201834309
"Dhaulagiri I","windspeed",2001,"Post",0.148589475111683,0.0769230769230769,0.766445315745284,0.533152855492556,0.418118025204818,0.199204138674048,0.159816143877679
"Dhaulagiri I","windspeed",2002,"Pre",0.127309637448089,0.119565217391304,0.562059628458431,0.432887706336558,0.340259375294951,0.144975847604835,0.0481275940025603
"Dhaulagiri I","windspeed",2002,"Post",0.137676839533506,0.10989010989011,0.703085981318391,0.452834849177968,0.384600799974178,0.369291756925174,0.431740046068532
"Dhaulagiri I","windspeed",2003,"Pre",0.0947305731964122,0.0326086956521739,0.542562419435186,0.305856570530265,0.24315587234043,-0.0261229680542788,0.0252507000394561
"Dhaulagiri I","windspeed",2003,"Post",0.167167339243179,0.10989010989011,0.780174517125987,0.61401290234104,0.543362879290083,0.599672857263235,0.453559581818743
"Dhaulagiri I","windspeed",2004,"Pre",0.143692881000037,0.152173913043478,0.778690473118963,0.564457953517232,0.40438380781567,0.173216219929131,-0.35682810356965
"Dhaulagiri I","windspeed",2004,"Post",0.208370830430092,0.208791208791209,0.877588427928464,0.775645928674214,0.707069605320543,0.646480761505104,0.552625021034193
"Dhaulagiri I","windspeed",2005,"Pre",0.0917824419502021,0.0434782608695652,0.44274876530585,0.0641894233561422,-0.00371497474278689,-0.0814414392003037,-0.171955378222427
"Dhaulagiri I","windspeed",2005,"Post",0.198645123532924,0.230769230769231,0.872955751179437,0.731553597753435,0.659510544252183,0.577924881640021,0.414597972270901
"Dhaulagiri I","windspeed",2006,"Pre",0.143896376652062,0.108695652173913,0.648922804688962,0.368070560367932,0.246502431741545,0.360530159108835,0.256007759522556
"Dhaulagiri I","windspeed",2006,"Post",0.155484769268001,0.131868131868132,0.788259308828686,0.639971764452649,0.586557965412799,0.551259096705717,0.424294772986048
"Dhaulagiri I","windspeed",2007,"Pre",0.164388739087474,0.173913043478261,0.732152065169992,0.464392983180719,0.28008239416544,0.213944709517679,0.03749912019633
"Dhaulagiri I","windspeed",2007,"Post",0.208593280127213,0.164835164835165,0.85165136321666,0.710640379514711,0.619475702614893,0.495755350300909,0.325795632285844
"Dhaulagiri I","windspeed",2008,"Pre",0.0992288686879492,0.0434782608695652,0.660414455946768,0.481502732865355,0.383590551916584,0.238880696455158,0.172967451266198
"Dhaulagiri I","windspeed",2008,"Post",0.157264123708889,0.153846153846154,0.72725787591591,0.523445897823858,0.421120015504231,0.475086078280102,0.193156227272382
"Dhaulagiri I","windspeed",2009,"Pre",0.115806617263218,0.0978260869565217,0.600321540344101,0.491286939867156,0.529525397017065,0.416592087658403,0.302369157971939
"Dhaulagiri I","windspeed",2009,"Post",0.162361322759919,0.0879120879120879,0.701932712121124,0.606578392781458,0.547172318601356,0.412797712258707,0.414428518571536
"Dhaulagiri I","windspeed",2010,"Pre",0.0980964339581202,0.0760869565217391,0.763617410443102,0.559823067537744,0.433891770363257,0.270670633596543,-0.22567098155
"Dhaulagiri I","windspeed",2010,"Post",0.181398749028778,0.153846153846154,0.78347256113407,0.534557155609352,0.40792953858671,0.457891869594167,0.388519619507485
"Dhaulagiri I","windspeed",2011,"Pre",0.117434643134354,0.0760869565217391,0.591934660791419,0.455775764842992,0.342748445559673,0.203821420237287,0.161168427397411
"Dhaulagiri I","windspeed",2011,"Post",0.172389394543164,0.0769230769230769,0.800227675895141,0.576045235181452,0.466142675050148,0.253641762004059,0.237430968972402
"Dhaulagiri I","windspeed",2012,"Pre",0.106895523225978,0.16304347826087,0.577860049775209,0.453237707176521,0.444318351389397,0.285084436655524,0.149609733126008
"Dhaulagiri I","windspeed",2012,"Post",0.204351700003349,0.285714285714286,0.899525512480314,0.839724238154843,0.792259330476821,0.726777345818522,0.550396310067502
"Dhaulagiri I","windspeed",2013,"Pre",0.129308824707443,0.108695652173913,0.766244043618686,0.616554407898018,0.545188442593398,0.456492664643504,0.24143576584854
"Dhaulagiri I","windspeed",2013,"Post",0.197448529701645,0.131868131868132,0.832724007233122,0.735862214770029,0.71977412710326,0.679563112327063,0.623506685736847
"Dhaulagiri I","windspeed",2014,"Pre",0.0956097508927931,0.0869565217391304,0.585999071527439,0.357914629991186,0.3122154353323,0.185606452987305,-0.0341648562939935
"Dhaulagiri I","windspeed",2014,"Post",0.133207414880842,0.043956043956044,0.581545642700822,0.282436884426279,0.200631089634189,0.158318402380392,0.270687846291979
"Dhaulagiri I","windspeed",2015,"Pre",0.14468935666004,0.152173913043478,0.593273301628277,0.368742263733465,0.181978995512161,-0.0669032935888038,-0.0771808416311949
"Dhaulagiri I","windspeed",2015,"Post",0.13558220185138,0.010989010989011,0.659726097413675,0.415054444454269,0.326509005180428,0.344729066151964,0.291337539002325
"Dhaulagiri I","windspeed",2016,"Pre",0.13652600129659,0.141304347826087,0.723277702538319,0.660562221175856,0.59680429159498,0.435042307948081,0.193639159310295
"Dhaulagiri I","windspeed",2016,"Post",0.17793695684247,0.0769230769230769,0.86236457992188,0.736302875521219,0.642476768822727,0.612380880462595,0.648733963469948
"Dhaulagiri I","windspeed",2017,"Pre",0.113351154483387,0.0434782608695652,0.555080081259772,0.435171166443428,0.278158723721939,0.0560176444793497,-0.178616175072151
"Dhaulagiri I","windspeed",2017,"Post",0.140917144734694,0.0659340659340659,0.719564875275964,0.558184752950949,0.45208432917934,0.395967991447573,0.541476549145172
"Dhaulagiri I","windspeed",2018,"Pre",0.111412789625338,0.0978260869565217,0.651727758163405,0.454866175964591,0.401433470403517,0.345413586800472,0.128665620157646
"Dhaulagiri I","windspeed",2018,"Post",0.133246609443293,0.120879120879121,0.706509793933586,0.519464948530553,0.37172708639027,0.470513605290238,0.476433324220457
"Dhaulagiri I","windspeed",2019,"Pre",0.116734084659359,0.119565217391304,0.510299640325132,0.19338855476355,0.218671106347014,0.0892323479616016,0.00804585171466501
"Dhaulagiri I","windspeed",2019,"Post",0.239815547480061,0.252747252747253,0.793368556259382,0.64140930374591,0.628636600809633,0.631448918790792,0.394578249606509
"Dhaulagiri I","windspeed",2020,"Pre",0.143026139469405,0.16304347826087,0.500136654823731,0.208434482794831,0.153326521187112,0.141714885147297,0.174286701105771
"Dhaulagiri I","windspeed",2020,"Post",0.195500322451165,0.164835164835165,0.840054499735841,0.726474109653876,0.674823524461466,0.645872894388864,0.532717437806353
"Dhaulagiri I","windspeed",2021,"Pre",0.153338407703678,0.119565217391304,0.682223401670726,0.472518011740132,0.384725927434164,0.45173670493732,0.397911166984911
"Dhaulagiri I","windspeed",2021,"Post",0.186819709331727,0.131868131868132,0.666716811422356,0.477031666375527,0.352756445283156,0.242534630499824,0.246026593599812
"Everest","2m_temperature",1951,"Pre",0.0183391865909099,0.0217391304347826,0.974209569072589,0.941141137130709,0.910577561908522,0.879448290644479,0.851584998465404
"Everest","2m_temperature",1951,"Post",0.0190037244467428,0.0549450549450549,0.975992329750572,0.948713907282839,0.932884181832478,0.895643737372846,0.828359497140313
"Everest","2m_temperature",1952,"Pre",0.0230489332733634,0.228260869565217,0.982270736580176,0.960350811393774,0.942399369365987,0.924977066228146,0.89246053754179
"Everest","2m_temperature",1952,"Post",0.0218384797791592,0.153846153846154,0.9827428059073,0.964221960092871,0.946447876205302,0.914913452697523,0.832339107526157
"Everest","2m_temperature",1953,"Pre",0.0153950072640243,0,0.972761163567886,0.93113106182983,0.899306498032364,0.86248501194646,0.718214557004087
"Everest","2m_temperature",1953,"Post",0.0227940937173618,0.142857142857143,0.979396890613349,0.950773117307195,0.924227666404436,0.892242355105989,0.829002496676018
"Everest","2m_temperature",1954,"Pre",0.0178339364680865,0.0652173913043478,0.975988417260387,0.949727407145145,0.927384709195415,0.882957831869851,0.845331728461913
"Everest","2m_temperature",1954,"Post",0.021184784931605,0.0989010989010989,0.987841099588009,0.969195027596346,0.950250828355724,0.929331434042112,0.856529289200411
"Everest","2m_temperature",1955,"Pre",0.017256506165775,0.0434782608695652,0.958052041593789,0.893148817330199,0.842116832398347,0.770465882793532,0.700323146784164
"Everest","2m_temperature",1955,"Post",0.0148661308732872,0.032967032967033,0.972751682936604,0.933835417046421,0.91345531515502,0.899234346846651,0.84074707607365
"Everest","2m_temperature",1956,"Pre",0.0247325664186678,0.315217391304348,0.979347555708623,0.948446973612984,0.923535663356828,0.890023229816978,0.82591758768141
"Everest","2m_temperature",1956,"Post",0.0241977058096367,0.285714285714286,0.986958585827881,0.965081947550597,0.944403752290183,0.898644369808775,0.843272856044706
"Everest","2m_temperature",1957,"Pre",0.0186790656324914,0.119565217391304,0.959609704182909,0.909511085865864,0.874641222212362,0.829145744295395,0.751979890740727
"Everest","2m_temperature",1957,"Post",0.0167147853175798,0.010989010989011,0.966901817942472,0.928986356727597,0.904088753405662,0.883661731631161,0.788623052115037
"Everest","2m_temperature",1958,"Pre",0.0200303571372118,0.108695652173913,0.979825261378762,0.950322393525246,0.92806134578251,0.896794960844566,0.847890768683436
"Everest","2m_temperature",1958,"Post",0.011544770419396,0.0659340659340659,0.945771664393693,0.86304236445328,0.804090252909461,0.772074886264318,0.697614591755162
"Everest","2m_temperature",1959,"Pre",0.0180160088606576,0.0434782608695652,0.950591389146522,0.879488295073903,0.823418099369053,0.817132641867916,0.838070807339397
"Everest","2m_temperature",1959,"Post",0.0166691705992748,0.0879120879120879,0.974285134958609,0.939305809147566,0.912086890554254,0.89137972574478,0.844045643533519
"Everest","2m_temperature",1960,"Pre",0.0199099842916789,0.152173913043478,0.968173326432841,0.931676852527962,0.891891969750161,0.834432698016125,0.747391791740191
"Everest","2m_temperature",1960,"Post",0.018067101358587,0.153846153846154,0.965710412662415,0.922480107449975,0.900823739528235,0.897600172611113,0.859398545058787
"Everest","2m_temperature",1961,"Pre",0.0197562043094689,0.0543478260869565,0.972080748927116,0.934856536770625,0.905410182069675,0.881255908990342,0.857694303081484
"Everest","2m_temperature",1961,"Post",0.0243162809935677,0.230769230769231,0.98441183591443,0.962154960572371,0.948922914864466,0.922813118173634,0.913897460579809
"Everest","2m_temperature",1962,"Pre",0.0200026553151963,0.0869565217391304,0.976033119165604,0.950352343846411,0.932085473322148,0.896339676015823,0.900982842206901
"Everest","2m_temperature",1962,"Post",0.0168541373650846,0.010989010989011,0.972347622710856,0.934782452975691,0.909885702923908,0.86801057388782,0.774745402812954
"Everest","2m_temperature",1963,"Pre",0.0198374561367802,0.108695652173913,0.969554739790674,0.925123611677681,0.895979264705667,0.892232387462139,0.833057707688084
"Everest","2m_temperature",1963,"Post",0.0203224971205754,0.0879120879120879,0.980972609734174,0.962641753655064,0.955139606707199,0.949865989950185,0.900294610470186
"Everest","2m_temperature",1964,"Pre",0.015116980098337,0.0217391304347826,0.945701620842901,0.886599994679623,0.846985103220583,0.791782765231382,0.625562845969255
"Everest","2m_temperature",1964,"Post",0.0162140632334229,0.032967032967033,0.976901623829339,0.948638028548571,0.920504824527298,0.860657563183366,0.814016563341584
"Everest","2m_temperature",1965,"Pre",0.0225153877269839,0.152173913043478,0.970964579546272,0.923587247533317,0.891708213030465,0.877051232782621,0.808152923410939
"Everest","2m_temperature",1965,"Post",0.0203065616164716,0.131868131868132,0.971106004602928,0.927833114852068,0.895780509694123,0.853105717279175,0.889214810390318
"Everest","2m_temperature",1966,"Pre",0.0192182541088927,0.0760869565217391,0.952868039038672,0.881183903241693,0.837888008918145,0.815596073512748,0.78610925220346
"Everest","2m_temperature",1966,"Post",0.0140409159210169,0.0549450549450549,0.959800435169016,0.906747000329799,0.870059487445682,0.828894194898088,0.733737599833605
"Everest","2m_temperature",1967,"Pre",0.0194071523715543,0.0869565217391304,0.94908474310594,0.886576610739126,0.826414645450517,0.722194963992645,0.759582528746014
"Everest","2m_temperature",1967,"Post",0.0233371783169376,0.241758241758242,0.984739510753814,0.967436622169624,0.956926224749999,0.9451771202638,0.926349221714454
"Everest","2m_temperature",1968,"Pre",0.0168462773649154,0.0108695652173913,0.954280661477212,0.90622730630272,0.880824444426361,0.814617028648324,0.76618020525187
"Everest","2m_temperature",1968,"Post",0.0245542383159391,0.142857142857143,0.990644269808793,0.972590253411561,0.950594552295303,0.915768714699409,0.846690791708025
"Everest","2m_temperature",1969,"Pre",0.0155890794138142,0.0652173913043478,0.953648666141714,0.880350168657713,0.826743103192581,0.73651339085834,0.512370624564566
"Everest","2m_temperature",1969,"Post",0.0147401227473754,0.0659340659340659,0.972893767402646,0.949704868146313,0.932137484170942,0.891113912971091,0.845942393915819
"Everest","2m_temperature",1970,"Pre",0.0234878160858422,0.173913043478261,0.974709813904824,0.93494709620217,0.896438592348332,0.841426465605194,0.851013202258171
"Everest","2m_temperature",1970,"Post",0.0196677281152942,0.0879120879120879,0.982508478646976,0.956225150505035,0.935230331298879,0.909234909884025,0.83346417207848
"Everest","2m_temperature",1971,"Pre",0.0176483456474704,0.0869565217391304,0.968487852516765,0.934484570502815,0.922459599346773,0.905132156486588,0.852067519106521
"Everest","2m_temperature",1971,"Post",0.0238409881848424,0.164835164835165,0.986622996801939,0.964612883405105,0.945769773556267,0.917042273949685,0.844932852637054
"Everest","2m_temperature",1972,"Pre",0.0194017340994689,0.141304347826087,0.959840271532962,0.909369137710988,0.892438898671662,0.852550753284932,0.810154115953208
"Everest","2m_temperature",1972,"Post",0.0229194217738946,0.263736263736264,0.97551522254399,0.935950681043027,0.894537158488133,0.818197849658703,0.770712665416879
"Everest","2m_temperature",1973,"Pre",0.0219589939629643,0.108695652173913,0.975081276470558,0.95252508568927,0.936720165886208,0.918895057068327,0.8852698612844
"Everest","2m_temperature",1973,"Post",0.0228526411878951,0.208791208791209,0.979363581640114,0.949404075238769,0.92517092467775,0.890369935764574,0.887556479935708
"Everest","2m_temperature",1974,"Pre",0.0165101302003886,0.0434782608695652,0.965384212521131,0.926162388946891,0.8965278911495,0.830691272691094,0.73240511303939
"Everest","2m_temperature",1974,"Post",0.0199351082679252,0.0549450549450549,0.978805728420787,0.944113183623454,0.911415134992016,0.851867602820406,0.744598868846379
"Everest","2m_temperature",1975,"Pre",0.0209435465521942,0.141304347826087,0.972966229632048,0.923806034122577,0.875063734269357,0.796691040873718,0.739354214221651
"Everest","2m_temperature",1975,"Post",0.0155991180320596,0.021978021978022,0.970726550783861,0.929408412775147,0.901515656189594,0.894051329510196,0.866022509447256
"Everest","2m_temperature",1976,"Pre",0.0194614734712418,0.119565217391304,0.958785971163019,0.916924437294687,0.906394723111908,0.852093244608597,0.789187675971424
"Everest","2m_temperature",1976,"Post",0.011473964968607,0,0.940180400031749,0.839180022829122,0.729682695506422,0.569605174589691,0.705104497079664
"Everest","2m_temperature",1977,"Pre",0.0131949462376592,0.0543478260869565,0.919756200486763,0.810393261528659,0.731909585570896,0.626327562731611,0.504363676268516
"Everest","2m_temperature",1977,"Post",0.0153197133495632,0.021978021978022,0.953872415672405,0.893579446287105,0.86514711085195,0.817650776004972,0.618118670716765
"Everest","2m_temperature",1978,"Pre",0.0267370473762501,0.33695652173913,0.981931378914439,0.958729170400766,0.941063605249563,0.928975557399626,0.892072960594708
"Everest","2m_temperature",1978,"Post",0.0163997229908315,0.021978021978022,0.972858929774723,0.934271360505651,0.91317238558462,0.890170241413879,0.798419700822956
"Everest","2m_temperature",1979,"Pre",0.0238040553088959,0.195652173913043,0.97686886414823,0.946511427561302,0.925053441742588,0.904263548954605,0.880516669284654
"Everest","2m_temperature",1979,"Post",0.0128198100459806,0.021978021978022,0.963098589779701,0.909033124414021,0.863153524855443,0.786096122363158,0.505417516628404
"Everest","2m_temperature",1980,"Pre",0.0205873742522392,0.0760869565217391,0.971509873236936,0.946606780595937,0.923123072885869,0.906460204177418,0.885475394304361
"Everest","2m_temperature",1980,"Post",0.0162034188254629,0.0769230769230769,0.968314710456471,0.930586798963653,0.917954658284266,0.904697468040547,0.858968139174997
"Everest","2m_temperature",1981,"Pre",0.0189454285260728,0.0543478260869565,0.950775315758652,0.876506371746305,0.835394411184635,0.830222923218302,0.832593584827128
"Everest","2m_temperature",1981,"Post",0.0213689770621194,0.186813186813187,0.976396464688209,0.934973178490744,0.895706108485731,0.853113283511017,0.832171292770731
"Everest","2m_temperature",1982,"Pre",0.020356373601517,0.141304347826087,0.966139109111698,0.917271266939026,0.874167470248364,0.814906656435203,0.726658466344492
"Everest","2m_temperature",1982,"Post",0.0207432264639446,0.153846153846154,0.975960329274404,0.940953626797582,0.90877587352764,0.831350349219357,0.787859920383618
"Everest","2m_temperature",1983,"Pre",0.0188366038657739,0.0869565217391304,0.940329173769899,0.85731167102381,0.790508609611318,0.721167126168079,0.668850090286738
"Everest","2m_temperature",1983,"Post",0.0215817150875439,0.10989010989011,0.983825499675091,0.961724118733256,0.947362135391203,0.923045534784866,0.902371225379956
"Everest","2m_temperature",1984,"Pre",0.0190406080586996,0.152173913043478,0.975509259240271,0.936069521546044,0.899968323034383,0.863648011920397,0.7917592338117
"Everest","2m_temperature",1984,"Post",0.0177147642870246,0.043956043956044,0.972560737192771,0.93425770050463,0.908979284539593,0.876805662868483,0.806247270440193
"Everest","2m_temperature",1985,"Pre",0.013281540508897,0.0869565217391304,0.911664020138914,0.791609093422745,0.711910544149877,0.651349432783691,0.631270252564944
"Everest","2m_temperature",1985,"Post",0.0218220675257762,0.153846153846154,0.977872727589322,0.946744179887067,0.917531463918169,0.884735247485977,0.807751069571954
"Everest","2m_temperature",1986,"Pre",0.0159876401415314,0.0217391304347826,0.944610336100503,0.854759005613003,0.779956145783542,0.67963724946355,0.675473149567319
"Everest","2m_temperature",1986,"Post",0.0189050704057425,0.0769230769230769,0.977473133876103,0.950708918786858,0.922582681445191,0.889474961299039,0.797192023201543
"Everest","2m_temperature",1987,"Pre",0.0165817058984556,0.0434782608695652,0.956267636547039,0.884443802508834,0.821928558037263,0.743036163424777,0.609638091111523
"Everest","2m_temperature",1987,"Post",0.0204324349876667,0.142857142857143,0.975826377262687,0.938607860699091,0.902701940088947,0.85953663728523,0.708984529383287
"Everest","2m_temperature",1988,"Pre",0.0187385184818141,0.108695652173913,0.949966294414349,0.896315919170529,0.873162015575439,0.844437989642942,0.838395606347885
"Everest","2m_temperature",1988,"Post",0.0183308417430227,0.0659340659340659,0.982015662032891,0.958243755398988,0.942701355328672,0.916457258334594,0.841832859946865
"Everest","2m_temperature",1989,"Pre",0.0192493313347318,0.0543478260869565,0.958109656556536,0.904966772477917,0.87575139693813,0.854912135385915,0.785005972899796
"Everest","2m_temperature",1989,"Post",0.0204123521134194,0.131868131868132,0.984846675652147,0.961279308975261,0.938656961411895,0.904768327904043,0.868714121115049
"Everest","2m_temperature",1990,"Pre",0.0236720835973263,0.173913043478261,0.984107394480566,0.960624105004466,0.939862523646156,0.912416691946172,0.854518671180138
"Everest","2m_temperature",1990,"Post",0.0169085758487178,0.10989010989011,0.974107218190965,0.933814912708499,0.893728100424147,0.843309865749184,0.824279467973466
"Everest","2m_temperature",1991,"Pre",0.019175225784277,0.0869565217391304,0.952117449954239,0.900444390646428,0.877392014685708,0.846935867688346,0.820909593346452
"Everest","2m_temperature",1991,"Post",0.0191650420708915,0.120879120879121,0.975309125418675,0.940564654009693,0.912564819829425,0.882527138645951,0.923876205328589
"Everest","2m_temperature",1992,"Pre",0.0131970314536263,0.0108695652173913,0.91570383907978,0.808357033295132,0.745706993137129,0.665456788103448,0.558279820579436
"Everest","2m_temperature",1992,"Post",0.0186282951611003,0.0989010989010989,0.977829974226656,0.952382043918965,0.933490109099696,0.896087200687416,0.873138515188416
"Everest","2m_temperature",1993,"Pre",0.0228795281649932,0.130434782608696,0.978582637377474,0.945132430210429,0.917139797415534,0.890807227261016,0.820632538586039
"Everest","2m_temperature",1993,"Post",0.0145556951660696,0,0.97156094176665,0.937438512608724,0.908045370203266,0.843517076693338,0.767495755352904
"Everest","2m_temperature",1994,"Pre",0.018579819458399,0.0978260869565217,0.955710284698626,0.899365132174002,0.851437134689455,0.849775228932137,0.748839356948987
"Everest","2m_temperature",1994,"Post",0.0217583568878981,0.175824175824176,0.986342732053968,0.968107874895134,0.954552623914189,0.95263644291885,0.946611929434425
"Everest","2m_temperature",1995,"Pre",0.025105786857918,0.260869565217391,0.979538866247119,0.950092820414718,0.913173377302523,0.836730641437733,0.755108659708404
"Everest","2m_temperature",1995,"Post",0.0222177602357647,0.197802197802198,0.973209878040327,0.938466232973205,0.914025148936311,0.907847297999374,0.860282616621079
"Everest","2m_temperature",1996,"Pre",0.0188783027381378,0.0543478260869565,0.964564038311377,0.913937624953519,0.863284808346794,0.776955290993389,0.716108134892372
"Everest","2m_temperature",1996,"Post",0.0157933987241538,0.021978021978022,0.969975547473117,0.931314990323591,0.897538123469062,0.846792143708435,0.746991453490576
"Everest","2m_temperature",1997,"Pre",0.0155279133791921,0,0.938195528835823,0.859268328713062,0.809952159886045,0.730063825031811,0.709957851285025
"Everest","2m_temperature",1997,"Post",0.0226804796565283,0.197802197802198,0.980298174100825,0.95411680076506,0.941740184426471,0.921568778705401,0.900496578018252
"Everest","2m_temperature",1998,"Pre",0.0239018360757207,0.217391304347826,0.971897559035268,0.937698695306699,0.912400514019637,0.889561563495146,0.811080707897387
"Everest","2m_temperature",1998,"Post",0.0167572710884577,0.0549450549450549,0.97748348113728,0.940776436843196,0.904058486360283,0.839594867351595,0.835296312384836
"Everest","2m_temperature",1999,"Pre",0.0187277120915693,0.16304347826087,0.960271396475116,0.889746882067695,0.825287800138005,0.728102846896217,0.755002945472845
"Everest","2m_temperature",1999,"Post",0.020607915587991,0.0989010989010989,0.972750809205069,0.934901065448615,0.906511121230667,0.879472564316524,0.909683794084671
"Everest","2m_temperature",2000,"Pre",0.0232276408526782,0.239130434782609,0.980240938753364,0.959159870245121,0.94607407202569,0.919860833479469,0.864654446634103
"Everest","2m_temperature",2000,"Post",0.0157470204208984,0.0549450549450549,0.948441928905945,0.875611483184055,0.817920205676343,0.746570588650003,0.597562471531177
"Everest","2m_temperature",2001,"Pre",0.0206029294771617,0.0434782608695652,0.978192787121293,0.955867654667805,0.938999437265497,0.918780864458733,0.88698115427035
"Everest","2m_temperature",2001,"Post",0.0155593079870401,0.010989010989011,0.962244271752901,0.920007539117905,0.884117555142328,0.832658844041962,0.725995729556225
"Everest","2m_temperature",2002,"Pre",0.0191932332304844,0.0978260869565217,0.959607580255841,0.891242650946609,0.819198679206377,0.708190763027866,0.600554908505203
"Everest","2m_temperature",2002,"Post",0.0164168088486345,0.010989010989011,0.961594775037848,0.909225349765018,0.882643789871834,0.88371607018504,0.797278374970846
"Everest","2m_temperature",2003,"Pre",0.0195146978216545,0.0869565217391304,0.97403521986449,0.934310049346498,0.898575946807408,0.849460616934192,0.764822664162387
"Everest","2m_temperature",2003,"Post",0.0223277620131835,0.197802197802198,0.984298659694796,0.959524336152213,0.939480913976512,0.92209263032286,0.910271068785939
"Everest","2m_temperature",2004,"Pre",0.0152660156249456,0.0978260869565217,0.956107912999741,0.878956931263163,0.798340869202269,0.652738401246027,0.425021735189144
"Everest","2m_temperature",2004,"Post",0.0242093728575069,0.263736263736264,0.98186170026973,0.950629673136495,0.925616967260503,0.889220438201199,0.820726481147052
"Everest","2m_temperature",2005,"Pre",0.0175093085668,0.0652173913043478,0.95999418535988,0.899175281701793,0.843889439363676,0.766808924973923,0.751187122135014
"Everest","2m_temperature",2005,"Post",0.0206315537779527,0.120879120879121,0.977184850859032,0.946503419251216,0.926619231223478,0.879396970428969,0.752666959822218
"Everest","2m_temperature",2006,"Pre",0.0210139807777554,0.141304347826087,0.9668446357222,0.919358334057344,0.886044418041901,0.872615705307942,0.785625289205475
"Everest","2m_temperature",2006,"Post",0.0203649807127149,0.0879120879120879,0.978763167716915,0.948288843277711,0.921362038345435,0.891503738417548,0.890541745705251
"Everest","2m_temperature",2007,"Pre",0.0213461654291726,0.130434782608696,0.962098465286955,0.903126869026839,0.860354684252855,0.853235903575113,0.767982367102169
"Everest","2m_temperature",2007,"Post",0.0178097250188241,0.0879120879120879,0.965372614937225,0.904193518183583,0.833020539440459,0.698878355143843,0.643981638290964
"Everest","2m_temperature",2008,"Pre",0.015571866544743,0,0.96462371676194,0.914647564105551,0.879591681711287,0.849882294353038,0.857672495005178
"Everest","2m_temperature",2008,"Post",0.0145035149489619,0.010989010989011,0.943910328059128,0.858509762044649,0.804777711293708,0.756380920117406,0.689292395176545
"Everest","2m_temperature",2009,"Pre",0.0158004617025986,0.0434782608695652,0.945297537736577,0.876197393873361,0.831691797001641,0.732921653111487,0.633534669446025
"Everest","2m_temperature",2009,"Post",0.0206254274943633,0.0769230769230769,0.976355397714105,0.937238093896931,0.89713448494586,0.816245037331389,0.770893955915535
"Everest","2m_temperature",2010,"Pre",0.0161941552586536,0.0108695652173913,0.957273564272285,0.899112181724283,0.850122916353727,0.727720421943069,0.562383997001506
"Everest","2m_temperature",2010,"Post",0.0184574287679975,0.142857142857143,0.962510873951729,0.898923398332773,0.835196532375426,0.78227659997816,0.831063702160121
"Everest","2m_temperature",2011,"Pre",0.0193814827755432,0.0434782608695652,0.967850292044984,0.927412538854275,0.898329859540785,0.863791912831252,0.870358041049772
"Everest","2m_temperature",2011,"Post",0.0196656922226889,0.120879120879121,0.968166393259781,0.911901576687126,0.860221584207232,0.803401480509371,0.689358424041637
"Everest","2m_temperature",2012,"Pre",0.0217050492397536,0.184782608695652,0.968133077259148,0.919518152921015,0.886492793499947,0.861569942785512,0.763750098693888
"Everest","2m_temperature",2012,"Post",0.0189886987725007,0.0659340659340659,0.969737728260617,0.937458144828782,0.913535838577191,0.870390808957164,0.822164495345237
"Everest","2m_temperature",2013,"Pre",0.0198335799824939,0.152173913043478,0.968699455499415,0.932768882989747,0.925217702567824,0.888165837426866,0.852877203479493
"Everest","2m_temperature",2013,"Post",0.0215624263128353,0.120879120879121,0.976297528634722,0.946489320120647,0.917509542997795,0.878264234623543,0.796001051982055
"Everest","2m_temperature",2014,"Pre",0.0205056257245939,0.130434782608696,0.973936394571614,0.939074747612908,0.90653586306961,0.852312277758178,0.878335074620243
"Everest","2m_temperature",2014,"Post",0.0188480429522446,0.043956043956044,0.970663352149558,0.927827282396183,0.89234758449035,0.837478183124374,0.710248878378179
"Everest","2m_temperature",2015,"Pre",0.0184651496696388,0.0869565217391304,0.965319185689266,0.927448797818778,0.897176270856362,0.841465540129443,0.778338296257851
"Everest","2m_temperature",2015,"Post",0.0186365853907976,0.032967032967033,0.970292467902501,0.926654854810329,0.890995215961471,0.872783838508116,0.85468881188464
"Everest","2m_temperature",2016,"Pre",0.0148786607237737,0,0.941562070675713,0.85449995943211,0.781693859357111,0.75266160237963,0.687916776068254
"Everest","2m_temperature",2016,"Post",0.0161927796754113,0.032967032967033,0.979326642799914,0.952210265868214,0.926945454257325,0.873572392368456,0.838616167110047
"Everest","2m_temperature",2017,"Pre",0.0202900314916785,0.0978260869565217,0.961831169263652,0.920176468412659,0.877282526818162,0.817082959641958,0.604421696400765
"Everest","2m_temperature",2017,"Post",0.0193260282008873,0.010989010989011,0.984072793627914,0.966822584533995,0.95232648719864,0.943003788398612,0.886220003371172
"Everest","2m_temperature",2018,"Pre",0.0155399724016133,0.0543478260869565,0.955616606301182,0.911044179306425,0.880658067366276,0.860723002195627,0.761375449642864
"Everest","2m_temperature",2018,"Post",0.0179809857465238,0.021978021978022,0.975229596535439,0.946728936044546,0.937065027109341,0.91417935508539,0.857228275330289
"Everest","2m_temperature",2019,"Pre",0.0200947958039486,0.0760869565217391,0.962210135977252,0.924218710440011,0.907664755136172,0.891295185317544,0.873516602904547
"Everest","2m_temperature",2019,"Post",0.0167548789947644,0.186813186813187,0.983536337307266,0.959100967981759,0.935261572349772,0.894033279045592,0.901678383808694
"Everest","2m_temperature",2020,"Pre",0.0190171744282324,0.0760869565217391,0.964404749168708,0.92537374967237,0.897656552381418,0.835528715823102,0.746600170336559
"Everest","2m_temperature",2020,"Post",0.021024944352181,0.208791208791209,0.981425812707905,0.957932167361853,0.944689599241091,0.924215843565437,0.875769462145796
"Everest","2m_temperature",2021,"Pre",0.0147473073801008,0.0652173913043478,0.947925664023715,0.873683270291765,0.809345199408765,0.764087015323516,0.721716151626322
"Everest","2m_temperature",2021,"Post",0.0166933471766276,0.010989010989011,0.972125529078972,0.924905963446835,0.878322633596496,0.796551412760056,0.706613218106572
"Everest","snow_cover",1951,"Pre",0,0,NA,NA,NA,NA,NA
"Everest","snow_cover",1951,"Post",0.0883428148925872,0,0.920667434089489,0.794628968657115,0.667182069571223,0.423200629145008,-0.0688506831021701
"Everest","snow_cover",1952,"Pre",0,0,NA,NA,NA,NA,NA
"Everest","snow_cover",1952,"Post",0.080156153225682,0,0.941534186796164,0.865670398983366,0.784800053521707,0.637860836199179,0.340733826457726
"Everest","snow_cover",1953,"Pre",0,0,NA,NA,NA,NA,NA
"Everest","snow_cover",1953,"Post",0.0789510837781058,0,0.92678919221265,0.825049549862464,0.719844499956766,0.505369972054727,0.302966036811411
"Everest","snow_cover",1954,"Pre",0.0881719400271178,0,0.99315989052504,0.979010210530479,0.959887807917574,0.911155579531049,0.759726509418543
"Everest","snow_cover",1954,"Post",0.0344963767905029,0.0659340659340659,0.957689641226235,0.92673950439198,0.891967682004219,0.831805690150839,0.68878024476542
"Everest","snow_cover",1955,"Pre",0.0631784168689589,0.195652173913043,0.921962146894844,0.817956483496476,0.739621347080495,0.563263997853902,0.0779620462780108
"Everest","snow_cover",1955,"Post",0.0480662938697544,0.021978021978022,0.880544730880183,0.690045728075264,0.539315931894759,0.383629925742414,0.494677359499413
"Everest","snow_cover",1956,"Pre",0.087528875202048,0.0434782608695652,0.953047905235551,0.879167828187647,0.813400793356037,0.705105768513717,0.495251982648082
"Everest","snow_cover",1956,"Post",0.0775281061372226,0,0.968507601128301,0.930577800457127,0.895261972092855,0.807162768785395,0.6448147184961
"Everest","snow_cover",1957,"Pre",0.041623764699331,0,0.978050837462048,0.928595579144109,0.87184338663218,0.694002440958244,NA
"Everest","snow_cover",1957,"Post",0.0253110691179756,0.175824175824176,0.951274814565467,0.8441432496577,0.735273883537789,0.594761054256569,0.606276520328168
"Everest","snow_cover",1958,"Pre",0.0847567577337751,0.195652173913043,0.991872271071943,0.971355585962336,0.941762141784427,0.86545744853553,0.644568336680434
"Everest","snow_cover",1958,"Post",0.0611949328540821,0.307692307692308,0.938924980219836,0.817535278262443,0.689495988885531,0.446026701532776,0.25350448468197
"Everest","snow_cover",1959,"Pre",0.0936926641722234,0.141304347826087,0.975976199658015,0.926758594822199,0.87909523932864,0.807065089010496,0.615099937018093
"Everest","snow_cover",1959,"Post",0.0675653935622599,0.032967032967033,0.888624754309979,0.680344009887913,0.479358058469465,0.145134895132631,0.0131795544416692
"Everest","snow_cover",1960,"Pre",0.0704499088232608,0.0869565217391304,0.877641920161712,0.705303110267468,0.549654701663332,0.21320366623634,0.0452861252215157
"Everest","snow_cover",1960,"Post",0.0849752771931727,0.032967032967033,0.963729935484239,0.9050385732067,0.841346417445891,0.725499844120131,0.358088205281358
"Everest","snow_cover",1961,"Pre",0.108446066906204,0.141304347826087,0.994356377730898,0.980002832171296,0.960815367414608,0.9163199572691,0.801150447341961
"Everest","snow_cover",1961,"Post",0.0746611098371786,0,0.956503882544427,0.884874052607217,0.814123055197478,0.689169022545094,0.401288771813879
"Everest","snow_cover",1962,"Pre",0.0980429867540997,0,0.992837196739741,0.978482360700874,0.960806854673649,0.913993883909742,0.797090918420176
"Everest","snow_cover",1962,"Post",0.0383967352471162,0.043956043956044,0.935881857452075,0.83392205983308,0.747568347911916,0.617644830899152,0.60243339006217
"Everest","snow_cover",1963,"Pre",0.0928924629860818,0,0.968621293731288,0.911258337156391,0.857908841454139,0.750801981383341,0.533651250416544
"Everest","snow_cover",1963,"Post",0.086337162388339,0,0.955252023768351,0.879292873404809,0.799485695130536,0.643626908808226,0.271255677580442
"Everest","snow_cover",1964,"Pre",0.0335763174992975,0.0217391304347826,0.903642845666728,0.722036822331096,0.503225047436933,0.122423232684726,-0.291237457427995
"Everest","snow_cover",1964,"Post",0.0807962723847052,0.10989010989011,0.922010428246553,0.829096936451791,0.762236208769336,0.630920059921328,0.483428828062589
"Everest","snow_cover",1965,"Pre",0.0977172428223901,0.195652173913043,0.974837842589025,0.924230662008106,0.870990424522184,0.763828537546785,0.453858483235186
"Everest","snow_cover",1965,"Post",0.0792857741968203,0,0.949521718945521,0.843938016804419,0.728693013579168,0.524173887748757,0.0488271533059651
"Everest","snow_cover",1966,"Pre",0.0970265350791255,0.0760869565217391,0.993276897359009,0.976421929093843,0.954172632934319,0.904240527897748,0.802642950051939
"Everest","snow_cover",1966,"Post",0.0525707410766547,0.131868131868132,0.931373202072572,0.822697818030784,0.68881359697946,0.507916691598185,0.673215496673315
"Everest","snow_cover",1967,"Pre",0.0992863688816679,0.0652173913043478,0.971902081508616,0.927280609389742,0.881637929980591,0.789716512395239,0.534097720000506
"Everest","snow_cover",1967,"Post",0.0751996282799928,0,0.923688729615922,0.788666506746288,0.65008609098631,0.480537906805711,0.347851482220181
"Everest","snow_cover",1968,"Pre",0.0761308079482728,0.0543478260869565,0.936456198977814,0.825177485868477,0.706211336674946,0.473175495968139,0.26413658182103
"Everest","snow_cover",1968,"Post",0.0825444441880007,0,0.977953880036636,0.932705463121336,0.887082564022002,0.809412558076211,0.646407807526161
"Everest","snow_cover",1969,"Pre",0.0799389208399887,0.0108695652173913,0.988602244135651,0.96215046468632,0.929884929140006,0.856764581585641,0.679506557352547
"Everest","snow_cover",1969,"Post",0.0592849127454864,0.0549450549450549,0.915493688461737,0.778976616127035,0.661534406087108,0.432423081493967,0.287855180890101
"Everest","snow_cover",1970,"Pre",0.0951953283831119,0.141304347826087,0.975878098006445,0.93578191549302,0.904199524822258,0.843688009024716,0.644297304602549
"Everest","snow_cover",1970,"Post",0.0461521497646557,0,0.803336689179016,0.561452565342536,0.410612889323707,0.27329262047879,0.170790590035032
"Everest","snow_cover",1971,"Pre",0.0930121642871247,0,0.97150545944967,0.912630404551828,0.841456365194529,0.683696835687725,0.275403865169667
"Everest","snow_cover",1971,"Post",0.0772067315084769,0,0.945424821745127,0.874314877050424,0.81070966769943,0.71979557913544,0.561119515148431
"Everest","snow_cover",1972,"Pre",0.102271322803803,0.0543478260869565,0.986757795408542,0.966423339174356,0.947112134767502,0.904655003483579,0.837294288190186
"Everest","snow_cover",1972,"Post",0.0733368421824357,0,0.934132086392027,0.8066555206006,0.65665079812676,0.376715225109441,-0.090862027566119
"Everest","snow_cover",1973,"Pre",0.091223023009588,0.0217391304347826,0.991474755074359,0.973188908211424,0.953445403405903,0.91661134692961,0.777695582075551
"Everest","snow_cover",1973,"Post",0.0670335522759517,0,0.949661067320298,0.865197657428528,0.792826302082133,0.681081808875392,0.643225139804257
"Everest","snow_cover",1974,"Pre",0.0986321086314342,0,0.991132710785528,0.971560907564806,0.946726149843959,0.893689175654991,0.772866679788605
"Everest","snow_cover",1974,"Post",0.0411471567693246,0.021978021978022,0.872678494865188,0.620817485691638,0.399953297144486,0.270046456050879,0.282166788034459
"Everest","snow_cover",1975,"Pre",0.0824995235362903,0.0108695652173913,0.990536918152717,0.967497685174549,0.938223471087216,0.870730674973784,0.684803896635401
"Everest","snow_cover",1975,"Post",0.0772482631512625,0.10989010989011,0.926431056183364,0.805709181690286,0.684008153819481,0.432364309190416,0.178567249413132
"Everest","snow_cover",1976,"Pre",0.025865463941903,0.0434782608695652,0.747293501650394,0.473564695517407,0.287039531372851,0.078175118283064,-0.192475298729028
"Everest","snow_cover",1976,"Post",0.0394115423495133,0.175824175824176,0.955770929313283,0.864789742937185,0.754090639929877,0.567076049954967,0.552371982919891
"Everest","snow_cover",1977,"Pre",0.0327968175080125,0,0.740127581697558,0.409178005904194,0.202811558359322,0.0658340920072339,0.0161059350589105
"Everest","snow_cover",1977,"Post",0.0358135383183465,0,0.83334023837284,0.624438554025001,0.486308993001268,0.391344897797089,0.196195241107061
"Everest","snow_cover",1978,"Pre",0.0989094899065938,0,0.993584427626887,0.979298571104827,0.961759097268778,0.924644718314497,0.811845391687113
"Everest","snow_cover",1978,"Post",0.0453680859995028,0,0.845123828891552,0.591190675161852,0.392524286439896,0.25303986350041,0.0512058062062095
"Everest","snow_cover",1979,"Pre",0.0999787238994952,0.0652173913043478,0.994235088604052,0.982345260892859,0.966321173958884,0.922044747644195,0.798403332209042
"Everest","snow_cover",1979,"Post",0.0329564629180554,0.0549450549450549,0.726145310239514,0.467613996488872,0.117237006330638,-0.0645177731598601,0.139560359525303
"Everest","snow_cover",1980,"Pre",0.0942010254464,0,0.992064649354704,0.972634051583175,0.948006984637342,0.896259711275248,0.783692466126507
"Everest","snow_cover",1980,"Post",0.0394171151069001,0.0989010989010989,0.917796728455613,0.7615822977471,0.628543272931425,0.408925773986856,0.33304120370124
"Everest","snow_cover",1981,"Pre",0.0663730822092247,0,0.959861264300169,0.881258590266861,0.807179894207024,0.674673026488375,0.163492416001637
"Everest","snow_cover",1981,"Post",0.0430287813887533,0.0659340659340659,0.881352347589896,0.70435071420758,0.518789696679782,0.189715755271166,0.00989508306194017
"Everest","snow_cover",1982,"Pre",0.0989607075193473,0,0.991766859774177,0.975451227728518,0.958490320834849,0.917238892777629,0.798276414469451
"Everest","snow_cover",1982,"Post",0.0434443405673674,0,0.828496785478366,0.549650786510757,0.359355999219174,0.136589677269811,-0.051998145810763
"Everest","snow_cover",1983,"Pre",0.0847144586694782,0.0217391304347826,0.920235940162906,0.804850146024541,0.696432080391874,0.506817824633012,-0.0176540459490501
"Everest","snow_cover",1983,"Post",0.0675839197563548,0.021978021978022,0.906490361420292,0.732193334997052,0.5570684348428,0.27819191539638,0.285255328928009
"Everest","snow_cover",1984,"Pre",0.0372109753879891,0.0434782608695652,0.855521450129787,0.590056875953496,0.363518266351057,0.0630736426237519,-0.176146555510231
"Everest","snow_cover",1984,"Post",0.0663904311291418,0.230769230769231,0.896482495885098,0.74365787601084,0.594063561846939,0.369651478556533,0.663457361419653
"Everest","snow_cover",1985,"Pre",0.0127165143852404,0.173913043478261,0.688998664426061,0.290786268684782,0.0470798350016422,0.0262868518702774,-0.12793103199181
"Everest","snow_cover",1985,"Post",0.0835479178786228,0,0.934181715091279,0.820991546510039,0.715094160606834,0.613400251341337,0.447479231213615
"Everest","snow_cover",1986,"Pre",0.0732628968050195,0,0.988212510372604,0.95942372652981,0.925275154004089,0.864349473330397,0.745037407407145
"Everest","snow_cover",1986,"Post",0.0927323929249623,0.010989010989011,0.947793092956905,0.859299431971439,0.770783423400714,0.606298699700803,0.30381317544043
"Everest","snow_cover",1987,"Pre",0.0972383201050567,0.0652173913043478,0.974090243783712,0.925449566752085,0.868409367444438,0.764266196133943,0.53090541245553
"Everest","snow_cover",1987,"Post",0.0972751410647268,0.010989010989011,0.970266219295038,0.911359421247006,0.842993644767875,0.711969858225203,0.50671831766956
"Everest","snow_cover",1988,"Pre",0.0863694458076233,0,0.991013985587207,0.974429005031072,0.956900948219842,0.909553090847539,0.777635142313665
"Everest","snow_cover",1988,"Post",0.0504701919584424,0.0879120879120879,0.892176508640435,0.684043130678332,0.462779235234636,0.235900726507825,0.623224258698731
"Everest","snow_cover",1989,"Pre",0.0438727078860335,0,0.938287963017945,0.826851125300447,0.686503413939994,0.382006438056672,-0.0931025046283044
"Everest","snow_cover",1989,"Post",0.0669321055349617,0.032967032967033,0.921708262681959,0.763016583812768,0.604986018321072,0.412960441928867,0.303463483696789
"Everest","snow_cover",1990,"Pre",0.0877915397315924,0.0326086956521739,0.955530147321908,0.882543159762065,0.828094757785111,0.803950854143137,0.787787719138027
"Everest","snow_cover",1990,"Post",0.0427310225402467,0.10989010989011,0.880628815706937,0.712013248471632,0.610388296893298,0.509404082537488,0.519482846722974
"Everest","snow_cover",1991,"Pre",0.103163959593262,0.0760869565217391,0.993211277241297,0.977629437840975,0.957440337124596,0.90926071564014,0.795304140742408
"Everest","snow_cover",1991,"Post",0.0595818321446306,0.164835164835165,0.943645064359839,0.838691182847169,0.71900824332102,0.453185897272507,0.134535831112621
"Everest","snow_cover",1992,"Pre",0.0294272350496429,0.0978260869565217,0.827980968550266,0.581696036399993,0.389732490976126,0.212315543599547,-0.0251300928407046
"Everest","snow_cover",1992,"Post",0.0308258248791575,0.010989010989011,0.817554985419772,0.565867172132463,0.379550248783805,0.0836535363051086,-0.280599597563951
"Everest","snow_cover",1993,"Pre",0.0842583720940595,0,0.987540818435921,0.960620015978074,0.928947479675146,0.867220810840248,0.721575795836571
"Everest","snow_cover",1993,"Post",0.047817964299631,0.0769230769230769,0.933279817690459,0.821121751606094,0.730915894603896,0.645745073500565,0.719404218357537
"Everest","snow_cover",1994,"Pre",0.101121361518209,0.0652173913043478,0.99388684323626,0.9792779132893,0.960271580453966,0.915748564606982,0.805392986259126
"Everest","snow_cover",1994,"Post",0.0348132281467621,0.10989010989011,0.902159223901751,0.741895430343681,0.651169451399738,0.594900347607611,0.344913490279167
"Everest","snow_cover",1995,"Pre",0.0823934328736787,0,0.991380277117606,0.969922422943144,0.942462655306249,0.88698055234557,0.734623464966861
"Everest","snow_cover",1995,"Post",0.0958531988305856,0.0879120879120879,0.961764241354533,0.882050417367043,0.792204437920835,0.598811186417613,0.24227314929361
"Everest","snow_cover",1996,"Pre",0.074884397171217,0.0217391304347826,0.992467053142507,0.97232214274456,0.943682094650134,0.873060760952981,0.656237599032841
"Everest","snow_cover",1996,"Post",0.05626507041592,0,0.905572602700358,0.717392588795097,0.504578562885756,0.167308097545176,-0.176966421698413
"Everest","snow_cover",1997,"Pre",0.0498916202692584,0.0652173913043478,0.878951884129281,0.718024876289042,0.61703228771565,0.556390313017472,0.0343177537030525
"Everest","snow_cover",1997,"Post",0.0545160924516376,0,0.883186701752911,0.699966580004882,0.540164331101359,0.281053148324874,-0.258543671462355
"Everest","snow_cover",1998,"Pre",0.0869321117083656,0,0.991549866481371,0.972619483758391,0.949254267150586,0.897361282197693,0.755432102902897
"Everest","snow_cover",1998,"Post",0.063931885945634,0.0989010989010989,0.949600680955006,0.862662304873383,0.774789023059278,0.574899480225742,0.14265589372026
"Everest","snow_cover",1999,"Pre",0.0294512862883639,0.326086956521739,0.936051490337452,0.834420959023207,0.770156811637692,0.674065949035033,0.425479321560956
"Everest","snow_cover",1999,"Post",0.086631347316393,0,0.983999758854545,0.952797558632264,0.915672398420325,0.836167752850829,0.685994316353246
"Everest","snow_cover",2000,"Pre",0.0759793966184908,0,0.963992502409167,0.907688099010448,0.863118121471713,0.821397110144875,0.569928325212809
"Everest","snow_cover",2000,"Post",0.0811763542150116,0.010989010989011,0.9371523998139,0.831266245861024,0.747561816663849,0.596218433689433,0.365688820294688
"Everest","snow_cover",2001,"Pre",0.0474658423622181,0,0.783193489063836,0.512249591974879,0.35947029061649,0.170237094347622,-0.297066697171612
"Everest","snow_cover",2001,"Post",0.0667319857109782,0,0.947377690956962,0.841672624400747,0.715724106176923,0.462056326094739,-0.0624817336641541
"Everest","snow_cover",2002,"Pre",0.0830880947706138,0,0.938243674398715,0.835313370387004,0.74013130238231,0.554269818545024,0.278511039422551
"Everest","snow_cover",2002,"Post",0.0759390480640331,0.021978021978022,0.95066086306425,0.871475899191254,0.801608352275825,0.668859200104753,0.378053950823457
"Everest","snow_cover",2003,"Pre",0.105280743703178,0.16304347826087,0.993676063219279,0.980466117389426,0.963147162130992,0.918642555064617,0.796783092269624
"Everest","snow_cover",2003,"Post",0.0728944943802697,0,0.93062632493018,0.825529087622408,0.740474710025216,0.647415116133413,0.532868994960704
"Everest","snow_cover",2004,"Pre",0.090585042832839,0,0.96243413773774,0.882159830084725,0.778183118398492,0.561316622047667,0.257897389210355
"Everest","snow_cover",2004,"Post",0.0622497197396639,0,0.889931324704124,0.731868203898094,0.616642362327253,0.487885128131792,0.178227915433058
"Everest","snow_cover",2005,"Pre",0.0975220688647919,0.0652173913043478,0.994197969264342,0.981625926226113,0.967292162653034,0.936458951533484,0.845362741763644
"Everest","snow_cover",2005,"Post",0.0600606419857852,0.021978021978022,0.926603142686682,0.785220871582618,0.648311371321543,0.347543517949029,-0.0834396342444849
"Everest","snow_cover",2006,"Pre",0.0925559041837402,0.0434782608695652,0.962904988666289,0.904882407994735,0.841714363984845,0.703311365604443,0.393970544396895
"Everest","snow_cover",2006,"Post",0.070782039905691,0,0.947171424782424,0.842014902282392,0.717914118510815,0.468903449808687,-0.0197679269805645
"Everest","snow_cover",2007,"Pre",0.0938383016403483,0.0543478260869565,0.989635640705913,0.968087679866333,0.943322566316976,0.888348765027533,0.742144437271739
"Everest","snow_cover",2007,"Post",0.0771300839568953,0,0.927052178808217,0.796241101066893,0.67284269621045,0.452209353612276,0.219283940151031
"Everest","snow_cover",2008,"Pre",0.0446516420961475,0.0978260869565217,0.82735497056188,0.547752960169678,0.30235004106717,0.0544952486148276,-0.184200577567487
"Everest","snow_cover",2008,"Post",0.0596011870122365,0.0989010989010989,0.922555033907887,0.78654247737914,0.656355024895479,0.47625189557132,0.23159382662777
"Everest","snow_cover",2009,"Pre",0.0616906189397645,0.152173913043478,0.950889964836795,0.875127317504517,0.797882481593487,0.582092872727144,0.144924147141009
"Everest","snow_cover",2009,"Post",0.0743974161995726,0,0.968933904251473,0.913196436599673,0.854615158894659,0.742043530620354,0.627225058474932
"Everest","snow_cover",2010,"Pre",0.0927489085313839,0.0543478260869565,0.985644077522157,0.954294972096308,0.916156816676579,0.838456093025978,0.642625651960226
"Everest","snow_cover",2010,"Post",0.0870020899638286,0,0.913925947935916,0.76927449891116,0.653278810778138,0.523174177481225,0.249289559281005
"Everest","snow_cover",2011,"Pre",0.0897428617361287,0.0108695652173913,0.982403023391979,0.947454624096645,0.908097372142461,0.836934264751814,0.723378207068039
"Everest","snow_cover",2011,"Post",0.0925203296483481,0.0549450549450549,0.952687660147934,0.875213550593643,0.783912044392798,0.576938317399334,0.076826754674753
"Everest","snow_cover",2012,"Pre",0.102292232995967,0.0108695652173913,0.994185570735902,0.979742015106781,0.960935964328351,0.917101641670816,0.800550845691882
"Everest","snow_cover",2012,"Post",0.0886466293934791,0.131868131868132,0.95122289733112,0.885254403489033,0.818402343396902,0.66719529228867,0.372383686660166
"Everest","snow_cover",2013,"Pre",0.0974211171510574,0.0108695652173913,0.964411328688178,0.896060072168237,0.832660214865095,0.70504653548266,0.651082555734102
"Everest","snow_cover",2013,"Post",0.079364397785518,0,0.945077436584182,0.861940771679896,0.794906328726018,0.714298618355484,0.699915167755541
"Everest","snow_cover",2014,"Pre",0.0856284667422942,0.0652173913043478,0.981255018056808,0.939630703125508,0.890189277480163,0.772892429235459,0.55116233342891
"Everest","snow_cover",2014,"Post",0.0869755366833097,0,0.956240796086275,0.86170834319468,0.758272605437962,0.560061645360652,0.211174643228105
"Everest","snow_cover",2015,"Pre",0.0313493919535817,0,0.966410322722975,0.86904332828563,0.727548995834743,NA,NA
"Everest","snow_cover",2015,"Post",0.0705206310214575,0.120879120879121,0.886786832845021,0.703851157979398,0.549104963579544,0.339200518985574,-0.0618269776236827
"Everest","snow_cover",2016,"Pre",0.03351717746218,0.108695652173913,0.729090105639075,0.3787603676272,0.170708809703506,-0.0817983202494357,-0.1017985332378
"Everest","snow_cover",2016,"Post",0.0624663202349099,0.21978021978022,0.817980152989163,0.576468859972111,0.435004557482451,0.28426672050376,0.50739306786008
"Everest","snow_cover",2017,"Pre",0.0893417114095138,0.0326086956521739,0.965860514964149,0.897131971549547,0.823292001101381,0.679108356861376,0.310652824908594
"Everest","snow_cover",2017,"Post",0.0333685135886046,0.010989010989011,0.70614683830266,0.361386220775439,0.133121486599233,-0.0610609713868566,-0.110088633687636
"Everest","snow_cover",2018,"Pre",0.0311253000024395,0.0543478260869565,0.803624538409435,0.52327902790394,0.387198304771067,0.298079819112907,-0.152521904608524
"Everest","snow_cover",2018,"Post",0.0513763369223718,0.142857142857143,0.945524221489669,0.826041125398191,0.673683796067428,0.234690074850061,0.069334860478087
"Everest","snow_cover",2019,"Pre",0.0978618231017712,0.0326086956521739,0.989641139427409,0.970187664363328,0.94822009728846,0.906324990984681,0.803602310020544
"Everest","snow_cover",2019,"Post",0.0678293289814626,0.142857142857143,0.887676150979187,0.705115644561278,0.565413318620417,0.47411375416587,0.220667741616947
"Everest","snow_cover",2020,"Pre",0.0605948093677575,0,0.935596306876475,0.804341332897729,0.693015009017226,0.634566486243231,0.577713607416174
"Everest","snow_cover",2020,"Post",0.0729772301236092,0.010989010989011,0.950908457007461,0.85614894744449,0.758895408128436,0.55548138094928,0.00507094982244957
"Everest","snow_cover",2021,"Pre",0.0719442146588118,0.0434782608695652,0.878875071313567,0.671598498749465,0.500771447857126,0.442084971424372,0.279572760647176
"Everest","snow_cover",2021,"Post",0.0907332049200953,0,0.951599249391219,0.848364697886026,0.729013081890331,0.508253733728907,0.23012929482121
"Everest","windspeed",1951,"Pre",0.203980394820737,0.184782608695652,0.763621387341882,0.58361259156132,0.423853679399466,0.401568445895323,0.288805316138232
"Everest","windspeed",1951,"Post",0.25012500443361,0.131868131868132,0.544432923504183,0.138801265163865,-0.0959237339423232,-0.0921872605955696,-0.122304102483078
"Everest","windspeed",1952,"Pre",0.26394057139624,0.347826086956522,0.43264250683825,-0.0170702462671631,-0.114416327388072,-0.188326870656972,-0.0145197879097249
"Everest","windspeed",1952,"Post",0.215590647645891,0.0549450549450549,0.585698445989895,0.268797092335274,0.227531629699501,0.0204468089380075,-0.193114446797083
"Everest","windspeed",1953,"Pre",0.260975127472588,0.25,0.648973776546276,0.438887294022676,0.357076632341825,0.139574384980449,-0.0948718606564315
"Everest","windspeed",1953,"Post",0.189442437376365,0.0549450549450549,0.514959364858632,0.103546721871423,-0.0323930833972365,-0.0826043099523319,-0.0347401423361842
"Everest","windspeed",1954,"Pre",0.165189770226533,0.0869565217391304,0.662254061115161,0.442261996465699,0.274140279135935,0.00905673556234913,-0.0790117991535204
"Everest","windspeed",1954,"Post",0.178268108790863,0.0659340659340659,0.715305996086333,0.520475564360852,0.352731048663409,0.409306489700995,0.302618869584471
"Everest","windspeed",1955,"Pre",0.189977011287987,0.0978260869565217,0.655517051328504,0.381619333125583,0.227690628886531,-0.0323295107115203,-0.121696442594455
"Everest","windspeed",1955,"Post",0.192902696728445,0.021978021978022,0.502827086379474,0.0550245312331184,-0.0784287671829953,0.097859574780365,0.145261693641254
"Everest","windspeed",1956,"Pre",0.200689972843897,0.0869565217391304,0.489997038330638,0.382702529355563,0.182002621639195,0.0663960610050507,-0.248166874332464
"Everest","windspeed",1956,"Post",0.254890049615979,0.175824175824176,0.625840632090889,0.254427076902141,0.194514345780574,0.311255027469773,-0.0560654294792933
"Everest","windspeed",1957,"Pre",0.198916630630719,0.0869565217391304,0.674566317455662,0.509878248053865,0.431875904944761,0.334594742903698,0.246659382021091
"Everest","windspeed",1957,"Post",0.18904198133448,0.131868131868132,0.496862435880741,0.200079637420614,0.128376733655751,0.108137891758324,-0.142205005034414
"Everest","windspeed",1958,"Pre",0.206484932452718,0.119565217391304,0.718453370985355,0.505730014013697,0.327495348542145,0.125640981093918,0.374017683537654
"Everest","windspeed",1958,"Post",0.234715599619265,0.0989010989010989,0.643936627050993,0.487880780903318,0.349839308653896,0.0774101374789147,-0.0142960067954676
"Everest","windspeed",1959,"Pre",0.188206755196236,0.0869565217391304,0.58419404593533,0.238159089091505,0.0146164591491349,-0.144832768367435,-0.0212565792657618
"Everest","windspeed",1959,"Post",0.297599162479371,0.21978021978022,0.63855566033778,0.461887973966057,0.457059757590186,0.51755997505609,0.473508082516308
"Everest","windspeed",1960,"Pre",0.155878176934281,0.0434782608695652,0.422876990992903,0.108304290363599,-0.0301076736550949,-0.0793841899343844,-0.134632695940327
"Everest","windspeed",1960,"Post",0.236334378659412,0.0989010989010989,0.638713978444276,0.300245914296138,0.239212328599078,0.461668530431423,0.476553639173347
"Everest","windspeed",1961,"Pre",0.16807877234904,0.0543478260869565,0.564947830352868,0.251451219982351,-0.022982163300226,-0.010695013699888,-0.420907746881709
"Everest","windspeed",1961,"Post",0.256364907716451,0.153846153846154,0.575869226876699,0.303068380204328,0.173601266536866,0.105167910771461,-0.169091955855641
"Everest","windspeed",1962,"Pre",0.193261915170843,0.0978260869565217,0.773604127067442,0.63065369049776,0.541042478936962,0.349365920950005,-0.0186772876917158
"Everest","windspeed",1962,"Post",0.217664282340532,0.186813186813187,0.763351016407685,0.617792188697397,0.521364719176046,0.377767998005589,0.124179409620686
"Everest","windspeed",1963,"Pre",0.209928033485338,0.0652173913043478,0.624395265696959,0.224109383594545,0.117034661872979,-0.0767717207627382,-0.151937022202737
"Everest","windspeed",1963,"Post",0.209399369588241,0.0659340659340659,0.591708616768897,0.362776199799231,0.213734782574079,-0.0618427890610136,-0.0817873434744402
"Everest","windspeed",1964,"Pre",0.175012316786949,0.0434782608695652,0.50150106489143,0.18935213690352,0.1105710917005,-0.00977013361994879,-0.166911148116239
"Everest","windspeed",1964,"Post",0.265582810114594,0.175824175824176,0.667769461352417,0.381253254234583,0.244120095273252,-0.0578767872835248,0.252688490605391
"Everest","windspeed",1965,"Pre",0.198902794199078,0.108695652173913,0.682567626562474,0.396170935009274,0.289228196792697,0.345107763141899,0.288221145200885
"Everest","windspeed",1965,"Post",0.185870510237796,0.010989010989011,0.282671151603642,0.218956731357834,0.0959063308333841,-0.147219402468916,0.162393883458959
"Everest","windspeed",1966,"Pre",0.14869418343791,0.0108695652173913,0.520274861853439,0.234473399061292,0.0551186694904405,-0.159234374246094,-0.125078607976335
"Everest","windspeed",1966,"Post",0.248694439302709,0.153846153846154,0.669954640265225,0.531926609344017,0.38095170541805,0.343882764798767,0.400256405789009
"Everest","windspeed",1967,"Pre",0.21473590986173,0.119565217391304,0.744905815658556,0.497327245451236,0.258315110449227,-0.143284241235549,0.108363624618495
"Everest","windspeed",1967,"Post",0.230162655784039,0.120879120879121,0.686974166497257,0.455316621260802,0.377682221228677,0.249053169678824,0.135028053727291
"Everest","windspeed",1968,"Pre",0.243982526504523,0.0978260869565217,0.664409563087084,0.48154891929491,0.316939164874302,0.0404570127083164,-0.149570194805774
"Everest","windspeed",1968,"Post",0.238638770297756,0.0879120879120879,0.621268219807045,0.316741573332478,0.11897558583775,0.162216002606838,-0.0799749671294946
"Everest","windspeed",1969,"Pre",0.242125136750529,0.119565217391304,0.642563597919018,0.350906241166757,0.152165141715642,0.037887611976217,-0.108366872978503
"Everest","windspeed",1969,"Post",0.209879816591323,0.043956043956044,0.63141314121767,0.405817099231219,0.33109010502039,0.155302385845855,0.213171836586702
"Everest","windspeed",1970,"Pre",0.178166831146956,0.0652173913043478,0.526359727864624,0.306124663011833,0.0991000214580741,-0.305691459486515,0.114284948096343
"Everest","windspeed",1970,"Post",0.269266183702118,0.164835164835165,0.698377649876328,0.456924788340168,0.255482103916286,0.0567499607352936,-0.0999534285573671
"Everest","windspeed",1971,"Pre",0.243111517769293,0.16304347826087,0.507661967183989,0.135326766292502,0.0551961034386779,-0.0499282580520031,-0.0823956763288027
"Everest","windspeed",1971,"Post",0.209092919556978,0.0659340659340659,0.50562849674606,0.11761245673831,0.0872578474990992,-0.0807325828114499,-0.190398522862227
"Everest","windspeed",1972,"Pre",0.189830251634817,0.0434782608695652,0.646603715124053,0.381329653970178,0.235991514783904,0.0308913447208815,-0.0400275947688805
"Everest","windspeed",1972,"Post",0.211136695405943,0.0659340659340659,0.56735548263886,0.24878934920014,0.257680727714835,-0.0382418349252456,0.0543332858210631
"Everest","windspeed",1973,"Pre",0.179262570011361,0.0543478260869565,0.636706783746272,0.46229023561291,0.274427308431234,0.109515063510138,-0.172231313219496
"Everest","windspeed",1973,"Post",0.281853339907338,0.164835164835165,0.531201591841012,0.100739215870576,0.0086864361590548,-0.0189352506714793,0.222549620127572
"Everest","windspeed",1974,"Pre",0.231259479287527,0.0434782608695652,0.452779666484905,0.128887634145843,0.169666263530111,0.212844533620608,-0.0102037496484774
"Everest","windspeed",1974,"Post",0.231507128202552,0.142857142857143,0.717929473009878,0.447511048005135,0.170179583525947,-0.128883145581297,0.369848472344008
"Everest","windspeed",1975,"Pre",0.203073318977168,0.0652173913043478,0.710270900370905,0.441539729503184,0.294689013424143,0.0840133094376918,-0.404499872914772
"Everest","windspeed",1975,"Post",0.269270649917483,0.208791208791209,0.770783632300437,0.565324088047365,0.376315903991063,0.364147414821139,0.297656015462081
"Everest","windspeed",1976,"Pre",0.23570888932911,0.173913043478261,0.733891761434032,0.608006872173611,0.58647931828321,0.355575614398359,-0.0449813860678132
"Everest","windspeed",1976,"Post",0.210400253406208,0.0879120879120879,0.657863761083901,0.345165452826122,0.263456963330135,0.380960540746963,0.297516938088774
"Everest","windspeed",1977,"Pre",0.185760730818503,0.0869565217391304,0.492199294751819,0.162259379039755,0.0674297781851187,-0.0336123466533351,-0.28116934596632
"Everest","windspeed",1977,"Post",0.219843037334726,0.0769230769230769,0.393902381064443,0.168710308676087,0.0101031279866504,0.00057446458686024,-0.127121830781597
"Everest","windspeed",1978,"Pre",0.20275271243594,0.108695652173913,0.585636798556859,0.242850735794113,0.157080144703126,0.081043480059258,-0.322873484561229
"Everest","windspeed",1978,"Post",0.265244453916958,0.142857142857143,0.763239979768485,0.559327976142624,0.534333491829558,0.517657773342909,0.313281271042825
"Everest","windspeed",1979,"Pre",0.219404811582856,0.0869565217391304,0.569009358172198,0.295013401892257,0.206649083581488,0.219334169964715,0.109170430216061
"Everest","windspeed",1979,"Post",0.211117589717303,0.0769230769230769,0.624071661531723,0.312826738614786,0.171320106310917,0.303886390439476,0.128420328622008
"Everest","windspeed",1980,"Pre",0.151357698804264,0.0217391304347826,0.423077145235401,0.0157693557208362,-0.00476251194103498,-0.0748798774511361,-0.135627755457193
"Everest","windspeed",1980,"Post",0.209992096504345,0.0659340659340659,0.501942035248127,0.241182144790511,0.153596116624118,-0.108930162060881,-0.24217513510171
"Everest","windspeed",1981,"Pre",0.209105357077842,0.0760869565217391,0.502137668323251,0.240743701904816,0.0354926166025319,0.295888409157589,0.0405856319540756
"Everest","windspeed",1981,"Post",0.171434249385941,0.0879120879120879,0.577950085361685,0.298358084799881,0.0849656870476987,-0.0415057403724857,0.0745782391229572
"Everest","windspeed",1982,"Pre",0.176835600928141,0.0543478260869565,0.616541624530383,0.323140844680651,0.210819065761952,0.013200452112116,-0.0686697608490579
"Everest","windspeed",1982,"Post",0.178413022100991,0.021978021978022,0.556211674878145,0.332156374229151,0.240822991461476,-0.0457202829282953,0.0172537932265742
"Everest","windspeed",1983,"Pre",0.197299971499551,0.108695652173913,0.706836544568799,0.560278353106591,0.445831682249292,0.412264300765795,0.310943166141563
"Everest","windspeed",1983,"Post",0.193138806743127,0.0549450549450549,0.422302813399281,-0.038430960844798,-0.146678703923226,-0.300997561068782,-0.00422162860226974
"Everest","windspeed",1984,"Pre",0.211214952270169,0.0869565217391304,0.755320041260418,0.548195085640523,0.340936253122612,-0.0330545564791428,-0.0800031949955583
"Everest","windspeed",1984,"Post",0.207809606343371,0.10989010989011,0.534709999305852,0.33080479000559,0.282839808923623,0.216723837350305,0.182137639148704
"Everest","windspeed",1985,"Pre",0.208845728483864,0.195652173913043,0.667070408825169,0.353085209355529,0.121985191847579,-0.031812452944769,0.207804772305081
"Everest","windspeed",1985,"Post",0.244914356486236,0.120879120879121,0.701366152180595,0.422994085459949,0.210039123047533,-0.12784162723883,-0.00993875661348821
"Everest","windspeed",1986,"Pre",0.182856367214312,0.0543478260869565,0.631239366510436,0.379076745713215,0.287168004493256,-0.00776872215340182,-0.0247751517716152
"Everest","windspeed",1986,"Post",0.21357158889632,0.0989010989010989,0.60084827625228,0.454241175280148,0.26027918808917,0.156996803794044,-0.0221503890030977
"Everest","windspeed",1987,"Pre",0.197328619898399,0.0978260869565217,0.679825873387136,0.376641931136963,0.179494616238935,0.0764893478268499,0.0106949031499825
"Everest","windspeed",1987,"Post",0.244187201974212,0.0879120879120879,0.609008442714004,0.174290523797881,-0.00458965052306553,0.027343391735414,-0.132480699027993
"Everest","windspeed",1988,"Pre",0.197419099809417,0.0543478260869565,0.509689811993032,0.176652186131213,0.0475730229398675,0.0472975877627637,-0.0649112557027501
"Everest","windspeed",1988,"Post",0.252916641206032,0.153846153846154,0.627805513022579,0.326162819463286,0.284599031361888,0.182614438397464,0.12804754931047
"Everest","windspeed",1989,"Pre",0.19334738684287,0.0543478260869565,0.649915714499609,0.327963123112564,0.0605868082433613,-0.044059985103839,-0.0344735693998619
"Everest","windspeed",1989,"Post",0.201100811662577,0.0989010989010989,0.637640576601254,0.300861705243614,0.0704424000348352,-0.0964569594778599,0.0015398833642813
"Everest","windspeed",1990,"Pre",0.182370063339553,0.0652173913043478,0.449609489387875,0.170831045495175,0.0339629234817264,-0.0955114097104419,-0.165478624674593
"Everest","windspeed",1990,"Post",0.205167643777449,0.0659340659340659,0.553502301453418,0.302166157157697,0.28113155660403,0.283566480556055,0.222610380736066
"Everest","windspeed",1991,"Pre",0.176427195586584,0.0326086956521739,0.601368551252693,0.280291557951925,0.103435816514612,0.00749620280443612,-0.026505003220991
"Everest","windspeed",1991,"Post",0.211287668298757,0.10989010989011,0.687621729859089,0.452346508124998,0.457197201772048,0.331217216763548,0.157053586873383
"Everest","windspeed",1992,"Pre",0.201166467701727,0.173913043478261,0.721890983270181,0.560834463786653,0.395967151175043,0.15217907380938,0.237485863967875
"Everest","windspeed",1992,"Post",0.22831300045672,0.0879120879120879,0.594234903100795,0.231336611240868,0.0866362317309803,-0.298247787728246,-0.153863845735269
"Everest","windspeed",1993,"Pre",0.254458615560569,0.130434782608696,0.761082518172734,0.620982939620938,0.472228865453339,0.288904938625502,-0.110228492675588
"Everest","windspeed",1993,"Post",0.231212264544013,0.142857142857143,0.597018361602554,0.351900311856929,0.275142634235037,0.18633297572812,0.0178588170844131
"Everest","windspeed",1994,"Pre",0.164599240006932,0.0217391304347826,0.614775458778635,0.247235353298379,0.085141610151048,0.0858773386239933,0.0242506621584926
"Everest","windspeed",1994,"Post",0.231860062572927,0.0549450549450549,0.700326030410464,0.545787501714704,0.354345057029442,0.30447477405239,0.0595122006201281
"Everest","windspeed",1995,"Pre",0.15773918475339,0.0434782608695652,0.572145585699869,0.318982304556799,0.300034859670623,0.0717603160686345,-0.287607573931603
"Everest","windspeed",1995,"Post",0.223493355626873,0.0769230769230769,0.45840815134543,0.309528286352494,0.13246446959035,0.118724851505921,0.154504777614296
"Everest","windspeed",1996,"Pre",0.198905305235297,0.108695652173913,0.674220853056461,0.537584368684492,0.33259781472659,0.0675957807619202,-0.217778133093645
"Everest","windspeed",1996,"Post",0.223369906588157,0.0989010989010989,0.722916285701611,0.404542733988988,0.234946401899963,0.144391604399619,0.160725716322001
"Everest","windspeed",1997,"Pre",0.206980074231247,0.130434782608696,0.688455753154543,0.509838293064127,0.474904081801831,0.206158558362107,0.123617409055419
"Everest","windspeed",1997,"Post",0.174752211964356,0.021978021978022,0.569461953681107,0.266550149004516,0.0693902229868519,0.0142137950703537,-0.0733987929094053
"Everest","windspeed",1998,"Pre",0.215788765254568,0.141304347826087,0.673715955850519,0.362262382494492,0.168758855437001,-0.00190277164610144,-0.13611016806724
"Everest","windspeed",1998,"Post",0.236660132185907,0.0989010989010989,0.655973082119204,0.397151367734263,0.154727989002438,0.0425356997725228,0.407936816191722
"Everest","windspeed",1999,"Pre",0.189576075069772,0.119565217391304,0.641153329146652,0.350938603076117,0.290938878568803,0.206640571702861,0.130883588502255
"Everest","windspeed",1999,"Post",0.261681401113462,0.131868131868132,0.670831953390588,0.44975716100611,0.379036628734016,0.279298070108321,0.0631854143667655
"Everest","windspeed",2000,"Pre",0.223097674405931,0.108695652173913,0.616869954002528,0.415397540825298,0.27237036035658,0.266736703725204,-0.00133385501461851
"Everest","windspeed",2000,"Post",0.310143673534748,0.197802197802198,0.626398123376808,0.416991083662251,0.461660112047599,0.377217555543864,0.0988754937941637
"Everest","windspeed",2001,"Pre",0.162191966540878,0.0326086956521739,0.331661917007542,0.0571969413070953,0.137349222384765,0.0689520268368706,-0.16058428855088
"Everest","windspeed",2001,"Post",0.172856594191215,0.0549450549450549,0.34995221556244,0.0771264852491092,0.0473376889813144,0.126964750618432,-0.282961913539355
"Everest","windspeed",2002,"Pre",0.200354701367515,0.0543478260869565,0.599174449655562,0.235516675208774,0.0106318984117279,-0.197627856371141,0.0118265404840588
"Everest","windspeed",2002,"Post",0.172014012454731,0.043956043956044,0.387889086336743,-0.0930225697886838,-0.04754490232553,0.168054301601815,0.070687395720013
"Everest","windspeed",2003,"Pre",0.216517406822784,0.108695652173913,0.664979302091229,0.435399634659067,0.24571744050728,0.132180870327664,0.202060318275213
"Everest","windspeed",2003,"Post",0.204450970830735,0.0769230769230769,0.587601406160609,0.219394874031962,0.040578100534935,-0.0334411237145951,0.000441622922703952
"Everest","windspeed",2004,"Pre",0.227197943169655,0.152173913043478,0.663999037577162,0.392187963135896,0.135165025535906,-0.0909763406467388,-0.310767656026385
"Everest","windspeed",2004,"Post",0.201235571534747,0.0659340659340659,0.372623224476505,0.0592300419563442,0.0168467442653682,-0.0301049748076773,0.0262912038259309
"Everest","windspeed",2005,"Pre",0.172306885811823,0.0434782608695652,0.675507176080793,0.481319122075052,0.395517161223764,0.275222805565007,0.118998209182249
"Everest","windspeed",2005,"Post",0.187605560921185,0.0989010989010989,0.605390679433903,0.298812796564285,0.287138681154079,0.0425375430397099,0.0954523182360639
"Everest","windspeed",2006,"Pre",0.210804478592949,0.0760869565217391,0.647576830809551,0.380754930934598,0.273823862442599,0.200398138417984,-0.128466329961901
"Everest","windspeed",2006,"Post",0.252865366323286,0.131868131868132,0.750380537218096,0.544933463978806,0.398853944194966,0.160342626061574,0.383027348672106
"Everest","windspeed",2007,"Pre",0.202281071410624,0.0543478260869565,0.677663064433036,0.477415732982189,0.289072672169589,-0.11762071731801,-0.230577123876548
"Everest","windspeed",2007,"Post",0.217388032831823,0.0879120879120879,0.640249543168847,0.303047337153445,0.18967144296073,0.0339248180783949,0.086611518204835
"Everest","windspeed",2008,"Pre",0.178702702686966,0.119565217391304,0.715834982765154,0.448477986396197,0.311738086684229,0.193040661331509,0.0801893182276482
"Everest","windspeed",2008,"Post",0.216278091991101,0.10989010989011,0.568353298407961,0.33922533443013,0.07535459020118,0.0222491024738917,-0.0442583705375761
"Everest","windspeed",2009,"Pre",0.20066604739049,0.315217391304348,0.574136239285763,0.243541855156078,0.07455641678571,-0.0405692474227531,0.00100851519149438
"Everest","windspeed",2009,"Post",0.206323576933274,0.0659340659340659,0.723882311167867,0.55082159820227,0.394063984407084,0.0283925819533004,-0.324820272052098
"Everest","windspeed",2010,"Pre",0.211490106951431,0.217391304347826,0.685553119960397,0.372869001933991,0.166237873636891,0.0240880079490631,-0.142926265747658
"Everest","windspeed",2010,"Post",0.207157159371753,0.0549450549450549,0.540746384348402,0.0854161879379282,-0.0288743413384117,-0.122574873515977,0.045284043044201
"Everest","windspeed",2011,"Pre",0.225895052141006,0.108695652173913,0.563009364677266,0.18107572185891,0.0847793181425739,0.174058609098276,0.0236104216317773
"Everest","windspeed",2011,"Post",0.228982425313997,0.0989010989010989,0.55626558095792,0.16178247689523,-0.0180070227220465,0.0778358883880337,-0.110620760071799
"Everest","windspeed",2012,"Pre",0.239766659200115,0.141304347826087,0.757056519436678,0.480860084058236,0.326290735463033,0.0805598982224965,-0.0122771295511285
"Everest","windspeed",2012,"Post",0.266937276885628,0.153846153846154,0.701222264285908,0.523761257048204,0.401721964168213,0.326650307285926,0.0994484698261706
"Everest","windspeed",2013,"Pre",0.206206420722166,0.0434782608695652,0.713631682439787,0.46818564661228,0.379415808433998,0.197796068206624,-0.0376552012163477
"Everest","windspeed",2013,"Post",0.180567185180715,0.032967032967033,0.32547519743131,-0.197912992945767,-0.241408115384612,0.0466944746890009,-0.118008188795138
"Everest","windspeed",2014,"Pre",0.190028890839544,0.0760869565217391,0.685119218271531,0.397625298779172,0.249154970366937,0.303296600933627,-0.0347866325380715
"Everest","windspeed",2014,"Post",0.246468244224511,0.0659340659340659,0.460568308591309,0.103412183888212,0.0541347598285111,0.0818193349829706,-0.216004366659367
"Everest","windspeed",2015,"Pre",0.188583020126642,0.130434782608696,0.582820890850508,0.355575636307489,0.273673614326228,0.0915302041419092,0.0355787579734149
"Everest","windspeed",2015,"Post",0.194366521565387,0.0769230769230769,0.499491877630465,0.274056617861793,0.0561167433241687,-0.0411309612343457,-0.0917923295019457
"Everest","windspeed",2016,"Pre",0.190324139465689,0.0652173913043478,0.654632870263051,0.457731372503826,0.274360139932733,0.209211503461891,-0.142027836876488
"Everest","windspeed",2016,"Post",0.234872573423595,0.0879120879120879,0.647463550497911,0.416784747297893,0.221050755746942,-0.0378281711469246,-0.105791830486191
"Everest","windspeed",2017,"Pre",0.24378274274149,0.0978260869565217,0.703526907950942,0.383986334574431,0.223166774732424,0.128242886636596,-0.131306243952186
"Everest","windspeed",2017,"Post",0.222663859916412,0.0879120879120879,0.621156103245173,0.375136538212654,0.212391251592019,0.0053040135469378,0.0115871207252251
"Everest","windspeed",2018,"Pre",0.212641979771941,0.0652173913043478,0.653556143705112,0.404785736386578,0.247510412666282,-0.00177451399674584,-0.177919368314641
"Everest","windspeed",2018,"Post",0.229833081450713,0.120879120879121,0.575871021557495,0.309817446050178,0.247323543294537,0.0693945526596113,0.091527568417946
"Everest","windspeed",2019,"Pre",0.189732318060015,0.0978260869565217,0.54379527018209,0.373918091755022,0.261522163470163,0.218101988161393,0.113037301884197
"Everest","windspeed",2019,"Post",0.218234961204484,0.0659340659340659,0.689099593840345,0.395731314924698,0.275033277508825,0.226660899660088,0.16542194179385
"Everest","windspeed",2020,"Pre",0.208592544835103,0.119565217391304,0.4834440288306,0.260708518343523,0.150663535767544,-0.032116177545977,-0.139651749082979
"Everest","windspeed",2020,"Post",0.257200658904344,0.10989010989011,0.628503298947313,0.443558591739377,0.409274222760787,0.189304227740815,0.0497649182941923
"Everest","windspeed",2021,"Pre",0.199882664148017,0.108695652173913,0.650582218911626,0.298186511017721,0.144360090664306,0.00906966515807838,0.0844092886596279
"Everest","windspeed",2021,"Post",0.271849985254401,0.164835164835165,0.596561084352918,0.258578294662213,0.0992780051872424,0.00376046848205343,0.171505648331693
"Kangchenjunga Central","2m_temperature",1951,"Pre",0.0127648678031129,0.0326086956521739,0.965407530277031,0.913905363280633,0.856706374111321,0.78679700547139,0.79337639342387
"Kangchenjunga Central","2m_temperature",1951,"Post",0.0115818153412127,0.0549450549450549,0.955789521493614,0.89543310730514,0.857898990755101,0.816811742587674,0.724529392597142
"Kangchenjunga Central","2m_temperature",1952,"Pre",0.0171245009751613,0.293478260869565,0.982368143521897,0.9575304604472,0.938802383269864,0.916726074270499,0.884168438853352
"Kangchenjunga Central","2m_temperature",1952,"Post",0.0154073690381859,0.131868131868132,0.979255343368871,0.952929714328661,0.924928814785148,0.883747834226556,0.814247147619425
"Kangchenjunga Central","2m_temperature",1953,"Pre",0.0111125178626424,0.0326086956521739,0.96041928272939,0.90398616407603,0.86970633307745,0.841907246180131,0.680317272433246
"Kangchenjunga Central","2m_temperature",1953,"Post",0.0165092162383495,0.142857142857143,0.978197378918456,0.945311156356782,0.911735097456524,0.859992605629826,0.788188952155398
"Kangchenjunga Central","2m_temperature",1954,"Pre",0.0117974030537368,0.0434782608695652,0.957692428923231,0.90990429947447,0.866584017883338,0.781129553402439,0.731976648115866
"Kangchenjunga Central","2m_temperature",1954,"Post",0.0149189328118938,0.0879120879120879,0.985299529298799,0.959074778660159,0.933858222738977,0.907735441162028,0.816253843661012
"Kangchenjunga Central","2m_temperature",1955,"Pre",0.0146936912012416,0.141304347826087,0.955264939356528,0.879270501419588,0.823829835778893,0.739451497823557,0.718889874645712
"Kangchenjunga Central","2m_temperature",1955,"Post",0.01101654618138,0.0549450549450549,0.975848898596668,0.9415176730281,0.917810302258961,0.876825197458777,0.828595863736486
"Kangchenjunga Central","2m_temperature",1956,"Pre",0.01537523157743,0.25,0.970431768694803,0.927770179291566,0.899150555033029,0.884894847313867,0.808315083670058
"Kangchenjunga Central","2m_temperature",1956,"Post",0.0151246825647207,0.164835164835165,0.980033333690087,0.951391046577507,0.920783413722462,0.842832274328071,0.716982547819907
"Kangchenjunga Central","2m_temperature",1957,"Pre",0.0155188695943211,0.195652173913043,0.956807764442577,0.898460097625332,0.847704751995103,0.778472487424788,0.687126774835635
"Kangchenjunga Central","2m_temperature",1957,"Post",0.0120161649132308,0.010989010989011,0.97212860520149,0.936722934812578,0.906471967946877,0.878041484308764,0.830138567712064
"Kangchenjunga Central","2m_temperature",1958,"Pre",0.0131655582769285,0.0869565217391304,0.965351958383174,0.914931981416797,0.886192204011392,0.860284331395588,0.781574348127209
"Kangchenjunga Central","2m_temperature",1958,"Post",0.00832001600715479,0.0769230769230769,0.943767192391577,0.84624984697628,0.773792410028734,0.727178886410763,0.673881235433531
"Kangchenjunga Central","2m_temperature",1959,"Pre",0.0127147123611538,0.0652173913043478,0.959518200158932,0.900871872295912,0.85340629764458,0.81698939350294,0.804615312441697
"Kangchenjunga Central","2m_temperature",1959,"Post",0.010981397492624,0.0659340659340659,0.971151877983825,0.928273306185671,0.892169591510586,0.820410800940713,0.702070289424753
"Kangchenjunga Central","2m_temperature",1960,"Pre",0.0147934209285249,0.141304347826087,0.955998973743188,0.902893410857579,0.833871021008063,0.695986988366622,0.570576434698702
"Kangchenjunga Central","2m_temperature",1960,"Post",0.0122881104361868,0.142857142857143,0.951000369424348,0.880985835258475,0.841063253879751,0.837898257901536,0.818267416702072
"Kangchenjunga Central","2m_temperature",1961,"Pre",0.0136883860179431,0.0760869565217391,0.963197976820868,0.901412754820482,0.853118885820123,0.825174448509676,0.784895797468246
"Kangchenjunga Central","2m_temperature",1961,"Post",0.0175052501509659,0.208791208791209,0.979374596345838,0.950471661989551,0.932320843464475,0.89715227965734,0.88494128256691
"Kangchenjunga Central","2m_temperature",1962,"Pre",0.012660010929369,0.0434782608695652,0.965022566758556,0.924443786548284,0.897115121396317,0.833935604853431,0.821741111433145
"Kangchenjunga Central","2m_temperature",1962,"Post",0.011304811292758,0,0.964484183559981,0.914057672520934,0.882686573251864,0.853484667173785,0.775616387814297
"Kangchenjunga Central","2m_temperature",1963,"Pre",0.0131091395904023,0.0760869565217391,0.951889393323914,0.876816413515372,0.830349183067092,0.838243401542279,0.822712332526048
"Kangchenjunga Central","2m_temperature",1963,"Post",0.0144720146941643,0.0879120879120879,0.981583403254569,0.963815508073881,0.954928082996347,0.932029006143748,0.856554138778347
"Kangchenjunga Central","2m_temperature",1964,"Pre",0.0110052995182716,0.0108695652173913,0.940061381504958,0.87213902165876,0.821723537663066,0.72720626979192,0.523296280679688
"Kangchenjunga Central","2m_temperature",1964,"Post",0.0134893010299864,0.142857142857143,0.979859331287125,0.959322090633983,0.945802019199435,0.911034594253889,0.838915982744426
"Kangchenjunga Central","2m_temperature",1965,"Pre",0.0178651591411694,0.195652173913043,0.960069884522163,0.891680570129041,0.834744804745327,0.778271576648338,0.746937110501971
"Kangchenjunga Central","2m_temperature",1965,"Post",0.015481140316988,0.175824175824176,0.976680256202201,0.941689937414723,0.913484412964522,0.866471257448525,0.861997507823797
"Kangchenjunga Central","2m_temperature",1966,"Pre",0.0139552836943869,0.130434782608696,0.934506746045004,0.831367194161106,0.766079110782808,0.712837270558995,0.661226455085007
"Kangchenjunga Central","2m_temperature",1966,"Post",0.00961766347985553,0.032967032967033,0.960641783514453,0.907491708529542,0.867901178034917,0.809147230636534,0.742676709318264
"Kangchenjunga Central","2m_temperature",1967,"Pre",0.0139407411202572,0.0869565217391304,0.944807032290326,0.858602020027285,0.773479443534431,0.622297978801114,0.662487968081518
"Kangchenjunga Central","2m_temperature",1967,"Post",0.0189915059250509,0.285714285714286,0.984246377526212,0.967132465554891,0.957947403981769,0.940019474554043,0.891882209002806
"Kangchenjunga Central","2m_temperature",1968,"Pre",0.0129996728202377,0.0543478260869565,0.943996883040207,0.879626207680503,0.841481648039812,0.72713997973903,0.638542814346193
"Kangchenjunga Central","2m_temperature",1968,"Post",0.0150151217292306,0.131868131868132,0.986042937231975,0.964674098826566,0.941962628443463,0.91403409503864,0.882427434349377
"Kangchenjunga Central","2m_temperature",1969,"Pre",0.0119695384406489,0.108695652173913,0.945148845267922,0.869877465461173,0.798863278824148,0.700649307090537,0.473248705931353
"Kangchenjunga Central","2m_temperature",1969,"Post",0.0103074926462231,0.043956043956044,0.973387117374213,0.939438362533664,0.919254315489321,0.875649786686133,0.798537765696923
"Kangchenjunga Central","2m_temperature",1970,"Pre",0.0151097192922183,0.108695652173913,0.955494822850947,0.879662712416859,0.810850398364731,0.727507837435357,0.776949147059268
"Kangchenjunga Central","2m_temperature",1970,"Post",0.0149371218624777,0.0879120879120879,0.976507542864795,0.9404320307371,0.906397807461592,0.85235263570607,0.701982981042222
"Kangchenjunga Central","2m_temperature",1971,"Pre",0.0111892493189073,0.0652173913043478,0.959559270606239,0.89870718700769,0.836316398553925,0.743223898170914,0.714934658343467
"Kangchenjunga Central","2m_temperature",1971,"Post",0.0166804403430555,0.131868131868132,0.985025818117384,0.966030680012299,0.949978726297731,0.917474377108043,0.884723698541365
"Kangchenjunga Central","2m_temperature",1972,"Pre",0.0123267076472527,0.0652173913043478,0.948380028656933,0.875696093645026,0.82763176153177,0.748633762416714,0.711098838875294
"Kangchenjunga Central","2m_temperature",1972,"Post",0.0143281234922989,0.142857142857143,0.977171172518403,0.941362247198579,0.905951341757603,0.831978932716071,0.793053750651628
"Kangchenjunga Central","2m_temperature",1973,"Pre",0.0135875044129027,0.0652173913043478,0.951662333231144,0.899994206048737,0.861302875819711,0.801967870603907,0.754618351856859
"Kangchenjunga Central","2m_temperature",1973,"Post",0.0156046412728936,0.164835164835165,0.97731644205133,0.938859579263643,0.899591572331519,0.828818118040296,0.798542310828273
"Kangchenjunga Central","2m_temperature",1974,"Pre",0.0126405749173779,0.0652173913043478,0.954737831564307,0.896104321595547,0.837446242140829,0.732342094945736,0.619907147684127
"Kangchenjunga Central","2m_temperature",1974,"Post",0.0150987394286475,0.153846153846154,0.973463000232157,0.931184780049742,0.882004747549741,0.792910277196603,0.657860972021085
"Kangchenjunga Central","2m_temperature",1975,"Pre",0.0143187415796545,0.0652173913043478,0.956782521709425,0.886570817803646,0.816391904724972,0.694905160729456,0.576074134022598
"Kangchenjunga Central","2m_temperature",1975,"Post",0.0106238364933274,0.010989010989011,0.967939118232817,0.92629252143219,0.899258765623847,0.88825175883731,0.825983098610492
"Kangchenjunga Central","2m_temperature",1976,"Pre",0.0130214539166512,0.0978260869565217,0.943474513939891,0.896297418609184,0.879885383041734,0.808588712053151,0.743446721028054
"Kangchenjunga Central","2m_temperature",1976,"Post",0.00833411447833698,0,0.929536066641645,0.810179267935277,0.678083175493903,0.487973690332749,0.628982940228813
"Kangchenjunga Central","2m_temperature",1977,"Pre",0.00924871303480016,0.0543478260869565,0.895750050135382,0.748678061339319,0.638005145180113,0.53326031664071,0.304227709191916
"Kangchenjunga Central","2m_temperature",1977,"Post",0.012400334479323,0.0659340659340659,0.970047952025068,0.928812954580377,0.901627221041501,0.853853791702482,0.652788167488493
"Kangchenjunga Central","2m_temperature",1978,"Pre",0.0177470592797464,0.206521739130435,0.970474486155683,0.935485916743882,0.91077752180281,0.903955443555962,0.853027786882319
"Kangchenjunga Central","2m_temperature",1978,"Post",0.0114392430819176,0.021978021978022,0.966583128040547,0.922535156994952,0.905685546776171,0.896546687445979,0.840533402689278
"Kangchenjunga Central","2m_temperature",1979,"Pre",0.0163493620343815,0.173913043478261,0.959201238378762,0.899533264730976,0.859129774006079,0.837134071032291,0.843363397147338
"Kangchenjunga Central","2m_temperature",1979,"Post",0.0106346684165567,0.021978021978022,0.956741191860735,0.904823249395527,0.864603375309618,0.805081993384916,0.579556874591291
"Kangchenjunga Central","2m_temperature",1980,"Pre",0.0141345150102428,0.0760869565217391,0.960500109789554,0.918158342516797,0.888179479815968,0.863055680200129,0.854236231316775
"Kangchenjunga Central","2m_temperature",1980,"Post",0.0128695771712938,0.131868131868132,0.972765515603474,0.933620997654968,0.914073888784005,0.913513127206829,0.883527482887186
"Kangchenjunga Central","2m_temperature",1981,"Pre",0.013031115531992,0.0869565217391304,0.948546547074269,0.868419401343113,0.810867303721528,0.792195532982371,0.797279934098654
"Kangchenjunga Central","2m_temperature",1981,"Post",0.0151310557970395,0.142857142857143,0.975135095221718,0.933701474868808,0.8927540533029,0.834652278854266,0.763687271407351
"Kangchenjunga Central","2m_temperature",1982,"Pre",0.0136752728646005,0.141304347826087,0.952428180111307,0.889029978510271,0.845048942948387,0.780778745191501,0.696204977733221
"Kangchenjunga Central","2m_temperature",1982,"Post",0.0148313683371,0.186813186813187,0.977388749697524,0.939712995080877,0.893264877967161,0.792721792686022,0.729550823698979
"Kangchenjunga Central","2m_temperature",1983,"Pre",0.012722028088921,0.0652173913043478,0.945326778625865,0.849945387491359,0.753615338087946,0.677639604737215,0.710326662319322
"Kangchenjunga Central","2m_temperature",1983,"Post",0.0156292374082166,0.186813186813187,0.981065703631833,0.956841940513114,0.946671247286127,0.931980704346828,0.89317852595788
"Kangchenjunga Central","2m_temperature",1984,"Pre",0.0126165382231773,0.206521739130435,0.956974091051693,0.890779455581842,0.839653413244861,0.776493478752001,0.678326812861838
"Kangchenjunga Central","2m_temperature",1984,"Post",0.0145305330422049,0.0879120879120879,0.975493899562434,0.940888219337156,0.920338231674066,0.898068169190178,0.852224659442687
"Kangchenjunga Central","2m_temperature",1985,"Pre",0.00972483650262055,0.0869565217391304,0.902167021374363,0.754075023224342,0.618052671450362,0.437466213438591,0.403917846581614
"Kangchenjunga Central","2m_temperature",1985,"Post",0.013878087225836,0.021978021978022,0.97866220042241,0.951999254019653,0.929473500546917,0.896653952346572,0.802575099630666
"Kangchenjunga Central","2m_temperature",1986,"Pre",0.0123748970030218,0.0543478260869565,0.927409568277431,0.823162888015047,0.737194603684848,0.593321182243719,0.567067248021096
"Kangchenjunga Central","2m_temperature",1986,"Post",0.0118031755959701,0.0549450549450549,0.966462445605529,0.917336725953507,0.869278004495641,0.793846048870434,0.700480899276921
"Kangchenjunga Central","2m_temperature",1987,"Pre",0.0134676912044226,0.0760869565217391,0.9540352902707,0.886005208365086,0.822123360403767,0.736982930245174,0.595214817340767
"Kangchenjunga Central","2m_temperature",1987,"Post",0.0122413690513443,0.0989010989010989,0.962815744668909,0.900317802600441,0.835065667504823,0.776902532565604,0.692687146769039
"Kangchenjunga Central","2m_temperature",1988,"Pre",0.012720796542387,0.0869565217391304,0.920116361759057,0.824095819967871,0.777639636517187,0.756282036070309,0.765381605556939
"Kangchenjunga Central","2m_temperature",1988,"Post",0.0166189131909497,0.241758241758242,0.986103068854434,0.968215521199103,0.953362369661549,0.929061220296797,0.879782816604319
"Kangchenjunga Central","2m_temperature",1989,"Pre",0.0131425386116766,0.0434782608695652,0.94484068566249,0.867455390630292,0.812212506412657,0.749956078493475,0.633313496621689
"Kangchenjunga Central","2m_temperature",1989,"Post",0.0157462045887126,0.186813186813187,0.983543508810182,0.953991215510522,0.923069644199294,0.879547962503516,0.804710352595765
"Kangchenjunga Central","2m_temperature",1990,"Pre",0.0170830065030271,0.25,0.972461728896367,0.929379441112371,0.890913671448521,0.832049286076423,0.801964771045544
"Kangchenjunga Central","2m_temperature",1990,"Post",0.012451228641016,0.131868131868132,0.970313825424788,0.916309084519387,0.853097180420785,0.756175625142479,0.803199699738449
"Kangchenjunga Central","2m_temperature",1991,"Pre",0.0124109952325733,0.0978260869565217,0.931284821684352,0.84990007802577,0.794398712618493,0.72643750089619,0.721905153804835
"Kangchenjunga Central","2m_temperature",1991,"Post",0.0139369250699971,0.0879120879120879,0.972195146642509,0.93439958880914,0.909075466310942,0.867391933781162,0.90434460970247
"Kangchenjunga Central","2m_temperature",1992,"Pre",0.00875530278325549,0.0108695652173913,0.873092431164787,0.67597494974626,0.515184465972312,0.312196457505387,0.196326449274384
"Kangchenjunga Central","2m_temperature",1992,"Post",0.0156009476166285,0.186813186813187,0.978492549101465,0.949805370395545,0.92703078594434,0.877278937810341,0.88643550144553
"Kangchenjunga Central","2m_temperature",1993,"Pre",0.0149917941884153,0.0978260869565217,0.960708943793626,0.899957423780233,0.853132456857604,0.837094532712736,0.800294240437947
"Kangchenjunga Central","2m_temperature",1993,"Post",0.0106676805556868,0,0.978400701248626,0.955605806342132,0.938770600655828,0.887269480357433,0.794389912555379
"Kangchenjunga Central","2m_temperature",1994,"Pre",0.012085898623268,0.0978260869565217,0.940919174535334,0.841886142814272,0.748142127033208,0.706507336584299,0.631286374668184
"Kangchenjunga Central","2m_temperature",1994,"Post",0.0182732542996894,0.340659340659341,0.988773718905744,0.973383956788292,0.960665241988202,0.957794117020158,0.938395613447264
"Kangchenjunga Central","2m_temperature",1995,"Pre",0.016116895185201,0.217391304347826,0.967215334423623,0.91706516498463,0.873251446469205,0.790895835830799,0.713887564693989
"Kangchenjunga Central","2m_temperature",1995,"Post",0.0133582654121065,0.0659340659340659,0.97374783081132,0.931845870244298,0.894036119426069,0.842587187879072,0.858406016971078
"Kangchenjunga Central","2m_temperature",1996,"Pre",0.0132878377610732,0.0543478260869565,0.948114642103197,0.856089510496443,0.762456432689081,0.625935156189136,0.580515989832758
"Kangchenjunga Central","2m_temperature",1996,"Post",0.0107775678072018,0,0.972742799379889,0.932497638934888,0.897560052817311,0.841708146660592,0.721833247303208
"Kangchenjunga Central","2m_temperature",1997,"Pre",0.0116079372705616,0.0326086956521739,0.926832934741884,0.85079139019869,0.803979464171364,0.736963804807188,0.696334160342485
"Kangchenjunga Central","2m_temperature",1997,"Post",0.0147583987468129,0.142857142857143,0.972247202205125,0.931051582432075,0.901640018080761,0.865489226320406,0.820727049672776
"Kangchenjunga Central","2m_temperature",1998,"Pre",0.0160288740717994,0.184782608695652,0.960826458567045,0.911016744682724,0.889560852563367,0.89402796404154,0.805565001894374
"Kangchenjunga Central","2m_temperature",1998,"Post",0.0101560401938578,0.032967032967033,0.969380374600183,0.921198400866174,0.883014949041551,0.823224502432478,0.765071112602961
"Kangchenjunga Central","2m_temperature",1999,"Pre",0.0130753097836865,0.195652173913043,0.935171634309845,0.808357993588282,0.692240182298283,0.509318390988058,0.598427081391892
"Kangchenjunga Central","2m_temperature",1999,"Post",0.0125277690517698,0.0989010989010989,0.966106783847758,0.91661046143141,0.879939699010341,0.845048158792937,0.897296327732252
"Kangchenjunga Central","2m_temperature",2000,"Pre",0.0170181310641029,0.228260869565217,0.974110382783201,0.935850325739837,0.908476153446538,0.864746052872785,0.798434598420226
"Kangchenjunga Central","2m_temperature",2000,"Post",0.0114307442439696,0.032967032967033,0.95677978922342,0.897572842439191,0.852602202673848,0.795729660083239,0.76409007198922
"Kangchenjunga Central","2m_temperature",2001,"Pre",0.0132716363884821,0.0652173913043478,0.967079008216197,0.932210764107743,0.916678116055323,0.912474620461134,0.897125353501432
"Kangchenjunga Central","2m_temperature",2001,"Post",0.0120940698542195,0.010989010989011,0.960423719600886,0.906016665382057,0.859269938433048,0.814253968390246,0.770042535528984
"Kangchenjunga Central","2m_temperature",2002,"Pre",0.0126062818642544,0.0652173913043478,0.930570462881927,0.829229719526016,0.737416936938185,0.601854708806025,0.62307518604807
"Kangchenjunga Central","2m_temperature",2002,"Post",0.0113497299913977,0.021978021978022,0.951493243599493,0.880824513264928,0.836054572375127,0.835789008624958,0.667345875878214
"Kangchenjunga Central","2m_temperature",2003,"Pre",0.0128018755798345,0.0978260869565217,0.962543011560103,0.898477939036093,0.845989967343674,0.782941632184172,0.681506578064334
"Kangchenjunga Central","2m_temperature",2003,"Post",0.0129146393864187,0.032967032967033,0.968372513002229,0.922604241143396,0.890389083330132,0.833018295280152,0.818404466093303
"Kangchenjunga Central","2m_temperature",2004,"Pre",0.0112841232108989,0.0978260869565217,0.93206827848428,0.81802436140981,0.70036733597341,0.5098040994339,0.222510443253061
"Kangchenjunga Central","2m_temperature",2004,"Post",0.0172786819061083,0.274725274725275,0.97977968956576,0.943760486489782,0.909317273059697,0.838123411911528,0.764450771033904
"Kangchenjunga Central","2m_temperature",2005,"Pre",0.0120589475900084,0.0652173913043478,0.94003885698519,0.825792469799086,0.7265911766148,0.655136431477288,0.692558052957404
"Kangchenjunga Central","2m_temperature",2005,"Post",0.0136805652352473,0.0989010989010989,0.975187646951904,0.938311462542906,0.908585539573261,0.853716871979012,0.686354370136012
"Kangchenjunga Central","2m_temperature",2006,"Pre",0.0134953881046634,0.108695652173913,0.947871571247211,0.874083323846951,0.821747082097119,0.797062300556809,0.709616040733718
"Kangchenjunga Central","2m_temperature",2006,"Post",0.014546370662933,0.0879120879120879,0.979308642954875,0.946285406757429,0.914494142715664,0.868042686156079,0.810623299701009
"Kangchenjunga Central","2m_temperature",2007,"Pre",0.0131797013698742,0.0978260869565217,0.9418685406164,0.844712903822588,0.776212576257757,0.754440252418361,0.569995493126912
"Kangchenjunga Central","2m_temperature",2007,"Post",0.0144446324113326,0.142857142857143,0.965411819146475,0.902540514212946,0.830039276965125,0.68930463118335,0.617100650022437
"Kangchenjunga Central","2m_temperature",2008,"Pre",0.011795634998123,0.0217391304347826,0.961727758831845,0.904317686459667,0.854695536288713,0.806572405023479,0.779812529365156
"Kangchenjunga Central","2m_temperature",2008,"Post",0.0108974938541339,0.010989010989011,0.946922786700458,0.869111961949234,0.80252397224137,0.747771004817289,0.684871129654317
"Kangchenjunga Central","2m_temperature",2009,"Pre",0.0129874675297418,0.0326086956521739,0.954117305019945,0.883502132076353,0.832197119600543,0.727248843538622,0.582430800563776
"Kangchenjunga Central","2m_temperature",2009,"Post",0.0121620164480082,0.032967032967033,0.965515268030003,0.896788250196083,0.818473910312976,0.652562613377377,0.539550777662538
"Kangchenjunga Central","2m_temperature",2010,"Pre",0.0105105670147786,0.0217391304347826,0.935579193828583,0.833657390157155,0.729939591584561,0.538109876746014,0.515825426124488
"Kangchenjunga Central","2m_temperature",2010,"Post",0.0109604945437686,0.0659340659340659,0.95581667709295,0.878303554453794,0.803865803420414,0.756597193736931,0.817386390734383
"Kangchenjunga Central","2m_temperature",2011,"Pre",0.0129123440508909,0.0543478260869565,0.947639286883477,0.882907990607756,0.82299441596617,0.737620793238839,0.757412747356387
"Kangchenjunga Central","2m_temperature",2011,"Post",0.0135828666488984,0.021978021978022,0.954267121218518,0.886889599187817,0.827487300872088,0.782013246359771,0.692251342133269
"Kangchenjunga Central","2m_temperature",2012,"Pre",0.0152879871348029,0.195652173913043,0.957127795614998,0.882319944328393,0.818108839354326,0.762059421736276,0.576502225508979
"Kangchenjunga Central","2m_temperature",2012,"Post",0.0143344406673001,0.0879120879120879,0.964527799790237,0.923753358739526,0.893905916804049,0.831361164175486,0.806646797482811
"Kangchenjunga Central","2m_temperature",2013,"Pre",0.0133559633211614,0.119565217391304,0.956760857113448,0.891727294178656,0.861196453688452,0.792025289436796,0.760856670952342
"Kangchenjunga Central","2m_temperature",2013,"Post",0.0137435861638837,0.0989010989010989,0.973791353612249,0.942122359727247,0.913705165860582,0.872565964839069,0.781233331933532
"Kangchenjunga Central","2m_temperature",2014,"Pre",0.0145306608205742,0.130434782608696,0.955448689285653,0.891974047474288,0.841142137233671,0.756820462586142,0.824288878275934
"Kangchenjunga Central","2m_temperature",2014,"Post",0.0115833304185466,0.021978021978022,0.957885629144666,0.896710315157294,0.847876367676201,0.761879980490345,0.538149804027371
"Kangchenjunga Central","2m_temperature",2015,"Pre",0.012474736820839,0.0543478260869565,0.952263835328801,0.896325307637931,0.871058252864195,0.86629711978675,0.796784348621824
"Kangchenjunga Central","2m_temperature",2015,"Post",0.0121061687970234,0.021978021978022,0.95936851889065,0.890946935656152,0.841176418374302,0.841830228692511,0.821840158966982
"Kangchenjunga Central","2m_temperature",2016,"Pre",0.0100495772755581,0,0.89605043908298,0.737118037003399,0.625351543702527,0.607040960221188,0.531705692881436
"Kangchenjunga Central","2m_temperature",2016,"Post",0.0121567905665043,0.0769230769230769,0.975418161929608,0.9382489392585,0.905510885978236,0.83215668346888,0.768104499186707
"Kangchenjunga Central","2m_temperature",2017,"Pre",0.0148083221072184,0.152173913043478,0.944553070737605,0.873883835733387,0.816395730260837,0.756004079480921,0.526934761812817
"Kangchenjunga Central","2m_temperature",2017,"Post",0.0151160966359278,0.0659340659340659,0.981637053228563,0.956544240698078,0.937380673026726,0.909994589622855,0.782284255722992
"Kangchenjunga Central","2m_temperature",2018,"Pre",0.0116555209553043,0.0434782608695652,0.940234876632715,0.864310064937172,0.823395335834008,0.794221785704563,0.71781376355694
"Kangchenjunga Central","2m_temperature",2018,"Post",0.013918105894474,0.0989010989010989,0.973413211091773,0.945890297055671,0.931630012427946,0.882954886184788,0.778770505096088
"Kangchenjunga Central","2m_temperature",2019,"Pre",0.0138778658482052,0.0760869565217391,0.946661303098325,0.885788524289694,0.847862608074074,0.796898472119477,0.766326882814666
"Kangchenjunga Central","2m_temperature",2019,"Post",0.0112335099669604,0.175824175824176,0.977098014206487,0.942166407842719,0.90415205851823,0.838174035024373,0.812855251755398
"Kangchenjunga Central","2m_temperature",2020,"Pre",0.012481204701652,0.0760869565217391,0.932928784295291,0.852362429236499,0.77812896579235,0.687848570680104,0.581561906272631
"Kangchenjunga Central","2m_temperature",2020,"Post",0.0145371446377793,0.241758241758242,0.967925044128407,0.9338381289461,0.924917896525371,0.931482861660504,0.884144005061603
"Kangchenjunga Central","2m_temperature",2021,"Pre",0.0105907948669439,0.108695652173913,0.937704811778089,0.864723052876523,0.821502807524001,0.778839350707551,0.783167180927699
"Kangchenjunga Central","2m_temperature",2021,"Post",0.0112872126523106,0.0989010989010989,0.962222442896853,0.899386666021477,0.84033655212775,0.74971182183822,0.658737671295057
"Kangchenjunga Central","snow_cover",1951,"Pre",0,0,NA,NA,NA,NA,NA
"Kangchenjunga Central","snow_cover",1951,"Post",0,0,NA,NA,NA,NA,NA
"Kangchenjunga Central","snow_cover",1952,"Pre",0,0,NA,NA,NA,NA,NA
"Kangchenjunga Central","snow_cover",1952,"Post",0,0,NA,NA,NA,NA,NA
"Kangchenjunga Central","snow_cover",1953,"Pre",0,0,NA,NA,NA,NA,NA
"Kangchenjunga Central","snow_cover",1953,"Post",0,0,NA,NA,NA,NA,NA
"Kangchenjunga Central","snow_cover",1954,"Pre",0,0,NA,NA,NA,NA,NA
"Kangchenjunga Central","snow_cover",1954,"Post",0,0,NA,NA,NA,NA,NA
"Kangchenjunga Central","snow_cover",1955,"Pre",0,0,NA,NA,NA,NA,NA
"Kangchenjunga Central","snow_cover",1955,"Post",0,0,NA,NA,NA,NA,NA
"Kangchenjunga Central","snow_cover",1956,"Pre",0,0,NA,NA,NA,NA,NA
"Kangchenjunga Central","snow_cover",1956,"Post",0,0,NA,NA,NA,NA,NA
"Kangchenjunga Central","snow_cover",1957,"Pre",0,0,NA,NA,NA,NA,NA
"Kangchenjunga Central","snow_cover",1957,"Post",0,0,NA,NA,NA,NA,NA
"Kangchenjunga Central","snow_cover",1958,"Pre",0,0,NA,NA,NA,NA,NA
"Kangchenjunga Central","snow_cover",1958,"Post",0,0,NA,NA,NA,NA,NA
"Kangchenjunga Central","snow_cover",1959,"Pre",0,0,NA,NA,NA,NA,NA
"Kangchenjunga Central","snow_cover",1959,"Post",0,0,NA,NA,NA,NA,NA
"Kangchenjunga Central","snow_cover",1960,"Pre",0,0,NA,NA,NA,NA,NA
"Kangchenjunga Central","snow_cover",1960,"Post",0,0,NA,NA,NA,NA,NA
"Kangchenjunga Central","snow_cover",1961,"Pre",0,0,NA,NA,NA,NA,NA
"Kangchenjunga Central","snow_cover",1961,"Post",0,0,NA,NA,NA,NA,NA
"Kangchenjunga Central","snow_cover",1962,"Pre",0,0,NA,NA,NA,NA,NA
"Kangchenjunga Central","snow_cover",1962,"Post",0,0,NA,NA,NA,NA,NA
"Kangchenjunga Central","snow_cover",1963,"Pre",0,0,NA,NA,NA,NA,NA
"Kangchenjunga Central","snow_cover",1963,"Post",0,0,NA,NA,NA,NA,NA
"Kangchenjunga Central","snow_cover",1964,"Pre",0,0,NA,NA,NA,NA,NA
"Kangchenjunga Central","snow_cover",1964,"Post",0,0,NA,NA,NA,NA,NA
"Kangchenjunga Central","snow_cover",1965,"Pre",0,0,NA,NA,NA,NA,NA
"Kangchenjunga Central","snow_cover",1965,"Post",0,0,NA,NA,NA,NA,NA
"Kangchenjunga Central","snow_cover",1966,"Pre",0,0,NA,NA,NA,NA,NA
"Kangchenjunga Central","snow_cover",1966,"Post",0,0,NA,NA,NA,NA,NA
"Kangchenjunga Central","snow_cover",1967,"Pre",0,0,NA,NA,NA,NA,NA
"Kangchenjunga Central","snow_cover",1967,"Post",0,0,NA,NA,NA,NA,NA
"Kangchenjunga Central","snow_cover",1968,"Pre",0,0,NA,NA,NA,NA,NA
"Kangchenjunga Central","snow_cover",1968,"Post",0,0,NA,NA,NA,NA,NA
"Kangchenjunga Central","snow_cover",1969,"Pre",0,0,NA,NA,NA,NA,NA
"Kangchenjunga Central","snow_cover",1969,"Post",0,0,NA,NA,NA,NA,NA
"Kangchenjunga Central","snow_cover",1970,"Pre",0,0,NA,NA,NA,NA,NA
"Kangchenjunga Central","snow_cover",1970,"Post",0,0,NA,NA,NA,NA,NA
"Kangchenjunga Central","snow_cover",1971,"Pre",0,0,NA,NA,NA,NA,NA
"Kangchenjunga Central","snow_cover",1971,"Post",0,0,NA,NA,NA,NA,NA
"Kangchenjunga Central","snow_cover",1972,"Pre",0,0,NA,NA,NA,NA,NA
"Kangchenjunga Central","snow_cover",1972,"Post",0,0,NA,NA,NA,NA,NA
"Kangchenjunga Central","snow_cover",1973,"Pre",0,0,NA,NA,NA,NA,NA
"Kangchenjunga Central","snow_cover",1973,"Post",0,0,NA,NA,NA,NA,NA
"Kangchenjunga Central","snow_cover",1974,"Pre",0,0,NA,NA,NA,NA,NA
"Kangchenjunga Central","snow_cover",1974,"Post",0,0,NA,NA,NA,NA,NA
"Kangchenjunga Central","snow_cover",1975,"Pre",0,0,NA,NA,NA,NA,NA
"Kangchenjunga Central","snow_cover",1975,"Post",0,0,NA,NA,NA,NA,NA
"Kangchenjunga Central","snow_cover",1976,"Pre",0,0,NA,NA,NA,NA,NA
"Kangchenjunga Central","snow_cover",1976,"Post",0,0,NA,NA,NA,NA,NA
"Kangchenjunga Central","snow_cover",1977,"Pre",0,0,NA,NA,NA,NA,NA
"Kangchenjunga Central","snow_cover",1977,"Post",0,0,NA,NA,NA,NA,NA
"Kangchenjunga Central","snow_cover",1978,"Pre",0,0,NA,NA,NA,NA,NA
"Kangchenjunga Central","snow_cover",1978,"Post",0,0,NA,NA,NA,NA,NA
"Kangchenjunga Central","snow_cover",1979,"Pre",0,0,NA,NA,NA,NA,NA
"Kangchenjunga Central","snow_cover",1979,"Post",0,0,NA,NA,NA,NA,NA
"Kangchenjunga Central","snow_cover",1980,"Pre",0,0,NA,NA,NA,NA,NA
"Kangchenjunga Central","snow_cover",1980,"Post",0,0,NA,NA,NA,NA,NA
"Kangchenjunga Central","snow_cover",1981,"Pre",0,0,NA,NA,NA,NA,NA
"Kangchenjunga Central","snow_cover",1981,"Post",0,0,NA,NA,NA,NA,NA
"Kangchenjunga Central","snow_cover",1982,"Pre",0,0,NA,NA,NA,NA,NA
"Kangchenjunga Central","snow_cover",1982,"Post",0,0,NA,NA,NA,NA,NA
"Kangchenjunga Central","snow_cover",1983,"Pre",0,0,NA,NA,NA,NA,NA
"Kangchenjunga Central","snow_cover",1983,"Post",0,0,NA,NA,NA,NA,NA
"Kangchenjunga Central","snow_cover",1984,"Pre",0,0,NA,NA,NA,NA,NA
"Kangchenjunga Central","snow_cover",1984,"Post",0,0,NA,NA,NA,NA,NA
"Kangchenjunga Central","snow_cover",1985,"Pre",0,0,NA,NA,NA,NA,NA
"Kangchenjunga Central","snow_cover",1985,"Post",0,0,NA,NA,NA,NA,NA
"Kangchenjunga Central","snow_cover",1986,"Pre",0,0,NA,NA,NA,NA,NA
"Kangchenjunga Central","snow_cover",1986,"Post",0,0,NA,NA,NA,NA,NA
"Kangchenjunga Central","snow_cover",1987,"Pre",0,0,NA,NA,NA,NA,NA
"Kangchenjunga Central","snow_cover",1987,"Post",0,0,NA,NA,NA,NA,NA
"Kangchenjunga Central","snow_cover",1988,"Pre",0,0,NA,NA,NA,NA,NA
"Kangchenjunga Central","snow_cover",1988,"Post",0,0,NA,NA,NA,NA,NA
"Kangchenjunga Central","snow_cover",1989,"Pre",0,0,NA,NA,NA,NA,NA
"Kangchenjunga Central","snow_cover",1989,"Post",0,0,NA,NA,NA,NA,NA
"Kangchenjunga Central","snow_cover",1990,"Pre",0,0,NA,NA,NA,NA,NA
"Kangchenjunga Central","snow_cover",1990,"Post",0,0,NA,NA,NA,NA,NA
"Kangchenjunga Central","snow_cover",1991,"Pre",0,0,NA,NA,NA,NA,NA
"Kangchenjunga Central","snow_cover",1991,"Post",0,0,NA,NA,NA,NA,NA
"Kangchenjunga Central","snow_cover",1992,"Pre",0,0,NA,NA,NA,NA,NA
"Kangchenjunga Central","snow_cover",1992,"Post",0,0,NA,NA,NA,NA,NA
"Kangchenjunga Central","snow_cover",1993,"Pre",0,0,NA,NA,NA,NA,NA
"Kangchenjunga Central","snow_cover",1993,"Post",0,0,NA,NA,NA,NA,NA
"Kangchenjunga Central","snow_cover",1994,"Pre",0,0,NA,NA,NA,NA,NA
"Kangchenjunga Central","snow_cover",1994,"Post",0,0,NA,NA,NA,NA,NA
"Kangchenjunga Central","snow_cover",1995,"Pre",0,0,NA,NA,NA,NA,NA
"Kangchenjunga Central","snow_cover",1995,"Post",0,0,NA,NA,NA,NA,NA
"Kangchenjunga Central","snow_cover",1996,"Pre",0,0,NA,NA,NA,NA,NA
"Kangchenjunga Central","snow_cover",1996,"Post",0,0,NA,NA,NA,NA,NA
"Kangchenjunga Central","snow_cover",1997,"Pre",0,0,NA,NA,NA,NA,NA
"Kangchenjunga Central","snow_cover",1997,"Post",0,0,NA,NA,NA,NA,NA
"Kangchenjunga Central","snow_cover",1998,"Pre",0,0,NA,NA,NA,NA,NA
"Kangchenjunga Central","snow_cover",1998,"Post",0,0,NA,NA,NA,NA,NA
"Kangchenjunga Central","snow_cover",1999,"Pre",0,0,NA,NA,NA,NA,NA
"Kangchenjunga Central","snow_cover",1999,"Post",0,0,NA,NA,NA,NA,NA
"Kangchenjunga Central","snow_cover",2000,"Pre",0,0,NA,NA,NA,NA,NA
"Kangchenjunga Central","snow_cover",2000,"Post",0,0,NA,NA,NA,NA,NA
"Kangchenjunga Central","snow_cover",2001,"Pre",0,0,NA,NA,NA,NA,NA
"Kangchenjunga Central","snow_cover",2001,"Post",0,0,NA,NA,NA,NA,NA
"Kangchenjunga Central","snow_cover",2002,"Pre",0,0,NA,NA,NA,NA,NA
"Kangchenjunga Central","snow_cover",2002,"Post",0,0,NA,NA,NA,NA,NA
"Kangchenjunga Central","snow_cover",2003,"Pre",0,0,NA,NA,NA,NA,NA
"Kangchenjunga Central","snow_cover",2003,"Post",0,0,NA,NA,NA,NA,NA
"Kangchenjunga Central","snow_cover",2004,"Pre",0,0,NA,NA,NA,NA,NA
"Kangchenjunga Central","snow_cover",2004,"Post",0,0,NA,NA,NA,NA,NA
"Kangchenjunga Central","snow_cover",2005,"Pre",0,0,NA,NA,NA,NA,NA
"Kangchenjunga Central","snow_cover",2005,"Post",0,0,NA,NA,NA,NA,NA
"Kangchenjunga Central","snow_cover",2006,"Pre",0,0,NA,NA,NA,NA,NA
"Kangchenjunga Central","snow_cover",2006,"Post",0,0,NA,NA,NA,NA,NA
"Kangchenjunga Central","snow_cover",2007,"Pre",0,0,NA,NA,NA,NA,NA
"Kangchenjunga Central","snow_cover",2007,"Post",0,0,NA,NA,NA,NA,NA
"Kangchenjunga Central","snow_cover",2008,"Pre",0,0,NA,NA,NA,NA,NA
"Kangchenjunga Central","snow_cover",2008,"Post",0,0,NA,NA,NA,NA,NA
"Kangchenjunga Central","snow_cover",2009,"Pre",0,0,NA,NA,NA,NA,NA
"Kangchenjunga Central","snow_cover",2009,"Post",0,0,NA,NA,NA,NA,NA
"Kangchenjunga Central","snow_cover",2010,"Pre",0,0,NA,NA,NA,NA,NA
"Kangchenjunga Central","snow_cover",2010,"Post",0,0,NA,NA,NA,NA,NA
"Kangchenjunga Central","snow_cover",2011,"Pre",0,0,NA,NA,NA,NA,NA
"Kangchenjunga Central","snow_cover",2011,"Post",0,0,NA,NA,NA,NA,NA
"Kangchenjunga Central","snow_cover",2012,"Pre",0,0,NA,NA,NA,NA,NA
"Kangchenjunga Central","snow_cover",2012,"Post",0,0,NA,NA,NA,NA,NA
"Kangchenjunga Central","snow_cover",2013,"Pre",0,0,NA,NA,NA,NA,NA
"Kangchenjunga Central","snow_cover",2013,"Post",0,0,NA,NA,NA,NA,NA
"Kangchenjunga Central","snow_cover",2014,"Pre",0,0,NA,NA,NA,NA,NA
"Kangchenjunga Central","snow_cover",2014,"Post",0,0,NA,NA,NA,NA,NA
"Kangchenjunga Central","snow_cover",2015,"Pre",0,0,NA,NA,NA,NA,NA
"Kangchenjunga Central","snow_cover",2015,"Post",0,0,NA,NA,NA,NA,NA
"Kangchenjunga Central","snow_cover",2016,"Pre",0,0,NA,NA,NA,NA,NA
"Kangchenjunga Central","snow_cover",2016,"Post",0,0,NA,NA,NA,NA,NA
"Kangchenjunga Central","snow_cover",2017,"Pre",0,0,NA,NA,NA,NA,NA
"Kangchenjunga Central","snow_cover",2017,"Post",0,0,NA,NA,NA,NA,NA
"Kangchenjunga Central","snow_cover",2018,"Pre",0,0,NA,NA,NA,NA,NA
"Kangchenjunga Central","snow_cover",2018,"Post",0,0,NA,NA,NA,NA,NA
"Kangchenjunga Central","snow_cover",2019,"Pre",0,0,NA,NA,NA,NA,NA
"Kangchenjunga Central","snow_cover",2019,"Post",0,0,NA,NA,NA,NA,NA
"Kangchenjunga Central","snow_cover",2020,"Pre",0,0,NA,NA,NA,NA,NA
"Kangchenjunga Central","snow_cover",2020,"Post",0,0,NA,NA,NA,NA,NA
"Kangchenjunga Central","snow_cover",2021,"Pre",0,0,NA,NA,NA,NA,NA
"Kangchenjunga Central","snow_cover",2021,"Post",0,0,NA,NA,NA,NA,NA
"Kangchenjunga Central","windspeed",1951,"Pre",0.162553305581955,0.0543478260869565,0.476174250421794,0.404203236448387,0.13484869998011,0.105549425088197,0.0523108458004751
"Kangchenjunga Central","windspeed",1951,"Post",0.20141771476744,0.120879120879121,0.516518086415852,0.357391430219002,0.123509933344967,0.124687184450689,-0.205493386743771
"Kangchenjunga Central","windspeed",1952,"Pre",0.217509022192329,0.173913043478261,0.593814698147195,0.417587448335524,0.378006552375464,0.233028663912061,0.08372004737909
"Kangchenjunga Central","windspeed",1952,"Post",0.202800762685861,0.186813186813187,0.665812811431659,0.54542157251648,0.500504520973116,0.473149479874124,0.458852749205828
"Kangchenjunga Central","windspeed",1953,"Pre",0.198782191332505,0.152173913043478,0.576550592905027,0.434450621523327,0.355415136240132,0.36029059270614,0.268139338311929
"Kangchenjunga Central","windspeed",1953,"Post",0.187962927192412,0.0879120879120879,0.692657350079321,0.563171262247192,0.463252194105245,0.500748125938646,0.253750574931985
"Kangchenjunga Central","windspeed",1954,"Pre",0.135072673485673,0.0326086956521739,0.50269925431636,0.401153671888798,0.163368321372755,0.24453094292413,0.0874017400544659
"Kangchenjunga Central","windspeed",1954,"Post",0.208294774764806,0.10989010989011,0.762431242488192,0.652220905163005,0.55855301970835,0.507823392926992,0.506237650892281
"Kangchenjunga Central","windspeed",1955,"Pre",0.195220204326813,0.0978260869565217,0.669943511754452,0.39518268411611,0.301691860035083,0.292756134380526,0.101054861791982
"Kangchenjunga Central","windspeed",1955,"Post",0.17550101214864,0.0989010989010989,0.469109738973268,0.177742247049069,0.188955455010302,0.180639159179228,0.160607076858598
"Kangchenjunga Central","windspeed",1956,"Pre",0.182183088014604,0.0652173913043478,0.499369313874183,0.444974227977443,0.321259044927555,0.237929714408591,0.25196768339125
"Kangchenjunga Central","windspeed",1956,"Post",0.301748097975026,0.142857142857143,0.729694572445053,0.500441929927724,0.372837511614648,0.206826895641384,-0.00448136619692336
"Kangchenjunga Central","windspeed",1957,"Pre",0.134873402371575,0.141304347826087,0.489299352099007,0.212095042224041,0.0407148584131891,-0.00655378896017872,-0.0569483922002587
"Kangchenjunga Central","windspeed",1957,"Post",0.16766727396367,0.043956043956044,0.352875688658842,0.0269744980237709,0.0643568716207766,0.198808096508375,0.111576700606421
"Kangchenjunga Central","windspeed",1958,"Pre",0.175485525707391,0.119565217391304,0.479229453270355,0.0155848873249364,-0.0416581119471697,0.0823843251058171,0.0670759112781238
"Kangchenjunga Central","windspeed",1958,"Post",0.159665594234763,0.043956043956044,0.453136274564881,0.165304937618275,-0.00325867588569504,-0.320035643889117,-0.0385266209427231
"Kangchenjunga Central","windspeed",1959,"Pre",0.175815369790223,0.0652173913043478,0.382830719185384,0.194585223911817,0.158073892566252,0.161740412587456,0.111560838186376
"Kangchenjunga Central","windspeed",1959,"Post",0.182275116084137,0.0659340659340659,0.545405694552726,0.233141981247083,0.192092432240562,0.141087219751854,0.069689615260597
"Kangchenjunga Central","windspeed",1960,"Pre",0.188071044652809,0.0760869565217391,0.513648041456441,0.48946823744827,0.443076678003719,0.302612788991871,0.0552463756600539
"Kangchenjunga Central","windspeed",1960,"Post",0.192424047408404,0.120879120879121,0.580843147733071,0.373018390270531,0.267744973937752,0.269191188084682,0.139488617452796
"Kangchenjunga Central","windspeed",1961,"Pre",0.192595907574208,0.0869565217391304,0.585506814078781,0.492061831876101,0.484306451824831,0.482506915831648,0.365510906281272
"Kangchenjunga Central","windspeed",1961,"Post",0.194938654951026,0.0659340659340659,0.494845345520829,0.368089830960964,0.398407222767034,0.228524978594463,0.310471011498182
"Kangchenjunga Central","windspeed",1962,"Pre",0.174671877187311,0.0869565217391304,0.548666548737412,0.363233739868129,0.314518516961281,0.269521869041544,0.233250464851049
"Kangchenjunga Central","windspeed",1962,"Post",0.210743812843873,0.131868131868132,0.630184708266651,0.442936542362365,0.48448756543379,0.289992578201341,0.270005905673709
"Kangchenjunga Central","windspeed",1963,"Pre",0.182073938998843,0.0434782608695652,0.454865708918687,0.0935929401284508,0.201158347657616,0.127403862385013,0.214262729456184
"Kangchenjunga Central","windspeed",1963,"Post",0.209641438872462,0.131868131868132,0.455792932353152,0.224814517499154,0.207099936635652,0.202429713857316,0.191794743067733
"Kangchenjunga Central","windspeed",1964,"Pre",0.170833084898158,0.0434782608695652,0.524896044902735,0.248028583406479,0.257386139027313,0.29332741365113,0.309023325885294
"Kangchenjunga Central","windspeed",1964,"Post",0.186015941091184,0.153846153846154,0.569503272277431,0.440590786905119,0.290925773103587,0.126255645509711,0.0947210078215324
"Kangchenjunga Central","windspeed",1965,"Pre",0.177746502094149,0.0434782608695652,0.467988139592465,0.25607745953928,0.129483190242218,0.263934897654368,0.205096397373006
"Kangchenjunga Central","windspeed",1965,"Post",0.305713866048035,0.175824175824176,0.701073870707457,0.5383934775202,0.380449025402395,0.167825876105868,0.334570321865442
"Kangchenjunga Central","windspeed",1966,"Pre",0.206462596010984,0.130434782608696,0.735607587745406,0.680371985684437,0.655597448807506,0.617595178557424,0.64976310273645
"Kangchenjunga Central","windspeed",1966,"Post",0.195621727971107,0.10989010989011,0.526499984797509,0.307740105601768,0.315214261213054,0.232970370984743,0.294796181859884
"Kangchenjunga Central","windspeed",1967,"Pre",0.188453623946953,0.0760869565217391,0.673971449738805,0.471897182422929,0.369354131589816,0.178482216671723,0.219761263295377
"Kangchenjunga Central","windspeed",1967,"Post",0.215778272907982,0.131868131868132,0.545029881875319,0.287269574495908,0.294693317657155,0.250261982568061,0.320247134992115
"Kangchenjunga Central","windspeed",1968,"Pre",0.209148730570433,0.108695652173913,0.46117566303304,0.177864875155918,0.0921394705513237,0.246809035622509,0.0128122343094612
"Kangchenjunga Central","windspeed",1968,"Post",0.162055262038247,0.0769230769230769,0.541696729873663,0.527447794611855,0.50355153976158,0.374924232217786,0.251390930837562
"Kangchenjunga Central","windspeed",1969,"Pre",0.178959098615406,0.0434782608695652,0.52749007111866,0.264013583992351,0.154321203835556,0.142482246921722,0.0751589601612011
"Kangchenjunga Central","windspeed",1969,"Post",0.187048281454671,0.10989010989011,0.639285934161452,0.381540559100396,0.332029257413916,0.332618312750917,0.0978958023756783
"Kangchenjunga Central","windspeed",1970,"Pre",0.198071895598592,0.119565217391304,0.612750708937331,0.370552708498972,0.400226850226625,0.300429799823353,0.476889617452076
"Kangchenjunga Central","windspeed",1970,"Post",0.177352549229651,0.0659340659340659,0.627428062995171,0.471856114799893,0.314182659106997,0.291100661969714,0.172700331671834
"Kangchenjunga Central","windspeed",1971,"Pre",0.19265046779026,0.0652173913043478,0.559810633947521,0.324116387119345,0.134228965154907,0.178254966336405,0.0318940292380832
"Kangchenjunga Central","windspeed",1971,"Post",0.291931424546585,0.230769230769231,0.748271066319479,0.551066886605209,0.456829494224405,0.268910778554215,0.411661271000183
"Kangchenjunga Central","windspeed",1972,"Pre",0.179873019822445,0.0543478260869565,0.466541117309775,0.277559599401184,0.274441273231609,0.142134591114723,0.136919161362772
"Kangchenjunga Central","windspeed",1972,"Post",0.247960480333487,0.10989010989011,0.74734710111809,0.591125323050008,0.539832954417916,0.262552420836224,0.20961348365533
"Kangchenjunga Central","windspeed",1973,"Pre",0.157108622584083,0.0217391304347826,0.449732432112668,0.34593835007357,0.273407258770097,0.189888803191954,0.0630416011690322
"Kangchenjunga Central","windspeed",1973,"Post",0.249682300618034,0.164835164835165,0.63490059767572,0.327157039648827,0.373184516327253,0.312711351847843,0.232862484048831
"Kangchenjunga Central","windspeed",1974,"Pre",0.245055437441683,0.130434782608696,0.653160244454649,0.513013308389409,0.441798097661132,0.344326551166967,0.343214267166686
"Kangchenjunga Central","windspeed",1974,"Post",0.25030857331129,0.208791208791209,0.836715742400998,0.735521536911339,0.72718747191181,0.682947230686801,0.576308133116678
"Kangchenjunga Central","windspeed",1975,"Pre",0.203236828646341,0.184782608695652,0.735289945800101,0.565869508764058,0.459127551658799,0.299749551612615,0.0483499588222744
"Kangchenjunga Central","windspeed",1975,"Post",0.26231899198498,0.175824175824176,0.701859739263883,0.456862743344929,0.407670859684783,0.437657300192528,0.305676698155464
"Kangchenjunga Central","windspeed",1976,"Pre",0.20759747166892,0.130434782608696,0.652489775809295,0.483168130293523,0.401656598091224,0.324254442758882,0.268437678239476
"Kangchenjunga Central","windspeed",1976,"Post",0.18245462562703,0.0769230769230769,0.601901081634892,0.400216071477012,0.117880703258628,-0.0835851475653173,0.130071596043261
"Kangchenjunga Central","windspeed",1977,"Pre",0.181906409530444,0.0434782608695652,0.499609604050102,0.308334380664378,0.264516140302575,0.119492370000667,0.0629763498828777
"Kangchenjunga Central","windspeed",1977,"Post",0.234063844723421,0.0879120879120879,0.607008899762114,0.334879513988922,0.206776215248198,0.15347459689757,-0.151244835115398
"Kangchenjunga Central","windspeed",1978,"Pre",0.236874986406917,0.217391304347826,0.761958237748161,0.677381145869877,0.627554050440842,0.634023254355071,0.569265985794286
"Kangchenjunga Central","windspeed",1978,"Post",0.185942049417637,0.0769230769230769,0.632488813340876,0.386112366089757,0.247009009922265,0.202342865303413,0.0873855812936785
"Kangchenjunga Central","windspeed",1979,"Pre",0.252478675056895,0.108695652173913,0.699348465837907,0.592836885335347,0.510466017888602,0.496263836689848,0.596965625449371
"Kangchenjunga Central","windspeed",1979,"Post",0.167420772518883,0.0659340659340659,0.488714794546688,0.195896579109383,0.145576375147522,0.132157432095288,-0.0891467407676579
"Kangchenjunga Central","windspeed",1980,"Pre",0.177486172092206,0.0652173913043478,0.469759310830105,0.306274959212152,0.216295710707499,0.10200162286805,0.262434626594099
"Kangchenjunga Central","windspeed",1980,"Post",0.143476970913205,0.021978021978022,0.501413392495762,0.243382522634136,0.0904557672025688,0.0873714202619743,-0.174708158636938
"Kangchenjunga Central","windspeed",1981,"Pre",0.163835238764596,0.0434782608695652,0.378406559153882,0.00762621024604529,0.0318149029686198,-0.0157278675262581,-0.00328602590427753
"Kangchenjunga Central","windspeed",1981,"Post",0.197526433274645,0.0989010989010989,0.576363028557743,0.280725152647289,0.134187716982739,0.0725935907317801,0.403666225609899
"Kangchenjunga Central","windspeed",1982,"Pre",0.182907524460703,0.0869565217391304,0.553953441349437,0.333584525543116,0.231157247666678,0.223275273636425,0.311524582916598
"Kangchenjunga Central","windspeed",1982,"Post",0.160234564483338,0.043956043956044,0.520397126989665,0.319558591290301,0.203649520794906,0.263261175218045,0.0503877736748177
"Kangchenjunga Central","windspeed",1983,"Pre",0.200825162070605,0.0760869565217391,0.65102761680709,0.523473659387206,0.486710867401822,0.475402661583909,0.581819913901984
"Kangchenjunga Central","windspeed",1983,"Post",0.156251969986699,0.043956043956044,0.488030386918739,0.400493874247088,0.157896555782304,0.130770180848301,0.146250130474296
"Kangchenjunga Central","windspeed",1984,"Pre",0.188349799085022,0.0760869565217391,0.659114039980085,0.49667417769274,0.381309978622338,0.235565381831208,0.235765228138948
"Kangchenjunga Central","windspeed",1984,"Post",0.199688761906647,0.0769230769230769,0.591771987957758,0.257196378797227,0.122013332481725,0.125160035895458,0.227815313083062
"Kangchenjunga Central","windspeed",1985,"Pre",0.221391996204498,0.0543478260869565,0.613309565770165,0.482666308200532,0.349772357753527,0.373761709459525,0.426453776892181
"Kangchenjunga Central","windspeed",1985,"Post",0.164166409135217,0.0549450549450549,0.53089394196429,0.385763499793478,0.176739555637047,0.117649771197196,-0.027404932203819
"Kangchenjunga Central","windspeed",1986,"Pre",0.190827341278855,0.0760869565217391,0.654056020423582,0.535052537371866,0.471575963640633,0.280607845765507,0.163778810960604
"Kangchenjunga Central","windspeed",1986,"Post",0.184855187948167,0.0769230769230769,0.384007310033441,0.101475251163342,0.00220679137611308,0.225667284305361,0.172558124124489
"Kangchenjunga Central","windspeed",1987,"Pre",0.149378467095751,0.0108695652173913,0.445105074178308,0.352992412961672,0.345197312831566,0.239326328267922,0.251172907762865
"Kangchenjunga Central","windspeed",1987,"Post",0.238040752475536,0.120879120879121,0.55841487595508,0.265845376112985,0.144033475802762,0.0827346488327399,0.268910632276604
"Kangchenjunga Central","windspeed",1988,"Pre",0.214034742580329,0.130434782608696,0.51254579108837,0.26146866233442,0.241628443288241,0.382473365828454,0.245194427356314
"Kangchenjunga Central","windspeed",1988,"Post",0.181547480358663,0.153846153846154,0.511200719749718,0.234535421956148,0.282457430627229,0.200494199127269,0.178695413906542
"Kangchenjunga Central","windspeed",1989,"Pre",0.182120915124351,0.119565217391304,0.620330292054218,0.499619324972645,0.398794422606512,0.388541340970038,0.277956621963589
"Kangchenjunga Central","windspeed",1989,"Post",0.182422884762347,0.0659340659340659,0.508860471184194,0.3431356465553,0.0939590689027765,0.040927043470582,0.0411702360746685
"Kangchenjunga Central","windspeed",1990,"Pre",0.186425807156553,0.0652173913043478,0.490595010707648,0.0988682973004778,0.0280180221802117,0.204071502664623,0.163739813431588
"Kangchenjunga Central","windspeed",1990,"Post",0.166417313185014,0.0549450549450549,0.636349917337416,0.427127874691015,0.281611058036915,0.24014642325981,0.375525847681814
"Kangchenjunga Central","windspeed",1991,"Pre",0.180718709458928,0.0652173913043478,0.440964179277291,0.261602920606285,0.16842294333559,0.0732534738196492,0.0724813254429848
"Kangchenjunga Central","windspeed",1991,"Post",0.150835524154904,0.021978021978022,0.448913730625889,0.0856330766952116,0.121120292447424,0.360310315024078,0.214102387241583
"Kangchenjunga Central","windspeed",1992,"Pre",0.203366601951622,0.0869565217391304,0.594696483424729,0.526966976880196,0.454176815915042,0.514710380935486,0.288191539660708
"Kangchenjunga Central","windspeed",1992,"Post",0.234625194055842,0.120879120879121,0.631960277552322,0.399199901501044,0.433278225645502,0.228677456353138,0.280403498127271
"Kangchenjunga Central","windspeed",1993,"Pre",0.186742285495031,0.0869565217391304,0.623492886760596,0.473385505158275,0.356445424536858,0.406525188948462,0.440097564474827
"Kangchenjunga Central","windspeed",1993,"Post",0.151948167424381,0.0549450549450549,0.352889368589061,0.155093364223171,0.124103652805762,0.0473094252023743,0.0147011412356499
"Kangchenjunga Central","windspeed",1994,"Pre",0.183339604204074,0.0652173913043478,0.511297644719894,0.294652205300271,0.159452067656578,0.286511316859311,0.279418323361802
"Kangchenjunga Central","windspeed",1994,"Post",0.174880002484662,0.043956043956044,0.558056563063543,0.206065821735311,-0.0688667696172145,-0.0168491774004659,0.00195743555636105
"Kangchenjunga Central","windspeed",1995,"Pre",0.191989022862598,0.0978260869565217,0.551581522416405,0.306956350076441,0.27110685273092,0.262147198273258,0.306050160867316
"Kangchenjunga Central","windspeed",1995,"Post",0.256648895619041,0.131868131868132,0.695999563061324,0.364384118758886,0.127186030679927,0.0900868494150146,0.0931869867912885
"Kangchenjunga Central","windspeed",1996,"Pre",0.209602311479616,0.141304347826087,0.481677440466085,0.396129166744231,0.338357917182402,0.432522206445527,0.379868927434225
"Kangchenjunga Central","windspeed",1996,"Post",0.175854812996611,0.0549450549450549,0.523705638865996,0.21194639190227,0.0138526618519178,0.0217512732337467,-0.098055680852353
"Kangchenjunga Central","windspeed",1997,"Pre",0.182021006914787,0.0326086956521739,0.471871490437488,0.3384636454881,0.364415127885714,0.188524591193293,0.179914776451184
"Kangchenjunga Central","windspeed",1997,"Post",0.139404252778742,0.010989010989011,0.471340379232957,0.227301840844399,0.174727203700916,0.194351487612839,0.0197865070714838
"Kangchenjunga Central","windspeed",1998,"Pre",0.214655466695132,0.0760869565217391,0.557052550458754,0.278822090454943,0.112928296367402,0.230468466026388,-0.0230793018432924
"Kangchenjunga Central","windspeed",1998,"Post",0.204048730172716,0.0769230769230769,0.628804231281649,0.398061305818841,0.144434601174126,-0.0242614372329144,0.258383637300858
"Kangchenjunga Central","windspeed",1999,"Pre",0.221567094589987,0.119565217391304,0.690781693795172,0.48849530190094,0.409434252608205,0.339110225256843,0.368235017555573
"Kangchenjunga Central","windspeed",1999,"Post",0.163669566012434,0.021978021978022,0.373230675858656,-0.0449256481896002,0.124056305255053,-0.0068847881071912,0.0134253510891071
"Kangchenjunga Central","windspeed",2000,"Pre",0.213858400305336,0.195652173913043,0.742312962156269,0.616027106143665,0.551399025929838,0.669237445553902,0.56842338414721
"Kangchenjunga Central","windspeed",2000,"Post",0.233128050999189,0.142857142857143,0.570002832947099,0.303091620855011,0.113289679189022,0.0758868729305683,-0.0304628972717194
"Kangchenjunga Central","windspeed",2001,"Pre",0.179186241617961,0.108695652173913,0.488018582268298,0.387658133933796,0.23852347385938,0.187129457372165,0.0840761364127376
"Kangchenjunga Central","windspeed",2001,"Post",0.166454198338295,0.10989010989011,0.476125530516976,0.257398563383772,0.138640771900154,0.261090786234926,0.121889475317091
"Kangchenjunga Central","windspeed",2002,"Pre",0.209643995550427,0.0978260869565217,0.488318479050208,0.224294810143707,0.0493548559682871,-0.169247382738098,0.110459093293484
"Kangchenjunga Central","windspeed",2002,"Post",0.134536241801668,0.021978021978022,0.184811012563543,-0.0128156508199036,0.0302358108735339,-2.020272667801e-05,0.103006658712765
"Kangchenjunga Central","windspeed",2003,"Pre",0.204600842399831,0.0760869565217391,0.681742662260778,0.405852914288919,0.251300983511617,0.155519578763526,0.0337000877356123
"Kangchenjunga Central","windspeed",2003,"Post",0.165382004049277,0.0879120879120879,0.544496989633667,0.295403801642185,0.213718261762673,0.289733238042456,0.164937563572552
"Kangchenjunga Central","windspeed",2004,"Pre",0.201297121593148,0.108695652173913,0.551410447302536,0.422279973554358,0.267748380206762,0.146150216639451,0.0628705310747185
"Kangchenjunga Central","windspeed",2004,"Post",0.172400503489395,0.043956043956044,0.473563238069486,0.318452685225584,0.21866862980645,0.221017069788152,0.140356703898809
"Kangchenjunga Central","windspeed",2005,"Pre",0.230717376230161,0.152173913043478,0.690216663659913,0.446248841754431,0.299291534289981,0.224481953788916,0.443321313014917
"Kangchenjunga Central","windspeed",2005,"Post",0.189922808312148,0.164835164835165,0.639307691393819,0.436594199883889,0.400603119622564,0.357026705312263,0.23664879429989
"Kangchenjunga Central","windspeed",2006,"Pre",0.193331457980783,0.0978260869565217,0.604808024859825,0.346184495722805,0.211973418359469,0.144197972077749,0.0304036178222778
"Kangchenjunga Central","windspeed",2006,"Post",0.184314153676647,0.0879120879120879,0.707399612897978,0.524006651576922,0.445791254530072,0.204372881595932,0.08132609188385
"Kangchenjunga Central","windspeed",2007,"Pre",0.192544549059598,0.130434782608696,0.606264501039736,0.423093438800307,0.352434484361758,0.0494698646866568,-0.0685854618834666
"Kangchenjunga Central","windspeed",2007,"Post",0.205385788428002,0.142857142857143,0.620506975231542,0.479421589497058,0.412665910212773,0.259564326645556,0.0867071940574448
"Kangchenjunga Central","windspeed",2008,"Pre",0.181799840928805,0.0760869565217391,0.52828088751687,0.322721024611425,0.267214686214999,0.364034236211789,0.287455473931443
"Kangchenjunga Central","windspeed",2008,"Post",0.175916221795816,0.153846153846154,0.513813101119232,0.199098439568097,0.0371995218830755,0.131449283129347,-0.0425440232608667
"Kangchenjunga Central","windspeed",2009,"Pre",0.232270630276452,0.217391304347826,0.539311968527218,0.266480184552768,0.222269184827685,0.273717128500574,0.218386890656625
"Kangchenjunga Central","windspeed",2009,"Post",0.16136398349868,0.10989010989011,0.682037693092193,0.434986695233719,0.283470495914489,0.042072603656657,0.174086272438594
"Kangchenjunga Central","windspeed",2010,"Pre",0.17775759617047,0.108695652173913,0.607402739708614,0.313558254947415,0.209299758379758,0.0480409334736661,0.167872941637722
"Kangchenjunga Central","windspeed",2010,"Post",0.176546945530983,0.0549450549450549,0.54371521974594,0.269101398242908,0.124812787849698,0.113734458650674,0.153430370073061
"Kangchenjunga Central","windspeed",2011,"Pre",0.214942273355415,0.0978260869565217,0.592415537830747,0.442259410759705,0.40197403646702,0.47145651380425,0.251348321558618
"Kangchenjunga Central","windspeed",2011,"Post",0.242371873129806,0.164835164835165,0.696347518526343,0.54210159539451,0.456813503262309,0.319493339404128,0.186778286892001
"Kangchenjunga Central","windspeed",2012,"Pre",0.240732789406758,0.228260869565217,0.741292919816815,0.6241474689219,0.603643084136884,0.514194737510786,0.382827934780549
"Kangchenjunga Central","windspeed",2012,"Post",0.203653016222567,0.197802197802198,0.515377294218457,0.334445026245992,0.282727887274851,0.332825349402828,0.238450372617313
"Kangchenjunga Central","windspeed",2013,"Pre",0.18161674077334,0.0652173913043478,0.591422677105252,0.278152212636071,0.34077014109212,0.254981433202813,0.2714444247941
"Kangchenjunga Central","windspeed",2013,"Post",0.16821383147405,0.10989010989011,0.448357985066401,0.223693957430877,0.105036681741194,0.0551369476381205,0.0352735814996216
"Kangchenjunga Central","windspeed",2014,"Pre",0.205450616387193,0.0978260869565217,0.550282267858309,0.259471729693172,0.193338093525598,0.163919391532209,0.121067151891167
"Kangchenjunga Central","windspeed",2014,"Post",0.160410502476321,0.0769230769230769,0.348255585358695,0.252329986711178,0.231852366286073,0.0908530696621322,-0.0541374984691242
"Kangchenjunga Central","windspeed",2015,"Pre",0.217873573266245,0.130434782608696,0.65054251880417,0.475702971921562,0.483909825410742,0.444024313960734,0.371361608540443
"Kangchenjunga Central","windspeed",2015,"Post",0.174811334430723,0.0659340659340659,0.600831727894673,0.338256932325119,0.209432279456235,0.230934309963624,0.102800125700948
"Kangchenjunga Central","windspeed",2016,"Pre",0.179792171868758,0.130434782608696,0.55164901373913,0.32723364111893,0.209210825939603,0.218884337417831,0.0641379594539938
"Kangchenjunga Central","windspeed",2016,"Post",0.209475076358226,0.153846153846154,0.734997987008153,0.556449448358403,0.419856356151544,0.391369325604523,0.347301460288513
"Kangchenjunga Central","windspeed",2017,"Pre",0.279768286340599,0.228260869565217,0.732102597393625,0.543505995938447,0.378106132269439,0.33377280783792,0.301696162139644
"Kangchenjunga Central","windspeed",2017,"Post",0.179614830726784,0.0549450549450549,0.655237087793699,0.633080435582669,0.505574290578283,0.425815016391215,0.439650527421985
"Kangchenjunga Central","windspeed",2018,"Pre",0.206817828515411,0.0978260869565217,0.646164797746326,0.380059735164897,0.335511057635954,0.221445580789038,0.219210531632745
"Kangchenjunga Central","windspeed",2018,"Post",0.191356219078734,0.142857142857143,0.53470473943593,0.389848603530941,0.339367691133723,0.265411056835009,0.43041205114843
"Kangchenjunga Central","windspeed",2019,"Pre",0.211132688124478,0.119565217391304,0.678595303485357,0.519981742390778,0.483318209955552,0.472490482784891,0.43753232835182
"Kangchenjunga Central","windspeed",2019,"Post",0.196092683230872,0.0549450549450549,0.640289046582132,0.482474494808618,0.346090624262484,0.269812255089623,0.32267669814758
"Kangchenjunga Central","windspeed",2020,"Pre",0.205465331148773,0.119565217391304,0.409512224509617,0.345086337942378,0.364011783916972,0.327682355008635,0.23219060310735
"Kangchenjunga Central","windspeed",2020,"Post",0.240616687652103,0.175824175824176,0.574134237669083,0.403988316388888,0.383805208333808,0.337848914880062,0.370442268140095
"Kangchenjunga Central","windspeed",2021,"Pre",0.23303546755562,0.130434782608696,0.654929727826459,0.35950948917867,0.257656945229699,0.219569734505139,0.243707018661052
"Kangchenjunga Central","windspeed",2021,"Post",0.164779603366956,0.0549450549450549,0.459758276287578,0.372872373993254,0.231486380769433,-0.110662059427309,-0.10927573322031
"Lhotse","2m_temperature",1951,"Pre",0.0183391865909099,0.0217391304347826,0.974209569072589,0.941141137130709,0.910577561908522,0.879448290644479,0.851584998465404
"Lhotse","2m_temperature",1951,"Post",0.0190037244467428,0.0549450549450549,0.975992329750572,0.948713907282839,0.932884181832478,0.895643737372846,0.828359497140313
"Lhotse","2m_temperature",1952,"Pre",0.0230489332733634,0.228260869565217,0.982270736580176,0.960350811393774,0.942399369365987,0.924977066228146,0.89246053754179
"Lhotse","2m_temperature",1952,"Post",0.0218384797791592,0.153846153846154,0.9827428059073,0.964221960092871,0.946447876205302,0.914913452697523,0.832339107526157
"Lhotse","2m_temperature",1953,"Pre",0.0153950072640243,0,0.972761163567886,0.93113106182983,0.899306498032364,0.86248501194646,0.718214557004087
"Lhotse","2m_temperature",1953,"Post",0.0227940937173618,0.142857142857143,0.979396890613349,0.950773117307195,0.924227666404436,0.892242355105989,0.829002496676018
"Lhotse","2m_temperature",1954,"Pre",0.0178339364680865,0.0652173913043478,0.975988417260387,0.949727407145145,0.927384709195415,0.882957831869851,0.845331728461913
"Lhotse","2m_temperature",1954,"Post",0.021184784931605,0.0989010989010989,0.987841099588009,0.969195027596346,0.950250828355724,0.929331434042112,0.856529289200411
"Lhotse","2m_temperature",1955,"Pre",0.017256506165775,0.0434782608695652,0.958052041593789,0.893148817330199,0.842116832398347,0.770465882793532,0.700323146784164
"Lhotse","2m_temperature",1955,"Post",0.0148661308732872,0.032967032967033,0.972751682936604,0.933835417046421,0.91345531515502,0.899234346846651,0.84074707607365
"Lhotse","2m_temperature",1956,"Pre",0.0247325664186678,0.315217391304348,0.979347555708623,0.948446973612984,0.923535663356828,0.890023229816978,0.82591758768141
"Lhotse","2m_temperature",1956,"Post",0.0241977058096367,0.285714285714286,0.986958585827881,0.965081947550597,0.944403752290183,0.898644369808775,0.843272856044706
"Lhotse","2m_temperature",1957,"Pre",0.0186790656324914,0.119565217391304,0.959609704182909,0.909511085865864,0.874641222212362,0.829145744295395,0.751979890740727
"Lhotse","2m_temperature",1957,"Post",0.0167147853175798,0.010989010989011,0.966901817942472,0.928986356727597,0.904088753405662,0.883661731631161,0.788623052115037
"Lhotse","2m_temperature",1958,"Pre",0.0200303571372118,0.108695652173913,0.979825261378762,0.950322393525246,0.92806134578251,0.896794960844566,0.847890768683436
"Lhotse","2m_temperature",1958,"Post",0.011544770419396,0.0659340659340659,0.945771664393693,0.86304236445328,0.804090252909461,0.772074886264318,0.697614591755162
"Lhotse","2m_temperature",1959,"Pre",0.0180160088606576,0.0434782608695652,0.950591389146522,0.879488295073903,0.823418099369053,0.817132641867916,0.838070807339397
"Lhotse","2m_temperature",1959,"Post",0.0166691705992748,0.0879120879120879,0.974285134958609,0.939305809147566,0.912086890554254,0.89137972574478,0.844045643533519
"Lhotse","2m_temperature",1960,"Pre",0.0199099842916789,0.152173913043478,0.968173326432841,0.931676852527962,0.891891969750161,0.834432698016125,0.747391791740191
"Lhotse","2m_temperature",1960,"Post",0.018067101358587,0.153846153846154,0.965710412662415,0.922480107449975,0.900823739528235,0.897600172611113,0.859398545058787
"Lhotse","2m_temperature",1961,"Pre",0.0197562043094689,0.0543478260869565,0.972080748927116,0.934856536770625,0.905410182069675,0.881255908990342,0.857694303081484
"Lhotse","2m_temperature",1961,"Post",0.0243162809935677,0.230769230769231,0.98441183591443,0.962154960572371,0.948922914864466,0.922813118173634,0.913897460579809
"Lhotse","2m_temperature",1962,"Pre",0.0200026553151963,0.0869565217391304,0.976033119165604,0.950352343846411,0.932085473322148,0.896339676015823,0.900982842206901
"Lhotse","2m_temperature",1962,"Post",0.0168541373650846,0.010989010989011,0.972347622710856,0.934782452975691,0.909885702923908,0.86801057388782,0.774745402812954
"Lhotse","2m_temperature",1963,"Pre",0.0198374561367802,0.108695652173913,0.969554739790674,0.925123611677681,0.895979264705667,0.892232387462139,0.833057707688084
"Lhotse","2m_temperature",1963,"Post",0.0203224971205754,0.0879120879120879,0.980972609734174,0.962641753655064,0.955139606707199,0.949865989950185,0.900294610470186
"Lhotse","2m_temperature",1964,"Pre",0.015116980098337,0.0217391304347826,0.945701620842901,0.886599994679623,0.846985103220583,0.791782765231382,0.625562845969255
"Lhotse","2m_temperature",1964,"Post",0.0162140632334229,0.032967032967033,0.976901623829339,0.948638028548571,0.920504824527298,0.860657563183366,0.814016563341584
"Lhotse","2m_temperature",1965,"Pre",0.0225153877269839,0.152173913043478,0.970964579546272,0.923587247533317,0.891708213030465,0.877051232782621,0.808152923410939
"Lhotse","2m_temperature",1965,"Post",0.0203065616164716,0.131868131868132,0.971106004602928,0.927833114852068,0.895780509694123,0.853105717279175,0.889214810390318
"Lhotse","2m_temperature",1966,"Pre",0.0192182541088927,0.0760869565217391,0.952868039038672,0.881183903241693,0.837888008918145,0.815596073512748,0.78610925220346
"Lhotse","2m_temperature",1966,"Post",0.0140409159210169,0.0549450549450549,0.959800435169016,0.906747000329799,0.870059487445682,0.828894194898088,0.733737599833605
"Lhotse","2m_temperature",1967,"Pre",0.0194071523715543,0.0869565217391304,0.94908474310594,0.886576610739126,0.826414645450517,0.722194963992645,0.759582528746014
"Lhotse","2m_temperature",1967,"Post",0.0233371783169376,0.241758241758242,0.984739510753814,0.967436622169624,0.956926224749999,0.9451771202638,0.926349221714454
"Lhotse","2m_temperature",1968,"Pre",0.0168462773649154,0.0108695652173913,0.954280661477212,0.90622730630272,0.880824444426361,0.814617028648324,0.76618020525187
"Lhotse","2m_temperature",1968,"Post",0.0245542383159391,0.142857142857143,0.990644269808793,0.972590253411561,0.950594552295303,0.915768714699409,0.846690791708025
"Lhotse","2m_temperature",1969,"Pre",0.0155890794138142,0.0652173913043478,0.953648666141714,0.880350168657713,0.826743103192581,0.73651339085834,0.512370624564566
"Lhotse","2m_temperature",1969,"Post",0.0147401227473754,0.0659340659340659,0.972893767402646,0.949704868146313,0.932137484170942,0.891113912971091,0.845942393915819
"Lhotse","2m_temperature",1970,"Pre",0.0234878160858422,0.173913043478261,0.974709813904824,0.93494709620217,0.896438592348332,0.841426465605194,0.851013202258171
"Lhotse","2m_temperature",1970,"Post",0.0196677281152942,0.0879120879120879,0.982508478646976,0.956225150505035,0.935230331298879,0.909234909884025,0.83346417207848
"Lhotse","2m_temperature",1971,"Pre",0.0176483456474704,0.0869565217391304,0.968487852516765,0.934484570502815,0.922459599346773,0.905132156486588,0.852067519106521
"Lhotse","2m_temperature",1971,"Post",0.0238409881848424,0.164835164835165,0.986622996801939,0.964612883405105,0.945769773556267,0.917042273949685,0.844932852637054
"Lhotse","2m_temperature",1972,"Pre",0.0194017340994689,0.141304347826087,0.959840271532962,0.909369137710988,0.892438898671662,0.852550753284932,0.810154115953208
"Lhotse","2m_temperature",1972,"Post",0.0229194217738946,0.263736263736264,0.97551522254399,0.935950681043027,0.894537158488133,0.818197849658703,0.770712665416879
"Lhotse","2m_temperature",1973,"Pre",0.0219589939629643,0.108695652173913,0.975081276470558,0.95252508568927,0.936720165886208,0.918895057068327,0.8852698612844
"Lhotse","2m_temperature",1973,"Post",0.0228526411878951,0.208791208791209,0.979363581640114,0.949404075238769,0.92517092467775,0.890369935764574,0.887556479935708
"Lhotse","2m_temperature",1974,"Pre",0.0165101302003886,0.0434782608695652,0.965384212521131,0.926162388946891,0.8965278911495,0.830691272691094,0.73240511303939
"Lhotse","2m_temperature",1974,"Post",0.0199351082679252,0.0549450549450549,0.978805728420787,0.944113183623454,0.911415134992016,0.851867602820406,0.744598868846379
"Lhotse","2m_temperature",1975,"Pre",0.0209435465521942,0.141304347826087,0.972966229632048,0.923806034122577,0.875063734269357,0.796691040873718,0.739354214221651
"Lhotse","2m_temperature",1975,"Post",0.0155991180320596,0.021978021978022,0.970726550783861,0.929408412775147,0.901515656189594,0.894051329510196,0.866022509447256
"Lhotse","2m_temperature",1976,"Pre",0.0194614734712418,0.119565217391304,0.958785971163019,0.916924437294687,0.906394723111908,0.852093244608597,0.789187675971424
"Lhotse","2m_temperature",1976,"Post",0.011473964968607,0,0.940180400031749,0.839180022829122,0.729682695506422,0.569605174589691,0.705104497079664
"Lhotse","2m_temperature",1977,"Pre",0.0131949462376592,0.0543478260869565,0.919756200486763,0.810393261528659,0.731909585570896,0.626327562731611,0.504363676268516
"Lhotse","2m_temperature",1977,"Post",0.0153197133495632,0.021978021978022,0.953872415672405,0.893579446287105,0.86514711085195,0.817650776004972,0.618118670716765
"Lhotse","2m_temperature",1978,"Pre",0.0267370473762501,0.33695652173913,0.981931378914439,0.958729170400766,0.941063605249563,0.928975557399626,0.892072960594708
"Lhotse","2m_temperature",1978,"Post",0.0163997229908315,0.021978021978022,0.972858929774723,0.934271360505651,0.91317238558462,0.890170241413879,0.798419700822956
"Lhotse","2m_temperature",1979,"Pre",0.0238040553088959,0.195652173913043,0.97686886414823,0.946511427561302,0.925053441742588,0.904263548954605,0.880516669284654
"Lhotse","2m_temperature",1979,"Post",0.0128198100459806,0.021978021978022,0.963098589779701,0.909033124414021,0.863153524855443,0.786096122363158,0.505417516628404
"Lhotse","2m_temperature",1980,"Pre",0.0205873742522392,0.0760869565217391,0.971509873236936,0.946606780595937,0.923123072885869,0.906460204177418,0.885475394304361
"Lhotse","2m_temperature",1980,"Post",0.0162034188254629,0.0769230769230769,0.968314710456471,0.930586798963653,0.917954658284266,0.904697468040547,0.858968139174997
"Lhotse","2m_temperature",1981,"Pre",0.0189454285260728,0.0543478260869565,0.950775315758652,0.876506371746305,0.835394411184635,0.830222923218302,0.832593584827128
"Lhotse","2m_temperature",1981,"Post",0.0213689770621194,0.186813186813187,0.976396464688209,0.934973178490744,0.895706108485731,0.853113283511017,0.832171292770731
"Lhotse","2m_temperature",1982,"Pre",0.020356373601517,0.141304347826087,0.966139109111698,0.917271266939026,0.874167470248364,0.814906656435203,0.726658466344492
"Lhotse","2m_temperature",1982,"Post",0.0207432264639446,0.153846153846154,0.975960329274404,0.940953626797582,0.90877587352764,0.831350349219357,0.787859920383618
"Lhotse","2m_temperature",1983,"Pre",0.0188366038657739,0.0869565217391304,0.940329173769899,0.85731167102381,0.790508609611318,0.721167126168079,0.668850090286738
"Lhotse","2m_temperature",1983,"Post",0.0215817150875439,0.10989010989011,0.983825499675091,0.961724118733256,0.947362135391203,0.923045534784866,0.902371225379956
"Lhotse","2m_temperature",1984,"Pre",0.0190406080586996,0.152173913043478,0.975509259240271,0.936069521546044,0.899968323034383,0.863648011920397,0.7917592338117
"Lhotse","2m_temperature",1984,"Post",0.0177147642870246,0.043956043956044,0.972560737192771,0.93425770050463,0.908979284539593,0.876805662868483,0.806247270440193
"Lhotse","2m_temperature",1985,"Pre",0.013281540508897,0.0869565217391304,0.911664020138914,0.791609093422745,0.711910544149877,0.651349432783691,0.631270252564944
"Lhotse","2m_temperature",1985,"Post",0.0218220675257762,0.153846153846154,0.977872727589322,0.946744179887067,0.917531463918169,0.884735247485977,0.807751069571954
"Lhotse","2m_temperature",1986,"Pre",0.0159876401415314,0.0217391304347826,0.944610336100503,0.854759005613003,0.779956145783542,0.67963724946355,0.675473149567319
"Lhotse","2m_temperature",1986,"Post",0.0189050704057425,0.0769230769230769,0.977473133876103,0.950708918786858,0.922582681445191,0.889474961299039,0.797192023201543
"Lhotse","2m_temperature",1987,"Pre",0.0165817058984556,0.0434782608695652,0.956267636547039,0.884443802508834,0.821928558037263,0.743036163424777,0.609638091111523
"Lhotse","2m_temperature",1987,"Post",0.0204324349876667,0.142857142857143,0.975826377262687,0.938607860699091,0.902701940088947,0.85953663728523,0.708984529383287
"Lhotse","2m_temperature",1988,"Pre",0.0187385184818141,0.108695652173913,0.949966294414349,0.896315919170529,0.873162015575439,0.844437989642942,0.838395606347885
"Lhotse","2m_temperature",1988,"Post",0.0183308417430227,0.0659340659340659,0.982015662032891,0.958243755398988,0.942701355328672,0.916457258334594,0.841832859946865
"Lhotse","2m_temperature",1989,"Pre",0.0192493313347318,0.0543478260869565,0.958109656556536,0.904966772477917,0.87575139693813,0.854912135385915,0.785005972899796
"Lhotse","2m_temperature",1989,"Post",0.0204123521134194,0.131868131868132,0.984846675652147,0.961279308975261,0.938656961411895,0.904768327904043,0.868714121115049
"Lhotse","2m_temperature",1990,"Pre",0.0236720835973263,0.173913043478261,0.984107394480566,0.960624105004466,0.939862523646156,0.912416691946172,0.854518671180138
"Lhotse","2m_temperature",1990,"Post",0.0169085758487178,0.10989010989011,0.974107218190965,0.933814912708499,0.893728100424147,0.843309865749184,0.824279467973466
"Lhotse","2m_temperature",1991,"Pre",0.019175225784277,0.0869565217391304,0.952117449954239,0.900444390646428,0.877392014685708,0.846935867688346,0.820909593346452
"Lhotse","2m_temperature",1991,"Post",0.0191650420708915,0.120879120879121,0.975309125418675,0.940564654009693,0.912564819829425,0.882527138645951,0.923876205328589
"Lhotse","2m_temperature",1992,"Pre",0.0131970314536263,0.0108695652173913,0.91570383907978,0.808357033295132,0.745706993137129,0.665456788103448,0.558279820579436
"Lhotse","2m_temperature",1992,"Post",0.0186282951611003,0.0989010989010989,0.977829974226656,0.952382043918965,0.933490109099696,0.896087200687416,0.873138515188416
"Lhotse","2m_temperature",1993,"Pre",0.0228795281649932,0.130434782608696,0.978582637377474,0.945132430210429,0.917139797415534,0.890807227261016,0.820632538586039
"Lhotse","2m_temperature",1993,"Post",0.0145556951660696,0,0.97156094176665,0.937438512608724,0.908045370203266,0.843517076693338,0.767495755352904
"Lhotse","2m_temperature",1994,"Pre",0.018579819458399,0.0978260869565217,0.955710284698626,0.899365132174002,0.851437134689455,0.849775228932137,0.748839356948987
"Lhotse","2m_temperature",1994,"Post",0.0217583568878981,0.175824175824176,0.986342732053968,0.968107874895134,0.954552623914189,0.95263644291885,0.946611929434425
"Lhotse","2m_temperature",1995,"Pre",0.025105786857918,0.260869565217391,0.979538866247119,0.950092820414718,0.913173377302523,0.836730641437733,0.755108659708404
"Lhotse","2m_temperature",1995,"Post",0.0222177602357647,0.197802197802198,0.973209878040327,0.938466232973205,0.914025148936311,0.907847297999374,0.860282616621079
"Lhotse","2m_temperature",1996,"Pre",0.0188783027381378,0.0543478260869565,0.964564038311377,0.913937624953519,0.863284808346794,0.776955290993389,0.716108134892372
"Lhotse","2m_temperature",1996,"Post",0.0157933987241538,0.021978021978022,0.969975547473117,0.931314990323591,0.897538123469062,0.846792143708435,0.746991453490576
"Lhotse","2m_temperature",1997,"Pre",0.0155279133791921,0,0.938195528835823,0.859268328713062,0.809952159886045,0.730063825031811,0.709957851285025
"Lhotse","2m_temperature",1997,"Post",0.0226804796565283,0.197802197802198,0.980298174100825,0.95411680076506,0.941740184426471,0.921568778705401,0.900496578018252
"Lhotse","2m_temperature",1998,"Pre",0.0239018360757207,0.217391304347826,0.971897559035268,0.937698695306699,0.912400514019637,0.889561563495146,0.811080707897387
"Lhotse","2m_temperature",1998,"Post",0.0167572710884577,0.0549450549450549,0.97748348113728,0.940776436843196,0.904058486360283,0.839594867351595,0.835296312384836
"Lhotse","2m_temperature",1999,"Pre",0.0187277120915693,0.16304347826087,0.960271396475116,0.889746882067695,0.825287800138005,0.728102846896217,0.755002945472845
"Lhotse","2m_temperature",1999,"Post",0.020607915587991,0.0989010989010989,0.972750809205069,0.934901065448615,0.906511121230667,0.879472564316524,0.909683794084671
"Lhotse","2m_temperature",2000,"Pre",0.0232276408526782,0.239130434782609,0.980240938753364,0.959159870245121,0.94607407202569,0.919860833479469,0.864654446634103
"Lhotse","2m_temperature",2000,"Post",0.0157470204208984,0.0549450549450549,0.948441928905945,0.875611483184055,0.817920205676343,0.746570588650003,0.597562471531177
"Lhotse","2m_temperature",2001,"Pre",0.0206029294771617,0.0434782608695652,0.978192787121293,0.955867654667805,0.938999437265497,0.918780864458733,0.88698115427035
"Lhotse","2m_temperature",2001,"Post",0.0155593079870401,0.010989010989011,0.962244271752901,0.920007539117905,0.884117555142328,0.832658844041962,0.725995729556225
"Lhotse","2m_temperature",2002,"Pre",0.0191932332304844,0.0978260869565217,0.959607580255841,0.891242650946609,0.819198679206377,0.708190763027866,0.600554908505203
"Lhotse","2m_temperature",2002,"Post",0.0164168088486345,0.010989010989011,0.961594775037848,0.909225349765018,0.882643789871834,0.88371607018504,0.797278374970846
"Lhotse","2m_temperature",2003,"Pre",0.0195146978216545,0.0869565217391304,0.97403521986449,0.934310049346498,0.898575946807408,0.849460616934192,0.764822664162387
"Lhotse","2m_temperature",2003,"Post",0.0223277620131835,0.197802197802198,0.984298659694796,0.959524336152213,0.939480913976512,0.92209263032286,0.910271068785939
"Lhotse","2m_temperature",2004,"Pre",0.0152660156249456,0.0978260869565217,0.956107912999741,0.878956931263163,0.798340869202269,0.652738401246027,0.425021735189144
"Lhotse","2m_temperature",2004,"Post",0.0242093728575069,0.263736263736264,0.98186170026973,0.950629673136495,0.925616967260503,0.889220438201199,0.820726481147052
"Lhotse","2m_temperature",2005,"Pre",0.0175093085668,0.0652173913043478,0.95999418535988,0.899175281701793,0.843889439363676,0.766808924973923,0.751187122135014
"Lhotse","2m_temperature",2005,"Post",0.0206315537779527,0.120879120879121,0.977184850859032,0.946503419251216,0.926619231223478,0.879396970428969,0.752666959822218
"Lhotse","2m_temperature",2006,"Pre",0.0210139807777554,0.141304347826087,0.9668446357222,0.919358334057344,0.886044418041901,0.872615705307942,0.785625289205475
"Lhotse","2m_temperature",2006,"Post",0.0203649807127149,0.0879120879120879,0.978763167716915,0.948288843277711,0.921362038345435,0.891503738417548,0.890541745705251
"Lhotse","2m_temperature",2007,"Pre",0.0213461654291726,0.130434782608696,0.962098465286955,0.903126869026839,0.860354684252855,0.853235903575113,0.767982367102169
"Lhotse","2m_temperature",2007,"Post",0.0178097250188241,0.0879120879120879,0.965372614937225,0.904193518183583,0.833020539440459,0.698878355143843,0.643981638290964
"Lhotse","2m_temperature",2008,"Pre",0.015571866544743,0,0.96462371676194,0.914647564105551,0.879591681711287,0.849882294353038,0.857672495005178
"Lhotse","2m_temperature",2008,"Post",0.0145035149489619,0.010989010989011,0.943910328059128,0.858509762044649,0.804777711293708,0.756380920117406,0.689292395176545
"Lhotse","2m_temperature",2009,"Pre",0.0158004617025986,0.0434782608695652,0.945297537736577,0.876197393873361,0.831691797001641,0.732921653111487,0.633534669446025
"Lhotse","2m_temperature",2009,"Post",0.0206254274943633,0.0769230769230769,0.976355397714105,0.937238093896931,0.89713448494586,0.816245037331389,0.770893955915535
"Lhotse","2m_temperature",2010,"Pre",0.0161941552586536,0.0108695652173913,0.957273564272285,0.899112181724283,0.850122916353727,0.727720421943069,0.562383997001506
"Lhotse","2m_temperature",2010,"Post",0.0184574287679975,0.142857142857143,0.962510873951729,0.898923398332773,0.835196532375426,0.78227659997816,0.831063702160121
"Lhotse","2m_temperature",2011,"Pre",0.0193814827755432,0.0434782608695652,0.967850292044984,0.927412538854275,0.898329859540785,0.863791912831252,0.870358041049772
"Lhotse","2m_temperature",2011,"Post",0.0196656922226889,0.120879120879121,0.968166393259781,0.911901576687126,0.860221584207232,0.803401480509371,0.689358424041637
"Lhotse","2m_temperature",2012,"Pre",0.0217050492397536,0.184782608695652,0.968133077259148,0.919518152921015,0.886492793499947,0.861569942785512,0.763750098693888
"Lhotse","2m_temperature",2012,"Post",0.0189886987725007,0.0659340659340659,0.969737728260617,0.937458144828782,0.913535838577191,0.870390808957164,0.822164495345237
"Lhotse","2m_temperature",2013,"Pre",0.0198335799824939,0.152173913043478,0.968699455499415,0.932768882989747,0.925217702567824,0.888165837426866,0.852877203479493
"Lhotse","2m_temperature",2013,"Post",0.0215624263128353,0.120879120879121,0.976297528634722,0.946489320120647,0.917509542997795,0.878264234623543,0.796001051982055
"Lhotse","2m_temperature",2014,"Pre",0.0205056257245939,0.130434782608696,0.973936394571614,0.939074747612908,0.90653586306961,0.852312277758178,0.878335074620243
"Lhotse","2m_temperature",2014,"Post",0.0188480429522446,0.043956043956044,0.970663352149558,0.927827282396183,0.89234758449035,0.837478183124374,0.710248878378179
"Lhotse","2m_temperature",2015,"Pre",0.0184651496696388,0.0869565217391304,0.965319185689266,0.927448797818778,0.897176270856362,0.841465540129443,0.778338296257851
"Lhotse","2m_temperature",2015,"Post",0.0186365853907976,0.032967032967033,0.970292467902501,0.926654854810329,0.890995215961471,0.872783838508116,0.85468881188464
"Lhotse","2m_temperature",2016,"Pre",0.0148786607237737,0,0.941562070675713,0.85449995943211,0.781693859357111,0.75266160237963,0.687916776068254
"Lhotse","2m_temperature",2016,"Post",0.0161927796754113,0.032967032967033,0.979326642799914,0.952210265868214,0.926945454257325,0.873572392368456,0.838616167110047
"Lhotse","2m_temperature",2017,"Pre",0.0202900314916785,0.0978260869565217,0.961831169263652,0.920176468412659,0.877282526818162,0.817082959641958,0.604421696400765
"Lhotse","2m_temperature",2017,"Post",0.0193260282008873,0.010989010989011,0.984072793627914,0.966822584533995,0.95232648719864,0.943003788398612,0.886220003371172
"Lhotse","2m_temperature",2018,"Pre",0.0155399724016133,0.0543478260869565,0.955616606301182,0.911044179306425,0.880658067366276,0.860723002195627,0.761375449642864
"Lhotse","2m_temperature",2018,"Post",0.0179809857465238,0.021978021978022,0.975229596535439,0.946728936044546,0.937065027109341,0.91417935508539,0.857228275330289
"Lhotse","2m_temperature",2019,"Pre",0.0200947958039486,0.0760869565217391,0.962210135977252,0.924218710440011,0.907664755136172,0.891295185317544,0.873516602904547
"Lhotse","2m_temperature",2019,"Post",0.0167548789947644,0.186813186813187,0.983536337307266,0.959100967981759,0.935261572349772,0.894033279045592,0.901678383808694
"Lhotse","2m_temperature",2020,"Pre",0.0190171744282324,0.0760869565217391,0.964404749168708,0.92537374967237,0.897656552381418,0.835528715823102,0.746600170336559
"Lhotse","2m_temperature",2020,"Post",0.021024944352181,0.208791208791209,0.981425812707905,0.957932167361853,0.944689599241091,0.924215843565437,0.875769462145796
"Lhotse","2m_temperature",2021,"Pre",0.0147473073801008,0.0652173913043478,0.947925664023715,0.873683270291765,0.809345199408765,0.764087015323516,0.721716151626322
"Lhotse","2m_temperature",2021,"Post",0.0166933471766276,0.010989010989011,0.972125529078972,0.924905963446835,0.878322633596496,0.796551412760056,0.706613218106572
"Lhotse","snow_cover",1951,"Pre",0,0,NA,NA,NA,NA,NA
"Lhotse","snow_cover",1951,"Post",0.0883428148925872,0,0.920667434089489,0.794628968657115,0.667182069571223,0.423200629145008,-0.0688506831021701
"Lhotse","snow_cover",1952,"Pre",0,0,NA,NA,NA,NA,NA
"Lhotse","snow_cover",1952,"Post",0.080156153225682,0,0.941534186796164,0.865670398983366,0.784800053521707,0.637860836199179,0.340733826457726
"Lhotse","snow_cover",1953,"Pre",0,0,NA,NA,NA,NA,NA
"Lhotse","snow_cover",1953,"Post",0.0789510837781058,0,0.92678919221265,0.825049549862464,0.719844499956766,0.505369972054727,0.302966036811411
"Lhotse","snow_cover",1954,"Pre",0.0881719400271178,0,0.99315989052504,0.979010210530479,0.959887807917574,0.911155579531049,0.759726509418543
"Lhotse","snow_cover",1954,"Post",0.0344963767905029,0.0659340659340659,0.957689641226235,0.92673950439198,0.891967682004219,0.831805690150839,0.68878024476542
"Lhotse","snow_cover",1955,"Pre",0.0631784168689589,0.195652173913043,0.921962146894844,0.817956483496476,0.739621347080495,0.563263997853902,0.0779620462780108
"Lhotse","snow_cover",1955,"Post",0.0480662938697544,0.021978021978022,0.880544730880183,0.690045728075264,0.539315931894759,0.383629925742414,0.494677359499413
"Lhotse","snow_cover",1956,"Pre",0.087528875202048,0.0434782608695652,0.953047905235551,0.879167828187647,0.813400793356037,0.705105768513717,0.495251982648082
"Lhotse","snow_cover",1956,"Post",0.0775281061372226,0,0.968507601128301,0.930577800457127,0.895261972092855,0.807162768785395,0.6448147184961
"Lhotse","snow_cover",1957,"Pre",0.041623764699331,0,0.978050837462048,0.928595579144109,0.87184338663218,0.694002440958244,NA
"Lhotse","snow_cover",1957,"Post",0.0253110691179756,0.175824175824176,0.951274814565467,0.8441432496577,0.735273883537789,0.594761054256569,0.606276520328168
"Lhotse","snow_cover",1958,"Pre",0.0847567577337751,0.195652173913043,0.991872271071943,0.971355585962336,0.941762141784427,0.86545744853553,0.644568336680434
"Lhotse","snow_cover",1958,"Post",0.0611949328540821,0.307692307692308,0.938924980219836,0.817535278262443,0.689495988885531,0.446026701532776,0.25350448468197
"Lhotse","snow_cover",1959,"Pre",0.0936926641722234,0.141304347826087,0.975976199658015,0.926758594822199,0.87909523932864,0.807065089010496,0.615099937018093
"Lhotse","snow_cover",1959,"Post",0.0675653935622599,0.032967032967033,0.888624754309979,0.680344009887913,0.479358058469465,0.145134895132631,0.0131795544416692
"Lhotse","snow_cover",1960,"Pre",0.0704499088232608,0.0869565217391304,0.877641920161712,0.705303110267468,0.549654701663332,0.21320366623634,0.0452861252215157
"Lhotse","snow_cover",1960,"Post",0.0849752771931727,0.032967032967033,0.963729935484239,0.9050385732067,0.841346417445891,0.725499844120131,0.358088205281358
"Lhotse","snow_cover",1961,"Pre",0.108446066906204,0.141304347826087,0.994356377730898,0.980002832171296,0.960815367414608,0.9163199572691,0.801150447341961
"Lhotse","snow_cover",1961,"Post",0.0746611098371786,0,0.956503882544427,0.884874052607217,0.814123055197478,0.689169022545094,0.401288771813879
"Lhotse","snow_cover",1962,"Pre",0.0980429867540997,0,0.992837196739741,0.978482360700874,0.960806854673649,0.913993883909742,0.797090918420176
"Lhotse","snow_cover",1962,"Post",0.0383967352471162,0.043956043956044,0.935881857452075,0.83392205983308,0.747568347911916,0.617644830899152,0.60243339006217
"Lhotse","snow_cover",1963,"Pre",0.0928924629860818,0,0.968621293731288,0.911258337156391,0.857908841454139,0.750801981383341,0.533651250416544
"Lhotse","snow_cover",1963,"Post",0.086337162388339,0,0.955252023768351,0.879292873404809,0.799485695130536,0.643626908808226,0.271255677580442
"Lhotse","snow_cover",1964,"Pre",0.0335763174992975,0.0217391304347826,0.903642845666728,0.722036822331096,0.503225047436933,0.122423232684726,-0.291237457427995
"Lhotse","snow_cover",1964,"Post",0.0807962723847052,0.10989010989011,0.922010428246553,0.829096936451791,0.762236208769336,0.630920059921328,0.483428828062589
"Lhotse","snow_cover",1965,"Pre",0.0977172428223901,0.195652173913043,0.974837842589025,0.924230662008106,0.870990424522184,0.763828537546785,0.453858483235186
"Lhotse","snow_cover",1965,"Post",0.0792857741968203,0,0.949521718945521,0.843938016804419,0.728693013579168,0.524173887748757,0.0488271533059651
"Lhotse","snow_cover",1966,"Pre",0.0970265350791255,0.0760869565217391,0.993276897359009,0.976421929093843,0.954172632934319,0.904240527897748,0.802642950051939
"Lhotse","snow_cover",1966,"Post",0.0525707410766547,0.131868131868132,0.931373202072572,0.822697818030784,0.68881359697946,0.507916691598185,0.673215496673315
"Lhotse","snow_cover",1967,"Pre",0.0992863688816679,0.0652173913043478,0.971902081508616,0.927280609389742,0.881637929980591,0.789716512395239,0.534097720000506
"Lhotse","snow_cover",1967,"Post",0.0751996282799928,0,0.923688729615922,0.788666506746288,0.65008609098631,0.480537906805711,0.347851482220181
"Lhotse","snow_cover",1968,"Pre",0.0761308079482728,0.0543478260869565,0.936456198977814,0.825177485868477,0.706211336674946,0.473175495968139,0.26413658182103
"Lhotse","snow_cover",1968,"Post",0.0825444441880007,0,0.977953880036636,0.932705463121336,0.887082564022002,0.809412558076211,0.646407807526161
"Lhotse","snow_cover",1969,"Pre",0.0799389208399887,0.0108695652173913,0.988602244135651,0.96215046468632,0.929884929140006,0.856764581585641,0.679506557352547
"Lhotse","snow_cover",1969,"Post",0.0592849127454864,0.0549450549450549,0.915493688461737,0.778976616127035,0.661534406087108,0.432423081493967,0.287855180890101
"Lhotse","snow_cover",1970,"Pre",0.0951953283831119,0.141304347826087,0.975878098006445,0.93578191549302,0.904199524822258,0.843688009024716,0.644297304602549
"Lhotse","snow_cover",1970,"Post",0.0461521497646557,0,0.803336689179016,0.561452565342536,0.410612889323707,0.27329262047879,0.170790590035032
"Lhotse","snow_cover",1971,"Pre",0.0930121642871247,0,0.97150545944967,0.912630404551828,0.841456365194529,0.683696835687725,0.275403865169667
"Lhotse","snow_cover",1971,"Post",0.0772067315084769,0,0.945424821745127,0.874314877050424,0.81070966769943,0.71979557913544,0.561119515148431
"Lhotse","snow_cover",1972,"Pre",0.102271322803803,0.0543478260869565,0.986757795408542,0.966423339174356,0.947112134767502,0.904655003483579,0.837294288190186
"Lhotse","snow_cover",1972,"Post",0.0733368421824357,0,0.934132086392027,0.8066555206006,0.65665079812676,0.376715225109441,-0.090862027566119
"Lhotse","snow_cover",1973,"Pre",0.091223023009588,0.0217391304347826,0.991474755074359,0.973188908211424,0.953445403405903,0.91661134692961,0.777695582075551
"Lhotse","snow_cover",1973,"Post",0.0670335522759517,0,0.949661067320298,0.865197657428528,0.792826302082133,0.681081808875392,0.643225139804257
"Lhotse","snow_cover",1974,"Pre",0.0986321086314342,0,0.991132710785528,0.971560907564806,0.946726149843959,0.893689175654991,0.772866679788605
"Lhotse","snow_cover",1974,"Post",0.0411471567693246,0.021978021978022,0.872678494865188,0.620817485691638,0.399953297144486,0.270046456050879,0.282166788034459
"Lhotse","snow_cover",1975,"Pre",0.0824995235362903,0.0108695652173913,0.990536918152717,0.967497685174549,0.938223471087216,0.870730674973784,0.684803896635401
"Lhotse","snow_cover",1975,"Post",0.0772482631512625,0.10989010989011,0.926431056183364,0.805709181690286,0.684008153819481,0.432364309190416,0.178567249413132
"Lhotse","snow_cover",1976,"Pre",0.025865463941903,0.0434782608695652,0.747293501650394,0.473564695517407,0.287039531372851,0.078175118283064,-0.192475298729028
"Lhotse","snow_cover",1976,"Post",0.0394115423495133,0.175824175824176,0.955770929313283,0.864789742937185,0.754090639929877,0.567076049954967,0.552371982919891
"Lhotse","snow_cover",1977,"Pre",0.0327968175080125,0,0.740127581697558,0.409178005904194,0.202811558359322,0.0658340920072339,0.0161059350589105
"Lhotse","snow_cover",1977,"Post",0.0358135383183465,0,0.83334023837284,0.624438554025001,0.486308993001268,0.391344897797089,0.196195241107061
"Lhotse","snow_cover",1978,"Pre",0.0989094899065938,0,0.993584427626887,0.979298571104827,0.961759097268778,0.924644718314497,0.811845391687113
"Lhotse","snow_cover",1978,"Post",0.0453680859995028,0,0.845123828891552,0.591190675161852,0.392524286439896,0.25303986350041,0.0512058062062095
"Lhotse","snow_cover",1979,"Pre",0.0999787238994952,0.0652173913043478,0.994235088604052,0.982345260892859,0.966321173958884,0.922044747644195,0.798403332209042
"Lhotse","snow_cover",1979,"Post",0.0329564629180554,0.0549450549450549,0.726145310239514,0.467613996488872,0.117237006330638,-0.0645177731598601,0.139560359525303
"Lhotse","snow_cover",1980,"Pre",0.0942010254464,0,0.992064649354704,0.972634051583175,0.948006984637342,0.896259711275248,0.783692466126507
"Lhotse","snow_cover",1980,"Post",0.0394171151069001,0.0989010989010989,0.917796728455613,0.7615822977471,0.628543272931425,0.408925773986856,0.33304120370124
"Lhotse","snow_cover",1981,"Pre",0.0663730822092247,0,0.959861264300169,0.881258590266861,0.807179894207024,0.674673026488375,0.163492416001637
"Lhotse","snow_cover",1981,"Post",0.0430287813887533,0.0659340659340659,0.881352347589896,0.70435071420758,0.518789696679782,0.189715755271166,0.00989508306194017
"Lhotse","snow_cover",1982,"Pre",0.0989607075193473,0,0.991766859774177,0.975451227728518,0.958490320834849,0.917238892777629,0.798276414469451
"Lhotse","snow_cover",1982,"Post",0.0434443405673674,0,0.828496785478366,0.549650786510757,0.359355999219174,0.136589677269811,-0.051998145810763
"Lhotse","snow_cover",1983,"Pre",0.0847144586694782,0.0217391304347826,0.920235940162906,0.804850146024541,0.696432080391874,0.506817824633012,-0.0176540459490501
"Lhotse","snow_cover",1983,"Post",0.0675839197563548,0.021978021978022,0.906490361420292,0.732193334997052,0.5570684348428,0.27819191539638,0.285255328928009
"Lhotse","snow_cover",1984,"Pre",0.0372109753879891,0.0434782608695652,0.855521450129787,0.590056875953496,0.363518266351057,0.0630736426237519,-0.176146555510231
"Lhotse","snow_cover",1984,"Post",0.0663904311291418,0.230769230769231,0.896482495885098,0.74365787601084,0.594063561846939,0.369651478556533,0.663457361419653
"Lhotse","snow_cover",1985,"Pre",0.0127165143852404,0.173913043478261,0.688998664426061,0.290786268684782,0.0470798350016422,0.0262868518702774,-0.12793103199181
"Lhotse","snow_cover",1985,"Post",0.0835479178786228,0,0.934181715091279,0.820991546510039,0.715094160606834,0.613400251341337,0.447479231213615
"Lhotse","snow_cover",1986,"Pre",0.0732628968050195,0,0.988212510372604,0.95942372652981,0.925275154004089,0.864349473330397,0.745037407407145
"Lhotse","snow_cover",1986,"Post",0.0927323929249623,0.010989010989011,0.947793092956905,0.859299431971439,0.770783423400714,0.606298699700803,0.30381317544043
"Lhotse","snow_cover",1987,"Pre",0.0972383201050567,0.0652173913043478,0.974090243783712,0.925449566752085,0.868409367444438,0.764266196133943,0.53090541245553
"Lhotse","snow_cover",1987,"Post",0.0972751410647268,0.010989010989011,0.970266219295038,0.911359421247006,0.842993644767875,0.711969858225203,0.50671831766956
"Lhotse","snow_cover",1988,"Pre",0.0863694458076233,0,0.991013985587207,0.974429005031072,0.956900948219842,0.909553090847539,0.777635142313665
"Lhotse","snow_cover",1988,"Post",0.0504701919584424,0.0879120879120879,0.892176508640435,0.684043130678332,0.462779235234636,0.235900726507825,0.623224258698731
"Lhotse","snow_cover",1989,"Pre",0.0438727078860335,0,0.938287963017945,0.826851125300447,0.686503413939994,0.382006438056672,-0.0931025046283044
"Lhotse","snow_cover",1989,"Post",0.0669321055349617,0.032967032967033,0.921708262681959,0.763016583812768,0.604986018321072,0.412960441928867,0.303463483696789
"Lhotse","snow_cover",1990,"Pre",0.0877915397315924,0.0326086956521739,0.955530147321908,0.882543159762065,0.828094757785111,0.803950854143137,0.787787719138027
"Lhotse","snow_cover",1990,"Post",0.0427310225402467,0.10989010989011,0.880628815706937,0.712013248471632,0.610388296893298,0.509404082537488,0.519482846722974
"Lhotse","snow_cover",1991,"Pre",0.103163959593262,0.0760869565217391,0.993211277241297,0.977629437840975,0.957440337124596,0.90926071564014,0.795304140742408
"Lhotse","snow_cover",1991,"Post",0.0595818321446306,0.164835164835165,0.943645064359839,0.838691182847169,0.71900824332102,0.453185897272507,0.134535831112621
"Lhotse","snow_cover",1992,"Pre",0.0294272350496429,0.0978260869565217,0.827980968550266,0.581696036399993,0.389732490976126,0.212315543599547,-0.0251300928407046
"Lhotse","snow_cover",1992,"Post",0.0308258248791575,0.010989010989011,0.817554985419772,0.565867172132463,0.379550248783805,0.0836535363051086,-0.280599597563951
"Lhotse","snow_cover",1993,"Pre",0.0842583720940595,0,0.987540818435921,0.960620015978074,0.928947479675146,0.867220810840248,0.721575795836571
"Lhotse","snow_cover",1993,"Post",0.047817964299631,0.0769230769230769,0.933279817690459,0.821121751606094,0.730915894603896,0.645745073500565,0.719404218357537
"Lhotse","snow_cover",1994,"Pre",0.101121361518209,0.0652173913043478,0.99388684323626,0.9792779132893,0.960271580453966,0.915748564606982,0.805392986259126
"Lhotse","snow_cover",1994,"Post",0.0348132281467621,0.10989010989011,0.902159223901751,0.741895430343681,0.651169451399738,0.594900347607611,0.344913490279167
"Lhotse","snow_cover",1995,"Pre",0.0823934328736787,0,0.991380277117606,0.969922422943144,0.942462655306249,0.88698055234557,0.734623464966861
"Lhotse","snow_cover",1995,"Post",0.0958531988305856,0.0879120879120879,0.961764241354533,0.882050417367043,0.792204437920835,0.598811186417613,0.24227314929361
"Lhotse","snow_cover",1996,"Pre",0.074884397171217,0.0217391304347826,0.992467053142507,0.97232214274456,0.943682094650134,0.873060760952981,0.656237599032841
"Lhotse","snow_cover",1996,"Post",0.05626507041592,0,0.905572602700358,0.717392588795097,0.504578562885756,0.167308097545176,-0.176966421698413
"Lhotse","snow_cover",1997,"Pre",0.0498916202692584,0.0652173913043478,0.878951884129281,0.718024876289042,0.61703228771565,0.556390313017472,0.0343177537030525
"Lhotse","snow_cover",1997,"Post",0.0545160924516376,0,0.883186701752911,0.699966580004882,0.540164331101359,0.281053148324874,-0.258543671462355
"Lhotse","snow_cover",1998,"Pre",0.0869321117083656,0,0.991549866481371,0.972619483758391,0.949254267150586,0.897361282197693,0.755432102902897
"Lhotse","snow_cover",1998,"Post",0.063931885945634,0.0989010989010989,0.949600680955006,0.862662304873383,0.774789023059278,0.574899480225742,0.14265589372026
"Lhotse","snow_cover",1999,"Pre",0.0294512862883639,0.326086956521739,0.936051490337452,0.834420959023207,0.770156811637692,0.674065949035033,0.425479321560956
"Lhotse","snow_cover",1999,"Post",0.086631347316393,0,0.983999758854545,0.952797558632264,0.915672398420325,0.836167752850829,0.685994316353246
"Lhotse","snow_cover",2000,"Pre",0.0759793966184908,0,0.963992502409167,0.907688099010448,0.863118121471713,0.821397110144875,0.569928325212809
"Lhotse","snow_cover",2000,"Post",0.0811763542150116,0.010989010989011,0.9371523998139,0.831266245861024,0.747561816663849,0.596218433689433,0.365688820294688
"Lhotse","snow_cover",2001,"Pre",0.0474658423622181,0,0.783193489063836,0.512249591974879,0.35947029061649,0.170237094347622,-0.297066697171612
"Lhotse","snow_cover",2001,"Post",0.0667319857109782,0,0.947377690956962,0.841672624400747,0.715724106176923,0.462056326094739,-0.0624817336641541
"Lhotse","snow_cover",2002,"Pre",0.0830880947706138,0,0.938243674398715,0.835313370387004,0.74013130238231,0.554269818545024,0.278511039422551
"Lhotse","snow_cover",2002,"Post",0.0759390480640331,0.021978021978022,0.95066086306425,0.871475899191254,0.801608352275825,0.668859200104753,0.378053950823457
"Lhotse","snow_cover",2003,"Pre",0.105280743703178,0.16304347826087,0.993676063219279,0.980466117389426,0.963147162130992,0.918642555064617,0.796783092269624
"Lhotse","snow_cover",2003,"Post",0.0728944943802697,0,0.93062632493018,0.825529087622408,0.740474710025216,0.647415116133413,0.532868994960704
"Lhotse","snow_cover",2004,"Pre",0.090585042832839,0,0.96243413773774,0.882159830084725,0.778183118398492,0.561316622047667,0.257897389210355
"Lhotse","snow_cover",2004,"Post",0.0622497197396639,0,0.889931324704124,0.731868203898094,0.616642362327253,0.487885128131792,0.178227915433058
"Lhotse","snow_cover",2005,"Pre",0.0975220688647919,0.0652173913043478,0.994197969264342,0.981625926226113,0.967292162653034,0.936458951533484,0.845362741763644
"Lhotse","snow_cover",2005,"Post",0.0600606419857852,0.021978021978022,0.926603142686682,0.785220871582618,0.648311371321543,0.347543517949029,-0.0834396342444849
"Lhotse","snow_cover",2006,"Pre",0.0925559041837402,0.0434782608695652,0.962904988666289,0.904882407994735,0.841714363984845,0.703311365604443,0.393970544396895
"Lhotse","snow_cover",2006,"Post",0.070782039905691,0,0.947171424782424,0.842014902282392,0.717914118510815,0.468903449808687,-0.0197679269805645
"Lhotse","snow_cover",2007,"Pre",0.0938383016403483,0.0543478260869565,0.989635640705913,0.968087679866333,0.943322566316976,0.888348765027533,0.742144437271739
"Lhotse","snow_cover",2007,"Post",0.0771300839568953,0,0.927052178808217,0.796241101066893,0.67284269621045,0.452209353612276,0.219283940151031
"Lhotse","snow_cover",2008,"Pre",0.0446516420961475,0.0978260869565217,0.82735497056188,0.547752960169678,0.30235004106717,0.0544952486148276,-0.184200577567487
"Lhotse","snow_cover",2008,"Post",0.0596011870122365,0.0989010989010989,0.922555033907887,0.78654247737914,0.656355024895479,0.47625189557132,0.23159382662777
"Lhotse","snow_cover",2009,"Pre",0.0616906189397645,0.152173913043478,0.950889964836795,0.875127317504517,0.797882481593487,0.582092872727144,0.144924147141009
"Lhotse","snow_cover",2009,"Post",0.0743974161995726,0,0.968933904251473,0.913196436599673,0.854615158894659,0.742043530620354,0.627225058474932
"Lhotse","snow_cover",2010,"Pre",0.0927489085313839,0.0543478260869565,0.985644077522157,0.954294972096308,0.916156816676579,0.838456093025978,0.642625651960226
"Lhotse","snow_cover",2010,"Post",0.0870020899638286,0,0.913925947935916,0.76927449891116,0.653278810778138,0.523174177481225,0.249289559281005
"Lhotse","snow_cover",2011,"Pre",0.0897428617361287,0.0108695652173913,0.982403023391979,0.947454624096645,0.908097372142461,0.836934264751814,0.723378207068039
"Lhotse","snow_cover",2011,"Post",0.0925203296483481,0.0549450549450549,0.952687660147934,0.875213550593643,0.783912044392798,0.576938317399334,0.076826754674753
"Lhotse","snow_cover",2012,"Pre",0.102292232995967,0.0108695652173913,0.994185570735902,0.979742015106781,0.960935964328351,0.917101641670816,0.800550845691882
"Lhotse","snow_cover",2012,"Post",0.0886466293934791,0.131868131868132,0.95122289733112,0.885254403489033,0.818402343396902,0.66719529228867,0.372383686660166
"Lhotse","snow_cover",2013,"Pre",0.0974211171510574,0.0108695652173913,0.964411328688178,0.896060072168237,0.832660214865095,0.70504653548266,0.651082555734102
"Lhotse","snow_cover",2013,"Post",0.079364397785518,0,0.945077436584182,0.861940771679896,0.794906328726018,0.714298618355484,0.699915167755541
"Lhotse","snow_cover",2014,"Pre",0.0856284667422942,0.0652173913043478,0.981255018056808,0.939630703125508,0.890189277480163,0.772892429235459,0.55116233342891
"Lhotse","snow_cover",2014,"Post",0.0869755366833097,0,0.956240796086275,0.86170834319468,0.758272605437962,0.560061645360652,0.211174643228105
"Lhotse","snow_cover",2015,"Pre",0.0313493919535817,0,0.966410322722975,0.86904332828563,0.727548995834743,NA,NA
"Lhotse","snow_cover",2015,"Post",0.0705206310214575,0.120879120879121,0.886786832845021,0.703851157979398,0.549104963579544,0.339200518985574,-0.0618269776236827
"Lhotse","snow_cover",2016,"Pre",0.03351717746218,0.108695652173913,0.729090105639075,0.3787603676272,0.170708809703506,-0.0817983202494357,-0.1017985332378
"Lhotse","snow_cover",2016,"Post",0.0624663202349099,0.21978021978022,0.817980152989163,0.576468859972111,0.435004557482451,0.28426672050376,0.50739306786008
"Lhotse","snow_cover",2017,"Pre",0.0893417114095138,0.0326086956521739,0.965860514964149,0.897131971549547,0.823292001101381,0.679108356861376,0.310652824908594
"Lhotse","snow_cover",2017,"Post",0.0333685135886046,0.010989010989011,0.70614683830266,0.361386220775439,0.133121486599233,-0.0610609713868566,-0.110088633687636
"Lhotse","snow_cover",2018,"Pre",0.0311253000024395,0.0543478260869565,0.803624538409435,0.52327902790394,0.387198304771067,0.298079819112907,-0.152521904608524
"Lhotse","snow_cover",2018,"Post",0.0513763369223718,0.142857142857143,0.945524221489669,0.826041125398191,0.673683796067428,0.234690074850061,0.069334860478087
"Lhotse","snow_cover",2019,"Pre",0.0978618231017712,0.0326086956521739,0.989641139427409,0.970187664363328,0.94822009728846,0.906324990984681,0.803602310020544
"Lhotse","snow_cover",2019,"Post",0.0678293289814626,0.142857142857143,0.887676150979187,0.705115644561278,0.565413318620417,0.47411375416587,0.220667741616947
"Lhotse","snow_cover",2020,"Pre",0.0605948093677575,0,0.935596306876475,0.804341332897729,0.693015009017226,0.634566486243231,0.577713607416174
"Lhotse","snow_cover",2020,"Post",0.0729772301236092,0.010989010989011,0.950908457007461,0.85614894744449,0.758895408128436,0.55548138094928,0.00507094982244957
"Lhotse","snow_cover",2021,"Pre",0.0719442146588118,0.0434782608695652,0.878875071313567,0.671598498749465,0.500771447857126,0.442084971424372,0.279572760647176
"Lhotse","snow_cover",2021,"Post",0.0907332049200953,0,0.951599249391219,0.848364697886026,0.729013081890331,0.508253733728907,0.23012929482121
"Lhotse","windspeed",1951,"Pre",0.203980394820737,0.184782608695652,0.763621387341882,0.58361259156132,0.423853679399466,0.401568445895323,0.288805316138232
"Lhotse","windspeed",1951,"Post",0.25012500443361,0.131868131868132,0.544432923504183,0.138801265163865,-0.0959237339423232,-0.0921872605955696,-0.122304102483078
"Lhotse","windspeed",1952,"Pre",0.26394057139624,0.347826086956522,0.43264250683825,-0.0170702462671631,-0.114416327388072,-0.188326870656972,-0.0145197879097249
"Lhotse","windspeed",1952,"Post",0.215590647645891,0.0549450549450549,0.585698445989895,0.268797092335274,0.227531629699501,0.0204468089380075,-0.193114446797083
"Lhotse","windspeed",1953,"Pre",0.260975127472588,0.25,0.648973776546276,0.438887294022676,0.357076632341825,0.139574384980449,-0.0948718606564315
"Lhotse","windspeed",1953,"Post",0.189442437376365,0.0549450549450549,0.514959364858632,0.103546721871423,-0.0323930833972365,-0.0826043099523319,-0.0347401423361842
"Lhotse","windspeed",1954,"Pre",0.165189770226533,0.0869565217391304,0.662254061115161,0.442261996465699,0.274140279135935,0.00905673556234913,-0.0790117991535204
"Lhotse","windspeed",1954,"Post",0.178268108790863,0.0659340659340659,0.715305996086333,0.520475564360852,0.352731048663409,0.409306489700995,0.302618869584471
"Lhotse","windspeed",1955,"Pre",0.189977011287987,0.0978260869565217,0.655517051328504,0.381619333125583,0.227690628886531,-0.0323295107115203,-0.121696442594455
"Lhotse","windspeed",1955,"Post",0.192902696728445,0.021978021978022,0.502827086379474,0.0550245312331184,-0.0784287671829953,0.097859574780365,0.145261693641254
"Lhotse","windspeed",1956,"Pre",0.200689972843897,0.0869565217391304,0.489997038330638,0.382702529355563,0.182002621639195,0.0663960610050507,-0.248166874332464
"Lhotse","windspeed",1956,"Post",0.254890049615979,0.175824175824176,0.625840632090889,0.254427076902141,0.194514345780574,0.311255027469773,-0.0560654294792933
"Lhotse","windspeed",1957,"Pre",0.198916630630719,0.0869565217391304,0.674566317455662,0.509878248053865,0.431875904944761,0.334594742903698,0.246659382021091
"Lhotse","windspeed",1957,"Post",0.18904198133448,0.131868131868132,0.496862435880741,0.200079637420614,0.128376733655751,0.108137891758324,-0.142205005034414
"Lhotse","windspeed",1958,"Pre",0.206484932452718,0.119565217391304,0.718453370985355,0.505730014013697,0.327495348542145,0.125640981093918,0.374017683537654
"Lhotse","windspeed",1958,"Post",0.234715599619265,0.0989010989010989,0.643936627050993,0.487880780903318,0.349839308653896,0.0774101374789147,-0.0142960067954676
"Lhotse","windspeed",1959,"Pre",0.188206755196236,0.0869565217391304,0.58419404593533,0.238159089091505,0.0146164591491349,-0.144832768367435,-0.0212565792657618
"Lhotse","windspeed",1959,"Post",0.297599162479371,0.21978021978022,0.63855566033778,0.461887973966057,0.457059757590186,0.51755997505609,0.473508082516308
"Lhotse","windspeed",1960,"Pre",0.155878176934281,0.0434782608695652,0.422876990992903,0.108304290363599,-0.0301076736550949,-0.0793841899343844,-0.134632695940327
"Lhotse","windspeed",1960,"Post",0.236334378659412,0.0989010989010989,0.638713978444276,0.300245914296138,0.239212328599078,0.461668530431423,0.476553639173347
"Lhotse","windspeed",1961,"Pre",0.16807877234904,0.0543478260869565,0.564947830352868,0.251451219982351,-0.022982163300226,-0.010695013699888,-0.420907746881709
"Lhotse","windspeed",1961,"Post",0.256364907716451,0.153846153846154,0.575869226876699,0.303068380204328,0.173601266536866,0.105167910771461,-0.169091955855641
"Lhotse","windspeed",1962,"Pre",0.193261915170843,0.0978260869565217,0.773604127067442,0.63065369049776,0.541042478936962,0.349365920950005,-0.0186772876917158
"Lhotse","windspeed",1962,"Post",0.217664282340532,0.186813186813187,0.763351016407685,0.617792188697397,0.521364719176046,0.377767998005589,0.124179409620686
"Lhotse","windspeed",1963,"Pre",0.209928033485338,0.0652173913043478,0.624395265696959,0.224109383594545,0.117034661872979,-0.0767717207627382,-0.151937022202737
"Lhotse","windspeed",1963,"Post",0.209399369588241,0.0659340659340659,0.591708616768897,0.362776199799231,0.213734782574079,-0.0618427890610136,-0.0817873434744402
"Lhotse","windspeed",1964,"Pre",0.175012316786949,0.0434782608695652,0.50150106489143,0.18935213690352,0.1105710917005,-0.00977013361994879,-0.166911148116239
"Lhotse","windspeed",1964,"Post",0.265582810114594,0.175824175824176,0.667769461352417,0.381253254234583,0.244120095273252,-0.0578767872835248,0.252688490605391
"Lhotse","windspeed",1965,"Pre",0.198902794199078,0.108695652173913,0.682567626562474,0.396170935009274,0.289228196792697,0.345107763141899,0.288221145200885
"Lhotse","windspeed",1965,"Post",0.185870510237796,0.010989010989011,0.282671151603642,0.218956731357834,0.0959063308333841,-0.147219402468916,0.162393883458959
"Lhotse","windspeed",1966,"Pre",0.14869418343791,0.0108695652173913,0.520274861853439,0.234473399061292,0.0551186694904405,-0.159234374246094,-0.125078607976335
"Lhotse","windspeed",1966,"Post",0.248694439302709,0.153846153846154,0.669954640265225,0.531926609344017,0.38095170541805,0.343882764798767,0.400256405789009
"Lhotse","windspeed",1967,"Pre",0.21473590986173,0.119565217391304,0.744905815658556,0.497327245451236,0.258315110449227,-0.143284241235549,0.108363624618495
"Lhotse","windspeed",1967,"Post",0.230162655784039,0.120879120879121,0.686974166497257,0.455316621260802,0.377682221228677,0.249053169678824,0.135028053727291
"Lhotse","windspeed",1968,"Pre",0.243982526504523,0.0978260869565217,0.664409563087084,0.48154891929491,0.316939164874302,0.0404570127083164,-0.149570194805774
"Lhotse","windspeed",1968,"Post",0.238638770297756,0.0879120879120879,0.621268219807045,0.316741573332478,0.11897558583775,0.162216002606838,-0.0799749671294946
"Lhotse","windspeed",1969,"Pre",0.242125136750529,0.119565217391304,0.642563597919018,0.350906241166757,0.152165141715642,0.037887611976217,-0.108366872978503
"Lhotse","windspeed",1969,"Post",0.209879816591323,0.043956043956044,0.63141314121767,0.405817099231219,0.33109010502039,0.155302385845855,0.213171836586702
"Lhotse","windspeed",1970,"Pre",0.178166831146956,0.0652173913043478,0.526359727864624,0.306124663011833,0.0991000214580741,-0.305691459486515,0.114284948096343
"Lhotse","windspeed",1970,"Post",0.269266183702118,0.164835164835165,0.698377649876328,0.456924788340168,0.255482103916286,0.0567499607352936,-0.0999534285573671
"Lhotse","windspeed",1971,"Pre",0.243111517769293,0.16304347826087,0.507661967183989,0.135326766292502,0.0551961034386779,-0.0499282580520031,-0.0823956763288027
"Lhotse","windspeed",1971,"Post",0.209092919556978,0.0659340659340659,0.50562849674606,0.11761245673831,0.0872578474990992,-0.0807325828114499,-0.190398522862227
"Lhotse","windspeed",1972,"Pre",0.189830251634817,0.0434782608695652,0.646603715124053,0.381329653970178,0.235991514783904,0.0308913447208815,-0.0400275947688805
"Lhotse","windspeed",1972,"Post",0.211136695405943,0.0659340659340659,0.56735548263886,0.24878934920014,0.257680727714835,-0.0382418349252456,0.0543332858210631
"Lhotse","windspeed",1973,"Pre",0.179262570011361,0.0543478260869565,0.636706783746272,0.46229023561291,0.274427308431234,0.109515063510138,-0.172231313219496
"Lhotse","windspeed",1973,"Post",0.281853339907338,0.164835164835165,0.531201591841012,0.100739215870576,0.0086864361590548,-0.0189352506714793,0.222549620127572
"Lhotse","windspeed",1974,"Pre",0.231259479287527,0.0434782608695652,0.452779666484905,0.128887634145843,0.169666263530111,0.212844533620608,-0.0102037496484774
"Lhotse","windspeed",1974,"Post",0.231507128202552,0.142857142857143,0.717929473009878,0.447511048005135,0.170179583525947,-0.128883145581297,0.369848472344008
"Lhotse","windspeed",1975,"Pre",0.203073318977168,0.0652173913043478,0.710270900370905,0.441539729503184,0.294689013424143,0.0840133094376918,-0.404499872914772
"Lhotse","windspeed",1975,"Post",0.269270649917483,0.208791208791209,0.770783632300437,0.565324088047365,0.376315903991063,0.364147414821139,0.297656015462081
"Lhotse","windspeed",1976,"Pre",0.23570888932911,0.173913043478261,0.733891761434032,0.608006872173611,0.58647931828321,0.355575614398359,-0.0449813860678132
"Lhotse","windspeed",1976,"Post",0.210400253406208,0.0879120879120879,0.657863761083901,0.345165452826122,0.263456963330135,0.380960540746963,0.297516938088774
"Lhotse","windspeed",1977,"Pre",0.185760730818503,0.0869565217391304,0.492199294751819,0.162259379039755,0.0674297781851187,-0.0336123466533351,-0.28116934596632
"Lhotse","windspeed",1977,"Post",0.219843037334726,0.0769230769230769,0.393902381064443,0.168710308676087,0.0101031279866504,0.00057446458686024,-0.127121830781597
"Lhotse","windspeed",1978,"Pre",0.20275271243594,0.108695652173913,0.585636798556859,0.242850735794113,0.157080144703126,0.081043480059258,-0.322873484561229
"Lhotse","windspeed",1978,"Post",0.265244453916958,0.142857142857143,0.763239979768485,0.559327976142624,0.534333491829558,0.517657773342909,0.313281271042825
"Lhotse","windspeed",1979,"Pre",0.219404811582856,0.0869565217391304,0.569009358172198,0.295013401892257,0.206649083581488,0.219334169964715,0.109170430216061
"Lhotse","windspeed",1979,"Post",0.211117589717303,0.0769230769230769,0.624071661531723,0.312826738614786,0.171320106310917,0.303886390439476,0.128420328622008
"Lhotse","windspeed",1980,"Pre",0.151357698804264,0.0217391304347826,0.423077145235401,0.0157693557208362,-0.00476251194103498,-0.0748798774511361,-0.135627755457193
"Lhotse","windspeed",1980,"Post",0.209992096504345,0.0659340659340659,0.501942035248127,0.241182144790511,0.153596116624118,-0.108930162060881,-0.24217513510171
"Lhotse","windspeed",1981,"Pre",0.209105357077842,0.0760869565217391,0.502137668323251,0.240743701904816,0.0354926166025319,0.295888409157589,0.0405856319540756
"Lhotse","windspeed",1981,"Post",0.171434249385941,0.0879120879120879,0.577950085361685,0.298358084799881,0.0849656870476987,-0.0415057403724857,0.0745782391229572
"Lhotse","windspeed",1982,"Pre",0.176835600928141,0.0543478260869565,0.616541624530383,0.323140844680651,0.210819065761952,0.013200452112116,-0.0686697608490579
"Lhotse","windspeed",1982,"Post",0.178413022100991,0.021978021978022,0.556211674878145,0.332156374229151,0.240822991461476,-0.0457202829282953,0.0172537932265742
"Lhotse","windspeed",1983,"Pre",0.197299971499551,0.108695652173913,0.706836544568799,0.560278353106591,0.445831682249292,0.412264300765795,0.310943166141563
"Lhotse","windspeed",1983,"Post",0.193138806743127,0.0549450549450549,0.422302813399281,-0.038430960844798,-0.146678703923226,-0.300997561068782,-0.00422162860226974
"Lhotse","windspeed",1984,"Pre",0.211214952270169,0.0869565217391304,0.755320041260418,0.548195085640523,0.340936253122612,-0.0330545564791428,-0.0800031949955583
"Lhotse","windspeed",1984,"Post",0.207809606343371,0.10989010989011,0.534709999305852,0.33080479000559,0.282839808923623,0.216723837350305,0.182137639148704
"Lhotse","windspeed",1985,"Pre",0.208845728483864,0.195652173913043,0.667070408825169,0.353085209355529,0.121985191847579,-0.031812452944769,0.207804772305081
"Lhotse","windspeed",1985,"Post",0.244914356486236,0.120879120879121,0.701366152180595,0.422994085459949,0.210039123047533,-0.12784162723883,-0.00993875661348821
"Lhotse","windspeed",1986,"Pre",0.182856367214312,0.0543478260869565,0.631239366510436,0.379076745713215,0.287168004493256,-0.00776872215340182,-0.0247751517716152
"Lhotse","windspeed",1986,"Post",0.21357158889632,0.0989010989010989,0.60084827625228,0.454241175280148,0.26027918808917,0.156996803794044,-0.0221503890030977
"Lhotse","windspeed",1987,"Pre",0.197328619898399,0.0978260869565217,0.679825873387136,0.376641931136963,0.179494616238935,0.0764893478268499,0.0106949031499825
"Lhotse","windspeed",1987,"Post",0.244187201974212,0.0879120879120879,0.609008442714004,0.174290523797881,-0.00458965052306553,0.027343391735414,-0.132480699027993
"Lhotse","windspeed",1988,"Pre",0.197419099809417,0.0543478260869565,0.509689811993032,0.176652186131213,0.0475730229398675,0.0472975877627637,-0.0649112557027501
"Lhotse","windspeed",1988,"Post",0.252916641206032,0.153846153846154,0.627805513022579,0.326162819463286,0.284599031361888,0.182614438397464,0.12804754931047
"Lhotse","windspeed",1989,"Pre",0.19334738684287,0.0543478260869565,0.649915714499609,0.327963123112564,0.0605868082433613,-0.044059985103839,-0.0344735693998619
"Lhotse","windspeed",1989,"Post",0.201100811662577,0.0989010989010989,0.637640576601254,0.300861705243614,0.0704424000348352,-0.0964569594778599,0.0015398833642813
"Lhotse","windspeed",1990,"Pre",0.182370063339553,0.0652173913043478,0.449609489387875,0.170831045495175,0.0339629234817264,-0.0955114097104419,-0.165478624674593
"Lhotse","windspeed",1990,"Post",0.205167643777449,0.0659340659340659,0.553502301453418,0.302166157157697,0.28113155660403,0.283566480556055,0.222610380736066
"Lhotse","windspeed",1991,"Pre",0.176427195586584,0.0326086956521739,0.601368551252693,0.280291557951925,0.103435816514612,0.00749620280443612,-0.026505003220991
"Lhotse","windspeed",1991,"Post",0.211287668298757,0.10989010989011,0.687621729859089,0.452346508124998,0.457197201772048,0.331217216763548,0.157053586873383
"Lhotse","windspeed",1992,"Pre",0.201166467701727,0.173913043478261,0.721890983270181,0.560834463786653,0.395967151175043,0.15217907380938,0.237485863967875
"Lhotse","windspeed",1992,"Post",0.22831300045672,0.0879120879120879,0.594234903100795,0.231336611240868,0.0866362317309803,-0.298247787728246,-0.153863845735269
"Lhotse","windspeed",1993,"Pre",0.254458615560569,0.130434782608696,0.761082518172734,0.620982939620938,0.472228865453339,0.288904938625502,-0.110228492675588
"Lhotse","windspeed",1993,"Post",0.231212264544013,0.142857142857143,0.597018361602554,0.351900311856929,0.275142634235037,0.18633297572812,0.0178588170844131
"Lhotse","windspeed",1994,"Pre",0.164599240006932,0.0217391304347826,0.614775458778635,0.247235353298379,0.085141610151048,0.0858773386239933,0.0242506621584926
"Lhotse","windspeed",1994,"Post",0.231860062572927,0.0549450549450549,0.700326030410464,0.545787501714704,0.354345057029442,0.30447477405239,0.0595122006201281
"Lhotse","windspeed",1995,"Pre",0.15773918475339,0.0434782608695652,0.572145585699869,0.318982304556799,0.300034859670623,0.0717603160686345,-0.287607573931603
"Lhotse","windspeed",1995,"Post",0.223493355626873,0.0769230769230769,0.45840815134543,0.309528286352494,0.13246446959035,0.118724851505921,0.154504777614296
"Lhotse","windspeed",1996,"Pre",0.198905305235297,0.108695652173913,0.674220853056461,0.537584368684492,0.33259781472659,0.0675957807619202,-0.217778133093645
"Lhotse","windspeed",1996,"Post",0.223369906588157,0.0989010989010989,0.722916285701611,0.404542733988988,0.234946401899963,0.144391604399619,0.160725716322001
"Lhotse","windspeed",1997,"Pre",0.206980074231247,0.130434782608696,0.688455753154543,0.509838293064127,0.474904081801831,0.206158558362107,0.123617409055419
"Lhotse","windspeed",1997,"Post",0.174752211964356,0.021978021978022,0.569461953681107,0.266550149004516,0.0693902229868519,0.0142137950703537,-0.0733987929094053
"Lhotse","windspeed",1998,"Pre",0.215788765254568,0.141304347826087,0.673715955850519,0.362262382494492,0.168758855437001,-0.00190277164610144,-0.13611016806724
"Lhotse","windspeed",1998,"Post",0.236660132185907,0.0989010989010989,0.655973082119204,0.397151367734263,0.154727989002438,0.0425356997725228,0.407936816191722
"Lhotse","windspeed",1999,"Pre",0.189576075069772,0.119565217391304,0.641153329146652,0.350938603076117,0.290938878568803,0.206640571702861,0.130883588502255
"Lhotse","windspeed",1999,"Post",0.261681401113462,0.131868131868132,0.670831953390588,0.44975716100611,0.379036628734016,0.279298070108321,0.0631854143667655
"Lhotse","windspeed",2000,"Pre",0.223097674405931,0.108695652173913,0.616869954002528,0.415397540825298,0.27237036035658,0.266736703725204,-0.00133385501461851
"Lhotse","windspeed",2000,"Post",0.310143673534748,0.197802197802198,0.626398123376808,0.416991083662251,0.461660112047599,0.377217555543864,0.0988754937941637
"Lhotse","windspeed",2001,"Pre",0.162191966540878,0.0326086956521739,0.331661917007542,0.0571969413070953,0.137349222384765,0.0689520268368706,-0.16058428855088
"Lhotse","windspeed",2001,"Post",0.172856594191215,0.0549450549450549,0.34995221556244,0.0771264852491092,0.0473376889813144,0.126964750618432,-0.282961913539355
"Lhotse","windspeed",2002,"Pre",0.200354701367515,0.0543478260869565,0.599174449655562,0.235516675208774,0.0106318984117279,-0.197627856371141,0.0118265404840588
"Lhotse","windspeed",2002,"Post",0.172014012454731,0.043956043956044,0.387889086336743,-0.0930225697886838,-0.04754490232553,0.168054301601815,0.070687395720013
"Lhotse","windspeed",2003,"Pre",0.216517406822784,0.108695652173913,0.664979302091229,0.435399634659067,0.24571744050728,0.132180870327664,0.202060318275213
"Lhotse","windspeed",2003,"Post",0.204450970830735,0.0769230769230769,0.587601406160609,0.219394874031962,0.040578100534935,-0.0334411237145951,0.000441622922703952
"Lhotse","windspeed",2004,"Pre",0.227197943169655,0.152173913043478,0.663999037577162,0.392187963135896,0.135165025535906,-0.0909763406467388,-0.310767656026385
"Lhotse","windspeed",2004,"Post",0.201235571534747,0.0659340659340659,0.372623224476505,0.0592300419563442,0.0168467442653682,-0.0301049748076773,0.0262912038259309
"Lhotse","windspeed",2005,"Pre",0.172306885811823,0.0434782608695652,0.675507176080793,0.481319122075052,0.395517161223764,0.275222805565007,0.118998209182249
"Lhotse","windspeed",2005,"Post",0.187605560921185,0.0989010989010989,0.605390679433903,0.298812796564285,0.287138681154079,0.0425375430397099,0.0954523182360639
"Lhotse","windspeed",2006,"Pre",0.210804478592949,0.0760869565217391,0.647576830809551,0.380754930934598,0.273823862442599,0.200398138417984,-0.128466329961901
"Lhotse","windspeed",2006,"Post",0.252865366323286,0.131868131868132,0.750380537218096,0.544933463978806,0.398853944194966,0.160342626061574,0.383027348672106
"Lhotse","windspeed",2007,"Pre",0.202281071410624,0.0543478260869565,0.677663064433036,0.477415732982189,0.289072672169589,-0.11762071731801,-0.230577123876548
"Lhotse","windspeed",2007,"Post",0.217388032831823,0.0879120879120879,0.640249543168847,0.303047337153445,0.18967144296073,0.0339248180783949,0.086611518204835
"Lhotse","windspeed",2008,"Pre",0.178702702686966,0.119565217391304,0.715834982765154,0.448477986396197,0.311738086684229,0.193040661331509,0.0801893182276482
"Lhotse","windspeed",2008,"Post",0.216278091991101,0.10989010989011,0.568353298407961,0.33922533443013,0.07535459020118,0.0222491024738917,-0.0442583705375761
"Lhotse","windspeed",2009,"Pre",0.20066604739049,0.315217391304348,0.574136239285763,0.243541855156078,0.07455641678571,-0.0405692474227531,0.00100851519149438
"Lhotse","windspeed",2009,"Post",0.206323576933274,0.0659340659340659,0.723882311167867,0.55082159820227,0.394063984407084,0.0283925819533004,-0.324820272052098
"Lhotse","windspeed",2010,"Pre",0.211490106951431,0.217391304347826,0.685553119960397,0.372869001933991,0.166237873636891,0.0240880079490631,-0.142926265747658
"Lhotse","windspeed",2010,"Post",0.207157159371753,0.0549450549450549,0.540746384348402,0.0854161879379282,-0.0288743413384117,-0.122574873515977,0.045284043044201
"Lhotse","windspeed",2011,"Pre",0.225895052141006,0.108695652173913,0.563009364677266,0.18107572185891,0.0847793181425739,0.174058609098276,0.0236104216317773
"Lhotse","windspeed",2011,"Post",0.228982425313997,0.0989010989010989,0.55626558095792,0.16178247689523,-0.0180070227220465,0.0778358883880337,-0.110620760071799
"Lhotse","windspeed",2012,"Pre",0.239766659200115,0.141304347826087,0.757056519436678,0.480860084058236,0.326290735463033,0.0805598982224965,-0.0122771295511285
"Lhotse","windspeed",2012,"Post",0.266937276885628,0.153846153846154,0.701222264285908,0.523761257048204,0.401721964168213,0.326650307285926,0.0994484698261706
"Lhotse","windspeed",2013,"Pre",0.206206420722166,0.0434782608695652,0.713631682439787,0.46818564661228,0.379415808433998,0.197796068206624,-0.0376552012163477
"Lhotse","windspeed",2013,"Post",0.180567185180715,0.032967032967033,0.32547519743131,-0.197912992945767,-0.241408115384612,0.0466944746890009,-0.118008188795138
"Lhotse","windspeed",2014,"Pre",0.190028890839544,0.0760869565217391,0.685119218271531,0.397625298779172,0.249154970366937,0.303296600933627,-0.0347866325380715
"Lhotse","windspeed",2014,"Post",0.246468244224511,0.0659340659340659,0.460568308591309,0.103412183888212,0.0541347598285111,0.0818193349829706,-0.216004366659367
"Lhotse","windspeed",2015,"Pre",0.188583020126642,0.130434782608696,0.582820890850508,0.355575636307489,0.273673614326228,0.0915302041419092,0.0355787579734149
"Lhotse","windspeed",2015,"Post",0.194366521565387,0.0769230769230769,0.499491877630465,0.274056617861793,0.0561167433241687,-0.0411309612343457,-0.0917923295019457
"Lhotse","windspeed",2016,"Pre",0.190324139465689,0.0652173913043478,0.654632870263051,0.457731372503826,0.274360139932733,0.209211503461891,-0.142027836876488
"Lhotse","windspeed",2016,"Post",0.234872573423595,0.0879120879120879,0.647463550497911,0.416784747297893,0.221050755746942,-0.0378281711469246,-0.105791830486191
"Lhotse","windspeed",2017,"Pre",0.24378274274149,0.0978260869565217,0.703526907950942,0.383986334574431,0.223166774732424,0.128242886636596,-0.131306243952186
"Lhotse","windspeed",2017,"Post",0.222663859916412,0.0879120879120879,0.621156103245173,0.375136538212654,0.212391251592019,0.0053040135469378,0.0115871207252251
"Lhotse","windspeed",2018,"Pre",0.212641979771941,0.0652173913043478,0.653556143705112,0.404785736386578,0.247510412666282,-0.00177451399674584,-0.177919368314641
"Lhotse","windspeed",2018,"Post",0.229833081450713,0.120879120879121,0.575871021557495,0.309817446050178,0.247323543294537,0.0693945526596113,0.091527568417946
"Lhotse","windspeed",2019,"Pre",0.189732318060015,0.0978260869565217,0.54379527018209,0.373918091755022,0.261522163470163,0.218101988161393,0.113037301884197
"Lhotse","windspeed",2019,"Post",0.218234961204484,0.0659340659340659,0.689099593840345,0.395731314924698,0.275033277508825,0.226660899660088,0.16542194179385
"Lhotse","windspeed",2020,"Pre",0.208592544835103,0.119565217391304,0.4834440288306,0.260708518343523,0.150663535767544,-0.032116177545977,-0.139651749082979
"Lhotse","windspeed",2020,"Post",0.257200658904344,0.10989010989011,0.628503298947313,0.443558591739377,0.409274222760787,0.189304227740815,0.0497649182941923
"Lhotse","windspeed",2021,"Pre",0.199882664148017,0.108695652173913,0.650582218911626,0.298186511017721,0.144360090664306,0.00906966515807838,0.0844092886596279
"Lhotse","windspeed",2021,"Post",0.271849985254401,0.164835164835165,0.596561084352918,0.258578294662213,0.0992780051872424,0.00376046848205343,0.171505648331693
"Makalu","2m_temperature",1951,"Pre",0.0162169824228431,0.0217391304347826,0.972100720216386,0.939949071734504,0.9093359839223,0.875850661594048,0.861098291345817
"Makalu","2m_temperature",1951,"Post",0.0183303434596693,0.043956043956044,0.980174280691651,0.95389795165422,0.933396353083989,0.894498041971125,0.828229166069119
"Makalu","2m_temperature",1952,"Pre",0.0207995306673945,0.228260869565217,0.981782977587327,0.954761017531659,0.934599113226491,0.923440011878065,0.879060002520362
"Makalu","2m_temperature",1952,"Post",0.0220347067993725,0.0989010989010989,0.983480845809217,0.964887511823165,0.950830344831818,0.931052317315738,0.864608325198987
"Makalu","2m_temperature",1953,"Pre",0.0150714702106463,0.0217391304347826,0.976803071610239,0.943148118175499,0.917295371951343,0.87917976935293,0.73951615562671
"Makalu","2m_temperature",1953,"Post",0.0247923245842869,0.175824175824176,0.981700640109086,0.953109582085979,0.92753456851709,0.89630028304636,0.830938490434771
"Makalu","2m_temperature",1954,"Pre",0.0154062100897341,0.0543478260869565,0.971046766712513,0.944770490076799,0.924522312075316,0.883856669207064,0.817457522829647
"Makalu","2m_temperature",1954,"Post",0.0229774372700517,0.120879120879121,0.991287977871304,0.978404000379735,0.965014566868008,0.944228967146254,0.872325181457508
"Makalu","2m_temperature",1955,"Pre",0.015062221322069,0.0652173913043478,0.955474027777117,0.886033305179669,0.831724374346499,0.763495580315787,0.703969367220522
"Makalu","2m_temperature",1955,"Post",0.0160360349095689,0.021978021978022,0.976909516850062,0.944178572743168,0.928945306916377,0.923134327942931,0.869118102199629
"Makalu","2m_temperature",1956,"Pre",0.0219182299371652,0.315217391304348,0.982911714279015,0.959845481773713,0.940303491838779,0.909403563061728,0.845604193083168
"Makalu","2m_temperature",1956,"Post",0.0246985473283874,0.241758241758242,0.988475169265984,0.969674372433656,0.953225917973577,0.912783964702924,0.841409908927292
"Makalu","2m_temperature",1957,"Pre",0.0176164387931802,0.152173913043478,0.962910878327278,0.920438217436366,0.890674087914879,0.840321849725953,0.745621918191865
"Makalu","2m_temperature",1957,"Post",0.0178076109125441,0.010989010989011,0.979051403355231,0.952199351828535,0.929177755140603,0.908918479288686,0.844485763610381
"Makalu","2m_temperature",1958,"Pre",0.0177971133078833,0.0760869565217391,0.979699462720478,0.952343922348736,0.93274836233432,0.903221785422642,0.846055405239974
"Makalu","2m_temperature",1958,"Post",0.0137733351366248,0.0549450549450549,0.975532095451948,0.935102179209711,0.902333756553161,0.880105678737089,0.851655958209319
"Makalu","2m_temperature",1959,"Pre",0.015636356967928,0.0326086956521739,0.959009949647669,0.907239030265269,0.864459652474505,0.858867075090058,0.862080187145862
"Makalu","2m_temperature",1959,"Post",0.0185474587116093,0.0549450549450549,0.986132378451914,0.968946147477358,0.952965055630769,0.92993098073623,0.884687864848603
"Makalu","2m_temperature",1960,"Pre",0.0177723144636332,0.173913043478261,0.970232946589439,0.938518606447749,0.903032833655651,0.857714762490322,0.792588974687342
"Makalu","2m_temperature",1960,"Post",0.0195244408375437,0.131868131868132,0.981808476499126,0.956665394983092,0.938239014245006,0.921223242662898,0.901051112129369
"Makalu","2m_temperature",1961,"Pre",0.0163841378431013,0.0326086956521739,0.968604690518291,0.930524357956534,0.901700118229986,0.877666706768387,0.863167953270876
"Makalu","2m_temperature",1961,"Post",0.0256527056621289,0.241758241758242,0.987097861830422,0.969315257804957,0.956476046827109,0.928432166342625,0.920616793233571
"Makalu","2m_temperature",1962,"Pre",0.0172540646881974,0.108695652173913,0.972437145711292,0.942746472830448,0.925175457103837,0.889908817081204,0.869537816555718
"Makalu","2m_temperature",1962,"Post",0.0171053533284112,0,0.983447587650896,0.959809154090028,0.943319486795973,0.91528203396762,0.846758556421197
"Makalu","2m_temperature",1963,"Pre",0.0169593519545331,0.108695652173913,0.969920018937213,0.929460674005514,0.897549064107333,0.896313311520001,0.858032347570409
"Makalu","2m_temperature",1963,"Post",0.0211586165286619,0.0879120879120879,0.983404950295957,0.969956716254897,0.963612844626056,0.957095539472504,0.908278091743733
"Makalu","2m_temperature",1964,"Pre",0.0129695093225711,0,0.946358977505724,0.895389410560406,0.863538796035352,0.827107936875999,0.681373223717648
"Makalu","2m_temperature",1964,"Post",0.0180019677170132,0.0549450549450549,0.98584486206431,0.969336821440112,0.950537791069104,0.91048606795275,0.891410156758832
"Makalu","2m_temperature",1965,"Pre",0.0195965215134693,0.119565217391304,0.972832123784735,0.929764110720668,0.900977832082658,0.873254583542473,0.806448008633494
"Makalu","2m_temperature",1965,"Post",0.021413366865659,0.120879120879121,0.977519487613355,0.941930880124608,0.912703780575688,0.870013858536728,0.898076824605208
"Makalu","2m_temperature",1966,"Pre",0.0168771988596766,0.0543478260869565,0.958052476838626,0.898924041579679,0.865999041105642,0.848461509392879,0.804021206325147
"Makalu","2m_temperature",1966,"Post",0.0155145724196839,0.043956043956044,0.975755859200203,0.944739859048351,0.925498709816001,0.903294186214849,0.836217124508591
"Makalu","2m_temperature",1967,"Pre",0.0165372509970548,0.0434782608695652,0.949011478289921,0.888916707145291,0.839709582008138,0.743605093837346,0.800365682391899
"Makalu","2m_temperature",1967,"Post",0.0258685578085253,0.263736263736264,0.987343913358552,0.972637460302566,0.963765323988446,0.952249065828075,0.92926701413176
"Makalu","2m_temperature",1968,"Pre",0.0148433503453063,0,0.954800372253824,0.905734763679502,0.880585411342515,0.81127798111199,0.753289357948686
"Makalu","2m_temperature",1968,"Post",0.0242736221911593,0.120879120879121,0.990775129274254,0.975464733900928,0.957168110206837,0.931130934813357,0.882096410415856
"Makalu","2m_temperature",1969,"Pre",0.014455448900549,0.0652173913043478,0.959707594045442,0.899597074268785,0.852987533373003,0.753577929616018,0.545268772462971
"Makalu","2m_temperature",1969,"Post",0.0157439028646807,0.0659340659340659,0.982673601868412,0.963931447386035,0.947383999691794,0.917052042426481,0.857666075653513
"Makalu","2m_temperature",1970,"Pre",0.0206877441445587,0.141304347826087,0.975573472706461,0.942841636573129,0.908000376494303,0.856452508352573,0.868657925009239
"Makalu","2m_temperature",1970,"Post",0.0210892176474688,0.0879120879120879,0.986382878087746,0.966000042000016,0.947993616804635,0.928590438130666,0.838384657759343
"Makalu","2m_temperature",1971,"Pre",0.0152609860510564,0.0543478260869565,0.968876767142321,0.938431067133583,0.927176091941388,0.903756932198839,0.854752549468304
"Makalu","2m_temperature",1971,"Post",0.0253148444930081,0.263736263736264,0.987254955972161,0.966690541626974,0.949276125465775,0.920914451494879,0.865540182970649
"Makalu","2m_temperature",1972,"Pre",0.0170182044167094,0.108695652173913,0.956526797009969,0.904233999331189,0.88444805907286,0.83915738547859,0.803482288086892
"Makalu","2m_temperature",1972,"Post",0.0225432457295843,0.208791208791209,0.979394792767998,0.942638516287868,0.903718777535079,0.829736736832812,0.79062417125532
"Makalu","2m_temperature",1973,"Pre",0.0192593106412598,0.0978260869565217,0.972002857525825,0.948449552883096,0.93338972799438,0.909804251586093,0.872180642002338
"Makalu","2m_temperature",1973,"Post",0.024602097083906,0.197802197802198,0.983210352129469,0.957602277635391,0.937843759756296,0.914654955067671,0.903969861549195
"Makalu","2m_temperature",1974,"Pre",0.0144911835135197,0.0326086956521739,0.969416505717355,0.932497417390467,0.901621890966282,0.829286210670613,0.713056646094626
"Makalu","2m_temperature",1974,"Post",0.0209589081105028,0.0659340659340659,0.980901110174232,0.950947713165569,0.922284413030272,0.872110720056961,0.765971935193138
"Makalu","2m_temperature",1975,"Pre",0.0176284975411893,0.0434782608695652,0.970456380099051,0.91879279405578,0.862822224652161,0.771802680601024,0.725214454850052
"Makalu","2m_temperature",1975,"Post",0.0169230350808216,0.021978021978022,0.984482598489065,0.965404074738239,0.94707593339244,0.924586687322087,0.890984365591089
"Makalu","2m_temperature",1976,"Pre",0.0171131896073927,0.130434782608696,0.959765707342705,0.922056831948374,0.912893328580624,0.862810850624539,0.79341793508588
"Makalu","2m_temperature",1976,"Post",0.0127942276532374,0.010989010989011,0.964317638815317,0.905769603639603,0.837001387248912,0.734460916503231,0.771417668572334
"Makalu","2m_temperature",1977,"Pre",0.0117650511200743,0.0326086956521739,0.916261594768133,0.804158157203108,0.723628290762913,0.618371683887637,0.532564597543019
"Makalu","2m_temperature",1977,"Post",0.0164058360647767,0.021978021978022,0.971463766318023,0.930348667631799,0.903870188819406,0.854963921181341,0.675474210729726
"Makalu","2m_temperature",1978,"Pre",0.0226570505882834,0.239130434782609,0.980257968838819,0.953024349497018,0.93197824688692,0.921671616484002,0.884882809117241
"Makalu","2m_temperature",1978,"Post",0.0171114908028386,0,0.978675071711655,0.948702173404919,0.931298597878262,0.919552936491506,0.87296091388653
"Makalu","2m_temperature",1979,"Pre",0.0199582315160634,0.130434782608696,0.974881207203976,0.940850324509172,0.915100869778657,0.894674144739167,0.877626380905967
"Makalu","2m_temperature",1979,"Post",0.0143377931910846,0.010989010989011,0.976308797279566,0.939806387560008,0.908405551704881,0.844375121634748,0.615075153800644
"Makalu","2m_temperature",1980,"Pre",0.0187816247636241,0.141304347826087,0.972516895596921,0.954558109985594,0.936850838476581,0.928713057681218,0.902640217341213
"Makalu","2m_temperature",1980,"Post",0.018456539474684,0.0989010989010989,0.978936692581923,0.950201840911024,0.93924462192334,0.927066741801309,0.884284614477499
"Makalu","2m_temperature",1981,"Pre",0.0174008133995739,0.0760869565217391,0.95549894747189,0.89408958376217,0.85887661077447,0.850992206654365,0.841820046173594
"Makalu","2m_temperature",1981,"Post",0.0215665442313773,0.142857142857143,0.979516161465417,0.942124511111235,0.909622369124239,0.872448876171514,0.855184291596924
"Makalu","2m_temperature",1982,"Pre",0.017086930021039,0.108695652173913,0.962477419257995,0.915501049007381,0.871980006801446,0.801275160005372,0.700384693143338
"Makalu","2m_temperature",1982,"Post",0.021086944623217,0.142857142857143,0.978771330198507,0.948081525074437,0.925895802428689,0.866868615334538,0.817909049803599
"Makalu","2m_temperature",1983,"Pre",0.0165004680735061,0.0652173913043478,0.94124845770278,0.863523225143147,0.798613637017315,0.731445552337047,0.737901578032354
"Makalu","2m_temperature",1983,"Post",0.0233230569425354,0.10989010989011,0.987050462673,0.973583937091838,0.965502934934493,0.943835706900191,0.915381055409951
"Makalu","2m_temperature",1984,"Pre",0.0172627804541622,0.141304347826087,0.97559462271776,0.939058460821333,0.905269717075026,0.874401853593904,0.801262507083416
"Makalu","2m_temperature",1984,"Post",0.0209698123573866,0.0989010989010989,0.981546597429144,0.959196626405759,0.947386000034421,0.933573505796226,0.876012941867502
"Makalu","2m_temperature",1985,"Pre",0.0118047504080987,0.0869565217391304,0.930716206033673,0.834522658638418,0.752091766127587,0.65440368977485,0.638036840104136
"Makalu","2m_temperature",1985,"Post",0.0216777318630787,0.0879120879120879,0.978035224589544,0.946355503536136,0.920673687832805,0.900789138427083,0.8247179928956
"Makalu","2m_temperature",1986,"Pre",0.0144953878142396,0.0434782608695652,0.94626204921897,0.863382488143855,0.794186216512844,0.703247153492528,0.708762803326793
"Makalu","2m_temperature",1986,"Post",0.020554912637033,0.120879120879121,0.979140718358216,0.957147009922324,0.936326178771874,0.914724036820321,0.835383374415168
"Makalu","2m_temperature",1987,"Pre",0.0153180062167347,0.0543478260869565,0.959058735841024,0.90084205004738,0.850132803592105,0.789273436167823,0.678152011655464
"Makalu","2m_temperature",1987,"Post",0.0208973999222607,0.10989010989011,0.977374219893608,0.94149054791995,0.906835623406538,0.857985966063597,0.760025746157785
"Makalu","2m_temperature",1988,"Pre",0.0169535925396288,0.0978260869565217,0.953753928487609,0.911688097260993,0.875364276910392,0.830339312223741,0.863531425547428
"Makalu","2m_temperature",1988,"Post",0.0201164803469909,0.0989010989010989,0.988705742068645,0.972497390588368,0.957775542906695,0.937500215669668,0.880341875611289
"Makalu","2m_temperature",1989,"Pre",0.0174177896507039,0.141304347826087,0.963455959652113,0.919580710025997,0.894340916297107,0.862599917985177,0.769539961264633
"Makalu","2m_temperature",1989,"Post",0.0221062136239449,0.131868131868132,0.987072223691794,0.965559955580559,0.946977482337416,0.920753393297856,0.895434528136416
"Makalu","2m_temperature",1990,"Pre",0.0220298138884296,0.282608695652174,0.984303263345009,0.963960599956583,0.94746304860911,0.920280889232891,0.871933121649568
"Makalu","2m_temperature",1990,"Post",0.0185738827001605,0.0769230769230769,0.983798012158375,0.95961350537957,0.936991059463156,0.894656689620279,0.860972607889787
"Makalu","2m_temperature",1991,"Pre",0.0168367833073082,0.0978260869565217,0.951124218797949,0.901388303687417,0.879335828381062,0.850009323865657,0.831900440803913
"Makalu","2m_temperature",1991,"Post",0.0208681146482231,0.142857142857143,0.984091693193389,0.958945925109961,0.93689424053486,0.915503277363734,0.932511475207105
"Makalu","2m_temperature",1992,"Pre",0.0116200563135,0.0108695652173913,0.912489223600034,0.794861331092439,0.720410793302994,0.626245609825645,0.529371571608377
"Makalu","2m_temperature",1992,"Post",0.0201448063879892,0.120879120879121,0.985021538135709,0.96674526331948,0.94892054711901,0.909097047778069,0.873696280085279
"Makalu","2m_temperature",1993,"Pre",0.0205971715681238,0.0978260869565217,0.979897549450309,0.953295566854886,0.931407039389026,0.911671963701533,0.853144320542641
"Makalu","2m_temperature",1993,"Post",0.0162789161251405,0,0.982549655636257,0.961867384684009,0.944446464118804,0.902470461032408,0.836612762083572
"Makalu","2m_temperature",1994,"Pre",0.0165683464376119,0.141304347826087,0.953594058614794,0.888963706234418,0.836621688244281,0.816706296821658,0.724161703714772
"Makalu","2m_temperature",1994,"Post",0.0247334969794082,0.263736263736264,0.990680706266649,0.977962563858685,0.9690909248704,0.964472051784913,0.944241670741863
"Makalu","2m_temperature",1995,"Pre",0.0211844725497616,0.217391304347826,0.978835491623774,0.953202970655705,0.925438522801982,0.863628119892707,0.78034174215105
"Makalu","2m_temperature",1995,"Post",0.0226545293849743,0.153846153846154,0.970435198702489,0.934420796020423,0.913130712728589,0.914050763497192,0.880641167529548
"Makalu","2m_temperature",1996,"Pre",0.0167956662032972,0.0652173913043478,0.958813683449541,0.9023350404262,0.843185627220035,0.745931810299843,0.672704176817364
"Makalu","2m_temperature",1996,"Post",0.0165288632254495,0.021978021978022,0.975865788929099,0.943379995519993,0.917973088473875,0.872514313978595,0.817851808586367
"Makalu","2m_temperature",1997,"Pre",0.0143116649345869,0.0326086956521739,0.94578393877656,0.873462797305806,0.81895413446666,0.717265226648107,0.677388686711011
"Makalu","2m_temperature",1997,"Post",0.023075856623977,0.175824175824176,0.98318062188523,0.962543927258514,0.951235029611972,0.933609526296925,0.903972128407724
"Makalu","2m_temperature",1998,"Pre",0.0216723687760755,0.206521739130435,0.973941807926774,0.945813066410278,0.922704178869017,0.896906515010876,0.841085936342174
"Makalu","2m_temperature",1998,"Post",0.0174481728925712,0.021978021978022,0.981022170137146,0.9474116434766,0.915690381077222,0.854695206153749,0.860040198132577
"Makalu","2m_temperature",1999,"Pre",0.017297152055801,0.130434782608696,0.969172948548874,0.912856792371412,0.857142535489138,0.773482060120044,0.786984350018824
"Makalu","2m_temperature",1999,"Post",0.0210557936953181,0.0879120879120879,0.974442226842137,0.944850086946054,0.922417060039926,0.891577144400293,0.93599955591292
"Makalu","2m_temperature",2000,"Pre",0.0206672525698147,0.239130434782609,0.9821476997767,0.95910277780441,0.943324069763234,0.914661566686972,0.856267139442575
"Makalu","2m_temperature",2000,"Post",0.0160258513409185,0.043956043956044,0.968223244398074,0.914918689694742,0.869214854726152,0.821921902136005,0.749241067395623
"Makalu","2m_temperature",2001,"Pre",0.0191179190486974,0.0978260869565217,0.979805806367001,0.961914703323886,0.945778909512914,0.931301034641234,0.904122131905733
"Makalu","2m_temperature",2001,"Post",0.0174496395549423,0.010989010989011,0.977475619850392,0.949003783317114,0.927462245490835,0.899986311136376,0.822263468544187
"Makalu","2m_temperature",2002,"Pre",0.0178767330248658,0.0978260869565217,0.96338379725294,0.903250531192215,0.838660244774833,0.731087629170706,0.635493335213884
"Makalu","2m_temperature",2002,"Post",0.0188894966474879,0.032967032967033,0.975986527915934,0.940083901228903,0.919808472756636,0.920155025739359,0.84747029590717
"Makalu","2m_temperature",2003,"Pre",0.0164754628897637,0.0652173913043478,0.972668600411762,0.927132729010007,0.890437324271249,0.836630254364867,0.765161727476882
"Makalu","2m_temperature",2003,"Post",0.0217991585836896,0.120879120879121,0.985753158852123,0.962278329392099,0.94064641083968,0.91635098028834,0.913097329757549
"Makalu","2m_temperature",2004,"Pre",0.0142647413585439,0.130434782608696,0.958542456309418,0.890681340172391,0.820913480878625,0.700825169969677,0.501802322014479
"Makalu","2m_temperature",2004,"Post",0.026079409575478,0.263736263736264,0.985590913437271,0.96272801997337,0.944104674229872,0.91409540125838,0.859272294163909
"Makalu","2m_temperature",2005,"Pre",0.0148178981994969,0.0434782608695652,0.94910988247742,0.878196322199346,0.813623003521248,0.736628978329621,0.74656296804086
"Makalu","2m_temperature",2005,"Post",0.0212792529563603,0.10989010989011,0.983238852535072,0.959697240904424,0.941835968239967,0.899592378385261,0.799072046295123
"Makalu","2m_temperature",2006,"Pre",0.0191202942588237,0.152173913043478,0.966147589474989,0.914697834922349,0.879162922959816,0.867746971323729,0.810111122399962
"Makalu","2m_temperature",2006,"Post",0.0220531500818929,0.0879120879120879,0.983916239153811,0.961643201984962,0.943871062006145,0.917034478234313,0.895720985850728
"Makalu","2m_temperature",2007,"Pre",0.0194688232439003,0.141304347826087,0.973276520938425,0.932960193325873,0.901534441334957,0.883945292689916,0.797193736054683
"Makalu","2m_temperature",2007,"Post",0.0213381697040435,0.153846153846154,0.977670602192961,0.937657764397884,0.887745001068454,0.786982298158508,0.724715645157978
"Makalu","2m_temperature",2008,"Pre",0.0148703099823788,0.0108695652173913,0.968932720916815,0.926635781387655,0.89347302629083,0.859143552077871,0.873986008097132
"Makalu","2m_temperature",2008,"Post",0.015557434048821,0,0.965377045457911,0.915476052955095,0.880200558671522,0.835847966608269,0.774361151083984
"Makalu","2m_temperature",2009,"Pre",0.0152110282272103,0.0543478260869565,0.956124262279518,0.903635150139916,0.863641361239488,0.780460045607044,0.661507821202839
"Makalu","2m_temperature",2009,"Post",0.0217510656592021,0.0549450549450549,0.984587543686968,0.956640224597015,0.923666741195183,0.856292921750062,0.783600793692172
"Makalu","2m_temperature",2010,"Pre",0.0146936885061714,0.0326086956521739,0.953885966298348,0.893357973108233,0.838020196018597,0.696674140465239,0.567376619423445
"Makalu","2m_temperature",2010,"Post",0.0188908138543139,0.10989010989011,0.970697987448546,0.921667615808787,0.871865952864333,0.833883171419165,0.834119549750221
"Makalu","2m_temperature",2011,"Pre",0.0178505006084143,0.0543478260869565,0.970360205166243,0.935822160080659,0.904272052981803,0.85378826391208,0.857896716825324
"Makalu","2m_temperature",2011,"Post",0.0209200231314696,0.131868131868132,0.977177964692394,0.940921180307008,0.908591295841827,0.873463805120423,0.775999456324435
"Makalu","2m_temperature",2012,"Pre",0.0183597062519603,0.16304347826087,0.966853203871513,0.921402165205444,0.886171297088505,0.849716217265754,0.764467833742413
"Makalu","2m_temperature",2012,"Post",0.0218848826606192,0.0879120879120879,0.985098400059512,0.965753704273751,0.948230488493002,0.907230168082904,0.870980154856988
"Makalu","2m_temperature",2013,"Pre",0.0183299910820756,0.173913043478261,0.972620482839341,0.938846750941184,0.931635972338416,0.895521482713594,0.866630772982263
"Makalu","2m_temperature",2013,"Post",0.0220551265095531,0.0989010989010989,0.982450233263441,0.960500236475451,0.937813530470995,0.902494923915892,0.820030519158435
"Makalu","2m_temperature",2014,"Pre",0.0186826927778975,0.130434782608696,0.975743919155867,0.942678504176334,0.910847333696951,0.859190765410268,0.897766576037835
"Makalu","2m_temperature",2014,"Post",0.0192229613412838,0.0659340659340659,0.975720941094876,0.940428212880894,0.90967217350878,0.855422573299398,0.740144931497078
"Makalu","2m_temperature",2015,"Pre",0.016265411154907,0.0543478260869565,0.965145453043151,0.932163835670727,0.900875622822381,0.840733793177644,0.77343083145959
"Makalu","2m_temperature",2015,"Post",0.0186274878256579,0.010989010989011,0.979193359383189,0.948901191134718,0.922664861590331,0.917958646661535,0.89516111269414
"Makalu","2m_temperature",2016,"Pre",0.0135789505554903,0,0.946854048340322,0.871208840334059,0.817267750419729,0.784591287670518,0.731469781175783
"Makalu","2m_temperature",2016,"Post",0.0176275014358386,0.0769230769230769,0.987266846481994,0.971318553079935,0.952283746351664,0.911589711343623,0.866588972019838
"Makalu","2m_temperature",2017,"Pre",0.0179633555046771,0.119565217391304,0.969644575686989,0.939115660325815,0.902450170375956,0.839033403139633,0.682194970018709
"Makalu","2m_temperature",2017,"Post",0.0199629549830518,0.010989010989011,0.98723152269262,0.974467678183141,0.962222670086347,0.945439701223034,0.869567651151638
"Makalu","2m_temperature",2018,"Pre",0.0151674802004426,0.0869565217391304,0.957630188072994,0.919429437251704,0.894741729741019,0.866877173763764,0.791289056156559
"Makalu","2m_temperature",2018,"Post",0.0196762599662403,0.0769230769230769,0.979815722814216,0.957102504182332,0.94550001226264,0.912662005824422,0.863792373368558
"Makalu","2m_temperature",2019,"Pre",0.0166477434263125,0.0652173913043478,0.962118435505435,0.927868469795798,0.912757258346021,0.890960379154914,0.840822408556682
"Makalu","2m_temperature",2019,"Post",0.017069443905313,0.175824175824176,0.989815452092939,0.973990400581933,0.95824702742781,0.933363502496912,0.932203927279791
"Makalu","2m_temperature",2020,"Pre",0.0178216608601887,0.130434782608696,0.968253534542986,0.936039969837117,0.904738753273337,0.83427597613649,0.746713623916601
"Makalu","2m_temperature",2020,"Post",0.0231240879478416,0.241758241758242,0.987197797087914,0.971397281944028,0.961129828811359,0.943850740730631,0.902304896496136
"Makalu","2m_temperature",2021,"Pre",0.0157210542497935,0.141304347826087,0.962481946631464,0.90953022975578,0.857824873262317,0.815376762040694,0.778037841000173
"Makalu","2m_temperature",2021,"Post",0.0182497585397863,0.0769230769230769,0.982728887662953,0.952680239731923,0.923802722999427,0.874230474659161,0.800898268634364
"Makalu","snow_cover",1951,"Pre",0,0,NA,NA,NA,NA,NA
"Makalu","snow_cover",1951,"Post",0,0,NA,NA,NA,NA,NA
"Makalu","snow_cover",1952,"Pre",0,0,NA,NA,NA,NA,NA
"Makalu","snow_cover",1952,"Post",0,0,NA,NA,NA,NA,NA
"Makalu","snow_cover",1953,"Pre",0,0,NA,NA,NA,NA,NA
"Makalu","snow_cover",1953,"Post",0.007167169891791,0,0.96230677825079,0.900793926336767,0.831359369979521,0.696182562482642,0.516008335075194
"Makalu","snow_cover",1954,"Pre",0,0,NA,NA,NA,NA,NA
"Makalu","snow_cover",1954,"Post",0.00653932837293941,0,0.95967110265783,0.877868390926567,0.776937227106108,0.554603210558327,0.0588805033885432
"Makalu","snow_cover",1955,"Pre",0,0,NA,NA,NA,NA,NA
"Makalu","snow_cover",1955,"Post",0.00578721337460993,0,0.966362532717233,0.905249838723829,0.84727262698983,0.708144969338236,0.316493815566101
"Makalu","snow_cover",1956,"Pre",0,0,NA,NA,NA,NA,NA
"Makalu","snow_cover",1956,"Post",0.17268600529471,0.0769230769230769,0.981687782556647,0.947044694046785,0.906482317269504,0.820750587110449,0.673629633989367
"Makalu","snow_cover",1957,"Pre",0,0,NA,NA,NA,NA,NA
"Makalu","snow_cover",1957,"Post",0,0,NA,NA,NA,NA,NA
"Makalu","snow_cover",1958,"Pre",0,0,NA,NA,NA,NA,NA
"Makalu","snow_cover",1958,"Post",0,0,NA,NA,NA,NA,NA
"Makalu","snow_cover",1959,"Pre",0,0,NA,NA,NA,NA,NA
"Makalu","snow_cover",1959,"Post",0,0,NA,NA,NA,NA,NA
"Makalu","snow_cover",1960,"Pre",0,0,NA,NA,NA,NA,NA
"Makalu","snow_cover",1960,"Post",0.178692492658049,0.186813186813187,0.976116544618908,0.937461211461818,0.899739862840379,0.8362828355931,0.746442284983029
"Makalu","snow_cover",1961,"Pre",0,0,NA,NA,NA,NA,NA
"Makalu","snow_cover",1961,"Post",0.178114122402447,0.120879120879121,0.983812378230994,0.957587239632828,0.942905557415394,0.924195768372494,0.80084356744168
"Makalu","snow_cover",1962,"Pre",0,0,NA,NA,NA,NA,NA
"Makalu","snow_cover",1962,"Post",0.00254625715640754,0,0.943413829237041,0.832787750889316,0.721362380691235,0.576696994702416,0.264981175219133
"Makalu","snow_cover",1963,"Pre",0,0,NA,NA,NA,NA,NA
"Makalu","snow_cover",1963,"Post",0.00597535753823561,0,0.973729300434305,0.907181422277543,0.816698188818814,0.599745711806713,0.0356237695156703
"Makalu","snow_cover",1964,"Pre",0,0,NA,NA,NA,NA,NA
"Makalu","snow_cover",1964,"Post",0.00820654244905976,0,0.971220424637976,0.910209296645506,0.835921658374945,0.695599239679697,0.551498853526755
"Makalu","snow_cover",1965,"Pre",0,0,NA,NA,NA,NA,NA
"Makalu","snow_cover",1965,"Post",0.00571817369034689,0,0.946724622530436,0.836251152125791,0.712541639849695,0.499975515911833,0.142772127500984
"Makalu","snow_cover",1966,"Pre",0,0,NA,NA,NA,NA,NA
"Makalu","snow_cover",1966,"Post",0.111313925586211,0.010989010989011,0.959744443898928,0.875959167306622,0.786718542495426,0.626291706899882,0.43781525981671
"Makalu","snow_cover",1967,"Pre",0,0,NA,NA,NA,NA,NA
"Makalu","snow_cover",1967,"Post",0.117159627525041,0.021978021978022,0.935898609929876,0.828164797479234,0.720260716368244,0.543108993029668,0.325436634009329
"Makalu","snow_cover",1968,"Pre",0,0,NA,NA,NA,NA,NA
"Makalu","snow_cover",1968,"Post",0,0,NA,NA,NA,NA,NA
"Makalu","snow_cover",1969,"Pre",0,0,NA,NA,NA,NA,NA
"Makalu","snow_cover",1969,"Post",0.123539493924769,0.032967032967033,0.965208191776952,0.887129196004871,0.781301474925004,0.530026085178008,0.118215649324235
"Makalu","snow_cover",1970,"Pre",0,0,NA,NA,NA,NA,NA
"Makalu","snow_cover",1970,"Post",0.096236208585433,0,0.924340356453561,0.818670578451948,0.718420028982211,0.54192723937545,0.279182214630961
"Makalu","snow_cover",1971,"Pre",0,0,NA,NA,NA,NA,NA
"Makalu","snow_cover",1971,"Post",0.160585012702481,0.043956043956044,0.985727529451689,0.966813085404044,0.945903403840164,0.900929618285069,0.737618869235614
"Makalu","snow_cover",1972,"Pre",0,0,NA,NA,NA,NA,NA
"Makalu","snow_cover",1972,"Post",0.12398103453122,0.0659340659340659,0.942829462175326,0.817752025919069,0.665122915516833,0.43425739752932,-0.034482369310653
"Makalu","snow_cover",1973,"Pre",0,0,NA,NA,NA,NA,NA
"Makalu","snow_cover",1973,"Post",0,0,NA,NA,NA,NA,NA
"Makalu","snow_cover",1974,"Pre",0,0,NA,NA,NA,NA,NA
"Makalu","snow_cover",1974,"Post",0,0,NA,NA,NA,NA,NA
"Makalu","snow_cover",1975,"Pre",0,0,NA,NA,NA,NA,NA
"Makalu","snow_cover",1975,"Post",0,0,NA,NA,NA,NA,NA
"Makalu","snow_cover",1976,"Pre",0,0,NA,NA,NA,NA,NA
"Makalu","snow_cover",1976,"Post",0.00660115922996213,0,0.976320160342459,0.924497820553906,0.865224253585961,0.740830727335139,0.430152314855914
"Makalu","snow_cover",1977,"Pre",0,0,NA,NA,NA,NA,NA
"Makalu","snow_cover",1977,"Post",0.00502785147368736,0,0.975223018328554,0.91709872398033,0.840544432262038,0.652132349889163,0.183939981997901
"Makalu","snow_cover",1978,"Pre",0,0,NA,NA,NA,NA,NA
"Makalu","snow_cover",1978,"Post",0.00850047529369879,0,0.964082602549808,0.905305433689901,0.86607279648903,0.811689365742453,0.596135384134264
"Makalu","snow_cover",1979,"Pre",0,0,NA,NA,NA,NA,NA
"Makalu","snow_cover",1979,"Post",0.00227958830626262,0,0.890347477281435,0.656454418924781,0.401294948164553,-0.00558158148944767,-0.074051989591363
"Makalu","snow_cover",1980,"Pre",0,0,NA,NA,NA,NA,NA
"Makalu","snow_cover",1980,"Post",0,0,NA,NA,NA,NA,NA
"Makalu","snow_cover",1981,"Pre",0,0,NA,NA,NA,NA,NA
"Makalu","snow_cover",1981,"Post",0.152264293884954,0.032967032967033,0.949560160652921,0.854520440649395,0.748604180406169,0.579204604633045,0.537906867677272
"Makalu","snow_cover",1982,"Pre",0,0,NA,NA,NA,NA,NA
"Makalu","snow_cover",1982,"Post",0.14352169655766,0.0549450549450549,0.978600014121165,0.936621161378617,0.889937956261178,0.787053755582442,0.700222003721529
"Makalu","snow_cover",1983,"Pre",0,0,NA,NA,NA,NA,NA
"Makalu","snow_cover",1983,"Post",0,0,NA,NA,NA,NA,NA
"Makalu","snow_cover",1984,"Pre",0,0,NA,NA,NA,NA,NA
"Makalu","snow_cover",1984,"Post",0.140396368884968,0.0549450549450549,0.933855651832123,0.774496086413047,0.57452251302029,0.213114375444131,0.314240566555533
"Makalu","snow_cover",1985,"Pre",0,0,NA,NA,NA,NA,NA
"Makalu","snow_cover",1985,"Post",0,0,NA,NA,NA,NA,NA
"Makalu","snow_cover",1986,"Pre",0,0,NA,NA,NA,NA,NA
"Makalu","snow_cover",1986,"Post",0,0,NA,NA,NA,NA,NA
"Makalu","snow_cover",1987,"Pre",0,0,NA,NA,NA,NA,NA
"Makalu","snow_cover",1987,"Post",0,0,NA,NA,NA,NA,NA
"Makalu","snow_cover",1988,"Pre",0,0,NA,NA,NA,NA,NA
"Makalu","snow_cover",1988,"Post",0,0,NA,NA,NA,NA,NA
"Makalu","snow_cover",1989,"Pre",0,0,NA,NA,NA,NA,NA
"Makalu","snow_cover",1989,"Post",0,0,NA,NA,NA,NA,NA
"Makalu","snow_cover",1990,"Pre",0,0,NA,NA,NA,NA,NA
"Makalu","snow_cover",1990,"Post",0.0923804666974818,0,0.875275493210663,0.715700577026955,0.625431527913202,0.556429245492255,0.142399135775284
"Makalu","snow_cover",1991,"Pre",0,0,NA,NA,NA,NA,NA
"Makalu","snow_cover",1991,"Post",0.152912146942234,0.032967032967033,0.935147763399422,0.816778294685947,0.669063757429418,0.348344433012143,0.287414426312081
"Makalu","snow_cover",1992,"Pre",0,0,NA,NA,NA,NA,NA
"Makalu","snow_cover",1992,"Post",0.143596101935454,0,0.975620078443274,0.919407305691126,0.852499168312597,0.718702968231675,0.516845641533552
"Makalu","snow_cover",1993,"Pre",0,0,NA,NA,NA,NA,NA
"Makalu","snow_cover",1993,"Post",0.154184404674074,0,0.967803128679149,0.904163994737319,0.845393145690457,0.762482036421594,0.678969494651804
"Makalu","snow_cover",1994,"Pre",0,0,NA,NA,NA,NA,NA
"Makalu","snow_cover",1994,"Post",0.185978954218039,0.208791208791209,0.972485471180188,0.925920527086451,0.882857772029448,0.814407760995548,0.663062248033045
"Makalu","snow_cover",1995,"Pre",0,0,NA,NA,NA,NA,NA
"Makalu","snow_cover",1995,"Post",0.164808588713263,0.120879120879121,0.986996487994741,0.966040633453822,0.943326909236209,0.884805300349155,0.786497215996186
"Makalu","snow_cover",1996,"Pre",0,0,NA,NA,NA,NA,NA
"Makalu","snow_cover",1996,"Post",0.127995442970751,0,0.972961007876414,0.919439088415376,0.862141323770307,0.738389624225776,0.486295957857632
"Makalu","snow_cover",1997,"Pre",0,0,NA,NA,NA,NA,NA
"Makalu","snow_cover",1997,"Post",0.0845838425685301,0,0.9234395090894,0.805943032545423,0.70223994128379,0.531050428417524,0.298021739354768
"Makalu","snow_cover",1998,"Pre",0,0,NA,NA,NA,NA,NA
"Makalu","snow_cover",1998,"Post",0.177134159437089,0.153846153846154,0.941057048735946,0.865168104759666,0.828132296498283,0.793378235848093,0.626538291961133
"Makalu","snow_cover",1999,"Pre",0,0,NA,NA,NA,NA,NA
"Makalu","snow_cover",1999,"Post",0.18802033645044,0.197802197802198,0.994731488524956,0.98405468112814,0.972565744073631,0.946159359392841,0.854858244473994
"Makalu","snow_cover",2000,"Pre",0,0,NA,NA,NA,NA,NA
"Makalu","snow_cover",2000,"Post",0.130855936941367,0.043956043956044,0.926790372140637,0.806540924279608,0.717760216079548,0.631089375443093,0.561329716289897
"Makalu","snow_cover",2001,"Pre",0,0,NA,NA,NA,NA,NA
"Makalu","snow_cover",2001,"Post",0.156844035603438,0.032967032967033,0.980377738607334,0.940457930194006,0.9018731139801,0.857526454439676,0.656482086992537
"Makalu","snow_cover",2002,"Pre",0,0,NA,NA,NA,NA,NA
"Makalu","snow_cover",2002,"Post",0.152154967520435,0.120879120879121,0.987125677770787,0.961038233953423,0.933120731423623,0.897777467971056,0.817108550315279
"Makalu","snow_cover",2003,"Pre",0,0,NA,NA,NA,NA,NA
"Makalu","snow_cover",2003,"Post",0.123735274294866,0,0.959629747966571,0.884178306695206,0.816640550190454,0.716085715253943,0.27993383087379
"Makalu","snow_cover",2004,"Pre",0,0,NA,NA,NA,NA,NA
"Makalu","snow_cover",2004,"Post",0.176561209123726,0.120879120879121,0.982059355573979,0.958115019123124,0.941072789284853,0.920248206429921,0.867862498840602
"Makalu","snow_cover",2005,"Pre",0,0,NA,NA,NA,NA,NA
"Makalu","snow_cover",2005,"Post",0.157301236853643,0.043956043956044,0.985517686202269,0.953903628388347,0.914672143238767,0.829087931438496,0.559264345646819
"Makalu","snow_cover",2006,"Pre",0,0,NA,NA,NA,NA,NA
"Makalu","snow_cover",2006,"Post",0.151815142531017,0.120879120879121,0.961745969826352,0.893556043789318,0.828639143687124,0.710443999469005,0.729982492834015
"Makalu","snow_cover",2007,"Pre",0,0,NA,NA,NA,NA,NA
"Makalu","snow_cover",2007,"Post",0.165156562856979,0.131868131868132,0.943278606531793,0.847182645599659,0.761587287494146,0.593005556960456,0.33286337356626
"Makalu","snow_cover",2008,"Pre",0,0,NA,NA,NA,NA,NA
"Makalu","snow_cover",2008,"Post",0.118363343027588,0,0.946825767958083,0.855390274981847,0.770587924484547,0.613518074368779,0.318265559036346
"Makalu","snow_cover",2009,"Pre",0,0,NA,NA,NA,NA,NA
"Makalu","snow_cover",2009,"Post",0.199470540516264,0.208791208791209,0.985867817226573,0.964546100319549,0.942660756571188,0.889494414681756,0.781005458637254
"Makalu","snow_cover",2010,"Pre",0,0,NA,NA,NA,NA,NA
"Makalu","snow_cover",2010,"Post",0.114832858374314,0,0.959725119934919,0.884407019133568,0.818074360646148,0.694398314928866,0.346364232598054
"Makalu","snow_cover",2011,"Pre",0,0,NA,NA,NA,NA,NA
"Makalu","snow_cover",2011,"Post",0,0,NA,NA,NA,NA,NA
"Makalu","snow_cover",2012,"Pre",0,0,NA,NA,NA,NA,NA
"Makalu","snow_cover",2012,"Post",0.0808997739008775,0,0.928510910687638,0.794737279404415,0.600531238318898,0.216001002407497,-0.0667014186318199
"Makalu","snow_cover",2013,"Pre",0,0,NA,NA,NA,NA,NA
"Makalu","snow_cover",2013,"Post",0.138966926167191,0.010989010989011,0.951714555065968,0.882050389891896,0.796462614301571,0.678754169050279,0.612879831335678
"Makalu","snow_cover",2014,"Pre",0,0,NA,NA,NA,NA,NA
"Makalu","snow_cover",2014,"Post",0.117559413019311,0,0.94935616171395,0.843634208883385,0.727532820250389,0.534991466151368,0.363915054635137
"Makalu","snow_cover",2015,"Pre",0,0,NA,NA,NA,NA,NA
"Makalu","snow_cover",2015,"Post",0.189955692562719,0.175824175824176,0.961872541264995,0.911879363206381,0.886375118062918,0.889997243973828,0.805832990595657
"Makalu","snow_cover",2016,"Pre",0,0,NA,NA,NA,NA,NA
"Makalu","snow_cover",2016,"Post",0.151444346863836,0.0769230769230769,0.916090496936329,0.797193829969102,0.690160844156958,0.523997802967429,0.461053377506363
"Makalu","snow_cover",2017,"Pre",0,0,NA,NA,NA,NA,NA
"Makalu","snow_cover",2017,"Post",0.203331009930007,0.241758241758242,0.93869421291875,0.866159460501824,0.801848604513932,0.725227182106297,0.798913432016313
"Makalu","snow_cover",2018,"Pre",0,0,NA,NA,NA,NA,NA
"Makalu","snow_cover",2018,"Post",0.189544526252379,0.208791208791209,0.98271499886618,0.944990483470641,0.90090940469748,0.82252547519653,0.63988574027185
"Makalu","snow_cover",2019,"Pre",0,0,NA,NA,NA,NA,NA
"Makalu","snow_cover",2019,"Post",0.133653491144037,0.0989010989010989,0.960283094299297,0.884027495928061,0.805809988152167,0.67289880315217,0.317779138914099
"Makalu","snow_cover",2020,"Pre",0,0,NA,NA,NA,NA,NA
"Makalu","snow_cover",2020,"Post",0.206255063480745,0.241758241758242,0.972413531767405,0.923105861344686,0.860879565578753,0.72483161154734,0.292183388794631
"Makalu","snow_cover",2021,"Pre",0,0,NA,NA,NA,NA,NA
"Makalu","snow_cover",2021,"Post",0.207709416686697,0.252747252747253,0.954746211257277,0.868977825449277,0.789165473689342,0.698628359263727,0.55993514435575
"Makalu","windspeed",1951,"Pre",0.142169655826796,0.0760869565217391,0.754307805778842,0.593259462317073,0.465506979789035,0.382527066655996,0.204286096964816
"Makalu","windspeed",1951,"Post",0.193289343392059,0.131868131868132,0.693619762263989,0.477742686159188,0.330989130657332,0.284339753874712,0.311787671591456
"Makalu","windspeed",1952,"Pre",0.216580425943931,0.293478260869565,0.708537592499218,0.444296809671997,0.330784172222706,0.32505830920467,0.260788578607004
"Makalu","windspeed",1952,"Post",0.147215757895654,0.032967032967033,0.657686329123196,0.563757942673803,0.601351507890532,0.470376823596991,0.516539702652587
"Makalu","windspeed",1953,"Pre",0.153684530164761,0.130434782608696,0.754983904459873,0.652640717464431,0.61518496501073,0.55845250854262,0.485761695264077
"Makalu","windspeed",1953,"Post",0.15099692373512,0.0769230769230769,0.690422264230784,0.560606102849766,0.3743484582582,0.27609718535955,0.308878666432853
"Makalu","windspeed",1954,"Pre",0.152806183795649,0.0978260869565217,0.830754731903044,0.729151088686464,0.648507993070577,0.565112676170583,0.424493950174752
"Makalu","windspeed",1954,"Post",0.133939151662225,0.010989010989011,0.682600076834628,0.525333844250915,0.488602442083265,0.502831248860975,0.499587104107083
"Makalu","windspeed",1955,"Pre",0.109972022419309,0.0108695652173913,0.484509583499384,0.314250314806028,0.207912599489165,0.0765893973655771,0.0526779019196775
"Makalu","windspeed",1955,"Post",0.115907451880395,0.021978021978022,0.530436358031519,0.220610169151893,0.0913441524246087,0.220006126221748,0.268265897749811
"Makalu","windspeed",1956,"Pre",0.167544358811717,0.16304347826087,0.771759730430364,0.711303488233845,0.645002619033732,0.546030496727436,0.640003429736053
"Makalu","windspeed",1956,"Post",0.271160215982457,0.296703296703297,0.872505602094739,0.743794002134154,0.670164911338866,0.502389666510141,0.342906641871616
"Makalu","windspeed",1957,"Pre",0.120230707626718,0.0434782608695652,0.57216939560116,0.379746482030712,0.357434214436876,0.319206849085769,0.117405500362612
"Makalu","windspeed",1957,"Post",0.135214374975878,0.043956043956044,0.659024637641246,0.462775482396259,0.422434355247595,0.246739773616023,0.184388949123902
"Makalu","windspeed",1958,"Pre",0.132294185952553,0.0217391304347826,0.76493584640441,0.539878425061695,0.404363163917626,0.305383717584883,0.484400662279159
"Makalu","windspeed",1958,"Post",0.131627169974395,0.021978021978022,0.723827063842705,0.59056678609009,0.436507427117393,0.37596575574525,0.398258681774918
"Makalu","windspeed",1959,"Pre",0.142691653865623,0.0760869565217391,0.709093988063835,0.59363439649716,0.45680132828577,0.358682161905206,0.237486914726878
"Makalu","windspeed",1959,"Post",0.199971759014681,0.10989010989011,0.837945592678854,0.781814708885395,0.758095565820368,0.685658525299922,0.614114706878302
"Makalu","windspeed",1960,"Pre",0.164553717689095,0.108695652173913,0.795318615303339,0.687756549970643,0.581187432430157,0.528628312435528,0.37516416028912
"Makalu","windspeed",1960,"Post",0.147630938362674,0.0549450549450549,0.7323278339857,0.556854716354293,0.475194163910344,0.541456522537184,0.424200014417448
"Makalu","windspeed",1961,"Pre",0.128553698515816,0.0543478260869565,0.719460394244007,0.543716252725396,0.432022630203809,0.386709950055038,0.346790846496489
"Makalu","windspeed",1961,"Post",0.193167655587392,0.153846153846154,0.63695506736434,0.47748003776282,0.459616451407912,0.432097716074441,0.353696330251892
"Makalu","windspeed",1962,"Pre",0.157516183092529,0.0652173913043478,0.812624812263405,0.755057964518943,0.736902484473895,0.672065167227113,0.650012525336032
"Makalu","windspeed",1962,"Post",0.121613852687277,0.032967032967033,0.770671447153832,0.580799596311228,0.490294371983993,0.374069481725697,0.432860919948843
"Makalu","windspeed",1963,"Pre",0.149447401662335,0.0978260869565217,0.76271872862459,0.634031736245194,0.565356117054121,0.53652469923245,0.389619374874148
"Makalu","windspeed",1963,"Post",0.156781125017617,0.0879120879120879,0.525786483897773,0.373079099898423,0.317682002535902,0.30503720850173,0.102496196034845
"Makalu","windspeed",1964,"Pre",0.132191823470038,0.0760869565217391,0.649970553713832,0.432921274510445,0.315670150855065,0.239568319472126,-0.107629298547508
"Makalu","windspeed",1964,"Post",0.143369545962101,0.0879120879120879,0.723105257701028,0.518927899276408,0.434129869730575,0.382673874273285,0.464538111940319
"Makalu","windspeed",1965,"Pre",0.13767315353868,0.0869565217391304,0.770294145310558,0.596929916686478,0.504581105996343,0.353318337738582,0.00310904248951134
"Makalu","windspeed",1965,"Post",0.194030480000033,0.175824175824176,0.702910457984127,0.490785553326811,0.399105309214308,0.35048674615677,0.408629959703707
"Makalu","windspeed",1966,"Pre",0.14518294275962,0.130434782608696,0.823065493482876,0.667951317289029,0.545135680687788,0.469249893460334,0.495981201374803
"Makalu","windspeed",1966,"Post",0.142528269378684,0.0659340659340659,0.576996889944608,0.34918567910785,0.257336252240354,0.37539118738505,0.238468246456158
"Makalu","windspeed",1967,"Pre",0.145087632678972,0.0869565217391304,0.651483744109737,0.570243947069438,0.565108726121982,0.361029637867809,0.145154565613298
"Makalu","windspeed",1967,"Post",0.151974869757557,0.043956043956044,0.668127570281022,0.544074895216837,0.476332037781468,0.336775170302202,0.365648220424951
"Makalu","windspeed",1968,"Pre",0.136446198474445,0.0434782608695652,0.708190436321305,0.521048034621955,0.382994111557441,0.183540753372017,0.183646974395373
"Makalu","windspeed",1968,"Post",0.166724972331675,0.0659340659340659,0.798551766917282,0.756584692923596,0.733756659600605,0.651615837328924,0.562531980103748
"Makalu","windspeed",1969,"Pre",0.131099370519359,0.0652173913043478,0.686605483668282,0.436338182415211,0.387265956903343,0.281776994112426,-0.0463996125547774
"Makalu","windspeed",1969,"Post",0.145470168366407,0.0549450549450549,0.714119950237575,0.59732837815182,0.487096040525353,0.382741353209827,0.44282518829673
"Makalu","windspeed",1970,"Pre",0.17732632522371,0.16304347826087,0.803192900645463,0.777848152711734,0.713777842688092,0.698724289438028,0.697725421713124
"Makalu","windspeed",1970,"Post",0.149959120667263,0.0659340659340659,0.651545455460159,0.451933168536796,0.381464864429063,0.363918025139344,0.382889871163674
"Makalu","windspeed",1971,"Pre",0.196037890521741,0.217391304347826,0.733503933997832,0.568171293089983,0.504037348239237,0.36657795122853,0.41199188213457
"Makalu","windspeed",1971,"Post",0.222008307570156,0.197802197802198,0.824974236998573,0.655678147422356,0.566197427205144,0.417412413801261,0.46003548785701
"Makalu","windspeed",1972,"Pre",0.15339891117428,0.0978260869565217,0.710654689182424,0.566952419050464,0.519897879434302,0.440871483995439,0.319345941583011
"Makalu","windspeed",1972,"Post",0.23300064666467,0.230769230769231,0.868096189173934,0.746169438253711,0.661865749223614,0.399335725548798,0.132229410454001
"Makalu","windspeed",1973,"Pre",0.176877398830607,0.184782608695652,0.784890643233885,0.686126637373945,0.70104744202405,0.652813646251456,0.504133892773046
"Makalu","windspeed",1973,"Post",0.228775793270749,0.208791208791209,0.817489204774039,0.671800128419258,0.653551909966711,0.641319665793058,0.554574881888279
"Makalu","windspeed",1974,"Pre",0.148103996030219,0.0978260869565217,0.738378099185101,0.51718417219015,0.487036172343771,0.40338037332455,0.109064048610147
"Makalu","windspeed",1974,"Post",0.129050073923318,0.010989010989011,0.607441829717225,0.454555266235031,0.484173309449167,0.506770310925959,0.434128959935846
"Makalu","windspeed",1975,"Pre",0.141102080945296,0.108695652173913,0.832969184113038,0.703781480652999,0.640566178203057,0.69738692293997,0.622363161293561
"Makalu","windspeed",1975,"Post",0.183018510451488,0.153846153846154,0.845491973628708,0.751768107052478,0.709263970827566,0.668420630419647,0.620254400510072
"Makalu","windspeed",1976,"Pre",0.155965087005115,0.0978260869565217,0.655486584448032,0.539502858090883,0.572155383604691,0.43822974260026,0.332540714699025
"Makalu","windspeed",1976,"Post",0.0982102999036052,0,0.554455063872543,0.217791116334092,0.215019069552017,0.158128284827469,0.349519143424676
"Makalu","windspeed",1977,"Pre",0.114694079224891,0.0652173913043478,0.523057621769459,0.220630698950441,0.139989434511298,0.143392633651461,0.0735362495603303
"Makalu","windspeed",1977,"Post",0.137117587368555,0.0549450549450549,0.545254174777651,0.142581548413359,0.113154890333018,0.215119127156325,-0.266913505277549
"Makalu","windspeed",1978,"Pre",0.177697906778794,0.108695652173913,0.831496743883555,0.726612784134059,0.657940822822732,0.619968086732585,0.502383372468526
"Makalu","windspeed",1978,"Post",0.14564024787227,0.0659340659340659,0.697776079383479,0.402976745294978,0.333372985546656,0.342660386271885,0.249628778298299
"Makalu","windspeed",1979,"Pre",0.172177769943543,0.173913043478261,0.835985263011828,0.761418797071418,0.648000809613555,0.606533008770983,0.76281796426115
"Makalu","windspeed",1979,"Post",0.109865268070341,0.032967032967033,0.651522518427482,0.337008004246524,0.0860486338675413,0.13363085651082,-0.0196155205207151
"Makalu","windspeed",1980,"Pre",0.112001421770255,0.0217391304347826,0.645733824172598,0.5436175190806,0.527197692632287,0.543536310198587,0.448756979275992
"Makalu","windspeed",1980,"Post",0.121003309059505,0.021978021978022,0.652646571118974,0.414331585678638,0.364373456722845,0.351004751529443,0.131105151714064
"Makalu","windspeed",1981,"Pre",0.138712691337191,0.0760869565217391,0.637421084581593,0.321436729776882,0.328854360836209,0.326117973146993,0.195805530075107
"Makalu","windspeed",1981,"Post",0.12083865343131,0.043956043956044,0.685157173518426,0.438335530772952,0.320113064901889,0.217530554162578,0.392863028819791
"Makalu","windspeed",1982,"Pre",0.135172805793356,0.0543478260869565,0.695100923267801,0.597926421157942,0.485204344152542,0.573758816056816,0.468858331319182
"Makalu","windspeed",1982,"Post",0.152756655196541,0.0879120879120879,0.705162625558883,0.541628457465263,0.519417519103048,0.296649441799904,0.168281906602602
"Makalu","windspeed",1983,"Pre",0.145329677464754,0.0760869565217391,0.728989571841011,0.681096116288436,0.640251739109777,0.519137405704861,0.299760300155683
"Makalu","windspeed",1983,"Post",0.131005096089065,0.043956043956044,0.551061674014142,0.420963291672295,0.52041691238378,0.416390901141741,0.44857659959241
"Makalu","windspeed",1984,"Pre",0.15362081961111,0.130434782608696,0.800989387187652,0.672013554942627,0.582546575069627,0.496159159563568,0.299527207596187
"Makalu","windspeed",1984,"Post",0.134844529371613,0.043956043956044,0.562259153936115,0.311127952383759,0.372989361637492,0.356692907384038,0.317277986091743
"Makalu","windspeed",1985,"Pre",0.12391600046235,0.0543478260869565,0.509205572164625,0.304241051637121,0.287393348422451,0.205852769317352,0.333720032377607
"Makalu","windspeed",1985,"Post",0.188947320992583,0.142857142857143,0.782055568528423,0.642570623173816,0.535335305251299,0.484597709103158,0.448255711944752
"Makalu","windspeed",1986,"Pre",0.0983778646845743,0.0108695652173913,0.625737576119892,0.521312756493427,0.41383634857764,0.353197728214293,0.379252938839609
"Makalu","windspeed",1986,"Post",0.190615089021258,0.153846153846154,0.692318056176517,0.697177719891151,0.7241809556714,0.657009644391799,0.499322167793482
"Makalu","windspeed",1987,"Pre",0.0968047854557268,0.0108695652173913,0.535506941994217,0.406007434780405,0.39235415393446,0.155550000393251,0.0662347068842638
"Makalu","windspeed",1987,"Post",0.231305854144684,0.318681318681319,0.858191819068539,0.689470311854385,0.623989492038567,0.642418127144302,0.607270670299551
"Makalu","windspeed",1988,"Pre",0.144826745051068,0.0978260869565217,0.661504304264377,0.615849937053803,0.488995609146049,0.423509298955336,0.441793100485912
"Makalu","windspeed",1988,"Post",0.123456256377594,0.0549450549450549,0.52460326040994,0.186124413442333,0.179947669905915,0.339268006596226,0.299733013571478
"Makalu","windspeed",1989,"Pre",0.146777590288041,0.108695652173913,0.742400134793676,0.580484799618848,0.482385972402106,0.309628786588643,0.28522171394984
"Makalu","windspeed",1989,"Post",0.164110670187444,0.0659340659340659,0.625560736176742,0.344219545020727,0.261662112463737,0.192547807644367,0.00621215734679667
"Makalu","windspeed",1990,"Pre",0.155566505787798,0.0760869565217391,0.806330725798572,0.680380454278605,0.566845741050357,0.543425516807971,0.496010115088206
"Makalu","windspeed",1990,"Post",0.146835010277327,0.032967032967033,0.757687576151101,0.581779539855525,0.420286850078864,0.308263626246908,0.473324307261998
"Makalu","windspeed",1991,"Pre",0.127048765244317,0.0326086956521739,0.626976057235772,0.505967045820403,0.498941373335758,0.425215133731945,0.495318461372885
"Makalu","windspeed",1991,"Post",0.143045222310257,0.0549450549450549,0.793672291606487,0.611975483889146,0.591666397172083,0.493502420904798,0.487085410540277
"Makalu","windspeed",1992,"Pre",0.151627374854154,0.0760869565217391,0.770560383225707,0.679553907925226,0.576056640010668,0.369857437106366,0.293665141840353
"Makalu","windspeed",1992,"Post",0.158288073788834,0.032967032967033,0.59891039271803,0.349473863356986,0.448595949198284,0.26050476333221,0.108970280405899
"Makalu","windspeed",1993,"Pre",0.159540667021656,0.0978260869565217,0.827863044938073,0.703598036276368,0.578993621173994,0.408592431860361,0.415273958756508
"Makalu","windspeed",1993,"Post",0.109297725035228,0.010989010989011,0.563496622616005,0.292520011275885,0.118663464907055,0.163769836122173,0.0435980912419349
"Makalu","windspeed",1994,"Pre",0.155853660845171,0.130434782608696,0.763085724859024,0.745864370861203,0.700906089842226,0.694515331585391,0.58675889202988
"Makalu","windspeed",1994,"Post",0.121435766085047,0.021978021978022,0.586875020313151,0.311216134981031,0.129401942958718,0.11950604114521,0.210677278386409
"Makalu","windspeed",1995,"Pre",0.156107987108555,0.119565217391304,0.792413535274858,0.673887731340509,0.57017673539316,0.404248820123433,0.440455845308367
"Makalu","windspeed",1995,"Post",0.25350959645577,0.21978021978022,0.823181213516521,0.615802564248715,0.494984665298671,0.53826658108536,0.344367188930238
"Makalu","windspeed",1996,"Pre",0.134535622534976,0.0760869565217391,0.729807506404841,0.611838360419582,0.60982233402799,0.498247592540084,0.449754986901699
"Makalu","windspeed",1996,"Post",0.137922870964543,0.032967032967033,0.633039306998814,0.430990152743502,0.3879915473164,0.20689931570836,0.271980132809313
"Makalu","windspeed",1997,"Pre",0.128508308854411,0.0869565217391304,0.665466461987518,0.508179137165318,0.447899179447071,0.40611253974759,0.3678682415179
"Makalu","windspeed",1997,"Post",0.1520948379217,0.0989010989010989,0.686733391016751,0.462343990370382,0.443352518079539,0.417189943616357,0.379153942595925
"Makalu","windspeed",1998,"Pre",0.190039474640284,0.184782608695652,0.730943676121714,0.529571602883328,0.475580263404121,0.520021219845121,0.354593247373108
"Makalu","windspeed",1998,"Post",0.191268949577713,0.175824175824176,0.794317819308203,0.607676153899392,0.486505551534012,0.146644533722785,-0.0424683003702417
"Makalu","windspeed",1999,"Pre",0.147351452966432,0.0978260869565217,0.778665852093183,0.684597205828037,0.661245407014157,0.472771274055457,0.445768829129714
"Makalu","windspeed",1999,"Post",0.211598614558217,0.208791208791209,0.834789817627916,0.686136201410524,0.594789209754027,0.439956475051967,0.377125706626988
"Makalu","windspeed",2000,"Pre",0.162359636992322,0.0869565217391304,0.827763429990973,0.731566467885204,0.661240659804615,0.647411358371707,0.597545401721389
"Makalu","windspeed",2000,"Post",0.167491757283724,0.120879120879121,0.613305788626167,0.202239441188739,0.0440467908118057,0.23869455977257,0.12653595573444
"Makalu","windspeed",2001,"Pre",0.139551920493775,0.0652173913043478,0.602632005863417,0.578872221284381,0.464544255530055,0.380229034878364,0.254940096624755
"Makalu","windspeed",2001,"Post",0.131170548008586,0.043956043956044,0.689123803155597,0.583679415258694,0.46644424782639,0.420381691805663,0.383720873531808
"Makalu","windspeed",2002,"Pre",0.17733040171079,0.195652173913043,0.813986975026108,0.738358740920923,0.619552006005509,0.509735381963364,0.331407616340807
"Makalu","windspeed",2002,"Post",0.130969534642936,0.032967032967033,0.696431798281381,0.526300611424705,0.4831775829619,0.356932674293375,0.168663945314557
"Makalu","windspeed",2003,"Pre",0.136986293944347,0.0978260869565217,0.699364650903124,0.561837146358956,0.481916756446359,0.283250721632344,0.172714785979001
"Makalu","windspeed",2003,"Post",0.205321169946812,0.285714285714286,0.842738242666568,0.666248488236732,0.525208850776762,0.448844129422195,0.444092790805648
"Makalu","windspeed",2004,"Pre",0.133201274630706,0.0326086956521739,0.685029514525925,0.508055708162097,0.42439105683145,0.479855445298281,0.336252760666845
"Makalu","windspeed",2004,"Post",0.177999040282764,0.0659340659340659,0.774335898852485,0.654026838745165,0.547581014887318,0.514254717537888,0.465300417621502
"Makalu","windspeed",2005,"Pre",0.133616732345464,0.0978260869565217,0.654066012713196,0.499898829155701,0.528027279344332,0.488278460383699,0.264340394728863
"Makalu","windspeed",2005,"Post",0.176053937742119,0.0879120879120879,0.790322713820735,0.636689334769559,0.587845029533851,0.494766384918892,0.493887049388109
"Makalu","windspeed",2006,"Pre",0.178951920094742,0.195652173913043,0.798205062037092,0.662234963324606,0.567401654845855,0.590870354575221,0.397181917896224
"Makalu","windspeed",2006,"Post",0.182375912120101,0.0989010989010989,0.826615740925033,0.71087849391648,0.592569203276728,0.485740578088904,0.504613496066575
"Makalu","windspeed",2007,"Pre",0.18887052742145,0.16304347826087,0.880896313389165,0.799440030690045,0.727083409274977,0.685217322666923,0.666717584075178
"Makalu","windspeed",2007,"Post",0.159719155904274,0.0769230769230769,0.766580003020634,0.660381136925559,0.621222300920951,0.492959884189738,0.261702517633393
"Makalu","windspeed",2008,"Pre",0.11916906587242,0.0326086956521739,0.639040092347831,0.421210629965616,0.29232171046712,0.32863608871664,0.304362242408657
"Makalu","windspeed",2008,"Post",0.128831399546547,0.043956043956044,0.571092254285029,0.355496794161724,0.388454648091864,0.524629727494154,0.453125246166426
"Makalu","windspeed",2009,"Pre",0.12978607722288,0.0760869565217391,0.528057210072494,0.276408657665787,0.218836678212942,0.36316556080753,0.211928500132032
"Makalu","windspeed",2009,"Post",0.185717123754979,0.153846153846154,0.825958480621938,0.769819710085755,0.738308155545829,0.622085343777111,0.449750303629295
"Makalu","windspeed",2010,"Pre",0.13433447700856,0.0652173913043478,0.68529020136617,0.495726316244753,0.332292234842507,0.249507573728506,0.191408920232346
"Makalu","windspeed",2010,"Post",0.213665980942391,0.21978021978022,0.771569651881832,0.594421016502186,0.505787683837198,0.452115293203902,0.344633118770938
"Makalu","windspeed",2011,"Pre",0.167914578117672,0.119565217391304,0.765349147989763,0.651897027584661,0.559484282334418,0.556926969223449,0.468409329391671
"Makalu","windspeed",2011,"Post",0.230012276527931,0.230769230769231,0.85911744065529,0.737916580825264,0.633928996151983,0.530801733160713,0.498127038495533
"Makalu","windspeed",2012,"Pre",0.162756984283527,0.152173913043478,0.849560529231831,0.782898753898468,0.741678912880364,0.606461500687338,0.381653425658655
"Makalu","windspeed",2012,"Post",0.193092185925095,0.142857142857143,0.816516202327253,0.716896512337217,0.613697056173757,0.539842507413266,0.538097978473841
"Makalu","windspeed",2013,"Pre",0.173997949276015,0.206521739130435,0.811434658841759,0.653327225035603,0.647869282876179,0.656725133335207,0.472687307503679
"Makalu","windspeed",2013,"Post",0.206999485853879,0.197802197802198,0.806559981758705,0.684537464270185,0.608663356250368,0.503146456176751,0.427259095727457
"Makalu","windspeed",2014,"Pre",0.135663094945281,0.0543478260869565,0.729563897823183,0.665076278928423,0.633797607325575,0.613218691007992,0.506732267558753
"Makalu","windspeed",2014,"Post",0.153511459309462,0.0659340659340659,0.623655895356675,0.493966585899883,0.55525524657929,0.48980305230645,0.335590118655058
"Makalu","windspeed",2015,"Pre",0.161997868712089,0.16304347826087,0.71409080216216,0.545614445751174,0.451299083198241,0.155350333660262,0.188585420374958
"Makalu","windspeed",2015,"Post",0.205655807442521,0.153846153846154,0.84633161535581,0.739732746263144,0.653807251507882,0.605777121143329,0.483501607530866
"Makalu","windspeed",2016,"Pre",0.111811568744567,0.0108695652173913,0.673621655818154,0.510393216479942,0.449423896098496,0.254863702102813,0.186521066302954
"Makalu","windspeed",2016,"Post",0.213613691171481,0.175824175824176,0.863527296587457,0.820274059834026,0.777575034067281,0.748317991996077,0.756052434550287
"Makalu","windspeed",2017,"Pre",0.147768163822179,0.108695652173913,0.723807544505708,0.588405392038319,0.616483192047388,0.49632534843864,0.528583628144968
"Makalu","windspeed",2017,"Post",0.160024759883842,0.0659340659340659,0.770470129157536,0.728759773375963,0.659838484073192,0.598192782222885,0.643993409894536
"Makalu","windspeed",2018,"Pre",0.134644072201499,0.0869565217391304,0.61716534294863,0.492522695258314,0.517013911569295,0.287807133928616,-0.043602065622145
"Makalu","windspeed",2018,"Post",0.143531184673092,0.0879120879120879,0.663807630000498,0.497910758976788,0.445769126930001,0.364350244813646,0.272139041635638
"Makalu","windspeed",2019,"Pre",0.144048699148036,0.16304347826087,0.755485462407111,0.705719577331305,0.685208838498474,0.593307616647248,0.511563209950492
"Makalu","windspeed",2019,"Post",0.177789073137845,0.0989010989010989,0.819951449566798,0.742046846533154,0.708337444545429,0.698967130868478,0.575968006163736
"Makalu","windspeed",2020,"Pre",0.182644015722549,0.173913043478261,0.78777012170176,0.670273531143496,0.577920683674433,0.545339306380867,0.484696848470015
"Makalu","windspeed",2020,"Post",0.207092234122854,0.131868131868132,0.773302603306702,0.69977727543688,0.68788211027754,0.687784323315248,0.696132190530235
"Makalu","windspeed",2021,"Pre",0.138142994211098,0.0978260869565217,0.640108929886006,0.521649247988515,0.486224895814546,0.382476510181425,0.167846790827336
"Makalu","windspeed",2021,"Post",0.179958149450464,0.0549450549450549,0.798543298982909,0.755699419839804,0.725659607579365,0.638914618426575,0.565594705517921
"Manaslu","2m_temperature",1951,"Pre",0.0143121883567225,0.0326086956521739,0.970636136128734,0.931135033980592,0.896450871881076,0.870374204110672,0.856995381141592
"Manaslu","2m_temperature",1951,"Post",0.0176289309392648,0.0549450549450549,0.977106797515562,0.958189722449948,0.94588913546187,0.904830326980655,0.861241768115556
"Manaslu","2m_temperature",1952,"Pre",0.0187565957117903,0.239130434782609,0.974312878160191,0.947919538902563,0.934513580074384,0.930515920667997,0.889194447754452
"Manaslu","2m_temperature",1952,"Post",0.0216111682488234,0.153846153846154,0.985748648762969,0.971471329062672,0.958059762347544,0.919896867494765,0.859004345416342
"Manaslu","2m_temperature",1953,"Pre",0.0124776784652917,0,0.965827968975385,0.920578576993794,0.886240799797686,0.85390175162916,0.747020055011388
"Manaslu","2m_temperature",1953,"Post",0.0229267573284116,0.263736263736264,0.982161006641826,0.959830324443201,0.93938429698593,0.903158936032308,0.83776628043935
"Manaslu","2m_temperature",1954,"Pre",0.0138444813163297,0.0543478260869565,0.971893269057995,0.946742713846139,0.924966860198371,0.879661096076472,0.823885114714763
"Manaslu","2m_temperature",1954,"Post",0.0197300771130581,0.10989010989011,0.987820272292041,0.97090348662757,0.95359432904443,0.922644308515044,0.832077136769965
"Manaslu","2m_temperature",1955,"Pre",0.0129065328680854,0.0760869565217391,0.951456818564755,0.883921754400837,0.837577547446757,0.739657467102622,0.683182809617529
"Manaslu","2m_temperature",1955,"Post",0.0135082994186768,0.0549450549450549,0.971321362923262,0.941418688840137,0.927446288739975,0.907505091329609,0.865546435689906
"Manaslu","2m_temperature",1956,"Pre",0.0184757879529984,0.206521739130435,0.978187965185984,0.951852440791934,0.926689009368243,0.894273026298619,0.848646292377889
"Manaslu","2m_temperature",1956,"Post",0.0163102556020812,0.0769230769230769,0.971609336394725,0.939641622047898,0.925768344515306,0.87790355492175,0.843576347615272
"Manaslu","2m_temperature",1957,"Pre",0.0159424143592267,0.16304347826087,0.968004712709105,0.9311209747796,0.903234211019824,0.855018703348309,0.773168480560641
"Manaslu","2m_temperature",1957,"Post",0.0136053240150945,0,0.966900430442808,0.935760598304556,0.910291751060921,0.884446202705952,0.797125915409109
"Manaslu","2m_temperature",1958,"Pre",0.0156691947454161,0.0652173913043478,0.980139356675611,0.956811477038572,0.942584037866007,0.911731228309224,0.882455724821456
"Manaslu","2m_temperature",1958,"Post",0.012248392262975,0.0769230769230769,0.956140417961833,0.895900947505343,0.848511767026852,0.80081010927941,0.679687249463375
"Manaslu","2m_temperature",1959,"Pre",0.012750967911116,0.0108695652173913,0.954808444358159,0.899663965031298,0.852433846554422,0.822153134619125,0.819569842200858
"Manaslu","2m_temperature",1959,"Post",0.0174432762174979,0.120879120879121,0.975161624693156,0.939970360627645,0.914781233604317,0.895170096780414,0.828932198341327
"Manaslu","2m_temperature",1960,"Pre",0.015743781709245,0.141304347826087,0.96844505793125,0.923832690961015,0.887355957427562,0.842802768708691,0.768843374616935
"Manaslu","2m_temperature",1960,"Post",0.0159862541505516,0.0659340659340659,0.964799677776347,0.923312519935192,0.903997943136503,0.905796177261507,0.842145941230854
"Manaslu","2m_temperature",1961,"Pre",0.0129797767430331,0.0108695652173913,0.962634246809013,0.915637952500424,0.875379003464147,0.83632506559875,0.817969106070887
"Manaslu","2m_temperature",1961,"Post",0.0245898944139713,0.285714285714286,0.983666156530591,0.956953675384003,0.938587312024835,0.909907894491078,0.86219357620772
"Manaslu","2m_temperature",1962,"Pre",0.0153868167126541,0.119565217391304,0.973226031643393,0.949232085135644,0.937318940362891,0.891000893882319,0.847175563770219
"Manaslu","2m_temperature",1962,"Post",0.0156643359005684,0.010989010989011,0.978068840408814,0.943206267472512,0.917277026333794,0.883142830975554,0.811584404895947
"Manaslu","2m_temperature",1963,"Pre",0.0149630893415491,0.108695652173913,0.966056522069227,0.918887217807578,0.892526434017879,0.893993045020519,0.858644534671898
"Manaslu","2m_temperature",1963,"Post",0.0171690628029528,0.0659340659340659,0.977237264065118,0.949537805984401,0.937764574076693,0.917817410068483,0.870706862831059
"Manaslu","2m_temperature",1964,"Pre",0.012261493113084,0.0434782608695652,0.950293804301005,0.899269293971758,0.875883697848493,0.827221953847588,0.737437989011415
"Manaslu","2m_temperature",1964,"Post",0.016162319629242,0.0549450549450549,0.971752893363881,0.939360623715674,0.917254194525139,0.859888076525721,0.830552846679032
"Manaslu","2m_temperature",1965,"Pre",0.0172664233597849,0.152173913043478,0.969532466937456,0.916340732091451,0.879247740372156,0.855382971872457,0.780215251485091
"Manaslu","2m_temperature",1965,"Post",0.0178196470403658,0.0549450549450549,0.971369514033454,0.926546817502963,0.892424378007618,0.859703087592756,0.847744556201917
"Manaslu","2m_temperature",1966,"Pre",0.0154854297330608,0.119565217391304,0.953062088600554,0.905306261985474,0.867177083061751,0.845012665333275,0.829644777779498
"Manaslu","2m_temperature",1966,"Post",0.0142637376631421,0.043956043956044,0.971319825604762,0.935210450479752,0.90976816677028,0.883397114321226,0.803426302893279
"Manaslu","2m_temperature",1967,"Pre",0.0156985489246625,0.0869565217391304,0.953098915371298,0.890365113703463,0.837174020478587,0.767534178452404,0.799236323821794
"Manaslu","2m_temperature",1967,"Post",0.0231303700167079,0.285714285714286,0.986594831743211,0.9702157941272,0.960283891089976,0.952975068733355,0.916923329899316
"Manaslu","2m_temperature",1968,"Pre",0.013732224331211,0.0652173913043478,0.960265634658293,0.908096117111456,0.868063980222024,0.788221945817217,0.743725107791926
"Manaslu","2m_temperature",1968,"Post",0.0214444583460172,0.0879120879120879,0.98953731733786,0.972605682727184,0.95535741207835,0.926795494586212,0.850782935850897
"Manaslu","2m_temperature",1969,"Pre",0.0118520744826756,0.0326086956521739,0.944058730645516,0.870267071579437,0.801117241316982,0.700710654370605,0.439721848918776
"Manaslu","2m_temperature",1969,"Post",0.0129206131341906,0.0549450549450549,0.967909133606634,0.937832663048799,0.92231045054411,0.89990758439168,0.825299308976649
"Manaslu","2m_temperature",1970,"Pre",0.0182750555691881,0.217391304347826,0.966542272233629,0.92916850730583,0.890409016281258,0.838150921446862,0.838113674405748
"Manaslu","2m_temperature",1970,"Post",0.0170145836549634,0.0989010989010989,0.975442406877128,0.942445683789802,0.917222744449413,0.887035264157735,0.816515596297191
"Manaslu","2m_temperature",1971,"Pre",0.0159116401915619,0.152173913043478,0.965966917350991,0.930227411546169,0.920336738503329,0.902923601012707,0.839857768488364
"Manaslu","2m_temperature",1971,"Post",0.0233304186725928,0.197802197802198,0.989580216605419,0.973153686459178,0.95572351585495,0.924030174478399,0.834553286947479
"Manaslu","2m_temperature",1972,"Pre",0.0132676310271912,0.0326086956521739,0.951705488540426,0.904685738915655,0.877513849595452,0.828023497996517,0.775974718280884
"Manaslu","2m_temperature",1972,"Post",0.021197309594182,0.241758241758242,0.974551468594793,0.934762760658494,0.902381857341831,0.856751649092364,0.87763962845589
"Manaslu","2m_temperature",1973,"Pre",0.0170704956796684,0.173913043478261,0.968880906700979,0.944656845688194,0.931432351115269,0.908385676716996,0.874456546521459
"Manaslu","2m_temperature",1973,"Post",0.0221030003027123,0.241758241758242,0.977162968361044,0.946109324820426,0.925202258559611,0.902964236870824,0.875107422389525
"Manaslu","2m_temperature",1974,"Pre",0.0121796082977232,0.0434782608695652,0.958566555278018,0.92511650922117,0.897639760551657,0.821187311369756,0.706417502319604
"Manaslu","2m_temperature",1974,"Post",0.0172242118382352,0.043956043956044,0.979857890901485,0.943713739859882,0.904972229035641,0.823381068576503,0.716846873526643
"Manaslu","2m_temperature",1975,"Pre",0.0151967348180462,0.0978260869565217,0.95982847065165,0.899521031422851,0.84014696814374,0.747527241421654,0.641619132654273
"Manaslu","2m_temperature",1975,"Post",0.0135659679344786,0.043956043956044,0.970651770524942,0.936870112222262,0.914623228977002,0.897623773026309,0.872967373352003
"Manaslu","2m_temperature",1976,"Pre",0.0146973649479951,0.108695652173913,0.964269131676229,0.925561081202337,0.906186009065831,0.869088824144203,0.80430593055419
"Manaslu","2m_temperature",1976,"Post",0.0104934983566826,0,0.955587453340308,0.89412455205753,0.844098320868872,0.762857456134435,0.768238664963118
"Manaslu","2m_temperature",1977,"Pre",0.00947713408959489,0.0108695652173913,0.888820438454116,0.755637332394193,0.634846522727862,0.49947117170535,0.405188592385256
"Manaslu","2m_temperature",1977,"Post",0.0125272001559281,0.010989010989011,0.965925576165618,0.918336833302828,0.884923645557125,0.833070659839695,0.615765507511194
"Manaslu","2m_temperature",1978,"Pre",0.0190804792237806,0.217391304347826,0.979456438043987,0.955312538530896,0.93706716473834,0.934049124619596,0.911216663157079
"Manaslu","2m_temperature",1978,"Post",0.0150603862918135,0.043956043956044,0.974191946466151,0.941127862826035,0.915871076169754,0.871631595701621,0.721286448064963
"Manaslu","2m_temperature",1979,"Pre",0.0155191742240582,0.0760869565217391,0.958676176860208,0.917780615134698,0.900542555070754,0.871927718355595,0.887017615314204
"Manaslu","2m_temperature",1979,"Post",0.01283766658094,0.021978021978022,0.961791219661755,0.907087145423588,0.872590177003699,0.799271033663141,0.553274230382645
"Manaslu","2m_temperature",1980,"Pre",0.0163099099368064,0.16304347826087,0.968593682150196,0.950241375844683,0.928029651179375,0.90668600857022,0.878263696012489
"Manaslu","2m_temperature",1980,"Post",0.0146603608451778,0.021978021978022,0.965642203920201,0.92479766198601,0.907633653214204,0.90118784618515,0.852723270041589
"Manaslu","2m_temperature",1981,"Pre",0.0155800383876141,0.0869565217391304,0.960863480156198,0.905807677804202,0.864316498394604,0.813580931330226,0.820349872419486
"Manaslu","2m_temperature",1981,"Post",0.0236889373349578,0.263736263736264,0.979090471704697,0.944946624022309,0.911652560267541,0.86442060833239,0.842797695319446
"Manaslu","2m_temperature",1982,"Pre",0.0148552194981376,0.130434782608696,0.958892800084447,0.901400846074592,0.862225010856242,0.773062378821703,0.676042211823473
"Manaslu","2m_temperature",1982,"Post",0.0174657825038674,0.142857142857143,0.977141590312453,0.945399980170856,0.913307044459839,0.842438065614686,0.815151169354699
"Manaslu","2m_temperature",1983,"Pre",0.0142577038764798,0.0760869565217391,0.944691535746866,0.873264384148633,0.809979819619652,0.762399524998468,0.735401668314564
"Manaslu","2m_temperature",1983,"Post",0.0202600586802866,0.131868131868132,0.97800372685848,0.951359686139767,0.935855234592012,0.895642192114991,0.844152540376231
"Manaslu","2m_temperature",1984,"Pre",0.0158239595040618,0.184782608695652,0.976677210570449,0.944458666024117,0.919091580061725,0.876686605703346,0.813758944924416
"Manaslu","2m_temperature",1984,"Post",0.0165220484238081,0.032967032967033,0.96921047228318,0.927370695265901,0.884474090888483,0.805097939151998,0.677445125197631
"Manaslu","2m_temperature",1985,"Pre",0.0109548864585466,0.0978260869565217,0.928412201950349,0.828353392011193,0.763663814414243,0.679762290533439,0.694741593132215
"Manaslu","2m_temperature",1985,"Post",0.0192761117698297,0.10989010989011,0.97626805063124,0.940101324183103,0.910537915783338,0.885058791727237,0.839727998550375
"Manaslu","2m_temperature",1986,"Pre",0.0125017456717171,0.0326086956521739,0.944854411456132,0.885345256193492,0.830393333482199,0.73034270114099,0.70088431447671
"Manaslu","2m_temperature",1986,"Post",0.0161413650937638,0.0549450549450549,0.971934432770494,0.939909880157044,0.918201023934265,0.856847838534739,0.694723160508702
"Manaslu","2m_temperature",1987,"Pre",0.0126235345297527,0.0543478260869565,0.948369230389697,0.870350532744265,0.806955479675647,0.736883253648195,0.635797208475461
"Manaslu","2m_temperature",1987,"Post",0.0183308744456979,0.0879120879120879,0.974255764758512,0.945472529086069,0.917803053332747,0.878419333790079,0.774225025874177
"Manaslu","2m_temperature",1988,"Pre",0.0147098795853858,0.0543478260869565,0.959873271787486,0.914969453611705,0.891764487137939,0.865553983948079,0.859125715213997
"Manaslu","2m_temperature",1988,"Post",0.0181893136333916,0.0879120879120879,0.978719899136137,0.951775694211738,0.942594252523979,0.925464712458057,0.876287694008923
"Manaslu","2m_temperature",1989,"Pre",0.0143681948223162,0.0434782608695652,0.960302483750534,0.912189717014468,0.874493812603278,0.833865445099007,0.762404816556589
"Manaslu","2m_temperature",1989,"Post",0.0187017852590954,0.120879120879121,0.982338535680132,0.96136999002578,0.948440178921623,0.923603410661194,0.887740904579264
"Manaslu","2m_temperature",1990,"Pre",0.0175517044875742,0.184782608695652,0.975825076217503,0.946252628252841,0.911807921736776,0.865279059735985,0.76948225397446
"Manaslu","2m_temperature",1990,"Post",0.0173420248363481,0.153846153846154,0.973508964200318,0.93211201478516,0.888876413991629,0.822401523169188,0.83275999291683
"Manaslu","2m_temperature",1991,"Pre",0.014268555058454,0.0869565217391304,0.935956240164462,0.88189971988051,0.863090596064946,0.829316053690673,0.788349782697202
"Manaslu","2m_temperature",1991,"Post",0.0177348218703362,0.10989010989011,0.978932187336284,0.951517952471309,0.93324708719033,0.898771034302559,0.900090443431266
"Manaslu","2m_temperature",1992,"Pre",0.00904987461140837,0,0.915415964827391,0.804997683631201,0.724137913196671,0.583210732197124,0.447807302788729
"Manaslu","2m_temperature",1992,"Post",0.0160991995223087,0.032967032967033,0.98086729428811,0.958072973746602,0.937925652977839,0.895114640442873,0.858997641660531
"Manaslu","2m_temperature",1993,"Pre",0.0181740846230364,0.184782608695652,0.977103557693081,0.949296855344544,0.931322428520174,0.90959419700438,0.852485914907378
"Manaslu","2m_temperature",1993,"Post",0.0129951825033803,0,0.97352204510763,0.942317694190678,0.910930668528446,0.843133292267859,0.767781289818012
"Manaslu","2m_temperature",1994,"Pre",0.0122838548821773,0.0434782608695652,0.946125151856198,0.862764125692629,0.796094234670979,0.753608889335564,0.57135002054744
"Manaslu","2m_temperature",1994,"Post",0.0193507864442724,0.142857142857143,0.985241466858721,0.968648749255021,0.956238344798127,0.948871717546426,0.942846754332092
"Manaslu","2m_temperature",1995,"Pre",0.0171755606230706,0.173913043478261,0.97081759622466,0.940246731497742,0.911346774751476,0.838717313999217,0.760086302531757
"Manaslu","2m_temperature",1995,"Post",0.0208414478058897,0.164835164835165,0.968134512968711,0.929352210391544,0.908600003462529,0.902272106430134,0.873363176877464
"Manaslu","2m_temperature",1996,"Pre",0.0133151771748543,0.0543478260869565,0.956334100727244,0.902868041984162,0.83956248573734,0.696505963401147,0.627929222146854
"Manaslu","2m_temperature",1996,"Post",0.0184375129209486,0.0659340659340659,0.97591996886365,0.941189439646021,0.911060546334345,0.863336310263811,0.764319674396493
"Manaslu","2m_temperature",1997,"Pre",0.0122900323339233,0.0326086956521739,0.948819238567989,0.877444408722497,0.828326313439028,0.73386967953086,0.684598502984221
"Manaslu","2m_temperature",1997,"Post",0.022282623230495,0.21978021978022,0.978757213209983,0.952097900384407,0.936380790881292,0.908912648726607,0.882560269965855
"Manaslu","2m_temperature",1998,"Pre",0.0180438102826526,0.195652173913043,0.970547627637617,0.933960655154427,0.907849088315954,0.885641471503059,0.816932372438559
"Manaslu","2m_temperature",1998,"Post",0.0162539945710241,0.10989010989011,0.978274966053532,0.938143861859269,0.906293575837257,0.87034603909156,0.875331953197372
"Manaslu","2m_temperature",1999,"Pre",0.0167462664648243,0.16304347826087,0.962683915215385,0.90706651033478,0.860702127557668,0.789517557264113,0.82120026427885
"Manaslu","2m_temperature",1999,"Post",0.0193932392935463,0.0769230769230769,0.965548954812482,0.923184069964575,0.891214593338679,0.855631298737718,0.880329060723903
"Manaslu","2m_temperature",2000,"Pre",0.0190477578171143,0.239130434782609,0.983186372896692,0.960138727895684,0.941634452535662,0.919719369676997,0.853069861957546
"Manaslu","2m_temperature",2000,"Post",0.0160430837835984,0.0989010989010989,0.963721130012133,0.919685146871811,0.888354152400694,0.848714049603578,0.804835937776843
"Manaslu","2m_temperature",2001,"Pre",0.0168563527755809,0.130434782608696,0.977441022634634,0.956458448206916,0.93887185754367,0.90393917300085,0.872505940598908
"Manaslu","2m_temperature",2001,"Post",0.0130337660429422,0.010989010989011,0.957419520667374,0.904343686856698,0.847960261037562,0.746812420505286,0.679660106842645
"Manaslu","2m_temperature",2002,"Pre",0.0142599534499752,0.0543478260869565,0.943726035690993,0.887502919924739,0.842460762979329,0.771807944458484,0.740477149401699
"Manaslu","2m_temperature",2002,"Post",0.0159888855042242,0.043956043956044,0.970829694395942,0.932957912581301,0.907236976385899,0.88602538996538,0.814783331760482
"Manaslu","2m_temperature",2003,"Pre",0.0120238927889852,0.0108695652173913,0.956745442910717,0.894715512851907,0.844055254964183,0.769732565230105,0.647162528933635
"Manaslu","2m_temperature",2003,"Post",0.0141955235070944,0.0769230769230769,0.966202626296113,0.931232846998241,0.913073634812592,0.894402082907131,0.867629424827593
"Manaslu","2m_temperature",2004,"Pre",0.0114667453611126,0.119565217391304,0.944314642249766,0.85769559813285,0.774862324977904,0.614293272070044,0.233115248865912
"Manaslu","2m_temperature",2004,"Post",0.0212659404933076,0.208791208791209,0.97770038311296,0.945210185880106,0.920210662307883,0.87034904875831,0.785546690611855
"Manaslu","2m_temperature",2005,"Pre",0.0115115681119215,0.0108695652173913,0.941429936896382,0.862874747874285,0.793226259684056,0.706832118214899,0.764750064660641
"Manaslu","2m_temperature",2005,"Post",0.0201638773272843,0.153846153846154,0.978632165588006,0.945327944779137,0.9180692843314,0.857306880540295,0.702330570351081
"Manaslu","2m_temperature",2006,"Pre",0.0169536215036951,0.141304347826087,0.958630822811443,0.898073201027552,0.864197269609041,0.853478403495062,0.756049729273446
"Manaslu","2m_temperature",2006,"Post",0.0165816195242924,0.032967032967033,0.976426944182109,0.942293821141414,0.913064798499971,0.863063515835237,0.843299276508276
"Manaslu","2m_temperature",2007,"Pre",0.0161657692391819,0.130434782608696,0.965277867369352,0.92152526198916,0.890906886195179,0.883234168320236,0.810986399973658
"Manaslu","2m_temperature",2007,"Post",0.0159514507270501,0.0659340659340659,0.966489666204823,0.907985606307971,0.844164861911125,0.710321152312437,0.54465979253772
"Manaslu","2m_temperature",2008,"Pre",0.0133571813500162,0,0.96826111565785,0.936468109134362,0.918602715661309,0.879633074124436,0.863928612835557
"Manaslu","2m_temperature",2008,"Post",0.0131112622911082,0.010989010989011,0.955282687466238,0.892675791949239,0.842845452121917,0.771800110624967,0.656702707773702
"Manaslu","2m_temperature",2009,"Pre",0.0135048059628961,0.0869565217391304,0.931422005123291,0.864869210376375,0.819377947890248,0.70636742420242,0.566525951342094
"Manaslu","2m_temperature",2009,"Post",0.0174785244190165,0.0549450549450549,0.979866184248142,0.944726813123056,0.900854763137647,0.825429815677401,0.771982145827926
"Manaslu","2m_temperature",2010,"Pre",0.0138990284034864,0.152173913043478,0.954874439177016,0.893943684787518,0.853794379644662,0.750244616737782,0.606493571307837
"Manaslu","2m_temperature",2010,"Post",0.0148702655664602,0.0769230769230769,0.948313142135433,0.857882121567292,0.783117627725074,0.750135581507524,0.744557046476443
"Manaslu","2m_temperature",2011,"Pre",0.0153332838960809,0.130434782608696,0.96807112430582,0.920768221021772,0.876614705846613,0.797983730491268,0.790802921144374
"Manaslu","2m_temperature",2011,"Post",0.015932274080494,0.120879120879121,0.961668807240705,0.904597715164617,0.87042448449974,0.814671204819247,0.63890410626425
"Manaslu","2m_temperature",2012,"Pre",0.0140359188695669,0.152173913043478,0.95494589055993,0.898015811586771,0.850561785289856,0.781819681688295,0.630983756656604
"Manaslu","2m_temperature",2012,"Post",0.0176520616598602,0.0989010989010989,0.977326093715104,0.948123983579631,0.926806707446456,0.896267961514756,0.856482380679038
"Manaslu","2m_temperature",2013,"Pre",0.0147939838463571,0.0978260869565217,0.968659934633142,0.933410154831863,0.918184618737606,0.905414503724345,0.8721862890679
"Manaslu","2m_temperature",2013,"Post",0.0209308186268291,0.120879120879121,0.979165733202271,0.956286909202972,0.939163189104557,0.89488612268433,0.767595290833817
"Manaslu","2m_temperature",2014,"Pre",0.0154359124321674,0.119565217391304,0.967890898473173,0.933790052680132,0.898739099620371,0.847616077574481,0.841720327445589
"Manaslu","2m_temperature",2014,"Post",0.0200908253064698,0.10989010989011,0.972445826650015,0.937868288846581,0.910443713110639,0.880166089293321,0.794140684858496
"Manaslu","2m_temperature",2015,"Pre",0.0145197205480388,0.0760869565217391,0.959531657509636,0.910891351899314,0.876135368214152,0.82899820885708,0.765495450201807
"Manaslu","2m_temperature",2015,"Post",0.0179189336111731,0.0659340659340659,0.974144212571272,0.936494139721351,0.908331502196433,0.879001603494608,0.858837341866583
"Manaslu","2m_temperature",2016,"Pre",0.0133848159940589,0.0869565217391304,0.952286236035441,0.897105343936174,0.858023212692787,0.844873472487345,0.768139346094238
"Manaslu","2m_temperature",2016,"Post",0.013501224086956,0.120879120879121,0.964223208014922,0.914671323609437,0.87325724549639,0.797714467917808,0.727034151591691
"Manaslu","2m_temperature",2017,"Pre",0.0176693224204118,0.195652173913043,0.969310359623844,0.931926913091883,0.888235036121444,0.808626413907194,0.560271005686132
"Manaslu","2m_temperature",2017,"Post",0.0170537557975242,0.0659340659340659,0.979492468957389,0.954954151459542,0.93814149908383,0.925849585019917,0.864678483955175
"Manaslu","2m_temperature",2018,"Pre",0.0138240210521172,0.0652173913043478,0.963751059941093,0.922795327700082,0.899352973832807,0.896114928256041,0.876776963190592
"Manaslu","2m_temperature",2018,"Post",0.0146497837300444,0.0879120879120879,0.97143364206917,0.939789231195581,0.918210443675763,0.859524123105308,0.754195470206106
"Manaslu","2m_temperature",2019,"Pre",0.0146777743227781,0.0434782608695652,0.958875324869144,0.916938576935057,0.892441518570623,0.871416079678635,0.83584063954506
"Manaslu","2m_temperature",2019,"Post",0.0146612396648904,0.186813186813187,0.976468158563648,0.940390018234364,0.901130626916051,0.843808141453628,0.822165690328989
"Manaslu","2m_temperature",2020,"Pre",0.0151596949772874,0.130434782608696,0.966758866361425,0.930624474125343,0.90319130423325,0.83559958914732,0.733036713612623
"Manaslu","2m_temperature",2020,"Post",0.0200938778594023,0.252747252747253,0.978304630479336,0.949056187024131,0.935509775493948,0.923360075286944,0.877774248269354
"Manaslu","2m_temperature",2021,"Pre",0.0125469842173772,0.0326086956521739,0.943319463820474,0.868054713181023,0.817297611421377,0.754337750662935,0.729957921449489
"Manaslu","2m_temperature",2021,"Post",0.0174537680086718,0.032967032967033,0.973777289749636,0.932990722658967,0.895190240084672,0.82391423442317,0.685454513495785
"Manaslu","snow_cover",1951,"Pre",0,0,NA,NA,NA,NA,NA
"Manaslu","snow_cover",1951,"Post",0.181384032961606,0.032967032967033,0.948665823321848,0.858336551363343,0.766576185792828,0.587071838867349,0.316564251765934
"Manaslu","snow_cover",1952,"Pre",0,0,NA,NA,NA,NA,NA
"Manaslu","snow_cover",1952,"Post",0.177022549071278,0.021978021978022,0.973977575102425,0.934535391003156,0.895335448108469,0.823359322778981,0.692945419202087
"Manaslu","snow_cover",1953,"Pre",0,0,NA,NA,NA,NA,NA
"Manaslu","snow_cover",1953,"Post",0.177514944409588,0.021978021978022,0.963753721112239,0.918584104275644,0.879991582873076,0.829481670417189,0.694704999860248
"Manaslu","snow_cover",1954,"Pre",0,0,NA,NA,NA,NA,NA
"Manaslu","snow_cover",1954,"Post",0.0555029206233843,0.021978021978022,0.72416638256896,0.448025448411651,0.247086725361169,0.027060338840507,-0.30692048316374
"Manaslu","snow_cover",1955,"Pre",0,0,NA,NA,NA,NA,NA
"Manaslu","snow_cover",1955,"Post",0.0809601624669136,0.032967032967033,0.790459903886887,0.43713825628395,0.174534192809547,-0.0287119625063394,0.212745002886487
"Manaslu","snow_cover",1956,"Pre",0.120640259657549,0.0869565217391304,0.964600151412493,0.881798801654431,0.783065684047405,0.630637070364823,0.649680522184045
"Manaslu","snow_cover",1956,"Post",0.144931865298324,0,0.904892715232521,0.813776136010616,0.74501716251503,0.558550532005347,0.0577334491841162
"Manaslu","snow_cover",1957,"Pre",0,0,NA,NA,NA,NA,NA
"Manaslu","snow_cover",1957,"Post",0.058116718917832,0.10989010989011,0.942630231352256,0.853694935348506,0.750826557186964,0.565294148599221,0.136518466735471
"Manaslu","snow_cover",1958,"Pre",0.0104075931324826,0,0.982763745108608,NA,NA,NA,NA
"Manaslu","snow_cover",1958,"Post",0.100093473528351,0.164835164835165,0.909973655571763,0.718013206916289,0.496597423429465,0.133452250254801,-0.0891094518833834
"Manaslu","snow_cover",1959,"Pre",0.0506754988815697,0,0.817398710039844,0.536736847468108,0.287959349047283,-0.0323690392964232,-0.0276819140306615
"Manaslu","snow_cover",1959,"Post",0.073435388474409,0.043956043956044,0.848643926291868,0.623514178167655,0.445595574086705,0.192651969665213,-0.0567101094332956
"Manaslu","snow_cover",1960,"Pre",0.173635143347849,0.293478260869565,0.966956056767693,0.910907328009871,0.864829672548122,0.79339379532785,0.640191533525207
"Manaslu","snow_cover",1960,"Post",0.132467456802548,0,0.907688637742704,0.713893348296559,0.501577322573094,0.227990247650179,-0.0536838992275121
"Manaslu","snow_cover",1961,"Pre",0.00302755957406809,0,NA,NA,NA,NA,NA
"Manaslu","snow_cover",1961,"Post",0.14245685544853,0.010989010989011,0.954733285967531,0.87359986445934,0.788393858082032,0.605762738226857,0.0492206444220607
"Manaslu","snow_cover",1962,"Pre",0,0,NA,NA,NA,NA,NA
"Manaslu","snow_cover",1962,"Post",0.0313508006226983,0,0.693045276236651,0.384283823132887,0.274146839285603,0.0386494384932618,-0.137972154210659
"Manaslu","snow_cover",1963,"Pre",0,0,NA,NA,NA,NA,NA
"Manaslu","snow_cover",1963,"Post",0.123040608263979,0.021978021978022,0.911356652445947,0.744546900914163,0.576698400810744,0.226640096367833,-0.228404851809297
"Manaslu","snow_cover",1964,"Pre",0,0,NA,NA,NA,NA,NA
"Manaslu","snow_cover",1964,"Post",0.111041502467608,0.120879120879121,0.797125048703136,0.516249542516728,0.326115067459493,0.169030759757172,0.372838650089215
"Manaslu","snow_cover",1965,"Pre",0.0996659511270855,0.0869565217391304,0.985920645207352,0.947477492123594,0.891953766873116,0.754085615229694,0.346210140337513
"Manaslu","snow_cover",1965,"Post",0.165427546682827,0.032967032967033,0.928508535063287,0.808314836179292,0.677723117957005,0.431305229416566,0.0908168976018087
"Manaslu","snow_cover",1966,"Pre",0.148103501773649,0.195652173913043,0.992324932373491,0.974597359004613,0.953395818679172,0.902245005012283,0.736364191786929
"Manaslu","snow_cover",1966,"Post",0.0840013478013593,0,0.858891602431267,0.653200600046264,0.46673193468531,0.128689717025434,-0.328899737492641
"Manaslu","snow_cover",1967,"Pre",0.162501975096339,0.184782608695652,0.975255054779143,0.927287028114155,0.869577694258777,0.774672774833579,0.600016364727626
"Manaslu","snow_cover",1967,"Post",0.0872794286499588,0,0.919609849989961,0.819990835109601,0.744560251010242,0.609837306336737,0.245851748017997
"Manaslu","snow_cover",1968,"Pre",0.0779942695873262,0,0.982309987217991,0.937467379873819,0.875398192944118,0.724077677465938,0.375454604178494
"Manaslu","snow_cover",1968,"Post",0.182008085538357,0.032967032967033,0.972330287251519,0.922390735684727,0.873604548760781,0.777878357706425,0.480931481504363
"Manaslu","snow_cover",1969,"Pre",0.0563013281017235,0.0108695652173913,0.979436865456418,0.935231399486277,0.861645597206723,0.581528779525321,NA
"Manaslu","snow_cover",1969,"Post",0.0709918055602574,0.010989010989011,0.756215144586327,0.444018826407719,0.275744464084779,0.204237941200656,-0.0529506639968598
"Manaslu","snow_cover",1970,"Pre",0.117680593966755,0.0652173913043478,0.977611902411112,0.929259617489772,0.882374627260507,0.804677731821749,0.567861630200797
"Manaslu","snow_cover",1970,"Post",0.0736290162473414,0,0.681481548769182,0.297691462178456,0.0625985525606973,-0.144771526125064,-0.0501308252993314
"Manaslu","snow_cover",1971,"Pre",0.146185820798529,0.141304347826087,0.971713704542026,0.915110439019537,0.85630037803061,0.747864117911712,0.710498286872329
"Manaslu","snow_cover",1971,"Post",0.185861164613866,0.0989010989010989,0.969169327671048,0.93301067857469,0.903686143043557,0.849809408864183,0.720736744373751
"Manaslu","snow_cover",1972,"Pre",0,0,NA,NA,NA,NA,NA
"Manaslu","snow_cover",1972,"Post",0.183273364200079,0.0549450549450549,0.955282654356893,0.86937165289206,0.794563497397574,0.685658651736987,0.572770403147266
"Manaslu","snow_cover",1973,"Pre",0.127065694695912,0.108695652173913,0.988824843576388,0.964699412833929,0.932783344180366,0.876672726879629,0.74362244438101
"Manaslu","snow_cover",1973,"Post",0.148996666270643,0,0.952417948646677,0.871560889650718,0.806368881975999,0.71493976687279,0.541400839888242
"Manaslu","snow_cover",1974,"Pre",0.0364218751371304,0,0.936010397495366,0.783739189828975,NA,NA,NA
"Manaslu","snow_cover",1974,"Post",0.0852683289912275,0.0989010989010989,0.90666367366968,0.653922788753347,0.265703579708389,-0.107438978335192,0.233898537425279
"Manaslu","snow_cover",1975,"Pre",0,0,NA,NA,NA,NA,NA
"Manaslu","snow_cover",1975,"Post",0.134517532675754,0,0.916465233502173,0.786917383087843,0.642198371049835,0.373025803118663,-0.0931583198045696
"Manaslu","snow_cover",1976,"Pre",0.077965946802187,0.0326086956521739,0.976796091963013,0.914329322706077,0.827547990599112,0.617798699872382,NA
"Manaslu","snow_cover",1976,"Post",0.0295778133237015,0.043956043956044,0.707011367810557,0.373605412279802,0.223673345025353,0.122859701808361,0.0354420982380094
"Manaslu","snow_cover",1977,"Pre",0,0,NA,NA,NA,NA,NA
"Manaslu","snow_cover",1977,"Post",0.0554454139725969,0.043956043956044,0.84449328762419,0.603286544593372,0.422343837579398,0.190151056532555,-0.11068839306429
"Manaslu","snow_cover",1978,"Pre",0.119359985294433,0.119565217391304,0.989702348346655,0.963607350478346,0.927417015270556,0.838134641937825,0.557355175956504
"Manaslu","snow_cover",1978,"Post",0.11737764142816,0.032967032967033,0.944989986317264,0.842027065311561,0.740778923270837,0.52357788687074,0.0929020426335484
"Manaslu","snow_cover",1979,"Pre",0.0921001406643016,0.0217391304347826,0.98798223176479,0.963656621098523,0.933234316106769,0.860833882095372,0.553212227823651
"Manaslu","snow_cover",1979,"Post",0.158024305339761,0.032967032967033,0.942566055766727,0.856243543271611,0.758666251864463,0.587949297058391,0.113185931110661
"Manaslu","snow_cover",1980,"Pre",0.0617531854206797,0.0108695652173913,0.987366785751663,0.963585166706808,0.930751454975409,0.802712949082254,NA
"Manaslu","snow_cover",1980,"Post",0.05819893027667,0.043956043956044,0.789844976513448,0.442509275495784,0.20997635014394,0.0291373706432048,0.0923742419396174
"Manaslu","snow_cover",1981,"Pre",0.111388277411809,0.0543478260869565,0.964785488525279,0.908314910929721,0.885015823647138,0.885330272733576,0.653025852228884
"Manaslu","snow_cover",1981,"Post",0.186552769413017,0.0659340659340659,0.947989316979158,0.867897445803824,0.793791509171896,0.694264057724282,0.636117300735276
"Manaslu","snow_cover",1982,"Pre",0,0,NA,NA,NA,NA,NA
"Manaslu","snow_cover",1982,"Post",0.10483561960973,0.032967032967033,0.912801543011257,0.755515958554344,0.588333633690934,0.279056839460542,-0.00984070873300767
"Manaslu","snow_cover",1983,"Pre",0,0,NA,NA,NA,NA,NA
"Manaslu","snow_cover",1983,"Post",0.128270518919607,0.021978021978022,0.907408398948849,0.758362681637359,0.617042599332489,0.366356517612923,0.116723001137818
"Manaslu","snow_cover",1984,"Pre",0.141152659577241,0.173913043478261,0.99100584754124,0.967977388034812,0.937303220205319,0.867175538508018,0.671143116178453
"Manaslu","snow_cover",1984,"Post",0.101393179296386,0.0879120879120879,0.875825858924365,0.640634276731008,0.385477615071155,-0.014645608820594,-0.0918889697062485
"Manaslu","snow_cover",1985,"Pre",0.149141712341324,0.108695652173913,0.979587342494485,0.946708985856059,0.914123390484613,0.861954888444444,0.805855429924359
"Manaslu","snow_cover",1985,"Post",0.177313869058706,0.043956043956044,0.951010131971801,0.858031905595377,0.756182132771006,0.594117037812086,0.259835353116365
"Manaslu","snow_cover",1986,"Pre",0,0,NA,NA,NA,NA,NA
"Manaslu","snow_cover",1986,"Post",0.100469427749105,0.032967032967033,0.829379698180798,0.531249618067439,0.262846080646683,-0.0760459565083416,-0.424738618633403
"Manaslu","snow_cover",1987,"Pre",0,0,NA,NA,NA,NA,NA
"Manaslu","snow_cover",1987,"Post",0.194939016853139,0.021978021978022,0.975122154567582,0.939944054154526,0.900174491824366,0.811011200359278,0.588365027410941
"Manaslu","snow_cover",1988,"Pre",0.00230262520622406,0,NA,NA,NA,NA,NA
"Manaslu","snow_cover",1988,"Post",0.0321339800043664,0.120879120879121,0.789915403290306,0.514453456809598,0.363037516079952,0.214372949683041,-0.132707109892859
"Manaslu","snow_cover",1989,"Pre",0,0,NA,NA,NA,NA,NA
"Manaslu","snow_cover",1989,"Post",0.0744746572330153,0.0549450549450549,0.873724010119975,0.702519310654122,0.590851476312374,0.335356032524565,0.271404951895696
"Manaslu","snow_cover",1990,"Pre",0.0207364176669755,0,0.964842208207979,NA,NA,NA,NA
"Manaslu","snow_cover",1990,"Post",0.0727325826460825,0.0549450549450549,0.835952274004604,0.59503991536252,0.397874269965937,0.134528667234511,-0.199882832502342
"Manaslu","snow_cover",1991,"Pre",0.0768090764199818,0.0326086956521739,0.972211360119678,0.902827540360638,0.807857493066072,0.562540171612006,NA
"Manaslu","snow_cover",1991,"Post",0.061837881508059,0.0879120879120879,0.889971108053449,0.737558098068135,0.642582232583199,0.438680175133719,0.113306014955735
"Manaslu","snow_cover",1992,"Pre",0,0,NA,NA,NA,NA,NA
"Manaslu","snow_cover",1992,"Post",0.0882919995113314,0.0989010989010989,0.838517232629131,0.582613700926061,0.39308425967599,0.179681800319699,0.146110298018146
"Manaslu","snow_cover",1993,"Pre",0.0709609131235185,0.0108695652173913,0.970138717508968,0.893243780956072,0.792253939321148,0.563168438348093,NA
"Manaslu","snow_cover",1993,"Post",0.0319853314282912,0.021978021978022,0.687387376819577,0.37244741535703,0.164925202607173,-0.151449063620258,0.0301854961466774
"Manaslu","snow_cover",1994,"Pre",0,0,NA,NA,NA,NA,NA
"Manaslu","snow_cover",1994,"Post",0.0390645658760147,0.142857142857143,0.853787611166028,0.698971258877874,0.59211115647961,0.540420316210817,0.420243919195256
"Manaslu","snow_cover",1995,"Pre",0,0,NA,NA,NA,NA,NA
"Manaslu","snow_cover",1995,"Post",0.184296483650215,0.032967032967033,0.975038663536716,0.934541497374748,0.896273404246083,0.825816769976205,0.65162551530561
"Manaslu","snow_cover",1996,"Pre",0,0,NA,NA,NA,NA,NA
"Manaslu","snow_cover",1996,"Post",0.187073112046478,0,0.973346148718381,0.917204464869516,0.852577415523609,0.711859418076881,0.418065596145855
"Manaslu","snow_cover",1997,"Pre",0.0742415099873061,0.0108695652173913,0.971535938975347,0.921533873921375,0.878657985741219,0.81177685729732,NA
"Manaslu","snow_cover",1997,"Post",0.143090271460935,0.032967032967033,0.940201336140005,0.83211956005158,0.737112879766537,0.54923931859273,0.195284156040055
"Manaslu","snow_cover",1998,"Pre",0.0875374929981096,0.0543478260869565,0.982395490504558,0.934547374915181,0.866004290249378,0.689908848272694,NA
"Manaslu","snow_cover",1998,"Post",0.127933255351972,0.0879120879120879,0.96175279756874,0.872179479934001,0.764923671779042,0.539037128861391,0.230455478796082
"Manaslu","snow_cover",1999,"Pre",0.154267428191456,0.184782608695652,0.981156225990183,0.951774383028563,0.9239711939532,0.851138585475462,0.699155823321838
"Manaslu","snow_cover",1999,"Post",0.183055150397705,0.043956043956044,0.977788461765182,0.932392292616219,0.883368990840256,0.782169460076187,0.512052404452659
"Manaslu","snow_cover",2000,"Pre",0.109336212764099,0.0652173913043478,0.931424000521868,0.835054608089221,0.765348089462482,0.744203774431922,0.43810688845333
"Manaslu","snow_cover",2000,"Post",0.0897452851934896,0.021978021978022,0.902533614198832,0.746877374416892,0.619573845048742,0.561322730783808,0.454192625449825
"Manaslu","snow_cover",2001,"Pre",0.0301291652058621,0,0.964665324034486,0.824115551901402,-0.0180528682663025,0.177443603614434,NA
"Manaslu","snow_cover",2001,"Post",0.0300031519463621,0.0549450549450549,0.843292385467381,0.615249690385576,0.44356774425465,0.196535521472089,0.032038843831388
"Manaslu","snow_cover",2002,"Pre",0,0,NA,NA,NA,NA,NA
"Manaslu","snow_cover",2002,"Post",0.126958156812687,0,0.938103950883177,0.820817560354712,0.698833351998293,0.459273387457255,-0.0529759919491178
"Manaslu","snow_cover",2003,"Pre",0,0,NA,NA,NA,NA,NA
"Manaslu","snow_cover",2003,"Post",0.0347738579081858,0.043956043956044,0.78018279427428,0.436247805991786,0.231049534157055,0.119778670526757,-0.143317712543099
"Manaslu","snow_cover",2004,"Pre",0.142061568063272,0.0869565217391304,0.88356180766998,0.719767744855659,0.606851591489881,0.444289956807167,-0.00889506780225162
"Manaslu","snow_cover",2004,"Post",0.114281291396928,0.021978021978022,0.903214951278913,0.753867055435817,0.634062324056863,0.428938318510812,0.138797590113178
"Manaslu","snow_cover",2005,"Pre",0.0144713428310321,0,0.965206805038195,NA,NA,NA,NA
"Manaslu","snow_cover",2005,"Post",0.104112099733772,0.0659340659340659,0.905927452158449,0.755736308434702,0.602010297971472,0.367581969149548,0.306945174282893
"Manaslu","snow_cover",2006,"Pre",0.134009814637833,0.0978260869565217,0.964495538588636,0.896367904023632,0.834605064164374,0.748616611754196,0.239447949702063
"Manaslu","snow_cover",2006,"Post",0.0973535474339796,0.0549450549450549,0.798847476601613,0.478400795740913,0.166825182782712,-0.148716763712755,0.0354326860810692
"Manaslu","snow_cover",2007,"Pre",0.129571629741598,0.108695652173913,0.966020773319945,0.928413021631835,0.91608372927033,0.907421753772248,0.769477388472104
"Manaslu","snow_cover",2007,"Post",0.1659358004035,0.0769230769230769,0.899069196607326,0.745016129845783,0.573854017428751,0.239481657769008,-0.313834316355049
"Manaslu","snow_cover",2008,"Pre",0.0979303151821812,0.0543478260869565,0.990491012483337,0.972155394366397,0.947012031517229,0.876638852821805,0.559577389986501
"Manaslu","snow_cover",2008,"Post",0.0590818362383745,0.021978021978022,0.79128388720835,0.499871657209266,0.262275182588747,0.0276976275611655,0.0541715671303166
"Manaslu","snow_cover",2009,"Pre",0.162955157848029,0.304347826086957,0.923920884482282,0.779416395379062,0.630537655508249,0.393003265631426,0.117426827851333
"Manaslu","snow_cover",2009,"Post",0.169661556762361,0.043956043956044,0.961117109218235,0.910139470754196,0.877579943879769,0.795527803736472,0.558607323488403
"Manaslu","snow_cover",2010,"Pre",0.175309624465791,0.25,0.983163822003206,0.950685304828981,0.921828340715696,0.892305115466328,0.802669356097514
"Manaslu","snow_cover",2010,"Post",0.11607209176142,0.032967032967033,0.749210024955182,0.429197455158605,0.235303636977964,0.0371858966803101,-0.0237936375296776
"Manaslu","snow_cover",2011,"Pre",0.121381891700902,0.0978260869565217,0.982956899775362,0.948742860807436,0.916741916219515,0.867708929272583,0.666637190737651
"Manaslu","snow_cover",2011,"Post",0.0922083358635942,0.0769230769230769,0.856110029636936,0.649485282076324,0.489127340438486,0.287575318021427,0.0173509082414939
"Manaslu","snow_cover",2012,"Pre",0,0,NA,NA,NA,NA,NA
"Manaslu","snow_cover",2012,"Post",0.111363299369127,0.043956043956044,0.862490699687557,0.699310570177761,0.566153152715399,0.149388519673105,-0.21637897073612
"Manaslu","snow_cover",2013,"Pre",0.0044977456337282,0,-0.00748728597642739,NA,NA,NA,NA
"Manaslu","snow_cover",2013,"Post",0.179465628073322,0,0.959338972409339,0.905318688235355,0.86466840795349,0.779522270559826,0.554035844582899
"Manaslu","snow_cover",2014,"Pre",0.0192420369560785,0,0.955868716414916,NA,NA,NA,NA
"Manaslu","snow_cover",2014,"Post",0.191148596391906,0.043956043956044,0.98637133954095,0.96092020720099,0.936669252373771,0.891035428300444,0.777163359398674
"Manaslu","snow_cover",2015,"Pre",0,0,NA,NA,NA,NA,NA
"Manaslu","snow_cover",2015,"Post",0.138768416842972,0.153846153846154,0.951331996136337,0.866750445833122,0.784065856766697,0.613342937406654,0.164304646604194
"Manaslu","snow_cover",2016,"Pre",0.163010846697464,0.16304347826087,0.953165205995237,0.907950465498738,0.875935064822467,0.810126548308353,0.707833547520164
"Manaslu","snow_cover",2016,"Post",0.0995564178402014,0.175824175824176,0.722638033408281,0.349212761888466,0.0872118838307799,-0.0760618507962425,0.460181961393698
"Manaslu","snow_cover",2017,"Pre",0.161023538637091,0.184782608695652,0.944251154785803,0.859634004736513,0.803648597508332,0.740673605961466,0.464031892625348
"Manaslu","snow_cover",2017,"Post",0.0401207486047879,0.0989010989010989,0.832929215937841,0.595569817365283,0.436054953019845,0.357027651434857,-0.013448225799292
"Manaslu","snow_cover",2018,"Pre",0.0795175336570536,0.0108695652173913,0.974146957065685,0.907743073178148,0.826565897828553,0.665492574808258,NA
"Manaslu","snow_cover",2018,"Post",0.104661570246357,0.043956043956044,0.835575947031937,0.613662227005565,0.378594100465182,-0.030535019846144,-0.0850206459946264
"Manaslu","snow_cover",2019,"Pre",0.0265981218685784,0,0.939876809402091,0.864376649095209,NA,NA,NA
"Manaslu","snow_cover",2019,"Post",0.147979271508057,0.010989010989011,0.934876000769151,0.832991357602335,0.742337189536877,0.560810813568307,0.0851980737418149
"Manaslu","snow_cover",2020,"Pre",0,0,NA,NA,NA,NA,NA
"Manaslu","snow_cover",2020,"Post",0.0999854630167774,0.175824175824176,0.869352555492247,0.620784067388872,0.407836296669968,0.203087253867975,-0.0203660467715904
"Manaslu","snow_cover",2021,"Pre",0.151788649652501,0.141304347826087,0.877839269655895,0.656989212215286,0.469371766048847,0.255755300740828,0.267458714902012
"Manaslu","snow_cover",2021,"Post",0.159389679481234,0.0659340659340659,0.922234523756878,0.776937869743485,0.649751610527448,0.460826571031158,-0.0148291169998902
"Manaslu","windspeed",1951,"Pre",0.166270609453557,0.184782608695652,0.225010633666084,0.0866787102296102,0.0521949919741914,-0.0467914891745274,-0.0892667849230412
"Manaslu","windspeed",1951,"Post",0.160647616444119,0.0769230769230769,0.363544457325449,0.0995607469683822,0.154316230434874,-0.0378334282774895,0.0418450589912048
"Manaslu","windspeed",1952,"Pre",0.243927781515912,0.282608695652174,0.451836713007275,-0.0889771739682781,-0.175895011337648,-0.0455988790842079,-0.173090406302667
"Manaslu","windspeed",1952,"Post",0.204445719286109,0.164835164835165,0.433979164753585,0.219445732767511,0.163138591586958,-0.00767629603410088,0.121219361503367
"Manaslu","windspeed",1953,"Pre",0.167366301677683,0.119565217391304,0.569941690179175,0.2503800272984,0.194882808686385,0.150877692525991,0.170549759751661
"Manaslu","windspeed",1953,"Post",0.160808799671055,0.0879120879120879,0.434867770053909,0.283746247947024,0.188584313917792,0.391608638086605,0.210728695293003
"Manaslu","windspeed",1954,"Pre",0.161257375240082,0.0652173913043478,0.391508130648763,0.164115879486936,0.081496266256921,-0.0144741235591255,-0.0528559595206327
"Manaslu","windspeed",1954,"Post",0.136212760623696,0.0549450549450549,0.587916454510815,0.413307273187521,0.346383993954576,0.312903561462227,0.287088164748729
"Manaslu","windspeed",1955,"Pre",0.191414551110215,0.0869565217391304,0.369036553616663,0.0330783280982708,0.0401468802225258,0.110545706945982,-0.0828618499911181
"Manaslu","windspeed",1955,"Post",0.134045297678397,0.043956043956044,0.24446469434595,0.050552459003955,0.0130196479939236,0.0390064921258194,0.0552880698613387
"Manaslu","windspeed",1956,"Pre",0.141333623274626,0.0652173913043478,0.341250860787979,0.234477579046299,0.160200285387382,-0.0799788517149756,0.0667714518082085
"Manaslu","windspeed",1956,"Post",0.229214541205517,0.153846153846154,0.521641449423282,0.14366832406456,0.130823645254075,-0.0556635348782954,0.065648726610872
"Manaslu","windspeed",1957,"Pre",0.168148812218561,0.119565217391304,0.235134569944035,0.0563359525925359,0.0364806449496969,0.00845761631684681,-0.215870964970944
"Manaslu","windspeed",1957,"Post",0.128749991292436,0.032967032967033,0.293429381777893,0.134730276497041,-0.0140692726589059,0.180629128998135,-0.0552637004468586
"Manaslu","windspeed",1958,"Pre",0.167540781628624,0.0869565217391304,0.345485694483363,-0.00051538283533972,-0.0470292781093861,-0.261317407096986,0.122237052026824
"Manaslu","windspeed",1958,"Post",0.114163911794255,0.021978021978022,0.24851288711944,0.00280962425132737,-0.0189475628621128,-0.140425624035843,0.0404840714554013
"Manaslu","windspeed",1959,"Pre",0.167448963442408,0.141304347826087,0.530172429774988,0.349003543338524,0.150905328005924,0.162494811671566,-0.166378930546575
"Manaslu","windspeed",1959,"Post",0.168963558776317,0.10989010989011,0.650009934780188,0.388463503217651,0.33687785121874,0.361650197292334,0.24049248255973
"Manaslu","windspeed",1960,"Pre",0.149588522405438,0.108695652173913,0.35334104838591,0.224923069697444,0.116112833337517,-0.080535584536471,-0.0409170629554152
"Manaslu","windspeed",1960,"Post",0.159156507188815,0.120879120879121,0.591175010458399,0.425574736787741,0.364129411924975,0.342456874502678,-0.01385943787491
"Manaslu","windspeed",1961,"Pre",0.145489522101072,0.0543478260869565,0.452782700629504,0.10289804778641,-0.0701322986783552,-0.0683488569211275,-0.129561795730362
"Manaslu","windspeed",1961,"Post",0.172175985170361,0.142857142857143,0.420041093201079,-0.0152607661598719,0.137969672329749,0.320612162848686,0.0843963527892828
"Manaslu","windspeed",1962,"Pre",0.13997151707308,0.0434782608695652,0.480643845376883,0.300275092016826,0.358523950434034,0.131050029319003,0.0753885935166305
"Manaslu","windspeed",1962,"Post",0.117396178595112,0.021978021978022,0.364650414421762,0.0943972347580145,-0.184373977484719,-0.216333545508952,0.0987082465151332
"Manaslu","windspeed",1963,"Pre",0.204829901802273,0.152173913043478,0.511758375081757,0.0296356520938532,-0.160927641293145,-0.233411312315762,0.166228850022242
"Manaslu","windspeed",1963,"Post",0.162516398016889,0.10989010989011,0.355199648126445,-0.0257132372718229,0.0648949995326825,0.0356474499956794,0.00300989701529728
"Manaslu","windspeed",1964,"Pre",0.137902275155179,0.0760869565217391,0.431296874830899,0.253018184256857,0.0716639404096919,0.0265367212615069,-0.133675552115114
"Manaslu","windspeed",1964,"Post",0.165162557522209,0.0769230769230769,0.473558915255362,0.224505454150516,0.212528704791782,0.265647493192949,0.219578512307994
"Manaslu","windspeed",1965,"Pre",0.172257386322043,0.108695652173913,0.590109967337562,0.235244618309866,-0.029331095218968,0.132658351941865,-0.0953715246441239
"Manaslu","windspeed",1965,"Post",0.216290897016332,0.186813186813187,0.513957674996848,0.28115444376434,0.0605202279939732,-0.0782804841421884,0.10665801189687
"Manaslu","windspeed",1966,"Pre",0.159319725580229,0.141304347826087,0.292499246408249,0.0890518030045747,0.0210528631569573,-0.0465768715270554,0.00260077730135661
"Manaslu","windspeed",1966,"Post",0.149623112799562,0.0879120879120879,0.297108735429523,0.0179570640961942,-0.0207136315658207,-0.00445118268669113,-0.0805900232249218
"Manaslu","windspeed",1967,"Pre",0.128283646547001,0.0543478260869565,0.408249582163724,0.223363334336074,0.212614823245321,0.162125749466001,-0.0909364280903126
"Manaslu","windspeed",1967,"Post",0.146637319731374,0.0549450549450549,0.384716129476421,0.200050933364315,0.0754092016551043,0.102617959519341,0.107943881889179
"Manaslu","windspeed",1968,"Pre",0.173342043171234,0.0869565217391304,0.334110894355336,0.0184380821976022,-0.120301570324518,0.172878390776585,-0.147511573229641
"Manaslu","windspeed",1968,"Post",0.153044190195808,0.0989010989010989,0.524053162931229,0.376605957366773,0.2263854334436,0.21261669012099,0.179133039259385
"Manaslu","windspeed",1969,"Pre",0.134689554029602,0.0434782608695652,0.484673401391138,0.227168465254039,0.103224637236646,-0.0462834111572775,-0.145552808037949
"Manaslu","windspeed",1969,"Post",0.146234052777022,0.0659340659340659,0.456392508333749,0.187279835529565,-0.0195846827030018,0.139897071255467,0.167017609770713
"Manaslu","windspeed",1970,"Pre",0.151427723330787,0.0869565217391304,0.276224344402906,0.114457223060434,-0.0438212925347957,-0.0558697839639061,-0.0406105933419581
"Manaslu","windspeed",1970,"Post",0.131865294012498,0.043956043956044,0.275110938557418,0.0249462047941522,-0.0145760915433953,0.0718402652570482,0.107977414798081
"Manaslu","windspeed",1971,"Pre",0.192751354818999,0.0978260869565217,0.253777386235424,0.24416378071914,-0.0453402889374466,-0.0963464537932287,0.0471400282125021
"Manaslu","windspeed",1971,"Post",0.25578742042765,0.263736263736264,0.679514188422135,0.346006363551163,0.129409524488766,0.0363752458870763,0.174201656343651
"Manaslu","windspeed",1972,"Pre",0.137334628743698,0.0434782608695652,0.219103818896126,0.0159759560026452,-0.0902366972762126,-0.0442698205488426,0.0286740012958202
"Manaslu","windspeed",1972,"Post",0.265400559232148,0.241758241758242,0.697361662266115,0.475548018275708,0.266202549717266,0.0182624391548614,0.121022307487331
"Manaslu","windspeed",1973,"Pre",0.163458807468871,0.130434782608696,0.256700921483987,0.10923580428026,0.0547163787929282,0.212185819054937,0.034198289825454
"Manaslu","windspeed",1973,"Post",0.309558170888235,0.428571428571429,0.678992963116037,0.369541392992288,0.32749357868387,0.484168094393536,0.389152616998136
"Manaslu","windspeed",1974,"Pre",0.184538609077614,0.0760869565217391,0.501275716583838,0.187445087599055,0.0114842139595734,0.0211461381719914,-0.121142290172464
"Manaslu","windspeed",1974,"Post",0.139663444142422,0.0659340659340659,0.488893152857605,0.105289844186543,-0.127971158793397,0.0693451724903046,0.0221113264090679
"Manaslu","windspeed",1975,"Pre",0.192672996012366,0.152173913043478,0.479436718405535,0.177163085051686,0.132272246355912,-0.140010216535176,-0.191169589681003
"Manaslu","windspeed",1975,"Post",0.171257066023846,0.0989010989010989,0.429643111661836,0.151372534773384,0.0937432109114137,-0.0673342266171684,0.022998248800625
"Manaslu","windspeed",1976,"Pre",0.154324112526497,0.0652173913043478,0.323711160776919,0.0990281169342251,0.17012236164145,0.0637010839975225,-0.0245414174455803
"Manaslu","windspeed",1976,"Post",0.128825861504808,0.021978021978022,0.458693769343305,0.291506965854171,0.196464314638074,0.124408720670223,0.160777667080357
"Manaslu","windspeed",1977,"Pre",0.16046021099118,0.0543478260869565,0.378792205945012,0.101966461464508,0.00450961695630301,0.036789032833636,0.0120444002823688
"Manaslu","windspeed",1977,"Post",0.128344960812587,0.043956043956044,0.336591670336674,0.143539950629387,0.129489155842693,0.140155947446981,-0.151987211629007
"Manaslu","windspeed",1978,"Pre",0.169218285297161,0.119565217391304,0.242239488659659,-0.0191912511980283,-0.0119995861144314,-0.0768058687717841,-0.198204325974206
"Manaslu","windspeed",1978,"Post",0.116839973094194,0.032967032967033,0.177354385753736,0.0613860421295088,0.079653407677221,0.11248142247185,-0.0555779562229974
"Manaslu","windspeed",1979,"Pre",0.225575745329273,0.0978260869565217,0.501371135919438,0.0436098779914612,-0.0333779525088911,-0.210274139940724,-0.0649625356638232
"Manaslu","windspeed",1979,"Post",0.116112873970222,0.032967032967033,0.358082523021338,0.0529599407602993,0.117695259337765,-0.0549195196835404,-0.0396900434870926
"Manaslu","windspeed",1980,"Pre",0.139386730171023,0.0543478260869565,0.191171894779476,0.0914647348375816,-0.00223677389434992,0.0679009725395914,0.00912834943904448
"Manaslu","windspeed",1980,"Post",0.128767848736387,0.0659340659340659,0.426740143508481,0.119353164386153,-0.00836468629085798,0.0938309284091404,0.0358050922774071
"Manaslu","windspeed",1981,"Pre",0.158489491905362,0.108695652173913,0.36209681948069,-0.0607817701388473,-0.0797021920567387,-0.0331547191458441,0.084839749283668
"Manaslu","windspeed",1981,"Post",0.182708150641742,0.120879120879121,0.396034712559326,0.0392893871003258,0.0685763244212974,-0.128853732987966,0.136902634656142
"Manaslu","windspeed",1982,"Pre",0.17937028606873,0.119565217391304,0.214829416827835,-0.0709391020104221,-0.122676894629442,-0.000748580864089629,-0.135127520182562
"Manaslu","windspeed",1982,"Post",0.136971853073595,0.0549450549450549,0.307289141395416,0.10601058849982,0.117757300794026,-0.00561389674767014,-0.0902173516381071
"Manaslu","windspeed",1983,"Pre",0.200109621215542,0.0869565217391304,0.447707097548142,0.149120886330742,0.0805017962488682,-0.0209833290584303,0.142859718994911
"Manaslu","windspeed",1983,"Post",0.132421098897132,0.0769230769230769,0.282942861677983,0.0925979806383729,0.167502024552631,0.0561858396430051,0.0447824534305348
"Manaslu","windspeed",1984,"Pre",0.132182199602878,0.0326086956521739,0.61688372254372,0.421387232250496,0.234087664584675,0.122653842197578,-0.131762006622574
"Manaslu","windspeed",1984,"Post",0.147621038319836,0.0879120879120879,0.4494646840887,0.275894697639656,0.253116409255157,0.167619277334862,0.118533541278045
"Manaslu","windspeed",1985,"Pre",0.137744993573658,0.0543478260869565,0.359851098261665,0.121931643882845,-0.130216944061725,-0.124640526112409,0.14600492099173
"Manaslu","windspeed",1985,"Post",0.175441487505302,0.10989010989011,0.529320570147088,0.28155692873763,0.20173729170149,-0.00902099830153766,-0.0792104228364711
"Manaslu","windspeed",1986,"Pre",0.142069897483369,0.0760869565217391,0.321693046576374,0.0165980547273348,-0.341228772522856,-0.0398612453837479,0.0934098617312988
"Manaslu","windspeed",1986,"Post",0.155693512627811,0.0769230769230769,0.348276074215711,0.130239222567299,0.144482360079922,0.116123136776477,-0.0209234328994
"Manaslu","windspeed",1987,"Pre",0.144798222009895,0.0978260869565217,0.335050765692651,0.154545532745529,0.123243018203425,0.00294881116394117,0.0119149211174623
"Manaslu","windspeed",1987,"Post",0.190977216229475,0.164835164835165,0.483820542371936,0.189971232284293,0.0511134349877726,-0.0653262315595839,-0.110849748991545
"Manaslu","windspeed",1988,"Pre",0.182444131536681,0.152173913043478,0.423042486552733,0.0881630168786623,0.0690400511344972,0.172522748263523,-0.0951788720062853
"Manaslu","windspeed",1988,"Post",0.117420175168986,0.0659340659340659,0.433566412392779,0.0498004605966363,0.104316132123164,0.145087960800743,0.093700002564459
"Manaslu","windspeed",1989,"Pre",0.157138758003228,0.0869565217391304,0.426843360311958,0.252260767638098,0.265048832365487,0.0995248017000088,-0.092170044818866
"Manaslu","windspeed",1989,"Post",0.171820823625108,0.0769230769230769,0.5728899454954,0.149303303916894,-0.0373881913173141,0.032197233905528,0.0538952330785439
"Manaslu","windspeed",1990,"Pre",0.17475013020436,0.119565217391304,0.449357344446077,-0.0463501958800692,-0.0868853245616005,-0.0474400412204361,-0.0113301694699643
"Manaslu","windspeed",1990,"Post",0.119379700684184,0.0769230769230769,0.253173634954313,0.27284654569141,0.170834287403968,0.183611634907263,0.246507677555416
"Manaslu","windspeed",1991,"Pre",0.164357271229353,0.141304347826087,0.294252190546213,0.0031293989510696,-0.1805695485487,-0.132262664418356,0.175562102442031
"Manaslu","windspeed",1991,"Post",0.126870641903464,0.0549450549450549,0.44722815988807,0.112758664568411,0.0799096406840157,-0.0506693318385071,-0.00468408045755463
"Manaslu","windspeed",1992,"Pre",0.138191568902573,0.0869565217391304,0.367057747241242,0.241619453140102,0.172436533020404,0.143826653527832,-0.361782710584912
"Manaslu","windspeed",1992,"Post",0.184872197594307,0.0879120879120879,0.608840665115796,0.331705526457677,0.186421880713231,0.0110060088614216,-0.278189544033295
"Manaslu","windspeed",1993,"Pre",0.182048539645693,0.0978260869565217,0.259610111855487,-0.0955137819574821,-0.104165250894818,-0.207694663618322,-0.0211807792603806
"Manaslu","windspeed",1993,"Post",0.118140467715345,0.021978021978022,0.210474573908253,-0.0659380128643269,-0.0606736118662009,0.0747412818116374,0.186418660459553
"Manaslu","windspeed",1994,"Pre",0.157241014634503,0.0543478260869565,0.223744084998289,0.155688675751529,-0.0195763317223051,0.173264174257085,0.0991668628135396
"Manaslu","windspeed",1994,"Post",0.151711037870568,0.0659340659340659,0.510332021631117,0.205046599023581,0.0867233672228504,-0.0272549718596431,0.079352269154629
"Manaslu","windspeed",1995,"Pre",0.160860038263682,0.141304347826087,0.342460492774079,0.155091504466111,0.231240228266602,0.0895967972554556,-0.180689966647959
"Manaslu","windspeed",1995,"Post",0.22027392427,0.120879120879121,0.532965667267251,0.125887924299361,-0.0807598799989989,0.155032384685243,-0.0390463150580548
"Manaslu","windspeed",1996,"Pre",0.150258587493145,0.0760869565217391,0.272879039475899,0.0775032881962682,0.131676011075403,-0.0661074952699306,-0.109652870738394
"Manaslu","windspeed",1996,"Post",0.210317811666736,0.197802197802198,0.490746755170039,0.139283185068593,0.182701742247488,0.024127994229128,0.0288444887441191
"Manaslu","windspeed",1997,"Pre",0.13546603956505,0.0543478260869565,0.309879945706358,0.151204395579344,0.182333233013837,0.0357843105330667,-0.0341431734546977
"Manaslu","windspeed",1997,"Post",0.135872590969762,0.0549450549450549,0.315465155162843,0.0910360831786145,0.0765318819359646,0.0997619212048375,-0.136557662499457
"Manaslu","windspeed",1998,"Pre",0.186472867965109,0.130434782608696,0.341706150131391,-0.0315544488289737,-0.225153380637023,0.0259533521710895,-0.0696017275585151
"Manaslu","windspeed",1998,"Post",0.145357402170416,0.0659340659340659,0.496973540768542,0.116600256537135,0.0095697087060234,-0.110175777086639,0.150035377114212
"Manaslu","windspeed",1999,"Pre",0.150642594307046,0.152173913043478,0.464089613350874,0.211497110315537,-0.0523413831810866,-0.36368713482814,0.0458059200152798
"Manaslu","windspeed",1999,"Post",0.191239073586118,0.164835164835165,0.48495940206635,0.216886281266712,0.140799986440063,0.0118695981090683,0.0329209937446169
"Manaslu","windspeed",2000,"Pre",0.183038168506232,0.0978260869565217,0.598815424622052,0.286373469045597,0.170031446963459,-0.0446815614814816,-0.190988290200521
"Manaslu","windspeed",2000,"Post",0.177152678762407,0.0989010989010989,0.319874794558039,-0.0195032515863134,-0.0863316853277535,0.147203257005549,0.145619257413631
"Manaslu","windspeed",2001,"Pre",0.139194377202292,0.0326086956521739,0.292602551864698,0.0852521389618221,0.140699067816396,-0.126283877120142,-0.27865992539587
"Manaslu","windspeed",2001,"Post",0.126185089290102,0.021978021978022,0.12575133627359,-0.0374002886418344,-0.0921589639579564,0.13022442146918,-0.277038540892997
"Manaslu","windspeed",2002,"Pre",0.179605430159991,0.152173913043478,0.188076704576833,-0.0380947842190983,0.0863656814322294,-0.146331093497134,-0.0937957382482772
"Manaslu","windspeed",2002,"Post",0.142955644349637,0.0879120879120879,0.619183686637107,0.304492293787855,0.122622637767933,0.0573825903902289,-0.125046668470916
"Manaslu","windspeed",2003,"Pre",0.168688160853868,0.0760869565217391,0.318099401051611,-0.135584565733802,-0.212872156441944,0.0731292711706652,-0.0402265439621398
"Manaslu","windspeed",2003,"Post",0.127118272421338,0.0659340659340659,0.440261252431324,0.234007894661936,0.115237163800807,0.106556079549008,-0.043205079935868
"Manaslu","windspeed",2004,"Pre",0.155815362266446,0.0434782608695652,0.387268333843452,-0.00661518373644812,-0.0399503290272019,0.213477718175841,0.124472821036757
"Manaslu","windspeed",2004,"Post",0.152316973911769,0.0769230769230769,0.485724921722854,0.277596832023693,0.308248367477457,0.39515124571509,0.184748286610556
"Manaslu","windspeed",2005,"Pre",0.185059558976592,0.119565217391304,0.427213433967844,0.0721918788498954,0.0168518155921694,0.00671051869718566,0.0554418237665393
"Manaslu","windspeed",2005,"Post",0.150809191946313,0.0769230769230769,0.603529057208457,0.274614414768432,0.275703468213957,0.183107478200952,-0.0265028939407723
"Manaslu","windspeed",2006,"Pre",0.144257105226313,0.0760869565217391,0.360823006723328,-0.0194857177466122,-0.167030261085941,-0.0160242939315358,-0.110239757753377
"Manaslu","windspeed",2006,"Post",0.145227648792514,0.0659340659340659,0.303443114121212,0.246026722973207,0.146330800348011,-0.0810490875701678,-0.104748347336246
"Manaslu","windspeed",2007,"Pre",0.191987973818831,0.119565217391304,0.583470400593021,0.294030881464288,0.0823614413503659,-0.163279513912928,0.0598672756202769
"Manaslu","windspeed",2007,"Post",0.213043638541441,0.153846153846154,0.611536532970864,0.378409111332109,0.378416707806819,0.157211264318882,0.212905237700188
"Manaslu","windspeed",2008,"Pre",0.133374641115327,0.0543478260869565,0.496003659671202,0.295403428216778,0.195614078892466,-0.0171910028245238,0.0121073972963859
"Manaslu","windspeed",2008,"Post",0.148230548135236,0.10989010989011,0.277725710549264,0.05037431046893,0.0304844875646924,0.130665837509331,-0.323814335015633
"Manaslu","windspeed",2009,"Pre",0.142311757992065,0.0978260869565217,0.277943944909833,-0.024312476876969,-0.1166393914671,-0.071931177663498,0.108854437670065
"Manaslu","windspeed",2009,"Post",0.149630458039186,0.0989010989010989,0.35054307187847,0.201028084975246,0.296705854913249,-0.0332719888433987,-0.0131189251434682
"Manaslu","windspeed",2010,"Pre",0.123436229091859,0.0543478260869565,0.378135541713036,0.126883164647,0.173590296256082,0.160851006551181,-0.302790424012932
"Manaslu","windspeed",2010,"Post",0.18241287217212,0.0879120879120879,0.510460114916234,0.167336042938287,-0.0059709389217323,0.217755163751498,-0.0435128816751878
"Manaslu","windspeed",2011,"Pre",0.200496322565884,0.16304347826087,0.568431845326713,0.19608552354259,-0.0391768118299767,0.0167140407999474,-0.220599386444284
"Manaslu","windspeed",2011,"Post",0.149835862995684,0.0769230769230769,0.361969285456745,0.0086872960971954,-0.0237857222733578,0.075354580632139,0.0761086730864981
"Manaslu","windspeed",2012,"Pre",0.157971257056536,0.0978260869565217,0.45151698636018,0.310453029495847,0.202475965986051,0.0419743199574358,0.169051454713649
"Manaslu","windspeed",2012,"Post",0.185573019317334,0.10989010989011,0.618748241241385,0.517931254739853,0.48146692991533,0.425120984239277,0.154567673634623
"Manaslu","windspeed",2013,"Pre",0.166230920827067,0.0869565217391304,0.476089129649519,0.119123193432694,0.167025068055566,0.20077908798954,0.00264706277684238
"Manaslu","windspeed",2013,"Post",0.194857820762328,0.186813186813187,0.396282547923016,0.0826547137777956,0.0784414585055551,0.175811181287596,0.0703298249613816
"Manaslu","windspeed",2014,"Pre",0.160073319749222,0.0760869565217391,0.416107613450482,0.16221530100814,-0.0836801588983788,-0.0689372265239847,-0.183701309477318
"Manaslu","windspeed",2014,"Post",0.188800505521473,0.197802197802198,0.335636558106813,-0.153811323010034,-0.123520966622302,0.124125830276607,-0.0332558738032371
"Manaslu","windspeed",2015,"Pre",0.193148868117342,0.206521739130435,0.355251015856347,0.0716163981552976,0.0586099858239644,-0.0806536462202911,-0.30385235562001
"Manaslu","windspeed",2015,"Post",0.154878819965849,0.0879120879120879,0.41743182570211,0.125034560456528,-0.0407789987908823,-0.0732352330198173,-0.0344128637549346
"Manaslu","windspeed",2016,"Pre",0.149992620141337,0.0543478260869565,0.308119359455389,0.0303280254275722,0.0358509685457711,-0.155398345726324,-0.182639273092221
"Manaslu","windspeed",2016,"Post",0.184956170099159,0.120879120879121,0.493162646496142,0.457341052955098,0.323882671193937,0.325527127043397,0.324167575993899
"Manaslu","windspeed",2017,"Pre",0.188086451064993,0.130434782608696,0.381195140020998,-0.0463844881100824,-0.218485703904251,0.054452502228384,0.238402526306055
"Manaslu","windspeed",2017,"Post",0.121723952214962,0.0549450549450549,0.353261445090746,0.0843811312459939,-0.0564060522542859,-0.148814597206324,-0.0730015144775255
"Manaslu","windspeed",2018,"Pre",0.143614557136606,0.0978260869565217,0.414323994699278,0.0074900132442577,-0.0751137929405329,0.241889906466126,-0.0163673404076549
"Manaslu","windspeed",2018,"Post",0.157904161582375,0.0989010989010989,0.345763759319965,0.112194780483186,0.102852976926693,-0.166554973775523,0.330412452697191
"Manaslu","windspeed",2019,"Pre",0.163171622372148,0.108695652173913,0.265484558490822,-0.00552596053688675,0.00637451774896138,0.0645436928612965,-0.00798422977704318
"Manaslu","windspeed",2019,"Post",0.174508100985963,0.120879120879121,0.532741384463624,0.326987423651524,0.409518286205687,0.282533896111936,0.209531844496194
"Manaslu","windspeed",2020,"Pre",0.168530082593532,0.16304347826087,0.256895430630491,0.0233550644987172,-0.17413885577282,0.0126489889914615,-0.202616248047199
"Manaslu","windspeed",2020,"Post",0.182547064427275,0.131868131868132,0.521469986577472,0.329268186179491,0.291794765791861,0.24441942822714,0.0908655902520389
"Manaslu","windspeed",2021,"Pre",0.190060134888629,0.130434782608696,0.5203182457413,0.29141201206658,0.298483455572238,0.432486948807556,0.322756588481275
"Manaslu","windspeed",2021,"Post",0.180345085148772,0.164835164835165,0.244042298128858,-0.279616813100797,-0.142978904546131,0.139174740133733,0.0177745425608832
